S01500004B30325F3132385F436C6F636B322E733139BB
S113000000200020950100006D01000091200000F7
S113001075010000790100007D010000000000006E
S113002000000000000000000000000091740000C7
S11300308501000000000000AD7400008D01000087
S11300401104000019040000210400002904000028
S11300503104000039040000410400004904000098
S11300605104000059040000610400006904000008
S11300707104000079040000810400008904000078
S11300809104000099040000A1040000A9040000E8
S1130090B1040000B9040000C1040000C904000058
S11300A0D1040000D9040000E1040000E9040000C8
S11300B0F1040000F9040000010500000905000036
S11300C01105000039320000190500002105000067
S11300D02905000031050000390500004105000034
S11300E049050000510500008D9E000059050000DF
S11300F06105000069050000710500007905000034
S113010035CE00008105000089050000910500003E
S113011099050000A1050000A9050000B105000033
S1130120B9050000C1050000D9720000C90500002E
S1130130D1050000D9050000E1050000E905000033
S1130140F105000058F6000000000020180000002F
S113015058F6000000E0FF1F000000001800002017
S1130160A40C000000E0FF1F00000000FEE700BF39
S1130170FEE700BFFEE700BFFEE700BFFEE700BFEB
S1130180FEE700BFFEE700BFFEE700BFFEE700BFDB
S1130190FEE700BF2DE9F04172B601F0F7F9364AE7
S11301A0DFF8DCC0624529D2D2E9001594680C322C
S11301B0002CF7D0631E1F2B41D9081D85423ED069
S11301C0261D3CD89B0803F1010E4FEA5E0701EBA4
S11301D0C7080B46681AD3E90076C418C750083319
S11301E043456660F7D11EF0010F2EF00103D9D00C
S11301F051F8231045F823106245D5D31F4EB2425F
S113020019D2013EB61A26F0070602F1100302F1D4
S113021008041E44002154E902024AB1531E3B2B38
S113022001D9151D12D90023C15004339342FBD3C5
S11302300834A642EFD162B60DF02AF9FEE7002396
S1130240C858E85004339C42FAD8ABE79B085A1CC0
S1130250550800EBC5050346C3E900110833AB425A
S1130260FAD122F00103D207E2D50834A64240F8BD
S11302702310D0D1DFE700BF440100006C0100006F
S11302805C010000FFFFFFFFFFFFFFFFFFFFFFFF19
S1130290FFFFFFFFFFFFFFFFFFFFFFFFFFFFFFFF6A
S11302A0FFFFFFFFFFFFFFFFFFFFFFFFFFFFFFFF5A
S11302B0FFFFFFFFFFFFFFFFFFFFFFFFFFFFFFFF4A
S11302C0FFFFFFFFFFFFFFFFFFFFFFFFFFFFFFFF3A
S11302D0FFFFFFFFFFFFFFFFFFFFFFFFFFFFFFFF2A
S11302E0FFFFFFFFFFFFFFFFFFFFFFFFFFFFFFFF1A
S11302F0FFFFFFFFFFFFFFFFFFFFFFFFFFFFFFFF0A
S1130300FFFFFFFFFFFFFFFFFFFFFFFFFFFFFFFFF9
S1130310FFFFFFFFFFFFFFFFFFFFFFFFFFFFFFFFE9
S1130320FFFFFFFFFFFFFFFFFFFFFFFFFFFFFFFFD9
S1130330FFFFFFFFFFFFFFFFFFFFFFFFFFFFFFFFC9
S1130340FFFFFFFFFFFFFFFFFFFFFFFFFFFFFFFFB9
S1130350FFFFFFFFFFFFFFFFFFFFFFFFFFFFFFFFA9
S1130360FFFFFFFFFFFFFFFFFFFFFFFFFFFFFFFF99
S1130370FFFFFFFFFFFFFFFFFFFFFFFFFFFFFFFF89
S1130380FFFFFFFFFFFFFFFFFFFFFFFFFFFFFFFF79
S1130390FFFFFFFFFFFFFFFFFFFFFFFFFFFFFFFF69
S11303A0FFFFFFFFFFFFFFFFFFFFFFFFFFFFFFFF59
S11303B0FFFFFFFFFFFFFFFFFFFFFFFFFFFFFFFF49
S11303C0FFFFFFFFFFFFFFFFFFFFFFFFFFFFFFFF39
S11303D0FFFFFFFFFFFFFFFFFFFFFFFFFFFFFFFF29
S11303E0FFFFFFFFFFFFFFFFFFFFFFFFFFFFFFFF19
S11303F0FFFFFFFFFFFFFFFFFFFFFFFFFFFFFFFF09
S1130400FFFFFFFFFFFFFFFFFFFFFFFFFEFFFFFFF9
S113041008B500F0DFFA08BD08B500F031FB08BDEF
S113042008B500F083FB08BD08B500F0D5FB08BD96
S113043008B5FFF7ADFE08BD08B5FFF7A9FE08BD76
S113044008B5FFF7A5FE08BD08B5FFF7A1FE08BD76
S113045008B5FFF79DFE08BD08B5FFF799FE08BD76
S113046008B5FFF795FE08BD08B5FFF791FE08BD76
S113047008B5FFF78DFE08BD08B5FFF789FE08BD76
S113048008B5FFF785FE08BD08B5FFF781FE08BD76
S113049008B5FFF77DFE08BD08B5FFF779FE08BD76
S11304A008B5FFF775FE08BD08B5FFF771FE08BD76
S11304B008B5FFF76DFE08BD08B5FFF769FE08BD76
S11304C008B5FFF765FE08BD08B5FFF761FE08BD76
S11304D008B5FFF75DFE08BD08B5FFF759FE08BD76
S11304E008B5FFF755FE08BD08B5FFF751FE08BD76
S11304F008B5FFF74DFE08BD08B5FFF749FE08BD76
S113050008B5FFF745FE08BD08B501F02BF808BD96
S113051008B5FFF73DFE08BD08B5FFF739FE08BD75
S113052008B5FFF735FE08BD08B5FFF731FE08BD75
S113053008B5FFF72DFE08BD08B5FFF729FE08BD75
S113054008B5FFF725FE08BD08B5FFF721FE08BD75
S113055008B5FFF71DFE08BD08B5FFF719FE08BD75
S113056008B5FFF715FE08BD08B5FFF711FE08BD75
S113057008B5FFF70DFE08BD08B5FFF709FE08BD75
S113058008B5FFF705FE08BD08B5FFF701FE08BD75
S113059008B5FFF7FDFD08BD08B5FFF7F9FD08BD77
S11305A008B5FFF7F5FD08BD08B5FFF7F1FD08BD77
S11305B008B5FFF7EDFD08BD08B5FFF7E9FD08BD77
S11305C008B5FFF7E5FD08BD08B5FFF7E1FD08BD77
S11305D008B5FFF7DDFD08BD08B5FFF7D9FD08BD77
S11305E008B5FFF7D5FD08BD08B5FFF7D1FD08BD77
S11305F008B5FFF7CDFD08BD08B501F055F900F0C9
S1130600E5FF01F00FF809F073FF002008BD00BFFB
S11306101A4B1B7B03F00303012B20D0022B14D0B5
S1130620DBB9174B1868F0B1144A13785178127B70
S1130630C3F3C20311F0300F20FA03F002F00302F7
S113064000D022B1022A02D070470E48ECE7062BF4
S11306500AD0072B0DD040097047002070470A4B81
S113066018680028E0D17047084BA3FB003000094C
S11306707047074BA3FB0030C0087047004006409A
S11306801C000020006CDC0218000020CDCCCCCC77
S1130690ABAAAAAA084B416803F580525164516879
S11306A090F800C06CF3114151601A68417861F30D
S11306B093421A60704700BF0070044008B5224A94
S11306C09379C3F38103012B10D0022B02D09BB189
S11306D0002008BD137B03F00303012B2BD0022B56
S11306E02CD0002BF4D1194B186808BD9379DB0783
S11306F01AD4174B186808BD53789907E8D493792E
S1130700DA061DD5124B18680028E1D00E4A1149AB
S1130710D378D278C3F341135B0003EBD21331F8DF
S1130720133003FB00F008BD0B49137A0868C3F3C8
S11307304203D84008BD094B186808BD084808BDE5
S1130740FFF766FFE0E700BF004006401C00002002
S11307500400002028D80000000000201800002019
S1130760006CDC0210B513280FD8DFE800F011117B
S11307706A0E740E333E4A0E0A54601A0E0E0E0EA2
S11307803C47494B1B7819066FD40024204610BD02
S1130790FFF794FF454B5B6C1B0F0133B0FBF3F485
S11307A0F4E7434B5A789407EFD49B79D80666D57F
S11307B0404B18680028E8D03D4A3F49D378D278A6
S11307C0C3F341135B0003EBD21331F8134000FB76
S11307D004F4DBE7354B5B6813F4403FC3F3014299
S11307E0DFD0032AD1D1354CD0E7354B1B6813F445
S11307F0402FC3F3814245D0032AC6D14FF47A7403
S1130800C4E7294B1A781206BFD52E4A9B78146880
S11308109B09DC40BAE7264B9B79D80640D5254B8B
S11308201C68FFF74BFFB4EBD00FAFD9ADE7204BFB
S11308301A789107A9D59A79D20719D41D4B1C6847
S1130840A4E7FFF73BFF194B5B6CC3F3036301336E
S1130850B0FBF3F49AE7FFF731FF144B5B6CC3F37F
S113086003430133B0FBF3F490E7164B1C688DE7A8
S1130870154A1B7A1468C3F34203DC4086E7FFF78A
S1130880C7FE97E7084B1B781C067FF57EAF0D4B20
S11308901C68A4F50044B4FA84F46409E40375E71D
S11308A0FFF7B6FE0446BCE7005006400080044053
S11308B0004006400400002028D80000006CDC0240
S11308C0007004401C0000200000002010B5214BE3
S11308D093F806C093F806E05FFA8EF493F808E004
S11308E0CEF3420E9645CCF3810C19D01B789B07AE
S11308F00AD5E4070BD5174C637803F0FE03637045
S1130900A379DB07FCD402E0BCF1010FF1D0114C58
S1130910237A520002F00E0203F0D0031A4322722B
S11309200C4A537801F0010403F0FE03234353708F
S1130930137803F0FC030343BCF1010F137001D0DF
S1130940830705D5034A937903F001038B42FAD157
S1130950002010BD0040064038B5184C94F803C080
S1130960A379DD065FFA8CFC25D4E37883F02003B9
S1130970E3700125114C237803F03B0343F0040397
S11309802370A379DB06FCD50DB184F803C04B01B9
S113099003F0600343EAC0130CF01F0C074943EA59
S11309A00C03DBB2CB708B7913F00C0FFBD102B1CB
S11309B09047002038BD0025DCE700BF004006401A
S11309C0FFF7CABF024AD36B43F00203D3637047F5
S11309D00080044070B5294B1C68227CA16841F258
S11309E01C00CA7701EB4211E3680A5A256802F039
S11309F08006C2F3C012002B2FD041F21800095810
S1130A00C91A4B09F6B1DBB2617C8B424FFA83FC05
S1130A101CD0617C49B25B1A44BF217D43FA81F347
S1130A20D8B284F811C0E17C091A49B2E17415B155
S1130A3061682046A84716B1A368227C1A77BFF3E1
S1130A404F8F70BD1F2910D9013BDCE7E37C217D6A
S1130A5099420FD000200346E3E7002DEFD06168F0
S1130A602046A847BFF34F8F70BD237D013B03F0A1
S1130A70FF03C9E7E07C43B2D3E700BF20000020B6
S1130A8070B5294B5C68227CA16841F21C00CA77CE
S1130A9001EB4211E3680A5A256802F08006C2F3AA
S1130AA0C012002B2FD041F218000958C91A4B0963
S1130AB0F6B1DBB2617C8B424FFA83FC1CD0617CC3
S1130AC049B25B1A44BF217D43FA81F3D8B284F85A
S1130AD011C0E17C091A49B2E17415B1616820467C
S1130AE0A84716B1A368227C1A77BFF34F8F70BD55
S1130AF01F2910D9013BDCE7E37C217D99420FD00B
S1130B0000200346E3E7002DEFD061682046A847A4
S1130B10BFF34F8F70BD237D013B03F0FF03C9E793
S1130B20E07C43B2D3E700BF2000002070B5294B1E
S1130B309C68227CA16841F21C00CA7701EB421137
S1130B40E3680A5A256802F08006C2F3C012002B3B
S1130B502FD041F218000958C91A4B09F6B1DBB27B
S1130B60617C8B424FFA83FC1CD0617C49B25B1AD6
S1130B7044BF217D43FA81F3D8B284F811C0E17CEB
S1130B80091A49B2E17415B161682046A84716B143
S1130B90A368227C1A77BFF34F8F70BD1F2910D929
S1130BA0013BDCE7E37C217D99420FD00020034622
S1130BB0E3E7002DEFD061682046A847BFF34F8FCD
S1130BC070BD237D013B03F0FF03C9E7E07C43B222
S1130BD0D3E700BF2000002070B5294BDC68227CDD
S1130BE0A16841F21C00CA7701EB4211E3680A5A7A
S1130BF0256802F08006C2F3C012002B2FD041F208
S1130C0018000958C91A4B09F6B1DBB2617C8B4252
S1130C104FFA83FC1CD0617C49B25B1A44BF217D2E
S1130C2043FA81F3D8B284F811C0E17C091A49B2BD
S1130C30E17415B161682046A84716B1A368227C07
S1130C401A77BFF34F8F70BD1F2910D9013BDCE722
S1130C50E37C217D99420FD000200346E3E7002D79
S1130C60EFD061682046A847BFF34F8F70BD237D46
S1130C70013B03F0FF03C9E7E07C43B2D3E700BFC5
S1130C8020000020C8B138B5044600250C480D49A1
S1130C90A064C4E90F550C220CF0F6FB0A4A94F840
S1130CA04C300A492166C4E9142523F0030343F0B8
S1130CB0030384F84C30284638BD0420704700BF35
S1130CC03000002038D80000000800011000130094
S1130CD02DE9F843044690F834000138C0B241EAE3
S1130CE00205284245D1A06881423AD3E5681144FF
S1130CF02844814235D822498B423CD1D4F83080F3
S1130D002669551E4544B5FBF6F306FB135212B192
S1130D1003FB06635D1EA8452FD8DFF868904FF0EB
S1130D20700706E0D106B04421D4D3071CD4A845EB
S1130D3023D828F07F4343F01063C9F8043089F8BE
S1130D400070A36C0F480133A3649847A36C013B64
S1130D50A36499F800309806DAB2E3D56720BDE8B9
S1130D60F8836620BDE8F8836920BDE8F88368202D
S1130D70F5E76520F3E76B20F1E70020EFE700BF1C
S1130D806B66656B000002402DE9F843044690F859
S1130D903900002A4DD01E46431E1546DBB241EAF7
S1130DA00602134238D1A36899423DD3E268314424
S1130DB01344994238D8D4F83090002E3BD00428FC
S1130DC03BD0082832D1314F4FF0700808E012F0C0
S1130DD0100F09F1080925D1D00720D4083E2AD0E4
S1130DE02B68BB6029F07F426B68FB6042F0E062D5
S1130DF07A6087F80080A36C24480133A364984781
S1130E00A36C013BA3643B78DAB29B0605F10805A9
S1130E10DDD56720BDE8F8836520BDE8F883692047
S1130E20BDE8F8836820F5E76620F3E7174B2A68E6
S1130E309A600420EEE70020ECE7DFF850804FF0E2
S1130E40700708E012F0100F09F10409EAD1D30782
S1130E50E5D4043EEFD029F07F4355F8042BC8F8BD
S1130E60082043F0C063C8F8043088F80070A36C0D
S1130E7006480133A3649847A36C013BA36498F824
S1130E8000309906DAB2DDD5C3E700BF00000240A6
S1130E902DE9F04F90F83590164609F1FF321F46C0
S1130EA0D2B241EA0603134283B05CD1836899420B
S1130EB005464ED3C06831440344994249D8D5F815
S1130EC030806B69B0FBF3F208F1FF3313445142F5
S1130ED003EA010AD04508BF1346019208BF08EB94
S1130EE0030A002E41D0DFF888B03F0209E0019BDD
S1130EF010F0100FA0449A4433D1C3072DD4361BED
S1130F0033D0AAEB0804B44228BF344628F07F400B
S1130F10B4FBF9F147EA014140F0807041F0FF0170
S1130F204FF07003CBF80400CBF808108BF80030B6
S1130F30A96C0F480131A9648847A96C0139A964D7
S1130F409BF800108A06C8B2D1D5672003B0BDE86B
S1130F50F08F662003B0BDE8F08F692003B0BDE8D0
S1130F60F08F6820F2E76520F0E70020EEE700BF8D
S1130F700000024000284CD010B40379264923F025
S1130F803F03002243F03F030280037191F828409D
S1130F9091F82B3082605FFA84FC01244461D9B259
S1130FA04FF400641D4B0461DB6CC3F303630F2B2C
S1130FB01DD001622021C1621949826131F81330C8
S1130FC042629B024FF4807202FA0CF2B3F5004FB6
S1130FD0C360C2611BD84FF48063124941634FF46C
S1130FE0806202875DF8044B8362FFF74BBE4FF4C7
S1130FF00033C3604FF4807303FA0CF32024C0E978
S11310000623C0E90812C4624FF48053E5E75B0984
S1131010E3E70420704700BF000002400080044062
S113102044D800000808040478B3F0B58468A142E9
S1131030054606D3E86801EB020C04EB000EF44508
S113104001D96620F0BD6C784FF0640C0CFB045C95
S113105004EB84009CF8016000EB800005EB800049
S11310604EB90E464FF0640C0CFB04542663BDE8E5
S1131070F040FFF72DBE9CF80460F607F1D5DCF8CC
S1131080087001F50006F61BECE70420704700BF6A
S113109078B3F0B58468A142054606D3E86801EB4D
S11310A0030C04EB000EF44501D96620F0BD6C7806
S11310B04FF0640C0CFB045C04EB84009CF80160AE
S11310C000EB800005EB80004EB90E464FF0640C37
S11310D00CFB04542663BDE8F040FFF755BE9CF8B2
S11310E00460F607F1D5DCF8087001F50006F61B7C
S11310F0ECE70420704700BF78B3F0B58468A142E0
S1131100054606D3E86801EB020C04EB000EF44537
S113111001D96620F0BD6C784FF0640C0CFB045CC4
S113112004EB84009CF8016000EB800005EB800078
S11311304EB90E464FF0640C0CFB04542663BDE814
S1131140F040FFF7A5BE9CF80460F607F1D5DCF883
S1131150087001F50006F61BECE70420704700BF99
S1131160B8B1B2B1212912D8DFE801F0191C1F254A
S1131170282B3033111111111111111111111111E9
S113118011111111111111111111111136156A20BA
S1131190704704207047036C136000207047036994
S11311A01360FAE7C3681360F7E7C3684169B3FBE8
S11311B0F1F31360F1E743691360EEE783681360AA
S11311C0EBE70379C3F300131360E6E7C369136025
S11311D0E3E7036A1360E0E7C36B1360DDE700BF76
S11311E010B41478012303FA01F134B943695DF8AA
S11311F0044B23EA010343617047537833B14160E0
S113120043695DF8044B0B43436170478160F7E722
S1131210144A00B5936B91F803E043F00103936320
S11312200B7891F802C04A785B004FEACC0C03F0CB
S113123002030CF0080C43EA0C03120102F0300222
S113124043EA8E03134303604B798A79097903F0E7
S11312500303D20043EA810302F07802134343609C
S11312605DF804FB0080044010B507220446002109
S11312700CF00CF9002301224FF480712380A37039
S1131280A4F80520A4F8031010BD00BF154AD36BC1
S113129043F40003D36303680A7823F00203036072
S11312A0D0F8083123F00103C0F80831D0F8183120
S11312B023F00103C0F81831D0F8283123F00103DA
S11312C0C0F82831D0F8383123F00103C0F83831A0
S11312D003681AB123F001030360704743F001036C
S11312E00360704700800440044B5A6D02609A6D9D
S11312F04260DA6D82601B6EC360704700800440F8
S1131300034600205A7802F09F025A70704700BFCB
S113131002460020537803F09F0343F060035370A8
S1131320704700BF0B68B2EB031F10B575D34FEACB
S1131330031CB2FBFCFC4FEA4C1E5200B2FBF3F45C
S1131340B2FBF4F2A4EB0E0E3A4C934234BFD21A21
S11313509A1AA4FB03435B0903EB4303934261D34F
S1131360354B984261D003F58053344A984218BFF4
S11313700124A3F5103304BF4FF4006413461A6824
S113138022431A60C37803F0F303C370037803F0B5
S1131390E00343EA1C23DBB25FFA8CFC037080F8A1
S11313A001C0837A0EF01F0E03F0E00343EA0E033C
S11313B083724A7A83780C79920003F0E80302F08E
S11313C00402134314B1234343F0100383704B7995
S11313D0C3748B794375037C43F088030374437CA3
S11313E043F0C0034374CB791BB1437B43F0080340
S11313F043730B7A1BB1437B43F001034373CB7AF2
S11314008A7AC1785B42524202F0080203F0040374
S113141013430B43C370002010BD4FF0200E4FF058
S1131420010C8AE740F2F53010BD044B4FF48064A0
S1131430A5E700BF1F85EB5100A00640348004409F
S113144010B50C22002104460CF020F84FF4E131D1
S11314504FF48032002384E80E0010BD0A4A03785A
S113146011400B43DBB20370C37843EA1123DBB2B0
S1131470C370837943EA1143DBB28371437C43EA4B
S113148011634374704700BFC0F00F0702794179BC
S1131490037B807C1B0443EA0123134343EA00607B
S11314A0704700BF00B5437903F03F0343EA1123BB
S11314B0DBB20A0E437111F0170F82741CBF03795B
S11314C0C3790B0705D50379C379437C43F0400303
S11314D0437490F804C090F805E0037B827C1B04FD
S11314E043EA0E2343EA0C0343EA02630B4240F24D
S11314F0EE3008BF00205DF804FB00BF42B10A448F
S113150003791B06FCD511F8013BC3718A42F7D15C
S113151003795B06FCD570470346807CDA78400685
S1131520D2B217D5D87800F0F300D870587C40F0C8
S1131530C000587481B9197C01F0F7011974597C01
S113154041F0C0015974D97802F00C020A4300201A
S1131550DA70704701207047197C41F00801197452
S1131560EDE700BF08B5054A054B11681B6805483F
S11315709847BFF34F8FBFF34F8F08BD740000200F
S11315807000002000A00640704700BF0A4908B55B
S1131590D1F88820094B42F47002C1F888204CF23B
S11315A0205C4DF628104FF4E972A3F80EC0D881E0
S11315B01A80FFF7E9FF08BD00ED00E000200540B8
S11315C047F2305300BF013BFCD1704710B50E4CBD
S11315D0AA2323702046FFF79BFEE378802BFCD1DF
S11315E00A4B0B4959640B4A03210120FFF7E8F920
S11315F0002201210220FFF769F90748FFF74AF8A2
S1131600064B074A1A6010BD00E007400080044002
S113161000000711C115000064D800000800002074
S11316200080B805704700BFF0B5964C964FA36B89
S113163043F40073A363A36B43F48063A363A36BBA
S113164043F40063A363A36B43F48053A363A36BCA
S113165091B043F400530026A3636A46384601213F
S1131660ADF80060FFF7BCFD01AA38460221ADF8D1
S11316700460FFF7B5FD854B02AA1B88ADF808305E
S1131680384612210125FFF7ABFD03AA3846132182
S11316904037ADF80C50FFF7A3FD04AA3146384695
S11316A0ADF81050FFF79CFD05AA3846294640378F
S11316B0ADF81450FFF794FD06AA38460521ADF89D
S11316C01850FFF78DFD07AA384606214037ADF8BC
S11316D01C50FFF785FD08AA38460421ADF82050B8
S11316E0FFF77EFD09AA38460521ADF82450FFF71F
S11316F077FD0AAA38460621ADF82860FFF770FD89
S1131700ADF82C60624E0BAA38460721FFF768FD3E
S11317100CAA30461021ADF83050FFF761FD0DAA38
S113172030461121ADF83450FFF75AFD0EAA304669
S11317301221ADF83850FFF753FD0FAA304613219C
S1131740ADF83C50FFF74CFD524A534D5168534B92
S1131750534821F4E06141F480715160916C21F4AB
S1131760E06141F480719164D16C21F4E06141F451
S11317708071D164916821F4E06141F480719160D9
S11317802A6822F4E06242F480722A606A6822F4D1
S1131790E06242F480726A605968424A21F4E0616E
S11317A041F4407159605968014041F003015960A6
S11317B0996821F4E06141F480719960D96821F459
S11317C0E06141F44071D960D968014041F00301FE
S11317D0D960196921F4E06141F440711961196912
S11317E0014041F003011961596921F4E06141F4B8
S11317F080715961996921F4E06141F480719961C2
S1131800116921F4E06141F480711161516921F49D
S1131810E06141F480715161916921F4E06141F426
S1131820807191619169014041F003019161D16935
S113183021F4E06141F48071D161D169014003F583
S1131840005341F00301D1611A6C22F4E06242F4C6
S113185080721A645A6C22F4E06242F480725A6410
S11318609A6C22F4E06242F480729A64DA6C22F494
S1131870E06242F48072DA64236923F03003236166
S113188011B0F0BD0080044000F00F406CD800009F
S113189000F10F400090044000A0044000B0044058
S11318A0FCFFFFFE00C00440FFF7BEBE2DE9F0417F
S11318B00E469AB04449054614460BF0F7FD20B194
S11318C0424928460BF0F2FDA0B901236268404961
S11318D04048337001F0B6FA3F494048626801F06D
S11318E0B1FA3F493F48626801F0ACFA00201AB0EF
S11318F0BDE8F0813C4928460BF0D8FD002850D1C2
S113190001236268394933703248DFF81481384F53
S113191001F0C0FA05A8FFF7E7FC069B0293DDE996
S11319200713059A0192CDE90313324A532105A8FE
S113193002F082F80DF103050DF11306424653211E
S113194005A802F08BF815F8012F532105A802F021
S113195095FCAE424FF053013A4605A802D002F07E
S11319607DF8EBE7244A02F079F86268234805A978
S113197001F090FA6168224800F088FF214B224967
S11319805B6A62682148C3F3011351F8231001F024
S113199081FA1B48616800F079FF00201AB0BDE8A5
S11319A0F0811B4928460BF081FD0028A8D0194975
S11319B028460BF07BFD002898D1174B174A0121CC
S11319C03170DA60FEE700BF0CDC000000D90000D3
S11319D07CD800009CD80000A8D80000CCD8000017
S11319E0DCD80000F8D8000088DC000014D900001E
S11319F078D8000070D8000074D800003CD90000EA
S1131A003CE9000000800440F4F2000044D90000E6
S1131A1028D9000050D9000000ED00E00400FA05C8
S1131A2034E50000704700BF08B510461A460BF0B5
S1131A302BFD002008BD00BF014BC3E90001704726
S1131A40E00000200120704708B503460846194607
S1131A500BF01AFD002008BD70B582B0002301937D
S1131A600C46F1B101F1FF3C0546431E844401E0FC
S1131A70634519D013F8012FFF2AF9D01C48FFF74A
S1131A803FFC064660B9012003F004FB194801AA93
S1131A903146FFF765FB18B9019BB3F5006F07D01A
S1131AA01B24204602B070BD0024204602B070BD45
S1131AB0EFF3108672B6104B0E4822462946FFF704
S1131AC0B3FA40B186F310881B240948FFF720FCC1
S1131AD00028E6D0E4E786F310880648224601236E
S1131AE02946FFF709FB04460028EDD1EDE700BFC6
S1131AF000E007407C0000206B66656B2DE9F04137
S1131B000F46114615460646FFF7A6FFC8B9044618
S1131B100E48FFF7F5FBA0B9012003F0BBFAEFF381
S1131B20108872B60A482B463A463146FFF7B0FA97
S1131B30002818BF1B2488F310880448FFF7E8FB2B
S1131B4000B11B242046BDE8F08100BF00E007403F
S1131B507C00002070B50E4692B0624905461446DA
S1131B600BF0A4FC20B1604928460BF09FFCC0B9DF
S1131B7062685E495E4801F065F95E495E486268E4
S1131B8001F060F95D495E48626801F05BF95D4906
S1131B905D48626801F056F901233370002012B0E9
S1131BA070BD5A4928460BF081FC28B15849284693
S1131BB00BF07CFC00283BD101236268554933704B
S1131BC04B48554D01F066F906A8544A302101F0FE
S1131BD033FF06A84FF40062302102F089FB06A807
S1131BE04F4A302101F03AFF62684E4806A901F0DD
S1131BF051F906A84C4A302101F01EFF2A6806A8B4
S1131C00302102F033FC06A8484A302101F026FFB7
S1131C106A6806A8302102F029FC06A8404A30214F
S1131C2001F01CFF4248626806A901F033F9B5E7E8
S1131C3040490E2228460BF0A4FCF0B901230E35CE
S1131C40337005A904A8049502F038FE002834D1A5
S1131C5006A904A802F032FE002834D1069B002B0A
S1131C6031DD059902944A1E334C019410251A441F
S1131C700095042301F010F990E730490F2228461B
S1131C800BF07FFC002889D101230F35337005A99F
S1131C9004A8049502F012FE00287FF47FAF059B90
S1131CA0C3F30A03CBB906A904A802F007FE78B966
S1131CB0DDE90501FFF7D0FE71E7A168204800F0D7
S1131CC0E5FD1B206BE7A1681E4800F0DFFDF8E787
S1131CD0A1681D4800F0DAFDF3E7A1681B4800F095
S1131CE0D5FDEEE70CDC000070DA0000E4D900005A
S1131CF004DA0000A8D80000CCD8000010DA0000F4
S1131D0024DA00003CDA000058DA000088DC000025
S1131D10C8DA000080DA0000E000002094DA000055
S1131D203CE900009CDA0000A4DA0000ACDA000010
S1131D30B8DA0000D8DA0000291A00001CDB000021
S1131D4000DB0000E8DA000058DB00002CDB0000B8
S1131D5008B50548642200210BF098FB0248FFF700
S1131D6009F900B908BDFEE77C00002001491422EE
S1131D700BF08ABB14F3000010B5044682B00222B3
S1131D80002101A80BF082FB0023E1686068ADF834
S1131D90043001AAFFF724FA0123237002B010BD16
S1131DA030B5044683B00D460222002101A80BF091
S1131DB06DFB0123E16860688DF8043001AA8DF899
S1131DC00550FFF70DFA0023237003B030BD00BFA8
S1131DD0F0B5054683B0142005F0B4F8044660B1AC
S1131DE0142200210BF052FB2946204611F8043B33
S1131DF000F8043B10220BF047FB2E786F78022288
S1131E00002101A80BF042FB86F001064FF000030D
S1131E1066F3070367F30F23E1686068ADF80430E5
S1131E2001AAFFF7DDF92B7C2374B3B9D4E90221AD
S1131E3052F8213023F0807323F0030342F8213059
S1131E40D5E9022152F8213023F4E063204643F41B
S1131E50807342F8213003B0F0BD012B0ED0022B69
S1131E60EED1D4E9022152F8213023F0807323F01B
S1131E70030343F0020342F82130E1E7D4E90221ED
S1131E8052F8213023F0807323F0030343F003035B
S1131E9042F82130D4E700BFC168426801238B4077
S1131EA093607047C168426801238B405360704758
S1131EB0C168426801238B40D360704710B4C46882
S1131EC042680123A34019B15DF8044B5360704785
S1131ED05DF8044B936070474268C3681069D8404A
S1131EE000F0010080F00100704700BF002370B5CE
S1131EF00B7003780C4606461546002B40D12E4A3B
S1131F002946204601F0AAFD7368F2681B69D34094
S1131F10DB074CBF294A2A4A2946204601F09EFD88
S1131F20284A2946204601F099FD72682946204630
S1131F3002F09CFA244A2946204601F08FFDB2683B
S1131F402946204602F092FA204A2946204601F00A
S1131F5085FDF2682946204602F030FB1C4A2946DA
S1131F60204601F07BFD337C012B16D0022B0DD0D3
S1131F70D3B929462046174ABDE8704001F06EBD2A
S1131F80154A2946204601F069FDBDE72946204649
S1131F90124ABDE8704001F061BD29462046104A4E
S1131FA0BDE8704001F05ABD294620460D4ABDE8FF
S1131FB0704001F053BD00BF74DB000098E50000E1
S1131FC084DB000088DB000094DB0000A0DB000061
S1131FD0A8DB0000B0DB00007CDB0000B8DB000005
S1131FE0B4DB0000BCDB0000704700BF30B41A4C07
S1131FF005681A4B25601A4944681C608568194AAB
S1132000194C0D60194BC16805691160256044695C
S11320101C60D0E90640164A164914604FF0E023CC
S11320200860154AD3F8281D1160144AD3F82C1DF2
S11320301160134AD3F8301D1160124AD3F83C1DC5
S11320401160114AD3F8341D1160104AD3F8383D99
S1132050136000BE30BC70471C0100201801002032
S113206014010020100100200C01002008010020B0
S11320700401002000010020FC000020F8000020E2
S1132080F4000020F0000020EC000020E800002014
S113209004207146084202D0EFF3098001E0EFF317
S11320A0088081690A884BF6AB639A4201D0FFF736
S11320B09DBF0231816120210160704701491422D2
S11320C00BF0E2B928F3000070B586B0044601A80D
S11320D0FFF74CFE00231022211D02A88DF80430C6
S11320E00BF0D2F92378BBB1637883F0010301A824
S11320F08DF80530FFF76CFE0646082004F022FF39
S1132100054630B1082200210BF0C0F923782B7169
S11321102E60284606B070BD6378E8E70068FFF7D4
S1132120C7BE00BF704700BF704700BF2DE9F04F26
S11321300E46B3B03949054614460BF0B7F920B141
S1132140374928460BF0B2F9A0B901236268354932
S11321503548337000F076FE34493548626800F043
S113216071FE34493448626800F06CFE002033B0DC
S1132170BDE8F08F314928460BF098F928B1304971
S113218028460BF093F9002870D1012562682D4987
S11321902548357000F07EFE62682B492B4800F01C
S11321A079FE61682A4800F071FB626829492A486F
S11321B000F070FE4FF47A7222A8102101F08AFC1C
S11321C0616822A800F062FB6168244800F05EFBAD
S11321D02A4622A8102101F07DFC616822A800F0A3
S11321E055FB61681E4800F051FB626819491D489F
S11321F000F050FE04F098FF1021024622A802F0DD
S1132200BDFA616822A800F041FB1748616800F03C
S11322103DFB002033B0BDE8F08F00BF0CDC0000B4
S113222004DC0000C0DB0000DCDB0000A8D80000F8
S1132230CCD80000E4DB0000F8DB000088DC000000
S113224080DC000014DC000034DC00003CDC000016
S11322503CE90000B0DF000048DC000058DC00006E
S113226060DC000068DC000074DC000028469A4949
S11322700BF01CF9054600287FF478AF0123616850
S11322809648337000F002FB202304221946009282
S11322900FA8934A8DF83C5002F070FC61680FA8B7
S11322A000F0F4FA20230722194600920FA88D4A61
S11322B08DF83C5002F062FC61680FA800F0E6FA69
S11322C00B2720231946884A00970FA88DF83C5005
S11322D002F054FC61680FA800F0D8FA05230093BB
S11322E020231946814A8DF83C500FA802F046FC81
S11322F061680FA800F0CAFA092300932023194645
S11323007B4A8DF83C500FA802F038FC61680FA896
S113231000F0BCFA082620231946764A00960FA836
S11323208DF83C5002F02AFC61680FA800F0AEFA68
S113233020231946704A00970FA88DF83C5002F0EC
S11323401DFC61680FA800F0A1FA202319466B4A0E
S113235000970FA88DF83C5002F010FC61680FA89C
S113236000F094FA20231946654A00960FA88DF8C8
S11323703C5002F003FC61680FA800F087FA1523B3
S11323800093202319465F4A8DF83C500FA802F0B1
S1132390F5FB61680FA800F079FA202319465A4A20
S11323A000960FA88DF83C5002F0E8FB61680FA876
S11323B000F06CFA5548616800F068FA06F076F8A7
S11323C0102800F2C381102122A806F0B5FD83462F
S11323D000283FF4CBAEDFF83C8122AE002756F84C
S11323E0040B002800F07E810523012217A906F0C2
S11323F023FC0DF10F03009356F8040C06AB05AA59
S113240004A906F051FE0025199A8DF81C502021CC
S113241007A802F0D3F8042300932023194607AA3F
S11324200FA88DF83C5002F0A9FB61680FA800F0DA
S11324302DFA9DF80F308DF81C50002B40F075815B
S1132440334A202107A801F0F7FA07230093202339
S11324501946002507AA0FA88DF83C5002F08EFB00
S113246061680FA800F012FA4246202107A801F083
S1132470E3FA56F8042C202107A801F0F7FF0B23F8
S113248000932023194607AA0FA88DF83C5002F0A8
S113249075FB61680FA800F0F9F956F8040C8DF883
S11324A03C5006F009F80523009320231946024600
S11324B00FA802F063FB61680FA800F0E7F99DF82C
S11324C06830052B00F24C81DFE813F023011D0175
S11324D0170111012901260090DC0000A4DC000092
S11324E0ECDC0000F0DC0000F8DC000000DD0000A3
S11324F008DD000010DD000018DD000024DD000010
S113250030DD000038DD000044DD00003CE900005F
S113251088DD000034E50000944A202107A801F07A
S11325208BFA0923009320230025194607AA0FA834
S11325308DF83C5002F022FB61680FA800F0A6F968
S11325402822202107A88DF81C5001F0ADFA1C9A0E
S1132550202107A802F032F82C22202107A801F03C
S1132560A3FA1B9A202107A802F028F82922202187
S113257007A801F099FA4FF008092023194607AA81
S11325800FA8CDF800908DF83C5002F0F7FA61687E
S11325900FA800F07BF94246202107A801F04CFA6D
S11325A0049A202107A801F061FF4FF00B0A2023B1
S11325B0194607AACDF800A00FA88DF83C5002F0E8
S11325C0DDFA61680FA800F061F94246202107A8EE
S11325D001F032FA059A202107A801F047FF2023D1
S11325E0194607AACDF800A00FA88DF83C5002F0B8
S11325F0C5FA61680FA800F049F9DDE90423D21A8D
S11326004FF0050A20234A44194692B207A8CDF890
S113261000A08DF81C5001F0B7FB554A202107A8F3
S113262001F01CFA2023194607AA0FA8CDF8009040
S11326308DF83C5002F0A2FA61680FA800F026F968
S11326404246202107A801F0F7F9069A202107A89D
S113265001F00CFF474A202107A801F0FFF9069B6F
S1132660049ACDF800A0D21A04322023194692B25B
S113267007A801F089FB404A202107A801F0EEF9E0
S1132680152300932023194607AA0FA88DF83C5060
S113269002F074FA61680FA800F0F8F8BDF884201D
S11326A0CDF800A020239200194692B207A88DF815
S11326B01C5001F069FB2E4A202107A801F0CEF935
S11326C02023194607AA0FA8CDF800908DF83C5096
S11326D002F054FA61680FA800F0D8F8274861683E
S11326E000F0D4F80137BB457FF479AE3EE5244AC7
S11326F0202107A801F0A0F913E7224A202107A806
S113270001F09AF90DE7204A202107A801F094F975
S113271007E71E4A202107A801F08EF901E71C4AA9
S1132720202107A801F088F9FBE607A8194A20210F
S113273001F082F99DF80F2007A8202101F03AFA50
S1132740154A202107A801F089F97EE60FA8134A4B
S1132750202101F071F9A1680FA800F097F832E682
S11327600F4A202107A801F067F9DAE6C8DD000066
S1132770DCDD0000E0DD0000E4DD00003CE90000F9
S1132780ACDD0000B8DD0000A4DD00009CDD00002D
S1132790C0DD000090DD000098DD00004CDD00008D
S11327A0D0DD000072B6034A936B43F001039363D8
S11327B004F04EBD0080044008B504F01BFB003853
S11327C018BF012008BD00BF10B5044604F096FAF6
S11327D0431C08BF0020207010BD00BF30B583B07B
S11327E0144D8DF80700032401220DF10701002088
S11327F004F080F901282B7813D00133DBB2632B6A
S11328002B7013D806F08CFA02284FF0050005D07F
S113281002F040FC013CE7D103B030BD06F00AF8F9
S1132820F8E7002BF8D0013B2B70F5E764232B70FD
S1132830F2E700BFB40C002004F012BBF8B50F4659
S1132840154608B3064600780D2408B908E06CB1B3
S1132850A84716F8010F013CE4B20028F7D12CB1C7
S11328602020013CA84714F0FF04F9D13A20A847DE
S11328702020A8473FB135B1387820B1A84717F8D0
S1132880010F0028FAD1F8BD0D24E9E751B138B59C
S1132890044600780D4620B1A84714F8010F00281B
S11328A0FAD138BD704700BF30B585B00D46024639
S11328B00B2101A801F062FF45B19DF8040028B185
S11328C001ACA84714F8010F0028FAD105B030BDB7
S11328D070B5054642682449244888B0FFF7AEFF26
S11328E0234924486A68FFF7A9FF6B689BB120203D
S11328F098476E687EB1204C3120B04714F8010F20
S11329000028FAD16E6836B11C4C0D20B04714F87B
S1132910010F0028FAD100246846232220218DF8D3
S1132920004001F0C1F86846144A202101F096F8ED
S11329306A6813486946FFF781FF6A6811491248BB
S1132940FFF77CFF6846C822202101F017FF684684
S11329500E4A202101F082F80D486A686946FFF7A3
S11329606DFF204608B070BDFCDD000018DE0000DD
S113297024DE000030DE0000F0DD00003CE9000051
S113298038DE000044DE00004CDE000058DE0000AB
S113299070DE00002DE9F0410E4659490446174601
S11329A00AF084FD002840F090807D68002D00F03E
S11329B0A580544C0D20A84714F8010F0028FAD123
S11329C07D68002D00F09A804F4C2D20A84714F804
S11329D0010F0028FAD17D68002D00F08F80494C4A
S11329E00D20A84714F8010F0028FAD17D68002DA6
S11329F000F08480454C4B20A84714F8010F0028B0
S1132A00FAD17D68002D79D03E4C0D20A84714F8EA
S1132A10010F0028FAD17D68002D6FD03A4C2D208B
S1132A20A84714F8010F0028FAD17D68002D65D05D
S1132A30344C0D20A84714F8010F0028FAD17D6802
S1132A40DFF8E4801A244D2000E06CB1A84718F8A0
S1132A50010F013CE4B20028F7D12CB12020013C45
S1132A60A84714F0FF04F9D13B20A8472020A84729
S1132A7035B1274C4720A84714F8010F0028FAD194
S1132A807D68244F1A24202000E06CB1A84717F871
S1132A90010F013CE4B20028F7D12CB12020013C05
S1132AA0A84714F0FF04F9D13B20A8472020A847E9
S1132AB035B1194C5020A84714F8010F0028FAD159
S1132AC0012333700020BDE8F081144920460AF048
S1132AD0EDFC00283FF469AF114920460AF0E6FCFA
S1132AE028B1104920460AF0E1FC0028EAD101236C
S1132AF033703846BDE8F041FFF7EABE00259FE792
S1132B000CDC00003CE9000078DE0000B8DE0000C8
S1132B10C8DE0000CCD80000A8D80000E8DE000021
S1132B2088DC0000F8DE000018DE0000F8B58F68CD
S1132B30002F36D01B4E04460D462A20B84716F8FF
S1132B40010F0028FAD1AE68002E2AD0207830B1C7
S1132B50B04714F8010F0028FAD1AE680EB3124C36
S1132B600D20B04714F8010F0028FAD1AE68C6B1A1
S1132B700E4C2A20B04714F8010F0028FAD1AE6891
S1132B807EB10B4C6820B04714F8010F0028FAD12D
S1132B90AD6835B1074C2020A84714F8010F002870
S1132BA0FAD1F8BD08DF00003CE9000028DF00008E
S1132BB00CDC000034DF00002DE9F04782B000296E
S1132BC04CD090F800900746B9F1000F24D0B9F129
S1132BD0230F4FF0000615469A46884608BF013772
S1132BE08DF80760E2B11468D4B142460DF10701D3
S1132BF03846A04755F8044F002818BF1B26002C60
S1132C00F3D19DF807305BB156B9B9F1230F02D067
S1132C10BAF1000F0AD0B146484602B0BDE8F087C9
S1132C2041463846FFF782FF1B26EEE7D8F80450EA
S1132C30002DF0D00C4C0D20A84714F8010F0028EB
S1132C40FAD1D8F80450002DE5D0084C4320A84709
S1132C5014F8010F0028FAD1B146DDE74FF01B0943
S1132C60484602B0BDE8F0873CE90000E8DD00001A
S1132C70014B186000207047E8010020014B1868E0
S1132C80704700BFE80100202DE9F04F85B09DF8A2
S1132C9038B00193002A50D01646804689460AF07F
S1132CA049FCF36805469847D8B308EB050A0027A2
S1132CB0A9EB050532688DF80F700DF10F009047F0
S1132CC09DF80F406CB1082C2FD07F2C2DD00D2CEB
S1132CD00AF8014B05F1FF3503D00A2C01D0012D70
S1132CE0E8D800228AF8002040460AF023FC20B3EA
S1132CF0012809F1FF3924D081452BD9013818F86E
S1132D0000300A2B01D00D2B0BD1002408F8004011
S1132D10019A5B4631464046FFF74EFF88F8004073
S1132D2000E0002005B0BDE8F08FD045C2D20AF81B
S1132D30017C01350AF1FF3ABCE71B2005B0BDE870
S1132D40F08F98F800300A2B0FD00D2B0DD0B9F16D
S1132D50010FE6D85B46019A31464046FFF72CFF47
S1132D600023042088F80030DCE7002388F80030D2
S1132D70EDE700BF002A57D02DE9F04383B0904619
S1132D8006460F460AF0D6FBD8F80C30044698479E
S1132D9080B335194FF000093C1BD8F800308DF88A
S1132DA007900DF1070098479DF807306BB1082B89
S1132DB024D07F2B22D00D2B05F8013B04F1FF34E6
S1132DC003D00A2B01D0012CE7D800232B70304606
S1132DD00AF0B0FBC8B1012807F1FF3719D08742C8
S1132DE01ED9431EF25C0A2A01D00D2A02D100200A
S1132DF0F05400E0082003B0BDE8F083AE42CCD22A
S1132E0005F8019C0134013DC7E71B2003B0BDE870
S1132E10F08333780A2B09D00D2B07D0012FE9D882
S1132E20002333700420E6E71B207047002333702F
S1132E30F4E700BF10B582B000240094FFF724FF2C
S1132E4002B010BDF8B50F46154608B30646007823
S1132E501A2408B908E06CB1A84716F8010F013C20
S1132E60E4B20028F7D12CB12020013CA84714F08B
S1132E70FF04F9D13B20A8472020A8473FB135B132
S1132E80387820B1A84717F8010F0028FAD1F8BD07
S1132E901A24E9E7FFF7D2BC2DE9F04FA9B08A4222
S1132EA09DF8C860DDF8D0800393C0F0CB808B46DA
S1132EB0511A0131CDE901106A4F04925FFA81F988
S1132EC0019B0298339DB34234BF4B46334606AA56
S1132ED0594634BF4C463446A8470590002840F074
S1132EE0A280614A65210EA800F0A6FD039B5A4604
S1132EF065210EA801F0A4FE3A2265210EA800F077
S1132F00D3FDD8F804A0BAF1000F08D09DF838001A
S1132F1028B10EADD04715F8010F0028FAD10023CF
S1132F208DF83830A4B106AD9A462B4655469A46DC
S1132F30002D64D01AF8012B65210EA801F09EF92A
S1132F400135202265210EA800F0AEFDA542EFD187
S1132F50A642254608D901353A4665210EA8EDB2A8
S1132F6000F07CFDAE42F6D1D8F804A0BAF1000F0F
S1132F700AD09DF8380038B10EADD04715F8010FCE
S1132F800028FAD1D8F804A02020D0478CB104F14D
S1132F9018030DF1180A0DEB03051AF8010BD8F804
S1132FA00430A0F120025F2A88BF2E209847AA454A
S1132FB0F3D1A64208D901343A4665210EA8E4B2F9
S1132FC000F04CFDA642F6D1D8F8045035B1274C98
S1132FD00D20A84714F8010F0028FAD1019B9B1B70
S1132FE00193049BB344A9EB06095B455FFA89F995
S1132FF0BFF466AF059A104629B0BDE8F08F2022D1
S113300065210EA800F050FD1AF8012B65210EA8C9
S113301001F034F90125202265210EA800F044FDB9
S1133020AC4287D194E7D8F8085035B1104C0D2044
S1133030A84714F8010F0028FAD11B22104629B022
S1133040BDE8F08FD8F8085035B10A4C0D20A847D8
S113305014F8010F0028FAD10222104629B0BDE865
S1133060F08F00BFB4DF000034E500003CE900004D
S11330709CDF00005CDF000010B4034683B0EFF374
S1133080108072B68DF807000E490A7842B99DF88F
S1133090070080F31088FF2003B05DF8044B7047ED
S11330A0094C012B4FF0000238BF01230A70236042
S11330B09DF8070080F31088104603B05DF8044BB8
S11330C0704700BFEC010020F0010020FF2816D05B
S11330D010B4034683B0EFF3108072B68DF8070086
S11330E00748084A0024012140F82340D1549DF8A0
S11330F0070080F3108803B05DF8044B70477047F5
S1133100F0010020EC010020FF2813D082B0034618
S1133110EFF3108072B68DF80700084A52F8233096
S1133120B3FA83F35B099DF8070080F3108818460F
S113313002B0704701231846704700BFF001002019
S113314082B0EFF3108072B68DF80700054A136859
S11331500BB1013B13609DF8070080F3108802B0A7
S1133160704700BFF00100200349044B00200122F6
S113317008601A70704700BFF0010020EC010020C5
S113318010B5084B82B00446002218680DF10701FF
S113319004F00AFE01280CBF9DF8073000232370B9
S11331A002B010BDC402002008B5044B186804F036
S11331B081FF003818BF012008BD00BFC4020020F1
S11331C070B50C4C0C4D22680A2802F10103A85476
S11331D0236002D0C72B00D070BD00260648EE54F1
S11331E00AF0A8F9044902460448FEF787F92E704C
S11331F0266070BDBC020020F401002000B006402F
S1133200024B0021186804F04FBB00BFC00200202D
S113321000B5084B83B0186800220DF1070104F0D3
S1133220C3FD01280CBF9DF80700002003B05DF822
S113323004FB00BFC00200202DE9F0472E4D84B0EE
S113324000232846CDE90233FEF720F910F0280FB9
S113325006463FD0AB7D03F0FF04002B3AD0274F46
S1133260DFF8A08010E099F80020EAB93B700DF176
S1133270070AD8F80000002303AA514604F0ACFC66
S1133280631E13F0FF0425D0EB79DBB28DF8073011
S1133290002BF5D03A78DFF870900A2AE3D1402B5E
S11332A0E1D1012389F80030154B0DF1070A1868A4
S11332B002AA0023514604F08FFC99F800209DF8DF
S11332C007303B70002AD4D00A2B04BF002389F8AE
S11332D00030CEE746F08061074841F00801FEF770
S11332E0E1F8DDE90232134301D003F0E9FFBFF353
S11332F04F8F04B0BDE8F08700B0064014000020F2
S1133300C0020020C4020020B50C002070B50E4697
S11333109AB09E49054614460AF0C8F820B19C4963
S113332028460AF0C3F8A0B90123626899499A486B
S11333303370FFF787FD994999486268FFF782FD6A
S1133340984999486268FFF77DFD002528461AB020
S113335070BD964928460AF0A9F828B19449284630
S11333600AF0A4F800287FD10123626891493370E0
S11333708948FFF78FFD904962689048FFF78AFDFE
S11333808F48FEF783F88F4A0546602102A800F0B3
S113339053FB2A46602102A801F068F88A4A60219A
S11333A002A800F05BFB6268884802A9FFF772FD7F
S11333B02B0600F1CD806E0600F1C480A80600F152
S11333C0BB80E90600F1B2802A0700F1A9806B07EF
S11333D000F1A080AE0700F19780E80700F18E802D
S11333E0290400F185806A047CD4EB0574D42E0290
S11333F06CD4680264D4002DC0F2B080690059D442
S1133400AA0151D46B0144D402A84FF4E1326021E3
S113341001F0B4F902A86C4A602100F01FFB626855
S11334206B4802A9FFF736FD02A86A4A602100F042
S113343003FB02A84FF44062602101F0BFF802A828
S1133440654A602100F00AFB6022114602A801F0DF
S1133450B5F802A85C4A602100F000FB5F4862688E
S113346002A9FFF717FD70E75D49112228460AF00B
S113347088F800287FF469AF01231135337001A95E
S113348002A8029501F01AFA054600286CD01B2503
S11334905CE7626853495448FFF7FCFC51495248C1
S11334A06268FFF7F7FCAFE7626850494E48FFF7E0
S11334B0F1FCA7E762684E494B48FFF7EBFC9FE736
S11334C062684C494848FFF7E5FC94E762684A495A
S11334D04548FFF7DFFC8CE7626848494248FFF73C
S11334E0D9FC84E7626846493F48FFF7D3FC7CE790
S11334F0626844493C48FFF7CDFC74E7626842497E
S11335003948FFF7C7FC6BE7626840493648FFF764
S1133510C1FC62E762683E493348FFF7BBFC59E7E8
S113352062683C493048FFF7B5FC50E762683A49A5
S11335302D48FFF7AFFC47E7626838492A48FFF790
S1133540A9FC3EE7626836492748FFF7A3FC35E744
S1133550626834492448FFF79DFC2CE762683249CD
S11335602148FFF797FC49E701991548FDF79AFFB1
S1133570616806462D48FFF789F961683046FFF710
S113358093F911486168FFF781F9DFE60CDC00006C
S113359008E00000B8DF0000D4DF0000A8D8000075
S11335A0CCD80000E0DF0000F8DF000088DC000079
S11335B04CE0000018E0000030E0000038E00000BB
S11335C000B0064034E500003CE9000044E000009F
S11335D034E200003CE2000044E2000054E2000057
S11335E060E2000018E20000B0DF0000FCE100002F
S11335F0E4E10000A8E1000084E100006CE10000C7
S113360050E1000038E1000020E1000004E1000086
S1133610ECE00000D4E00000BCE00000A0E000000A
S11336207CE0000060E00000CCE1000074E20000F7
S113363070B584B001A8FDF703FF01264FF4E13112
S1133640002240F201130D2001918DF80820ADF8FD
S11336500E30ADF80B60FDF785F81A4D024601A94E
S11336602846FDF75FFE00B1FEE76B7B43F00403E1
S11336706B736B7B43F002036B730446314628463D
S1133680FDF74AFF10492846FDF7E8FE0F4B50218D
S1133690022283F821134FF440605A6031462246D7
S11336A004F04AF90A4B186048B1224631466020BA
S11336B004F042F9074B186010B104B070BDFEE786
S11336C0FEE700BF00B006400020080400E100E06F
S11336D0C4020020C0020020B1F1004F00F0998024
S11336E0002910B507DB40F08580302303700124E6
S11336F00023035510BD784B4A42A3FB0243DB0869
S113370003EB8304A2EB4402303202701C46002B0C
S113371000F0C580704BA3FB04C2D20802EB820CFC
S1133720A4EB4C0430344470002A00F08280A3FBE4
S113373002C4E40804EB840CA2EB4C023032827025
S1133740002C7BD0A3FB04C2D20802EB820CA4EBB6
S11337504C043034C470002A77D0A3FB02C4E408BC
S113376004EB840CA2EB4C0230320271002C73D0B7
S1133770A3FB04C2D20802EB820CA4EB4C04303449
S11337804471002A6FD0A3FB02C4E40804EB840C48
S1133790A2EB4C0230328271002C6BD0A3FB04C22A
S11337A0D20802EB820CA4EB4C043034C471002A1E
S11337B067D0A3FB0243DB0803EB8304A2EB4402C0
S11337C030320272002B63D030330029437227DB7E
S11337D00A2422464FF0050E03460244864412F89A
S11337E001CD197803F801CB9E451170F7D1002360
S11337F0035510BD394BCC1783FB0123C4EBA30441
S113380004EB8403A1EB430330330370002C81D118
S11338106DE73349334A344B01604260836070473B
S11338200A21092202322D2343541446C2F3470EBF
S1133830D2E7002936DA02210122F3E7002936DB38
S1133840032422464FF0010EC6E7002932DB04248C
S113385022464FF0020EBFE700292EDB0524224644
S11338604FF0020EB8E700292ADB062422464FF067
S1133870030EB1E7002926DB072422464FF0030E8E
S1133880AAE7002925DB082422464FF0040EA3E70B
S113389000291BDB092422464FF0040E9CE701217A
S11338A01A46BFE7022422464FF0010E94E7032193
S11338B00222B7E704210322B4E705210422B1E779
S11338C006210522AEE707210622ABE709210822DB
S11338D0A8E708210722A5E7CDCCCCCC67666666AD
S11338E02D323134373438333634380011F5004F43
S11338F073D0002910B506DB56D1302303700124A0
S11339000023035510BD494A4B429BB2A2FB03421C
S1133910D20802EB8204A3EB44033033037013B2E6
S1133920002A75D0414A9BB2A2FB03C4E40804EB0D
S1133930840CA3EB4C033033437023B2002C54D0DB
S11339409BB2A2FB03C4E40804EB840CA3EB4C037A
S1133950303383700FFA84FC002C4BD01FFA8CFC9C
S1133960A2FB0C23DB0803EB8302ACEB420C0CF14F
S1133970300C80F803C01AB2002B42D03032002938
S1133980027121DB052423464FF0020E0246034454
S1133990864413F801CD117802F801CB96451970CD
S11339A0F7D10023035510BD214ACB1782FB0142F6
S11339B0C3EBA20303EB8302A1EB420230321BB23E
S11339C00270002BAED19AE70522042302332D2185
S11339D081541C46C3F3470ED8E71649016043F6E9
S11339E036020023828083717047002912DA022292
S11339F00123EBE7002912DB032423464FF0010ED9
S1133A00C4E700290EDB042423464FF0020EBDE771
S1133A100122DBE7022423464FF0010EB6E703221E
S1133A200223D3E704220323D0E700BFCDCCCCCCC0
S1133A30676666662D33323701290BD00144013A9B
S1133A40013903E000F8013B884203D012F8013F3A
S1133A50002BF7D100230370704700BF01391FD03A
S1133A6010B4034601E0013914D0184613F8014B91
S1133A70002CF8D1013A014403E000F8013B8842EC
S1133A8003D012F8013F002BF7D1002303705DF837
S1133A90044B70471846002303705DF8044B7047CD
S1133AA000230370704700BF013910D010B401E047
S1133AB0013907D0034601301C78002CF8D1184690
S1133AC000F8012B002303705DF8044B70470023BA
S1133AD00370704712F5004F70B501F1FF3447D001
S1133AE0002A154609DB41D10129064602D03023BC
S1133AF006F8013B0023337070BD53421BB2012909
S1133B0051D02A4E4FF0000C00E04CB39BB2A6FB00
S1133B100321C90801EB8102E646A3EB42033033DB
S1133B200CF1010C00F80E30013C5FFA8CFC0BB276
S1133B300029EAD100EB0C02002D164627DB4FEAE0
S1133B405C03002BD6D000EB030C12F8011D0378A4
S1133B5000F8011B84451370F7D100233370CBE7C1
S1133B6000EB0C0216464FEA5C03EAE71346C6E78D
S1133B7054B10F4A044403E000F8013BA04203D0CF
S1133B8012F8013B002BF7D10023037070BD002C09
S1133B90D5D00EF1020E2D23137050FA8EF2CEF30F
S1133BA046031646CDE70646A4E700BFCDCCCCCCF1
S1133BB080E2000010B483B022BB30238DF80030C3
S1133BC0012308336B440022013903F8082C13D075
S1133BD0034601E0013946D0184613F8012B002AA8
S1133BE0F8D16A46014403E000F8013B884203D05F
S1133BF012F8013B002BF7D10023037003B05DF8EA
S1133C00044B70471A4CA4FB02C3DB0803EB830C80
S1133C10A2EB4C0C0CF1300C092A8DF800C09BB2BD
S1133C2023D9A4FB034C4FEADC0C0CEB8C04A3EB70
S1133C304403632A03F130038DF801301FFA8CFC2E
S1133C408ABF032302230CF1300C0DEB030288BF5F
S1133C508DF802C09DF8004012F801CC8DF800C028
S1133C6002F8014CADE71846C6E70123A9E700BFF7
S1133C70CDCCCCCC30B583B02ABB30238DF800300A
S1133C80012505F108030DEB030501394FF000038D
S1133C9005F8083C13D0034601E0013961D0184609
S1133CA013F8012B002AF8D16A46014403E000F816
S1133CB0013B884203D012F8013B002BF7D10023CB
S1133CC0037003B030BD2F4BA3FB0254E40804EB94
S1133CD08405A2EB45053035092A8DF80050A4B2BD
S1133CE044D9A3FB045C4FEADC0C0CEB8C05A4EB7D
S1133CF045043034632A8DF801401FFA8CFC37D90F
S1133D00A3FB0C54E40804EB8405ACEB450C0CF168
S1133D10300CB2F57A7F8DF802C0A4B22BD3A3FB8A
S1133D200453DB0803EB8305A4EB450430348DF81E
S1133D30034042F20F74A2429BB21FD930338DF874
S1133D400430022405256B461C445A1912F801ED6F
S1133D5093F800C003F801EBA34282F800C0F5D148
S1133D608FE718460023037003B030BD012588E7B0
S1133D7001240225E7E701240325E4E702240425BE
S1133D80E1E700BFCDCCCCCCF0B583B09DF820509A
S1133D90002A3BD130228DF80020012707F10802C8
S1133DA00DEB02074FF0000C07F808CC9DF800203B
S1133DB06FB2002A00F0DE805FFA8CF20132E64630
S1133DC04FFA82FC0CF108046C44D6B214F8084C87
S1133DD0002CF1D1BC456DDB013913D0034601E061
S1133DE0013962D0184613F8012B002AF8D16A462B
S1133DF0014403E000F8013B884203D012F8013B80
S1133E00002BF7D10023037003B0F0BD654CA4FB75
S1133E100276F60806EB8607A2EB47073037092A35
S1133E208DF80070B6B240F2B080A4FB06C7FF085C
S1133E3007EB870CA6EB4C063036632A8DF801603D
S1133E40BFB240F2A480A4FB07C6F60806EB860CBA
S1133E50A7EB4C073037B2F57A7F8DF80270B6B213
S1133E60C0F09880A4FB0674E40804EB8407A6EB76
S1133E70470630368DF8036042F20F76B242A4B2A0
S1133E8040F28B8030348DF80440052702266A46C0
S1133E90164402EB070C1CF801ED147802F801EB50
S1133EA096428CF80040F6D178E718460023037058
S1133EB003B0F0BDBCF1000F1FDB08376F4405F100
S1133EC0FF3CBEF1FF3F07F8084C5FFA8CF74FFA4E
S1133ED08CFC65D0751B6A440CF108046C440CF12D
S1133EE0FF3C12F801ED04F808EC55FA8CF42406B2
S1133EF04FFA8CFCF0D5BF1B7FB2002FFFF66CAFDE
S1133F007E1C022FF6B21ADD002463F3070407F1C6
S1133F10080263F30F246A4463F317440B3A06F070
S1133F20FC0563F31F64551B42F80449AA42FBD104
S1133F3026F00302BA1A57B2B2073FF44DAF07F1A5
S1133F4008026A44FFB202F8083C7A1ED2B2FF2A81
S1133F503FF442AF0832023F6A44FFB2FF2F02F837
S1133F60083C3FF439AF07F108020DEB020707F8EC
S1133F70083C31E7002F7FF72FAF05F108046C44AC
S1133F806F1E04F8082C7FB2BAE7012706E7022760
S1133F9001267CE70327012679E70427022676E732
S1133FA02646A8E7CDCCCCCC2DE9F04182B00E4614
S1133FB00446114668469DF820801F46FFF796FC8C
S1133FC09DF800304FFA88FC002B00F0918000200F
S1133FD0C2B20132014650B200F108030DEB0305F1
S1133FE0D3B215F8085C002DF2D1604520DB711EB8
S1133FF013D0234601E0013914D01C4613F8012BD9
S1134000002AF8D16A46214403E004F8013B8C42BB
S113401003D012F8013B002BF7D10023237002B028
S1134020BDE8F0811C460023237002B0BDE8F08196
S1134030002820DB0CF108000DEB000C013108F125
S1134040FF300CF8085C5FFA80FC40B25ED06A4432
S1134050A3EB080800F10801694412F8015D01F8B6
S1134060085C411E48B258FA81F10906F2D5ACEB5E
S1134070030C4FFA8CFCBCF1000FB8DB0CF101000F
S1134080BCF1020FC0B21ADD002267F3070267F326
S11340900F22ACF1030367F317426B4400F0FC01F9
S11340A067F31F62591A43F804298B42FBD120F0AD
S11340B00303ACEB03034FFA83FC830797D05FFA47
S11340C08CF30CF108020DEB020C5A1ED2B2FF2A3B
S11340D00CF8087C8BD00832023B6A44DBB2FF2B1D
S11340E002F8087C83D008336B4403F8087C7EE72D
S11340F0BCF1000F7FF77BAF08F108026A4408F1B6
S1134100FF3C02F8083C4FFA8CFCB7E72B46AEE7BD
S11341102DE9F04184B00E460446114601A89DF8ED
S113412028801F46FFF7D8FA9DF804304FFA88FC20
S1134130002B00F093800020C2B20132014650B23D
S113414000F110030DEB0305D3B215F80C5C002D40
S1134150F2D1604520DB711E13D0234601E0013902
S113416014D01C4613F8012B002AF8D101AA2144CB
S113417003E004F8013B8C4203D012F8013B002B0E
S1134180F7D10023237004B0BDE8F0811C4600235E
S1134190237004B0BDE8F081002821DB0CF110008D
S11341A00DEB000C013108F1FF300CF80C5C5FFAE8
S11341B080FC40B260D001A90A44A3EB080800F1D6
S11341C01001694412F8015D01F80C5C411E48B20B
S11341D058FA81F10906F2D5ACEB030C4FFA8CFCCA
S11341E0BCF1000FB7DB0CF10100BCF1020FC0B24F
S11341F01BDD002267F3070201A967F30F22ACF16C
S113420003030B4467F3174200F0FC0167F31F62DA
S1134210591A43F804298B42FBD120F00303ACEB79
S113422003034FFA83FC830795D05FFA8CF30CF1F8
S113423010020DEB020C5A1ED2B2FF2A0CF80C7CB1
S113424089D01032023B6A44DBB2FF2B02F80C7CAB
S113425081D010336B4403F80C7C7CE7BCF1000F75
S11342607FF779AF08F110026A4408F1FF3C02F8C5
S11342700C3C4FFA8CFCB6E72B46ADE700B502F0D8
S11342800F0CBCF1090F83B08CBF37233023634478
S11342909F2A8DF805308CBF372330234FF0000E52
S11342A003EB121301398DF806E08DF8043013D0B6
S11342B0034601E0013914D0184613F8012B002AF3
S11342C0F8D101AA014403E000F8013B814203D084
S11342D012F8013B002BF7D10023037003B05DF803
S11342E004FB18460023037003B05DF804FB00BF11
S11342F000B502F00F030A2B83B034BF4FF0300E29
S11343004FF0370E73448DF80330C2F303134FF0AC
S1134310000C0A2B8DF804C034BF4FF0300C4FF062
S1134320370C9C44C2F303230A2B8DF802C034BF1C
S11343304FF0300C4FF0370CB2F5204F634434BFCC
S11343404FF0300C4FF0370C0CEB123201398DF872
S113435001308DF8002013D0034601E0013914D058
S1134360184613F8012B002AF8D16A46014403E0E9
S113437000F8013B814203D012F8013B002BF7D136
S11343800023037003B05DF804FB18460023037098
S113439003B05DF804FB00BF00B502F00F0383B067
S11343A00A2B4FF0000C34BF4FF0300E4FF0370E95
S11343B08DF806C0C2F3031C7344BCF10A0F8DF8D8
S11343C0053034BF302337236344C2F3032CBCF1DC
S11343D00A0F34BF4FF0300E4FF0370E8DF8043013
S11343E0C2F30333F4440A2B8DF803C034BF4FF0F7
S11343F0300C4FF0370C9C44C2F303430A2BC2F336
S113440003528DF802C034BF4FF0300C4FF0370C1C
S11344100A2A634434BF4FF0300C4FF0370C624427
S113442001398DF801308DF8002013D0034601E0E6
S1134430013914D0184613F8012B002AF8D16A4622
S1134440014403E000F8013B884203D012F8013B29
S1134450002BF7D10023037003B05DF804FB18466A
S11344600023037003B05DF804FB00BF00B502F045
S11344700F0385B00A2B4FF0000C34BF4FF0300E01
S11344804FF0370E8DF80CC0C2F3031C7344BCF11B
S11344900A0F8DF80B3034BF302337236344C2F343
S11344A0032CBCF10A0F34BF4FF0300E4FF0370E1F
S11344B08DF80A30C2F30333F4440A2B8DF809C093
S11344C034BF4FF0300C4FF0370C6344C2F3034C4D
S11344D0BCF10A0F34BF4FF0300E4FF0370E8DF899
S11344E00830C2F30353F4440A2B8DF807C034BFD9
S11344F04FF0300C4FF0370C9C44C2F303630A2B8B
S11345008DF806C034BF4FF0300C4FF0370CB2F1C9
S1134510204F634434BF4FF0300C4FF0370C0CEB9A
S1134520127201398DF805308DF8042013D003463A
S113453001E0013914D0184613F8012B002AF8D1F0
S113454001AA014403E000F8013B884203D012F8B9
S1134550013B002BF7D10023037005B05DF804FB89
S113456018460023037005B05DF804FB30B585B030
S11345700D460446114601A8FFF7AEF8691E13D094
S1134580234601E0013913D01C4613F8012B002AFD
S1134590F8D101AA214403E004F8013BA14203D06D
S11345A012F8013B002BF7D10023237005B030BD76
S11345B01C460023237005B030BD00BF30B585B064
S11345C032BB30238DF80430012505F110030DEBC7
S11345D0030501394FF0000305F80C3C14D00346E1
S11345E002E0013900F09F80184613F8012B002ADD
S11345F0F7D101AA014403E000F8013B884203D04B
S113460012F8013B002BF7D10023037005B030BD35
S1134610544BA3FB0254E40804EB8405A2EB4505C8
S11346203035092A8DF8045040F28280A3FB045CE3
S11346304FEADC0C0CEB8C05A4EB45043034632A04
S11346408DF8054076D9A3FB0C54E40804EB8405EB
S1134650ACEB450C0CF1300CB2F57A7F8DF806C04A
S11346606BD3A3FB04C5ED0805EB850CA4EB4C044C
S113467030348DF8074042F20F74A24260D9A3FB94
S113468005C4E40804EB840CA5EB4C0530358DF827
S11346900850354DAA4256D9A3FB04C5ED0805EBD5
S11346A0850CA4EB4C0430348DF809402F4CA24205
S11346B04CD9A3FB05C4E40804EB840CA5EB4C051E
S11346C030358DF80A502A4DAA4242D3A3FB04C5C3
S11346D0ED0805EB850CA4EB4C0430348DF80B404D
S11346E0244CA24238D9A3FB0543DB0803EB830423
S11346F0A5EB4405204C3035A2428DF80C502ED940
S113470030338DF80D3005240A2501AB1C445A19A9
S113471012F801ED93F800C003F801EBA34282F80C
S113472000C0F5D151E718460023037005B030BD31
S113473001254AE701240225E7E701240325E4E7EC
S113474002240425E1E702240525DEE703240625E7
S1134750DBE703240725D8E704240825D5E7042448
S11347600925D2E7CDCCCCCC9F8601003F420F0077
S113477080969800FFE0F505FFC99A3B70B50139B2
S11347803AB9054611B1302305F8013B00232B70DB
S113479070BD05460029F9D0134E002300E099B1FD
S11347A0A6FB024C4FEADC0C0CEB8C0EA2EB4E0E7B
S11347B014465D1C0EF1300E092C00F803E001F1E3
S11347C0FF31EBB26246EAD8C5185B08DED02A4650
S11347D0034412F8014D017800F8014B8342117033
S11347E0F7D100232B7070BDCDCCCCCC2DE9F04794
S11347F0DDE9085A00283CD00F4691469846044605
S113480001B1B2B394F800C0BCF1220F34D02A4BEA
S11348100026BAF1000F08BF9A460CE0072B14D803
S113482008F038FE88B9013617B1B1451DD8387083
S1134830002714F801CFBCF10D0F614650460CF16E
S1134840FF33EBD9BCF1200FEAD1002002460FB1AF
S113485000233B70B8F1000F02D03244C8F80020A6
S113486045B101362E60BDE8F087237807F8013B97
S1134870DFE71B20BDE8F08700266378601C012277
S1134880314609E0B3B1013697B1B1450FD9037888
S113489007F8013B43780130222BF3D14378222BD4
S11348A000F1010002F10102EDD00020CFE73970E0
S11348B00027EFE70120CAE7B0DF000030B5026847
S11348C000230B601378202B04D10132026013788B
S11348D0202BFAD02D2B40D00025302B26D0A3F14D
S11348E03002092A20D84FF00A0C00240FE05FFAA6
S11348F08EF3373BDAB2624504FB0C2414D203680E
S11349005A1C02605B78202B21D92E2B1FD0A3F1D7
S11349103002602BD2B2A3F1200EE8D8102AE8D8D6
S1134920624504FB0C24EAD31B2030BD531C0360F6
S11349305378622B22D0782B15D1931C0360937883
S11349404FF0100C202B01D92E2BCED1002415B9F9
S11349500C60002030BD6442FAE7541C04605378B4
S113496001252246B9E7202BF3D92E2BF1D0A3F150
S11349703002092AD8D84FF0080CB6E7931C03601C
S113498093784FF0020CDDE703681A78202A03D1EC
S113499013F8012F202AFBD000220A7093F800C0DC
S11349A0ACF1300C5FFA8CFCBCF1090F2CD881F807
S11349B000C05A78303AD2B2092A27D80CEB8C0CB2
S11349C002EB4C02D2B20A7093F802C0ACF1300C84
S11349D05FFA8CFCBCF1090F1CD802EB82020CEBD1
S11349E04202D2B20A7093F803C0ACF1300C5FFA01
S11349F08CFCBCF1090F0FD802EB82020CEB420CC9
S1134A0081F800C0042070471B2070470133036005
S1134A10002070470233FAE70333F8E70368002203
S1134A200A701A78202A03D113F8012F202AFBD008
S1134A30A2F1300CBCF1090F04D922F02002413A52
S1134A40052A11D893F800C0ACF13002D2B2092A79
S1134A5010D9ACF16102052A08D9ACF14102052A4A
S1134A602FD90360002070471B207047ACF1570C0E
S1134A705FFA8CF2013300B50A7093F800E0AEF1EE
S1134A80300C5FFA8CFCBCF1090F11D9AEF1610C4A
S1134A90BCF1050F08D9AEF1410CBCF1050F16D9D4
S1134AA0036000205DF804FBAEF1570E5FFA8EFC44
S1134AB001330CEB021C81F800C0036000205DF898
S1134AC004FBACF1370C5FFA8CF20133D3E7AEF19F
S1134AD0370E5FFA8EFC0133EBE700BF70B50E466C
S1134AE0044608F027FD0546304608F023FD8542BC
S1134AF010DB05F1010C431CA444334401E0022AF9
S1134B000AD41A461CF8010D13F8011D8842A2EBC1
S1134B100602F4D01B2070BD304608F00BFD05469C
S1134B20204608F007FD431B0022E254104670BDE6
S1134B30012A036820D000B5013A86460020885433
S1134B4001EB020C1A78222A13D15A1C5B78222B0F
S1134B5008D073B18C450CD001F8013B12F8013F29
S1134B60222BF6D1002001320870CEF800205DF827
S1134B7004FB1B205DF804FB1B20704770B5012962
S1134B809DF810404ED90578002D52D0451C4FF0A9
S1134B90000EAC4615F8016B0EF1010E002EF8D193
S1134BA0A1EB0E0170444D1E08BF057002D143E015
S1134BB0013D38D0864610F8016B002EF8D1013A39
S1134BC0754403E00EF8010BAE4503D012F8010F53
S1134BD00028F7D100228EF800209CF8002092B122
S1134BE054B3012928D90CF101020CEB010002E0B5
S1134BF014B3824208D01578013C9446811AE4B279
S1134C000132002DF4D1BCB1012915D90139644414
S1134C10614401E0614508D00CF8013BA445F9D199
S1134C200023237070BD8646D4E70C46002323700E
S1134C30F8E74D1E8446BDE76446F1E7704700BFC0
S1134C4000B5012B85B000F0E580022B00F0178140
S1134C50032B02F00F0377D00A2B34BF4FF0300E32
S1134C604FF0370E73448DF80B30C2F303134FF03B
S1134C70000C0A2B8DF80CC034BF4FF0300C4FF0F1
S1134C80370C6344C2F3032CBCF10A0F34BF4FF05A
S1134C90300E4FF0370E8DF80A30C2F30333F4446C
S1134CA00A2B8DF809C034BF4FF0300C4FF0370C8D
S1134CB06344C2F3034CBCF10A0F34BF4FF0300E0F
S1134CC04FF0370E8DF80830C2F30353F4440A2B27
S1134CD08DF807C034BF4FF0300C4FF0370C9C44B4
S1134CE0C2F303630A2B8DF806C034BF4FF0300CB7
S1134CF04FF0370CB2F1204F634434BF4FF0300C07
S1134D004FF0370C0CEB127201398DF805308DF829
S1134D10042018BF034602D111E0013974D01846AB
S1134D2013F8012B002AF8D101AA014403E000F88A
S1134D30013B884203D012F8013B002BF7D100233A
S1134D40037005B05DF804FB0A2B4FF0000C34BF70
S1134D504FF0300E4FF0370E8DF80AC0C2F3031C2B
S1134D607344BCF10A0F8DF8093034BF3023372364
S1134D706344C2F3032CBCF10A0F34BF4FF0300E6E
S1134D804FF0370E8DF80830C2F30333F4440A2B86
S1134D908DF807C034BF4FF0300C4FF0370C9C44F3
S1134DA0C2F303430A2BC2F303528DF806C034BF87
S1134DB04FF0300C4FF0370C0A2A634434BF4FF0E5
S1134DC0300C4FF0370C624401398DF805308DF802
S1134DD0042018BF034602D1B1E7013914D01846A4
S1134DE013F8012B002AF8D101AA014403E000F8CA
S1134DF0013B8842A3D012F8013B002BF7D10023DA
S1134E00037005B05DF804FB18460023037005B079
S1134E105DF804FB02F00F03092BC2F303128CBFED
S1134E204FF0370E4FF0300E7344092A8DF80530D9
S1134E308CBF372330231A444FF0000C01398DF80E
S1134E4006C08DF8042018BF03463FF478AF184617
S1134E5013F8012B32B10139D6D0184613F8012BBF
S1134E60002AF8D101AA014404E000F8013B884279
S1134E703FF465AF12F8013B002BF6D15FE702F077
S1134E800F0CBCF10A0F34BF3023372363448DF871
S1134E900730C2F303130A2B34BF4FF0300C4FF02A
S1134EA0370C4FF0000E9C44C2F303230A2B8DF8F9
S1134EB008E0C2F3033E34BF30223722BEF10A0FAA
S1134EC0134434BF30223722724401398DF805303F
S1134ED08DF806C08DF8042018BF034602D12EE7D2
S1134EE0013991D0184613F8012B002AF8D101AAF0
S1134EF0014404E000F8013B88423FF420AF12F87B
S1134F00013B002BF6D11AE72DE9F047046894F829
S1134F1000C086B0BCF1200F054601940F469046B0
S1134F201E4605D114F801CFBCF1200FFAD001942C
S1134F30BCF1300F2CD16378782B01AC2AD003A9B3
S1134F402046FFF7BBFCF8B9DDF80C90B9F1FF0F70
S1134F501AD804A92046FFF7B1FCA8B9DDF810A0BF
S1134F60BAF1FF0F10D8204605A9FFF7A7FC58B9DE
S1134F70059BFF2B08D8019A87F8009088F800A0B9
S1134F8033702A60002000E01B2006B0BDE8F087E3
S1134F9001ACD4E702A92046FFF790FC0028CED14B
S1134FA0029BB3F1807FCADA1A143A701A1288F895
S1134FB00020019A3370E4E72DE9F04103681A7880
S1134FC086B0202A044601930D4604D113F8012F1C
S1134FD0202AFBD00193302A30D15B78782B01AFA3
S1134FE02ED003A93846FFF769FC18BBDDF80C8006
S1134FF0B8F1FF0F1ED804A93846FFF75FFCC8B903
S1135000049EFF2E16D8384605A9FFF757FC88B929
S1135010059AFF2A0ED801995FFA88F8F3B2D2B242
S11350201B0243EA08431343002021602B6006B0AF
S1135030BDE8F0811B2006B0BDE8F08101AFD0E7E8
S113504002A93846FFF73AFC0028CAD1029AB2F105
S1135050807FC6DAC2F30748C2F307230199D2B2AC
S1135060DEE700BF03681A78202A04D10133036005
S11350701A78202AFAD0704700BF00BF00BF7047DB
S1135080034A5368184453688342FCD3704700BFF3
S1135090001000E0084B094A1B68A2FB03234FEAF7
S11350A0931C38B106494A6862444B689A42FCD85A
S11350B00138F8D1704700BF08000020D34D6210BA
S11350C0001000E04FF0E021064BD1F8FC2D002049
S11350D042F08072C1F8FC2D58601A6842F0010257
S11350E01A607047001000E00149A42208F0CCB90E
S11350F05CF300002DE9F04F054689B0482001F02B
S113510021FF0746002856D04822002108F0BEF9A6
S11351102B783B7003A8FCF729FE2B780DF11008BF
S1135120002B4FD1DFF8C4B0DFF8C4A001972835B5
S11351303C4607F1400900271022294640468DF8D5
S11351400C7008F0A1F903A88DF80D70FCF740FE6F
S1135150012615F8142C627360611022A5F1100168
S11351602673A76040468DF80C7008F08DF903A8EB
S11351708DF80D70FCF72CFE617B20617140FCF70B
S11351809DFEDBF80030174A267303EB8303BAEB6A
S1135190430F03FA06F008D2134B9042A3FB0030EE
S11351A04FEA90400BD2FFF767FF10344C4505F1EE
S11351B02405C0D1019F384609B0BDE8F08FFFF740
S11351C05FFFF2E700241022291D40468DF80C40B1
S11351D008F05AF903A88DF80D40FCF7F9FD786042
S11351E0A0E700BFC0D8A70083DE1B43080000204F
S11351F03F420F0020B103780BB140687047184656
S1135200704700BF037803B9704710B5044640687F
S1135210FCF742FE0120FFF73DFF6068FCF742FE09
S11352200C4B0D4A1B6803EB8303B2EB430F4FEAAD
S1135230430006D2094B984204D2BDE81040FFF760
S11352401BBF10BD064BA3FB0030BDE81040800C13
S1135250FFF716BF080000203F420F00C0D8A70088
S113526083DE1B4308B1037803B970474068FCF739
S113527025BE00BF70B500EB0115002A2B7B044648
S11352804FEA011612DD4BB3A5196869FCF70AFE53
S11352902B7B43B1AB6801333444A3606869BDE838
S11352A07040FCF7F9BDAB68013BF5E7002BEBD090
S11352B0697B2869FCF702FE1D4B1E4A1B6803EB41
S11352C083030021B2EB430F29734FEA4300DBD27F
S11352D0194B984225D2FFF7CFFED5E700EB011317
S11352E06A7B186982F00101FCF7E8FD104B114A52
S11352F01B6803EB83030121B2EB430F297303FA09
S113530001F0C1D20C4B9842E5D303F1844303F579
S1135310E80303F2C353A3FB0030800CFFF7B0FE95
S1135320B2E7064BA3FB0030800CFFF7A9FEABE706
S1135330080000203F420F00C0D8A70083DE1B43B3
S113534038B5037804465BB904F140052069FCF7DD
S113535013FD10346068FCF70FFDAC42F6D138BD84
S11353604068FCF709FDEFE7037870B5044693B98C
S113537004F14006637B257B206983F0010105B9B4
S11353801946FCF70DFD103460680021FCF708FD98
S1135390B442EFD170BD40680121FCF701FDE7E79D
S11353A0704700BF08B5054B4FF0FF31186802F095
S11353B061FE012800D0FEE708BD00BFC80200203E
S11353C008B5044B186802F0E7FB012800D0FEE79B
S11353D008BD00BFC80200202DE9F0430E46C5B049
S11353E0A3490546144608F061F820B1A1492846AE
S11353F008F05CF818BB62689F49A048FDF722FDDD
S11354009F49A0486268FDF71DFD9F499F48626857
S1135410FDF718FD9E499F486268FDF713FD9E49FC
S11354209E486268FDF70EFD9D499E486268FDF73F
S113543009FD01233370002045B0BDE8F0839A498B
S1135440284608F033F828B19849284608F02EF881
S1135450002834D101236268954933708748FDF7E9
S113546019FD2CA840221021FFF788F92CA8914A95
S11354701021FEF7F3FA62688F482CA9FDF70AFDA4
S11354802CA88E4A1021FEF7D7FA62688C482CA902
S1135490FDF700FD2CA88B4A1021FEF7CDFA6268B7
S11354A089482CA9FDF7F6FC2CA8884A1021FEF7A0
S11354B0C3FA874862682CA9FDF7ECFCBBE7854971
S11354C00F22284608F05DF80346002868D101221F
S11354D002AF327005F10F0003AE0DF17008CDE993
S11354E000334022334638604146FFF77FF90546D2
S11354F0002840F0BB803368002B00F0B7803A6886
S113550038461A443A60FFF7ADFDCDE900550DF178
S113551010093868334630224946FFF767F90546D3
S1135520002840F0A3803368002B00F09F803A6885
S113553038461A443A60FFF795FDCDE900553346E5
S11355403868302210A9FFF751F9002840F08E8006
S11355503368002B00F08A803A68D1183960D35C34
S1135560002B40F08380602300935B4ACDF80480D5
S11355702CAB484610A900F03DFF002876D06168A6
S113558010A8FDF783F961685448FDF77FF9616855
S11355902CA8FDF77BF952486168FDF777F94AE7D3
S11355A050491022284607F0ECFF0346002840F03B
S11355B09B80012232700DF1700803AECDE90033F7
S11355C005F110003346402241460290FFF70EF9E0
S11355D002AF0446002849D1039B002B46D0029A0F
S11355E038461A440DF110090292FFF73BFDCDE94C
S11355F000440298334630224946FFF7F7F8002862
S113560034D1039B002B31D0029A38461A440292BB
S1135610FFF728FD0023CDE90033029833463022FA
S113562010A9FFF7E3F8044600BB039BF3B1029A09
S113563038461A440292FFF715FDCDE9004402985A
S1135640334660222CA9FFF7D1F878B9039B6BB1DC
S1135650029AD1180291D35C43B943462CAA10A9EB
S1135660484600F04BFF00287FF4E5AE1B20E3E63C
S11356700CDC0000A8E3000088E20000A8E20000BF
S1135680A8D80000CCD80000B4E20000DCE200009E
S1135690F0E2000020E3000038E300005CE30000D7
S11356A074E3000094E3000088DC000014E40000CC
S11356B0B8E3000074DC0000C8E30000D4E3000099
S11356C0E4E30000ECE30000FCE3000004E4000079
S11356D00CE4000028E40000B0DF000038E400001F
S11356E03CE900003CE400004F491122284607F041
S11356F048FF0346002850D1012232700DF1700892
S113570003AECDE9003305F1110033464022414692
S11357100290FFF76BF802AF04460028A6D1039B62
S1135720002BA3D0029A38461A440DF110090292B4
S1135730FFF798FCCDE900440298334630224946ED
S1135740FFF754F8002891D1039B002B8ED0029AC6
S113575038461A440292FFF785FC0023CDE9003352
S113576002983346302210A9FFF740F800287FF44E
S11357707DAF039B002B3FF479AF029AD1180291BD
S1135780D25C002A7FF472AF434610A9484600F069
S1135790B5FE00287FF44FAE68E72449112228465D
S11357A007F0EFFE034600287FF445AE0122327075
S11357B00DF1700803AECDE9003305F11100334655
S11357C04022414602AF0290FFF710F800287FF410
S11357D04DAF039A002A3FF449AF029B3846134465
S11357E00293FFF73FFC0023CDE9003302983346D0
S11357F0302204A9FEF7FAFF00287FF437AF039B99
S1135800002B3FF433AF029AD1180291D25C002AE4
S11358107FF42CAF4346114604A800F06FFE002825
S11358207FF409AE22E700BF50E4000064E4000006
S113583008B5042002F078F9034B186018B1BDE8EC
S1135840084000F063B9FEE7C802002070B50C46BA
S11358508CB00646182120461546FCF7F3F898B399
S11358601F4A30216846FEF7E7F82268302168466F
S1135870FEF7FCFD1B4A30216846FEF7EFF81A4B91
S113588022689A4210D0194A30216846FEF7E6F899
S11358906846174A3021FEF7E1F8726869462846DF
S11358A0FDF7F8FA0CB070BD221D68463021FEF7F2
S11358B0D5F868460F4A3021FEF7D0F862693021E6
S11358C06846FEF77BFEE3E768460B4A3021FEF7A5
S11358D0B3F8726869462846FDF7DCFA0CB070BD6F
S11358E094E40000A0E40000BEBAEDFEACE40000C5
S11358F03CE90000A4E4000078E4000038B50C465C
S11359000546FFF74FFD10220021204607F0BEFD9B
S11359104FF4FC330B4A19680B489142C4E9003038
S11359200BD10A48294607F0C1FD30B96268A2606C
S113593040F20113A381012038BDFFF741FD00208F
S113594038BD00BFBEBAEDFE18F8010004F801002E
S113595070B50C46114D0646FFF724FD10220021B8
S1135960204607F093FD4FF480720021284607F08B
S11359708DFD284625600A4B40F8043B1835324615
S113598065601021FEF758F8D4E9001200204FF4A6
S1135990807348610120A260A38170BDCC02002005
S11359A0BEBAEDFE38B5037B0022427323B1012455
S11359B0FFF706FD204638BD056804350446284631
S11359C007F0B8FD20B1054415F8013C7E2BEED05C
S11359D021684FF480724FF4FC30FCF78FF8B0FA72
S11359E080F46409FFF7ECFC204638BD00232DE960
S11359F0F041074688461446037007E015F8016B2A
S1135A00A5603246FEF750F80A2E0DD023685D6972
S1135A10D4E901322B449A42414638461546EDD327
S1135A20A3600020BDE8F0810120BDE8F08100BF43
S1135A30F8B50E7B0EB10120F8BD0C46054607F003
S1135A4079FD0D490746A0682A46091AFDF7F4FFB7
S1135A50A36822681F4402F580739F42A76007D29F
S1135A60616853690B449F4224BF781A5061E2E78E
S1135A70A3603046F8BD00BFCC030020D0E9012369
S1135A809B1A01200B607047034642680868196836
S1135A90024401F580718A4226BF0A460020012093
S1135AA09A60704738B504460D46FFF77BFC2046E4
S1135AB007F040FD20B1231813F8013C7E2B03D0DE
S1135AC0FFF77EFC012038BD0E48214607F0EEFCAE
S1135AD098B90C482A461021FDF7AEFF0A494FF445
S1135AE080724FF4FC30FCF709F8014628B94FF4F2
S1135AF08072054807F0CAFCE2E7FFF761FC00206A
S1135B0038BD00BFD0020020CC0200200020704726
S1135B102DE9F0430E4693B085490546144607F037
S1135B20C5FC20B18349284607F0C0FCD0B962689F
S1135B3081498248FDF786F9814982486268FDF708
S1135B4081F9814981486268FDF77CF9804981487F
S1135B506268FDF777F9012333700026304613B0ED
S1135B60BDE8F0837C49284607F0A0FC28B17B49B6
S1135B70284607F09BFC002858D101256268784923
S1135B806E483570FDF786F9764A302106A8FDF790
S1135B9053FF4FF4FC32302106A8FEF767FC724A2B
S1135BA0302106A8FDF75AFF4FF40062302106A801
S1135BB0FEF79EFB6D4A302106A8FDF74FFF2A46EB
S1135BC0302106A8FEF756F8694A302106A8FDF7E9
S1135BD045FF6848626806A9FDF75CF94FF48072D6
S1135BE0302106A8FEF7CAFD634A302106A8FDF756
S1135BF035FF6248626806A9FDF74CF918224FF494
S1135C00FC306946FBF720FF50B162685C495D488F
S1135C10FDF740F95C4A5D492046FFF717FE9CE713
S1135C20584A69462046FFF711FEF3E758492846CB
S1135C3007F03CFC80B15749284607F037FC0028A0
S1135C408BD101234FF400614FF4FC30337013B057
S1135C50BDE8F043FBF700BF01233370FFF7A2FB5D
S1135C6018224FF4FC306946FBF7EEFE0646002886
S1135C7051D1494B009A9A421FD0444F474A394662
S1135C802046FFF7E3FD444B3A689A4202D0FFF7FF
S1135C9097FB63E77B69002BF9D06FF0170807F1D6
S1135CA01805A8EB0708636815F8010B98477B698A
S1135CB005EB08029A42F6D3E9E7DDF81480384A86
S1135CC069462046FFF7C2FDB8F1000F1EDDDFF87C
S1135CD0D490B8F1200FCCBF202747463A4606A9F6
S1135CE04846D4BF45463D46FBF7AEFED8B906ABA1
S1135CF0A8EB0508B9441D461F4415F8010B636859
S1135D009847AF42F9D1B8F1000FE2DC6168184856
S1135D10FCF7BCFDB1E761681948FCF7B7FD1B2629
S1135D20FFF74EFB1AE761681548FCF7AFFDEDE796
S1135D300CDC000000E50000E4D90000B8E4000039
S1135D40A8D80000CCD80000BCE40000D4E40000D3
S1135D50DCE40000F8E4000088DC000054E5000006
S1135D600CE5000020E500002CE5000038E500000B
S1135D703CE9000040E5000074DC000048E5000058
S1135D8068E5000060E5000080E50000CC0200202A
S1135D9088E50000A0E50000BEBAEDFE9CE5000029
S1135DA094E5000018F801002DE9F04704462C485A
S1135DB0DDF820900D461646984607F0BBFB4FF0E1
S1135DC0000A074649463046FFF75EFE84F800A005
S1135DD02B68534520DD3246CAF1400104EB0A002A
S1135DE0FFF704FE2A68524512DD0AF1FF3EA6447D
S1135DF0D44603E00CF1010C94450AD01EF8013F8F
S1135E00002BF7D1624529DDD44503D0E246E2E711
S1135E105246924623784BB949463046FFF72EFE48
S1135E200020BA4528600EDCBDE8F087BAF1400FC7
S1135E3008BF4FF03F0A002304F80A3041462046C9
S1135E40FFF7F6FDE8E7AAEB07000549204407F051
S1135E502DFBB0FA80F04009BDE8F087E246D9E7AF
S1135E603CE9000041B170B50646084615460C46AB
S1135E7007F060FB08B970BD70475B233370611E87
S1135E80B446002304E001333B2B0CF8014F03D04C
S1135E9011F8014F002CF6D13344002159703046DB
S1135EA007F0F8FA5D23054900F8013B07F021FBF0
S1135EB029463046BDE87040FFF7BABD3CE9000012
S1135EC0012B70B52ED0002B5CD0022B20D10B7887
S1135ED0E3B1012A1AD00244441E023A002505F116
S1135EE0010C222B01EB0C0E13D05C2B11D0654658
S1135EF063709EF8003004F1020C04F1010EACEB67
S1135F00000C13B172457446E9D160440023037058
S1135F1070BD9EF80060222EE9D1023501EB050E1A
S1135F203346E5E7022A2DD9222404700C78002C8C
S1135F3049D0032AA2F1020544D0033A5C2609E0C1
S1135F409C460CF1010300F80C4011F8014F8CB190
S1135F509D420FD9222CF3D19A4203F1010C0BD9A3
S1135F60C6540C7800F80C4011F8014F0CF10103F1
S1135F70002CEDD10CF1020C22210022C15400F8B6
S1135F800C2070BD012A08BF05460FD08E1E4B1E83
S1135F900446164404E0B342227005F1010408D01B
S1135FA09C4613F8012F2546002AF4D100232B70B8
S1135FB070BD0CF1020CACEB010C00EB0C050023E2
S1135FC02B70F5E72B464FF0020CD5E72DE9F04195
S1135FD01678984617460546134636B1232E03D045
S1135FE03B2E01D0222E2FD1012601F1FF3E6B1E44
S1135FF04FF0000C06E00CF1010CBCF13C0F03F86F
S1136000014F03D01EF8014F002CF4D1002405F8F1
S11360100C402146284607F03DFA3D2200F8012BAA
S1136020421B33463946C2F13E02FFF749FF21467F
S1136030284607F02FFA0B4907F05BFA4146284639
S1136040BDE8F041FFF7F4BC13F8016F002EC5D191
S11360509F42CAD213F8016CA6F12006B6FA86F65E
S11360607609C2E73CE9000070B50378054684462A
S11360700C46002073B916E0232B0DD06246222B68
S113608012F8011F29D122292BD080F001000B46E0
S1136090944643B13B2BEFD128B1624612F8013F3D
S11360A09446002BF6D100218CF80010284607F006
S11360B0F1F9854202D308E0854206D0024610F881
S11360C0013D013B1F2BF7D91046002606702670B0
S11360D02B78222B0BD0284670BD5C2B05D12229AE
S11360E003D19CF802300132D2E70B46D0E73146A7
S11360F0284607F0CFF90028EDD010F8013C222BF8
S1136100E9D1022300F8016C2370681C70BD00BF44
S11361102DE9F04F9BB00546DDF89CA00792984608
S1136120894600294DD0084607F004FA0028069055
S1136130019048DD4FF0FF360AAC2A464021204644
S1136140FFF754FC002800F0A5809DF82830013B9F
S11361501F2B274604D817F8013F013B1F2BFAD900
S11361605D21384607F064FA3B785B2BE5D10028C3
S1136170E3D07B78013B1F2B07F1010104D811F810
S1136180013F013B1F2BFAD9884202D808E088421C
S113619006D0024610F8013D013B1F2BF7D91046EB
S11361A0019A431A934279D00136B045C5D1B8F16A
S11361B0000F0CDB00230370DDE92502FFF780FEEE
S11361C05EE006910191B8F1000FB3DA0AAC0798CA
S11361D0002800F0938007F0ADF9039080464FF05B
S11361E0FF395746A3461FB139462846FFF746FCF8
S11361F02A4640215846FFF7F9FB00284AD09DF86B
S113620028305A1E1F2A00F2C4805A4612F8013F51
S1136210591E1F29FAD95B2B3CD05E4616F8013F64
S1136220013B1F2BFAD93D21304607F033F90028F2
S113623067D033783B2BD6D0232BD4D0B8F1000FC2
S113624070D1249B09F101099945CCD1B9F1000F12
S113625080F2B5804378013B1F2B00F1010004D884
S113626010F8013F013B1F2BFAD90DF12701FFF76D
S1136270FBFE9DF827300146DDE92502FFF720FEED
S1136280012008E0B8F1000FDDE9026004999EDB0B
S113629046458FD000201BB0BDE8F08FB9F1000F48
S11362A082D0069BCDE902600B44CDE9041909F1C3
S11362B0FF3B8E469946CE45E4D01BF8013F1EF8BD
S11362C0011BA3F161060A46A1F16107B446184611
S11362D071B9002BD6D0BCF1190F04D80A46A3F12A
S11362E020008242E7D0DDE90260DDE904195BE7C2
S11362F0192F98BF203A192EF3D8F0E7039080465F
S11363006DE73A21304607F0C5F833783B2B3FF46C
S11363106AAF232B3FF467AF00283FF464AFB8F1B2
S1136320000F8ED0B04241D9034601E0B34208D0F9
S113633013F8012C013A591E1F2A9C460B46F5D925
S11363406146891B41457FF47CAF079B279703F186
S1136350FF3E039BCDE901853344B2461F46BA454F
S113636026D01EF8013F1AF8011BA3F1610C0A465E
S1136370A1F1610865461C4681B9CBB1192D04D839
S11363800A46A3F120049442E9D0DDE90185279F60
S113639057E75B2B3FF47EAF5E4644E7B8F1190F35
S11363A098BF203ABCF1190FEDD8EAE70146C8E7D7
S11363B0249B002BFFF64EAF99457FF46BAF002171
S11363C00170304607F066F8B042024602D808E091
S11363D0964206D0114612F8013D013B1F2BF7D916
S11363E00A46002313702598269A3146FFF768FD64
S11363F046E700BF2DE9F04188B01D460E9FCBB1A2
S1136400002F17DD0C46C9B1064604A90F98904623
S1136410FFF774FAB0B9154900233A46984518BFF6
S113642041462846FFF74CFD284607F083F808B09C
S1136430BDE8F081002008B0BDE8F081084608B04E
S1136440BDE8F0814FF0FF33002022460390CDE9F0
S113645001573146009304A8FFF75AFE044604A8E6
S1136460FFF7A0FA002CD6D0DEE700BFB0DF0000B3
S1136470F0B5164699B001B307460C46184604A970
S1136480FFF73CFAE0B908AD1B4900234022284637
S1136490FFF716FD284607F04DF870B1012805DD19
S11364A09DF8210006F034FF58281ED00A2200214E
S11364B0284606F0A9FF19B0F0BD304619B0F0BD6A
S11364C040230022CDE9023208AD4FF0FF332246CB
S11364D001953946009304A8FFF71AFE044604A860
S11364E0FFF760FA002CCFD0D4E710220021284611
S11364F006F08AFFE2E700BFB0DF00002DE9F04FAD
S1136500A5B004460E4618460CA998469246FFF7D5
S1136510F5F998B9002E00F0A180BAF1000F00F04F
S11365209D800DF1400940464946FFF711FA0028C5
S113653040F08580002025B0BDE8F08F002E00F0EB
S11365409180BAF1000F00F0EF800AAA4FF0FF33F8
S1136550039214AD402202920093019532462146E3
S11365600CA8FFF7D5FD00285FD10CA8FFF71AFA95
S11365700023402241462846FFF7A2FC002128467A
S113658006F088FF0DF140097E2300F8013C4946DE
S11365902846FFF7DDF90028CCD00CA94046FFF7C8
S11365A0ADF900284CD009A90CA8FFF767FA00231D
S11365B00B93002C00F0CA80204606F0BBFFB0F11C
S11365C0000B40F3C3800BAB049505932746554657
S11365D004980CAA4021FFF709FA002800F0FD8175
S11365E09DF85030DDF810A0013B1F2B04D81AF899
S11365F0013F013B1F2BFAD95D21504607F018F8E3
S11366009AF800305B2B01D1002845D1002404986E
S113661006F090FF0B9B18443F2825DC0B90002CC0
S1136620D6D0AA46DDE9045193E05146284606F047
S11366303DFF002899D10CA8FFF7B4F90EE014AD82
S113664021464A462846FFF70DFC28464B4652464B
S11366503146FFF7BBFC4846FFF7A4F9012025B0FB
S1136660BDE8F08F14AD80E7DDE904A109AB009328
S11366700CAA4B465046FFF797FB0CAA4021504604
S1136680FFF7B4F9504606F055FF0B9B18443F281A
S1136690C4DD002C9CD0C4E79AF80120013A1F2ADB
S11366A00AF1010304D813F8012F013A1F2AFAD979
S11366B08342ABD21C4601E0984208D010F8012C6A
S11366C0013A411E1F2A84460846F5D96146CA1A72
S11366D05A459BD15B4407F1FF3CCDF818B00FE05D
S11366E0002A00F09781BBF1190F00F229810146BD
S11366F0A2F1200E8E4540F02381A34200F08A814E
S11367001CF8012F14F8010BA2F1610A0146D346CB
S113671096460028E4D0A1F16100192898BF2039D9
S1136720BAF1190FE6D8E3E740224FF0FF3314AD76
S11367300292CDF80CA000930195324621460CA894
S1136740FFF7E6FC00287FF410AF74E70BAB05936A
S1136750194609AB00930CAA4B462846FFF724FBC5
S1136760002E00F02F81304606F0E4FE07460CAA06
S113677040212846FFF73AF9002800F003819DF8EC
S11367805030013B1F2B2C4604D814F8013F013B29
S11367901F2BFAD93D21204606F07CFE00286AD042
S11367A0002F0DDC002E49D024785B2C70D02846B5
S11367B006F0C0FE0B9B18443F2847DC0B90D6E73D
S11367C08442EFD2A44601E0844208D010F8013C90
S11367D0013B421E1F2B01461046F5D90A46121BE7
S11367E0BA42DFD1E319CDE9064506F1FF3E04972D
S11367F01D460BE0002B45D0BBF1190F19D80A46F2
S1136800A3F12000904214D165453BD01EF8013F0E
S11368101CF8011BA3F161040A46A1F16107A34618
S113682018460029E6D0192F98BF203A192CE9D828
S1136830E6E7DDE90645049F002EB5D123785B2BFE
S113684053D009A90CA8FFF719F990E709AB0599EA
S113685000930CAA4B462846FFF7A6FA0CAA40213F
S11368602846FFF7C3F8284606F064FE0B9B18443D
S11368703F28A3DD7BE73A21204606F00BFE0028E3
S11368808ED18FE7DDE90645049F002ED6D024780B
S1136890059909AB00930CAA4B462846FFF784FAE6
S11368A0BAF1000F05D0524631464B462846FFF751
S11368B08DFB0CAA40212846FFF798F85B2C21D0C9
S11368C009A90CA8FFF7DAF80CAA40212846FFF71B
S11368D08DF804462846002C35D006F02BFE0B9B81
S11368E018443F2817DC0B90EEE709AB0599009399
S11368F00CAA4B462846FFF757FA0CAA4021284613
S1136900FFF774F8284606F015FE0B9B03443F2B53
S1136910DADC0B93D8E709AB059900930CAA4B4634
S11369202846FFF741FA0CAA40212846FFF75EF8F3
S1136930284606F0FFFD0B9B18443F28D3DDC3E730
S1136940DDF818B062E609AB009305994B460CAA32
S1136950FFF72AFA0CA8FFF725F84846FFF722F8B4
S11369600023402241462846FFF7AAFA0021284680
S113697006F090FD7E2300F8013C41462846FFF7CF
S113698091F86BE609AB009305994B460CAA28468F
S1136990FFF70AFA002EDDD0BAF1000FDAD0002892
S11369A03ED0524631464B462846FFF70FFBD1E70F
S11369B0AA46049D059909AB00930CAA4B462846A8
S11369C0FFF7F2F90CAA40212846FFF70FF809A9AE
S11369D00CA8FFF753F80027C9E6AA46049D0599B9
S11369E009AB00930CAA4B4628463C46FFF7DCF95A
S11369F0002EAFD0BAF1000FACD0B0B121464A4658
S1136A002846FFF72FFA4B46524631462846FFF7F1
S1136A10DDFA9FE7DDF818B0002EC9D00124F6E5B1
S1136A2049460448FFF704F8BBE749460148FEF726
S1136A30FFFFE3E73CE900002DE9F04188B005469B
S1136A400E462B481F46694696464FF0000800E064
S1136A50A04680FB0E3C4FEAEE73C3EBAC0C0CEB90
S1136A608C0CAEEB4C0C5FFA8CF4BCF1000FC4F14F
S1136A70300CB4BF5FFA8CF4303480FB0ECEA8BF68
S1136A80E4B2D3EBAE0E01F8014B08F10104DFD1FF
S1136A90002A07DA04F120036B442D2208F10204D2
S1136AA003F8202C04F120030DEB0304002304F865
S1136AB0203C684606F03EFD431E002B0EDD0DF122
S1136AC0FF3211186B446A4610781C7802F8014BA7
S1136AD003F80109881ACC1A8442F5DB3B466A465E
S1136AE031462846FFF70AFD08B0BDE8F08100BF33
S1136AF0676666662DE9F04FDFF8FC9199F800406F
S1136B0083B082468B461746002C5AD0EFF311838C
S1136B104FF0500181F311880AEB4A0609EBC606CF
S1136B200093D6F82C80B8F1010F4FEA4A057AD0C9
S1136B30B8F1020F14D0B8F1000F71D1B26A746ABF
S1136B40A2429CBF316A5218013A121B974240F28A
S1136B509D80009B83F31188404603B0BDE8F08F0D
S1136B600AF1010A0AEB4A0A756A4FEACA0A4FF0A7
S1136B700008B36A346AAB4203F1FF329CBF1B19AD
S1136B8003F1FF33A4EB05048CBF531B5B1B09EB20
S1136B900A02BC4228BF3C469C42506828BF1C469F
S1136BA059462844224606F06FFC336A25449D4228
S1136BB008BF00253F1BA044A3447562002FD8D111
S1136BC0C7E70320C9F8100004F0FF02C9F8140055
S1136BD044494548C9F818102024C9F81C00C9F8CC
S1136BE02040C9F82820C9F82420C9F82C20C9F865
S1136BF060103E49C9F8641009F107003C49C9F81E
S1136C006840C9F87020C9F86C20C9F8742006F0EF
S1136C1070FC3849484606F06CFC89F8064075E774
S1136C204FF0000895E7B26AD6E90864A24296BF1D
S1136C3002EB060802F1FF3808F1FF38A8EB04085C
S1136C40B84528BFB8460AF1010707EB470709EB27
S1136C50C707321B78689045204411D359460192E6
S1136C60A41B06F011FC019A786844440BEB020162
S1136C70224606F009FC554409EBC5056C6268E739
S1136C805946424606F000FC4444F4E705EB0A0288
S1136C9009EBC2020AF1010606EB4606D2F820808F
S1136CA009EBC606A8EB04027068974220443C44F2
S1136CB012D35946019206F0E7FB019A7068A4EBDF
S1136CC008040BEB0201224606F0DEFB554409EBF7
S1136CD0C505B8466C623CE759463A4606F0D4FB13
S1136CE0F4E700BFACE50000EC030020CC03002077
S1136CF0B8E50000BCE500000C0400202DE9F043D9
S1136D0083B0EFF311884FF0500181F31188334CB5
S1136D102378002B3DD0E76E256FBD421AD806D1EB
S1136D2088F311884FF0FF3003B0BDE8F0830126EB
S1136D300DF10700616E01222944013506F0A4FB20
S1136D40256788F31188012EECD19DF8070003B064
S1136D50BDE8F083D4E91919A9EB0506012E28BF73
S1136D600126294432460DF1070006F08DFBA26E80
S1136D70A919914286F0010314BF7F1A0021BB4276
S1136D8028BF3B4623BB4D45CAD0216788F31188F1
S1136D90DBE70321216103F0FF026161104B11491C
S1136DA0A3612025E161E01D25620F49A2626262B0
S1136DB0E26223660D4B6366A5662267E26662673C
S1136DC006F097FB0A49204606F093FBA571A2E75B
S1136DD00DF1070398190D460136ABE70C040020AA
S1136DE0ACE50000EC030020B8E50000CC03002073
S1136DF0BCE5000038B5144C23782BB1E36E206F4A
S1136E00C01A18BF012038BD0321216103F0FF021D
S1136E1061610E4B0E480F49A3612025E061256294
S1136E20E01DA2626262E262236661660A49A566A7
S1136E302267E266626706F05CFB0849204606F0BA
S1136E4058FBA571DAE700BF0C040020ACE5000094
S1136E50EC030020CC030020B8E50000BCE50000F2
S1136E6038B50F4C0F4A104803212161002361619A
S1136E7020250E49A261E0612562E01DA3626362E0
S1136E80E362226661660A49A5662367E36663676F
S1136E9006F02FFB0749204606F02BFBA57138BDF1
S1136EA00C040020ACE50000EC030020CC0300201F
S1136EB0B8E50000BCE5000070B51C4C237805461D
S1136EC0A3B1EFF311824FF0500181F3118805EB68
S1136ED0450504EBC504A36A606A83429CBF216A2A
S1136EE05B18013B181A82F3118870BD03212161DC
S1136EF003F0FF0261610E4B0E49A3612026E1619C
S1136F00E01D26620C49A2626262E26223660B4BB8
S1136F106366A6662267E266626706F0EAFA0849D3
S1136F20204606F0E6FAA671CBE700BF0C04002069
S1136F30ACE50000EC030020B8E50000CC03002021
S1136F40BCE50000F8B5404D2B68002B3BD0431E38
S1136F500A332FD810F0070300F1080426D101F0FA
S1136F609DFA002C28DB394E3068A04224D33849DE
S1136F700B6803E01A687AB3194613465A68A242AA
S1136F80F8D32D68AB4217D0151B1F680F60102D66
S1136F9033D91A1912F0070F2BD04FF0500383F393
S1136FA01188BFF36F8FBFF34F8FFEE7A3F1090280
S1136FB0944241D901F072FA01F026FC02F09CF8E7
S1136FC000242046F8BD4FF0500383F31188BFF32B
S1136FD06F8FBFF34F8FFEE728688342ECD00A60BF
S1136FE04FF0500383F31188BFF36F8FBFF34F8FBC
S1136FF0FEE755601F510A60224616490C68801A44
S1137000A04238BF086030601348016842F0004273
S11370100024C3E90042013103F10804016001F0D6
S1137020F3FB6307CDD04FF0500383F31188BFF314
S11370306F8FBFF34F8FFEE71030C41A01F02EFAA2
S1137040002C90DCB8E700BFC4040020C00400207A
S1137050C8040020BC040020B8040020C0B150F8CB
S1137060043C002B08DB4FF0500383F31188BFF37B
S11370706F8FBFF34F8FFEE750F8082C4AB14FF0E3
S1137080500383F31188BFF36F8FBFF34F8FFEE775
S1137090704730B523F0004383B040F8043C1E4DE4
S11370A00190A0F1080401F0F9F901982A6850F858
S11370B0041C1A4B0A442A601A461B689C42FBD8DB
S11370C0556802EB050E744511D004EB010C6345C1
S11370D01DD040F8083CA24218BF1460104A13683F
S11370E00133136003B0BDE8304001F08DBB294487
S11370F0501883425160F1D10A4800688342EDD0B0
S11371001446D3E90030014423606160E3E7054D90
S11371102D68AB42F5D1DCE7C0040020C804002090
S1137120B4040020C4040020014B1868704700BF59
S1137130C00400202DE9F043394E346844B14FF0C7
S1137140500383F31188BFF36F8FBFF34F8FFEE7B4
S113715043688446002B47D0DFF8D0E02146204620
S11371600CF1040527460CE0CEE90021C8E9001122
S1137170C2E9008944BB0131444655F831304844E2
S113718053B35CF8312012F0070F07D002F107085F
S113719028F007081344A3EB0803424603EB020854
S11371A0A8F1080828F007084346A8EB02090029BB
S11371B0DAD014B3944229D2A8EB0209C8E90077C3
S11371C0C2F80080C2F80490013122601C4655F8D0
S11371D031304844002BD4D1124A134B3460106030
S11371E0186008B1BDE8F0834FF0500383F31188B1
S11371F0BFF36F8FBFF34F8FFEE74FF0500383F35E
S11372001188BFF36F8FBFF34F8FFEE74FF050032A
S113721083F31188BFF36F8FBFF34F8FFEE700BF77
S1137220C4040020BC040020C0040020C8040020C2
S11372304FF0807310B440E9021300246FF002038E
S113724040F80C4C40E909325DF8044B443870476F
S1137250024A136823F0810313607047000004405E
S11372604FF0500383F31188BFF36F8FBFF34F8F39
S11372700D4A13680133012B136004D0BFF34F8F01
S1137280BFF36F8F70474FF0E023D3F8043DDBB2B8
S1137290002BF3D04FF0500383F31188BFF36F8FAB
S11372A0BFF34F8FFEE700BF0C000020034A1368B2
S11372B0013B13600BB983F3118870470C00002065
S11372C04FF0E0234FF08052C3F8042DBFF34F8FEB
S11372D0BFF36F8F704700BF0F4A08B5136843F0C0
S11372E0800313604FF0500383F31188BFF36F8F53
S11372F0BFF34F8F01F0F2F848B14FF0E0234FF0A5
S11373008052C3F8042DBFF34F8FBFF36F8F002358
S113731083F3118808BD00BF000004400D4B1B78A7
S113732023B10D4B1B78642B01D9FEE7FEE74FF028
S113733060404FF46D4140EA01004FF0080140EA1B
S113734001000068006880F3088862B600DF00BFAF
S1137350704700BF00F40000D4F4000070B5454B42
S1137360454C1A78454884B0FF21D2B20192197075
S11373701B78DBB28DF803309DF803309DF80320B1
S113738003F0500307211206237001606ED5062214
S11373909DF803305B00DBB28DF803309DF80330B9
S11373A01B06114602F1FF32F2D4090201F4E06136
S11373B0019B304A01604FF0E025DBB21370D5F831
S11373C0203D2F4C2F4A43F47003C5F8203D00267E
S11373D002A81660F9F748FF02A92046F9F718FF3A
S11373E0294BF02283F83A234FF080625A602368D5
S11373F023F0810323601320F9F7B4F9234BA3FB93
S113740000239B09013B9BB2A360236823F0810303
S11374102360236823F0C0032360236823F08003E0
S113742043F001032360236823F0800343F0400307
S11374302360236823F0800343F00103236023685F
S113744023F0800343F040032360D5F8883D43F4E0
S11374507003C5F8883DD5F8343F43F04043C5F880
S1137460343FFFF75BFF304604B070BD4FF4E0617A
S11374709EE700BF00E400E0B60C0020D00400202A
S1137480000004400C00002000E100E0D34D621035
S1137490054B19680868B0E8F04F80F309884FF08D
S11374A0000080F311887047E8050020EFF309809D
S11374B0114B1A681EF0100F08BF20ED108A20E946
S11374C0F04F10602DE908404FF0500080F3118810
S11374D001F016FA4FF0000080F31188BDE808406F
S11374E019680868B0E8F04F1EF0100F08BFB0EC40
S11374F0108A80F309887047E8050020EFF30583BC
S11375000F2B0ED91149124A5B5C12789A4208D9A2
S11375104FF0500383F31188BFF36F8FBFF34F8F86
S1137520FEE74FF0E0230B4AD3F80C3D126803F456
S1137530E063934208D94FF0500383F31188BFF3FB
S11375406F8FBFF34F8FFEE7704700BFF0E300E09B
S1137550B60C0020D004002000F108034FF0FF31E6
S11375600022C0E90131C0E903330260704700BF63
S113757000230361704700BF30B40D686B1C10D04A
S113758000F108031C465B681A68AA42FAD902682B
S11375904B60013299608C606160086130BC0260AC
S11375A0704704696368F2E7036910B4D0E9011213
S11375B05C688A608442516008BF5A601A685DF84A
S11375C0044B0021013A01611A601868704700BF3A
S11375D0036C70B5856B04462BB90668013546B358
S11375E01846A56370BD164682B91A46406805F070
S11375F04BFF6368216CA2680B449342636024BF11
S11376002368636001350020A56370BD1A46C06815
S113761005F03AFF226CE36851429B1A2268E3604A
S1137620934202D2A3680B44E360022E06D00135D4
S1137630E9E7806801F0CEFBA660D2E7012D38BFF0
S113764001250020CDE700BF2DE9F041846C82B014
S11376500190A4B1A26BE36B9A4207D2A26B93424E
S113766016D80025284602B0BDE8F0814FF050033B
S113767083F31188BFF36F8FBFF34F8FFEE74FF093
S1137680500383F31188BFF36F8FBFF34F8FFEE76F
S113769094F84560226CA76B76B2A2B9D4F8008046
S11376A0B8F1000F28D000250137731CA76318D147
S11376B0636A002BD6D004F1240001F0F1F900280C
S11376C018BF0125CEE7606801A905F0DDFE6368F7
S11376D0226C1344A26863609342E4D3236863601A
S11376E0E1E700F0E3FE8642BCD27F2E0BD0731C90
S11376F05BB284F84530B5E7A06801F06BFBC4F8D1
S113770008800546D0E74FF0500383F31188BFF398
S11377106F8FBFF34F8FFEE72DE9F047044682B029
S1137720FFF79EFD94F845506DB2002D1CDD04F169
S11377302407A66C6EB1B26BF36B01949A423CD3EE
S11377404FF0500383F31188BFF36F8FBFF34F8F54
S1137750FEE7636A43B1384601F0A2F950BB013D2C
S1137760EBB26DB2002BE4D1FF2384F84530FFF770
S11377709DFDFFF775FD94F844305DB2002D5DDD8D
S113778004F1100604E06B1EDAB25DB2002A55D093
S113779023693046002B51D001F082F90028F2D041
S11377A001F044FAEFE700F081FE40456FD8B9F1EB
S11377B0000FD4D001F03AFAD1E7B26B9342CED99C
S11377C096F84580326CD6F838904FFA88F8AAB902
S11377D0D6F800A009F10109BAF1000F3FD0B8F1C1
S11377E0FF3FC6F838901CD1736A002BB7D006F15E
S11377F0240001F055F90028DCD1B0E701A9706834
S113780005F042FE7268316C0A44B168726009F195
S113781001038A42B36324BF33687360B8F1FF3F46
S1137820E2D000F043FE404599D9B8F17F0F0DD066
S113783008F101035BB286F8453090E7FF2384F832
S1137840443002B0BDE8F047FFF730BD4FF05003BD
S113785083F31188BFF36F8FBFF34F8FFEE7B068D8
S113786001F0B8FAB8F1FF3FC6F83890C6F808A09E
S1137870814698D1736A002B99D006F1240001F057
S11378800FF9002896D1B9F1000F93D167E7B8F149
S11378907F0FDBD008F101035BB286F84530B9F104
S11378A0000F87D15BE700BF58B370B5C56B0446C2
S11378B0F5B1026CA2FB0525D5B90E46FFF7D0FC45
S11378C0D4E90F232168A56303FB02F2D31A0A4407
S11378D0A2600B44FF2284F844206160E36084F8D2
S11378E0452006BB2369ABB9FFF7E0FC012070BD5E
S11378F04FF0500383F31188BFF36F8FBFF34F8FA3
S1137900FEE74FF0500383F31188BFF36F8FBFF38B
S11379104F8FFEE704F1100001F0C2F80028E3D015
S1137920FFF7CEFCE0E704F11000FFF715FE04F1C9
S11379302400FFF711FED7E770B582B048B11546B1
S1137940A1FB0023044623B901FB00F010F1550FFD
S113795008D94FF0500383F31188BFF36F8FBFF33F
S11379604F8FFEE754300191FFF7ECFA064670B1F1
S1137970019979B100F15403C6E90F413360012143
S11379803046FFF791FF002386F85050B364304629
S113799002B070BD0346EFE72DE9F04184B00192D7
S11379A000286BD00E461F46044600295AD0022FE9
S11379B00BD1E36B012B7AD04FF0500383F3118882
S11379C0BFF36F8FBFF34F8FFEE701F0A9F90546B0
S11379D000285CD000254FF0000807E0FFF766FCA4
S11379E02046FFF799FE00F00FFF0125FFF738FC52
S11379F0A06BE26B904272D3019A002A7FD0002DD3
S1137A0051D0FFF753FC00F049FDFFF729FC94F82F
S1137A104430FF2B08BF84F8448094F84530FF2B92
S1137A2008BF84F84580FFF741FC01A902A801F0D2
S1137A30AFF8002867D1FFF713FCA26BE36B9A42FF
S1137A40CCD1FFF733FC019904F1100000F0CEFF14
S1137A502046FFF761FE00F0D7FE0028C5D1FFF7EE
S1137A602FFCC2E7036C002BA1D04FF0500383F32B
S1137A701188BFF36F8FBFF34F8FFEE74FF05003B2
S1137A8083F31188BFF36F8FBFF34F8FFEE7019B22
S1137A90002BA0D04FF0500383F31188BFF36F8FF6
S1137AA0BFF34F8FFEE702A801F066F8A9E701F0E3
S1137AB037F910B9019B002BECD1FFF7D1FB02225F
S1137AC031462046A36BA56BFFF782FDA36C03B37D
S1137AD06DB1FFF7EBFB012004B0BDE8F0813A463D
S1137AE031462046A36BFFF773FDA36C8BB1204690
S1137AF0FFF7AAFD0028ECD0FFF7E2FBE9E7FFF768
S1137B00D5FB0020E8E72046FFF706FE00F07CFEE8
S1137B10F7E7636A002BEDD004F1240000F0C0FF06
S1137B200028D6D0E8E700BF70B505465420FFF71B
S1137B3009FA044668B3002601232060C0E90F3621
S1137B40FFF78EFB216CE36B2268626001FB03F399
S1137B50591A13440A44C4E90232FF23A66304F108
S1137B60100084F8443084F84530FFF7F5FC04F144
S1137B702400FFF7F1FCFFF799FB84F85050A6644A
S1137B80A6602660E6603346324631462046FFF75B
S1137B9003FF204670BD00BF38B538B18568044680
S1137BA001F0B8F885420AD0002038BD4FF05003E8
S1137BB083F31188BFF36F8FBFF34F8FFEE7E36842
S1137BC0013BE3600BB1012038BD1A46194620463B
S1137BD0FFF7E2FEF7E700BF2DE9F843002850D095
S1137BE00E4617461D46044621B3022D0BD1E36B06
S1137BF0012B08D04FF0500383F31188BFF36F8F2C
S1137C00BFF34F8FFEE7FFF779FCEFF311884FF0D6
S1137C10500383F31188BFF36F8FBFF34F8FA26BB1
S1137C20E36B9A4212D3022D10D0002088F31188FE
S1137C30BDE8F883036C002BD7D04FF0500383F3D7
S1137C401188BFF36F8FBFF34F8FFEE7314694F86F
S1137C504560D4F8389076B22A462046FFF7B8FC3F
S1137C60731C17D1A36C5BB3022D02D1B9F1000FC1
S1137C7014D12046FFF7E8FC80B17FB101233B60BB
S1137C800CE04FF0500383F31188BFF36F8FBFF301
S1137C904F8FFEE700F00AFC864201D30120C5E7BE
S1137CA07F2E04D0731C5BB284F84530F6E74FF0A6
S1137CB0500383F31188BFF36F8FBFF34F8FFEE739
S1137CC0636A002BEAD004F1240000F0E9FE0028E6
S1137CD0D3D1E3E7F8B580B3036C044643B14FF066
S1137CE0500383F31188BFF36F8FBFF34F8FFEE709
S1137CF003680D4653B3FFF701FCEFF311864FF011
S1137D00500383F31188BFF36F8FBFF34F8FA36BBF
S1137D10E26B9A4226D994F845200133FF2AA363E3
S1137D2057B223D1A36C63B32046FFF78DFC10B187
S1137D300DB101232B60012015E04FF0500383F3B4
S1137D401188BFF36F8FBFF34F8FFEE78368002B5B
S1137D50D1D04FF0500383F31188BFF36F8FBFF37B
S1137D604F8FFEE7002086F31188F8BD00F09EFBDC
S1137D708742E0D27F2F0ED07B1C5BB284F8453063
S1137D80D9E7636A002BD6D004F1240000F088FE02
S1137D900028CDD1CFE74FF0500383F31188BFF310
S1137DA06F8FBFF34F8FFEE7F0B585B001920028C7
S1137DB07BD00E460446002941D000F0B1FF0028D4
S1137DC049D0FFF74DFAA56B002D77D1019B8BB3FA
S1137DD002A800F0D1FE2F46FFF768FA00F05EFB20
S1137DE0FFF73EFA94F84430FF2B08BF84F8447040
S1137DF094F84530FF2B08BF84F84570FFF756FA16
S1137E0001A902A800F0C4FE002830D1FFF728FA27
S1137E10A36B002B38D0FFF749FA2046FFF77CFC10
S1137E2000F0F2FCFFF71CFAA56B002D46D1019B74
S1137E30002BD1D1FFF73AFA002005B0F0BD036C56
S1137E40002BBAD04FF0500383F31188BFF36F8F28
S1137E50BFF34F8FFEE7019B002BB2D04FF05003CE
S1137E6083F31188BFF36F8FBFF34F8FFEE7204674
S1137E70FFF752FC00F0C8FCFFF7F2F9A36B002BEC
S1137E80D8D0FFF713FACDE7FFF710FA019904F100
S1137E90240000F0ABFD2046FFF73EFC00F0B4FCEC
S1137EA00028BFD1FFF70CFABCE74FF0500383F36F
S1137EB01188BFF36F8FBFF34F8FFEE7226C52B16F
S1137EC0E168A36811449942E16024BF2168E1603C
S1137ED0304605F0D9FA013DA56323691BB9FFF7C4
S1137EE0E5F90120A9E704F1100000F0D9FD00280C
S1137EF0F5D0FFF7E5F9F2E7F0B585B00191002878
S1137F0055D0066C044646B14FF0500383F31188F4
S1137F10BFF36F8FBFF34F8FFEE700F001FF0546FD
S1137F2000284DD03546FFF79BF9A36B00278BBB88
S1137F30019B002B00F08380002D5BD0FFF7B6F986
S1137F4000F0ACFAFFF78CF994F84430FF2B08BF2B
S1137F5084F8447094F84530FF2B08BF84F84570CA
S1137F60FFF7A4F901A902A800F012FE002833D1FA
S1137F70FFF776F9A36B002B43D0FFF797F9204660
S1137F80FFF7CAFB00F040FCFFF76AF9A36B012579
S1137F90002BCDD02268013BA363002A66D023695D
S1137FA0002B5AD1FFF782F9012005B0F0BD4FF044
S1137FB0500383F31188BFF36F8FBFF34F8FFEE736
S1137FC0019B002B3ED04FF0500383F31188BFF385
S1137FD06F8FBFF34F8FFEE72046FFF79DFB00F046
S1137FE013FCFFF73DF9A36B43B9FFF75FF9DEB963
S1137FF00020DAE702A800F0BFFD9FE7FFF756F97B
S1138000C2E7FFF753F92368F3B1019904F124009F
S113801000F0ECFC2046FFF77FFB00F0F5FB0028A6
S1138020B2D1FFF74DF9AFE7FFF71AF9616A19B159
S1138030236B1968C1F10601A06800F01BFFFFF76C
S113804035F9D5E72E466EE7FFF70AF9A06800F088
S113805077FE0646FFF72AF9D7E704F1100000F08F
S11380601FFD00289ED0FFF72BF99BE700F05AFF75
S1138070A06094E7A8B170B586680D46044600F088
S113808049FE864208D029462046FFF735FF10B145
S1138090E3680133E36070BDE36801200344E360F7
S11380A070BD4FF0500383F31188BFF36F8FBFF39C
S11380B04F8FFEE740B110B50446FFF7D1F8A46B2B
S11380C0FFF7F4F8204610BD4FF0500383F31188F6
S11380D0BFF36F8FBFF34F8FFEE700BF2DE9F04171
S11380E00446FFF7BDF8374A374E1368013313606F
S11380F03368002B35D0354FE36A3A6852B3344DB8
S1138100344935480A680132E2630A6002689A42D7
S113811038BF036003EB830305EB83009B004168D6
S1138120EA58D1F808E0A16004F1040CC4F80CE0AA
S11381300132CEF804C0C1F808C06061EA50FFF70C
S1138140B5F83B6823B13268E36AD26A9A4210D325
S1138150BDE8F08132681E4DD26A9A4298BF3460FD
S1138160CEE734601368012B07D0E36A184D174F2C
S1138170C6E7BDE8F041FFF7A3B8154D2F4605F15A
S1138180780838461437FFF7E7F94745F9D1DFF89F
S11381906480124F4046FFF7DFF93846FFF7DCF9F9
S11381A00F48FFF7D9F90F48FFF7D6F90E48FFF744
S11381B0D3F90E4BC3F800800D4B1F60E36A034FE5
S11381C09EE700BFFC040020E8050020F004002026
S11381D070050020E0040020F4040020480500207D
S11381E02C0500201805002000050020440500206F
S11381F0400500205C05002080B5134D134F144E3C
S1138200DFF8508014E0FFF72BF8FB68DC68201DD2
S1138210FFF7CAF93368013B33602B68013B2B60DD
S1138220FFF744F8206BFEF719FF2046FEF716FF10
S11382302B68002BE7D1D8F80030012B01D9FFF7C8
S11382403FF800F073FFF3E7140500201805002041
S1138250FC040020700500202DE9F04795008146BC
S11382602846089F88469A46FEF76CFE002855D09B
S113827006465420FEF766FE044600284BD05422DE
S1138280002105F003F92A4626633046A52105F0AE
S1138290FDF8236B043D2B4423F00705A563B8F1D7
S11382A0000F10D098F8003084F8343043B198F8B7
S11382B0013084F835301BB198F8023084F8363038
S11382C0002384F83730052F08D94FF0500383F387
S11382D01188BFF36F8FBFF34F8FFEE7E7626764C8
S11382E0201DFFF745F9C7F1060704F11800FFF751
S11382F03FF92461A7616462524649462846FEF765
S113830097FF099B206003B11C602046FFF7E6FE3F
S11383100120BDE8F0873046FEF7A0FE4FF0FF30A5
S1138320BDE8F08730B3204B1B6883422DE9F04150
S113833004461CD0FEF794FF1C4B1D4AA66A17681E
S11383406569D3F80080FEF7B1FF1A4B9E421FD037
S1138350BD421AD0454518D0174B9D4213D0174B38
S11383609D421FD0002D0CBF0420012000E00020FE
S1138370BDE8F0814FF0500383F31188BFF36F8F92
S1138380BFF34F8FFEE7A36A2BB10220BDE8F08153
S11383900120BDE8F08194F85030012B0CBF02207D
S11383A00320E5E70420E3E7E8050020400500207A
S11383B0440500202C05002000050020180500209D
S11383C02DE9F8438020FEF7BDFD00284FD0054677
S11383D05420FEF7B7FD0446002845D00026314658
S11383E0542205F053F88022A5212563284605F080
S11383F04DF8256BDFF89C90E6627C3525F0070587
S11384006664201DC4F83490A563FFF7B1F8DFF863
S113841088801B4F04F11800FFF7AAF806233246A0
S1138420A3614146246164622846FEF701FF20608F
S113843020463C600126FFF751FE4FF0500383F3C2
S11384401188BFF36F8FBFF34F8F0E4B0E480F4948
S113845000224FF0FF3404600E601A60FEF77EFFC6
S11384600B4B1B68BDE8F8832846FEF7F7FD4FF079
S1138470500383F31188BFF36F8FBFF34F8FFEE771
S1138480D8040020F8040020DC040020F0040020BC
S113849010F4000049444C00F9810000024A1368BA
S11384A001331360704700BFD4040020014B1868E7
S11384B0704700BFFC04002008B134307047064BFD
S11384C018680028F9D14FF0500383F31188BFF3E3
S11384D06F8FBFF34F8FFEE7E80500202DE9F04FC3
S11384E0664B1B6883B0002B40F08780644B1F6889
S11384F001371F60002F69D0624A13689F42C0F0A1
S11385008680DFF88CE1DEF800301868002800F07F
S1138510B18000205C4B5D4EDFF88891009380466B
S1138520BB468246019242E0D3E902245869946032
S1138530626042688A42026808BF4460013AC3F834
S113854014800260986A60B1D3E907249460626081
S11385504268AA42026808BF4460013AC3F828800E
S11385600260DA6AD9F8000002EB8204824206EB68
S1138570840088BFC9F80020476856F82450D7F80B
S113858008C09F600135C3F80CC0CCF80410B96072
S1138590586146F82450009B1968DEF80030C96A17
S11385A01B688A4288BF4FF0010A002B56D0DEF8C0
S11385B00030DB68DB685C68A34503F1040103F168
S11385C01805B1D2019A5046146024E0304B1A6861
S11385D01268002A34D12F4A1868116819602E498C
S11385E010600A6801320A601A681268002A3BD1D6
S11385F0244A4FF0FF3313607FE7284A136801339E
S1138600136000F083FD002003B0BDE8F08F1E4B23
S11386101E4E00930020009B20491B68DB6A03EB7D
S113862083039B00F2580B68022A28BF012083B100
S11386301B4B1B68002B18BF012003B0BDE8F08F53
S11386404FF0500383F31188BFF36F8FBFF34F8F45
S1138650FEE7009000F05AFD0098E9E7019A5046C1
S11386604FF0FF331360D6E71B68064ADB681B68CC
S1138670136042E7044B054E0093F1E7D404002055
S1138680F8040020DC040020E80500207005002028
S11386904405002040050020E4040020EC040020F0
S11386A0E8040020F40400204D4B1A682DE9F04F33
S11386B0013A1A601E6883B0002E40F08280494B54
S11386C01B68002B7DD0DFF838C1DCF80030002BAC
S11386D000F08380DCF80C30434ADB68434FDD6AEA
S11386E0986ADFF818E1DFF81C91019605EB850123
S11386F002EB810203F1180859691C1D08E00121ED
S1138700C9F80010DCF8001000293CD01146002004
S11387104668D3E907BA4645CBF808A0CAF804B0BE
S113872008BFC0F804A0D0F800A0019E9E620AF120
S1138730FF3AC0F800A0D3E9020AC0F808A0CAF8BA
S113874004004868A042086808BFC1F804A00138C2
S11387500860396850689860A94238BF3D60116864
S1138760D0F808A0C3F80CA00131CAF80440846012
S11387705A611160DEF80010C96AA942BFD3DCF85F
S113878000100029C2D11A4B1A68126802B31A6881
S1138790184BD26812681A60174E346844B1012528
S11387A0FFF79CFE08B1C9F80050013CF8D13460D1
S11387B0D9F800302BB1114B01241B68FEF780FD62
S11387C000E00024FEF772FD204603B0BDE8F08F00
S11387D0084B4FF0FF321A60DEE7DFF82890DBE742
S11387E0D4040020FC04002070050020F4040020C0
S11387F044050020DC040020EC040020E8050020EF
S11388002C050020E804002008B5FEF729FD084BDC
S11388101B6843B94FF0500383F31188BFF36F8F84
S1138820BFF34F8FFEE7BDE80840FFF73DBF00BF31
S1138830D4040020002842D02DE9F84F2A4D2B689B
S113884001332B602E68012E08D04FF0500383F3C0
S11388501188BFF36F8FBFF34F8FFEE7234A244B7A
S1138860D2F800A0DFF894B0D3F80080214B04467E
S1138870D3F80090DBF80030DBF80000002783F821
S113888051700430FEF790FEDBF80030DBF8001086
S113889014EB0A0428BF37465C60CFB14846043164
S11388A0FEF76AFEFEF7DCFC2B6853B94FF0500369
S11388B083F31188BFF36F8FBFF34F8FFEE7FEF78B
S11388C0FFBCFFF7F1FE68B9BDE8F84FFEF7F8BC4E
S11388D040460431FEF750FE074B1A68944238BFF5
S11388E01C60DFE7BDE8F88FD4040020F804002002
S11388F04405002040050020DC040020E805002099
S1138900354B1B681BB1354B01221A607047334A43
S113891070B5334C13602268236812681B6B9A424B
S113892054D9304D304A2B6803EB83008000990002
S11389301058002839D173B3581E00EB8001890008
S11389405658810086BB30B3981E00EB8001890025
S11389505658810046BBF0B1D81E00EB8001890057
S11389605658810006BBB0B1181F00EB8001890086
S113897056588100C6B970B1581F00EB80018900B8
S11389805658810086B930B1063B03EB8300800062
S11389909900105848B94FF0500383F31188BFF37E
S11389A06F8FBFF34F8FFEE70346194402EB81003C
S11389B002464168496841600832914204BFC16877
S11389C04160CA6822602B60236870BD21682068FA
S11389D0343100F087FBA4E7D4040020E80400202D
S11389E0E8050020F40400207005002018B32DE9E8
S11389F0F041254D0C4629681831FEF7BDFD234989
S1138A00234A244B0E681768D3F800802B68286823
S1138A10002283F851200430FEF7C6FD631C13D0F6
S1138A202B682968A4195C6022D340460431BDE850
S1138A30F041FEF7A1BD4FF0500383F31188BFF35B
S1138A406F8FBFF34F8FFEE7134B29685A682E6868
S1138A508A60286829682D681C6801341C60946841
S1138A60F46004300431606091606B61BDE8F081B2
S1138A7038460431FEF780FD084B1A68944238BF2B
S1138A801C60BDE8F08100BFE8050020F804002068
S1138A90440500204005002000050020DC040020DF
S1138AA0C368DB68002B51D0D3E907019A6AF0B49C
S1138AB081604860506803F11804A04208BF516007
S1138AC011682748013900259D6211600168DA6A3E
S1138AD0B1B124490D684868D86101350D608568D5
S1138AE01D626C60846099621F4B1B68DB6A934251
S1138AF03ABF1E4B01200020F0BC38BF18607047FD
S1138B00D3E902405969A06044604C681E1DB44218
S1138B1008BF486008680138086015490868904231
S1138B20144838BF0A6002EB820100EB8107890018
S1138B307D684458D5F808C09D600134C3F80CC062
S1138B40CCF80460AE605F614450CDE74FF0500351
S1138B5083F31188BFF36F8FBFF34F8FFEE700BF1E
S1138B60D40400202C050020E8050020E80400209F
S1138B70F404002070050020034A044B12681B68AB
S1138B80C0E90023704700BFE4040020F80400207B
S1138B90F8B5F0B10D4699B10446FEF761FB204AE1
S1138BA0204B16681968606891F85110D1B11B68A0
S1138BB0002283F851200124FEF778FB2046F8BDFB
S1138BC04FF0500383F31188BFF36F8FBFF34F8FC0
S1138BD0FEE74FF0500383F31188BFF36F8FBFF3A9
S1138BE04F8FFEE72B68591C17D0DFF83CE0216853
S1138BF0DEF80070B94204D0B04202D800232B60E2
S1138C00D9E7A6EB000C6345F8D9DEF8001012682A
S1138C109B1B03442B60C4E900120024CCE700BF73
S1138C20F8040020E8050020E4040020014B0122A0
S1138C301A607047E8040020F8B50D46164600286F
S1138C4038D0044604F13402C5E90042E26A2A61DC
S1138C50226BEA6122682A62A26B6A62E26BAA60F2
S1138C60626C6A61052B4FF00002AA6127D0264985
S1138C700968A14221D0032B2B7325D0FEF7F0FA0B
S1138C80224BA26A9A4204BF01232B73FEF70EFB08
S1138C9076B1266B3378A52B2ED13346184613F8BC
S1138CA0011FA529FAD0C6F101060644C6F38F06B2
S1138CB02E85F8BD144A1468C4E72A73E8E72046F1
S1138CC0FFF730FB2873E3E7114F3B6801333B6048
S1138CD0A36A9BB102232B73FEF7C2FA3B6843B924
S1138CE04FF0500383F31188BFF36F8FBFF34F8F9F
S1138CF0FEE7FFF7D9FCC1E70026D9E794F8503026
S1138D00012BE7D0E8E700BFE80500202C05002090
S1138D10D4040020014B1868704700BFE805002008
S1138D20054B1B6833B1054B1868B0FA80F0400955
S1138D304000704701207047F0040020D404002054
S1138D40F8B50446A0B1204DC36A2A68D26A93429A
S1138D500FD28269120414D51C4E626903EB83039B
S1138D6006EB83039A4212D02B68DB6AE36201208C
S1138D70F8BD2B68406CDB6A98422CBF00200120B0
S1138D80F8BD2A68D26AC2F106028261E4E7271DAF
S1138D903846FEF709FC2B680D4ADB6A1168E3626A
S1138DA08B4288BF136003EB8303980006EB8303B5
S1138DB032585968A1608D68E56001326F608F6038
S1138DC063613250D3E700BFE8050020700500203E
S1138DD0F404002010B3244B1B68834270B504468E
S1138DE008D04FF0500383F31188BFF36F8FBFF3A4
S1138DF04F8FFEE79B6C43B1C16A426C013B9142C9
S1138E00836400D063B1002070BD4FF0500383F33E
S1138E101188BFF36F8FBFF34F8FFEE700207047B9
S1138E20051D2846FEF7C0FB636C104AE362C3F1DC
S1138E300601A16111688B4288BF13600C4A03EBE1
S1138E4083034FEA830C02EB830352F80C10586837
S1138E50A0608668E6600131756085606361012009
S1138E6042F80C1070BD00BFE8050020F404002097
S1138E7070050020002844D0F8B5836C04464BB13B
S1138E80406CE26A814238BF01468A4201D0012B1C
S1138E9009D0F8BD4FF0500383F31188BFF36F8FEF
S1138EA0BFF34F8FFEE71C4B1B68A3422AD0A36974
S1138EB0E1621B0458BFC1F10601184D58BFA161FE
S1138EC002EB8202616905EB82039942E1D1261D1E
S1138ED03046FEF769FB124AE36A11688B4288BF89
S1138EE0136003EB8303980005EB83032A58596846
S1138EF0A1608F68E76001327E608E6063612A50F2
S1138F00F8BD70474FF0500383F31188BFF36F8FA0
S1138F10BFF34F8FFEE700BFE80500207005002077
S1138F20F4040020034B186810B1836C013383648C
S1138F30704700BFE8050020F8B5554E554A336820
S1138F40013386468C46336000240620A2F16C0768
S1138F50013800EB800357F82330BBB152F8043CCE
S1138F605B68934208BF5368DD685B6842F8043C61
S1138F70934204BF5B6842F8043CD968A44588BFA7
S1138F804EF824108D4204F10104EED1143A002865
S1138F90DED1414B19680B68B3B14B685B6801F1D2
S1138FA00800834208BFCB68DD685B684B60984269
S1138FB004BFCB684B60DA68A44588BF4EF8242010
S1138FC0954204F10104F0D1344B19680B68B3B134
S1138FD04B685B6801F10800834208BFCB68DD6819
S1138FE05B684B60984204BFCB684B60DA68A44569
S1138FF088BF4EF82420954204F10104F0D1284999
S11390000B68C3B14B68CF685B6801F10800834209
S113901008BF3B46DD685B6883420ABF3B461A468D
S11390203A464A60DA68A44588BF4EF8242095423F
S113903004F10104EFD11B490B68C3B14B68CF683D
S11390405B6801F10800834208BF3B46DD685B684A
S113905083420ABF3B461A463A464A60DA68A44548
S113906088BF4EF82420954204F10104EFD1FEF7A5
S1139070F7F8336843B94FF0500383F31188BFF313
S11390806F8FBFF34F8FFEE7FFF70EFB2046F8BD4F
S1139090D4040020DC050020440500204005002005
S11390A000050020180500202DE9F0410446DDF8F4
S11390B018800F4616461D46FEF7D2F864B1A36B1E
S11390C03B60236B336022682A60002388F80030F9
S11390D0BDE8F041FEF7EAB8014B1C68EFE700BFBA
S11390E0E80500204FF0500383F31188BFF36F8F1E
S11390F0BFF34F8F00BEFEE74FF0500383F3118898
S1139100BFF36F8FBFF34F8F00BEFEE710B5064C61
S113911023680133092B236000DC10BDFAF710F833
S11391200023236010BD00BFEC05002000F000B850
S1139130BFF34F8F30BFBFF36F8F7047014BAA222D
S11391401A70704700E00740F0B54FF0010E0EFAB8
S113915000FE01EB41017C489DF8144010F83150A9
S11391606FEA0E0C5FFA8CFC5FFA8EFEC9001E06D5
S113917054BF0CEA05054EEA050545544E1C5F062E
S1139180855D54BF0CEA05054EEA050585558E1C20
S11391909F06855D54BF0CEA05054EEA0505855515
S11391A0CE1CDF06855D54BF0CEA05054EEA0505B5
S11391B085550E1D1F07855D54BF0CEA05054EEA53
S11391C0050585554E1D5F07855D54BF0CEA0505F1
S11391D04EEA050585558E1D9B01855DDFB21B0694
S11391E054BF0CEA05034EEA05038355CD1D7E06E4
S11391F0435D4CBF4EEA03030CEA0303435501F1FC
S113920008051706435D54BF0CEA03034EEA030343
S1139210435501F109055606435D54BF0CEA0303A7
S11392204EEA0303435501F10A059706435D54BF13
S11392300CEA03034EEA0303435501F10B05D6067A
S1139240435D54BF0CEA03034EEA0303435501F1A3
S11392500C051707435D54BF0CEA03034EEA0303EE
S1139260435501F10D055607435D54BF0CEA030352
S11392704EEA0303435501F10E059201435DD6B254
S1139280120654BF0CEA03034EEA0303435501F1EB
S11392900F027706835C4CBF43EA0E0303EA0C0318
S11392A0835401F110022606835C54BF0CEA0303C5
S11392B04EEA0303835401F111026506835C54BF33
S11392C00CEA03034EEA0303835401F11202A706D6
S11392D0835C54BF0CEA03034EEA0303835401F195
S11392E01302E606835C54BF0CEA03034EEA03034D
S11392F0835401F114022507835C54BF0CEA030371
S11393004EEA0303835401F115026707835C54BFDB
S11393100CEA03034EEA03038354A30101F1160488
S11393201E06025DDDB254BF0CEA02034EEA0203DC
S1139330035517316A06435C4CBF4EEA03030CEA3B
S1139340030343540020F0BDF0050020F0B5664C43
S113935001EB410104EBC10E14F831409EF80110F9
S11393609EF809509EF810609EF80C70844644FAEA
S11393700CF441FA0CF104F0010401F0010141EA9A
S113938044019EF8024044FA0CF404F0010444EA57
S113939041049EF8031041FA0CF1E4B201F001011A
S11393A041EA44019EF8044044FA0CF404F0010438
S11393B0C9B244EA41019EF8084045FA0CF544FA62
S11393C00CF404F0010405F0010545EA44059EF897
S11393D0114046FA0CF644FA0CF406F0010604F0C7
S11393E0010444EA46049EF80A6046FA0CF606F0C4
S11393F0010646EA45059EF8126046FA0CF606F0A8
S1139400010646EA44069EF8054044FA0CF4C9B243
S113941004F0010444EA41049EF80B1041FA0CF1F3
S113942001F0010147FA0CF741EA450507F001078D
S11394309EF8131047EA45079EF8145041FA0CF1C0
S113944045FA0CF501F0010141EA460105F0010578
S113945045EA41059EF806109EF80D6041FA0CF1AC
S1139460E4B201F0010141EA44019EF8154044FAD6
S11394700CF404F0010444EA45049EF80E5046FA44
S11394800CF645FA0CF506F0010646EA470605F027
S1139490010545EA46059EF8166046FA0CF606F004
S11394A0010646EA44069EF8074044FA0CF4C9B2A1
S11394B004F0010444EA41049EF817109EF80FE0FA
S11394C041FA0CF14EFA0CFC0CF0010C4CEA450C80
S11394D082F800C001F001011C70059B41EA4601BD
S11394E019700020F0BD00BFF005002010B4C0F3D7
S11394F007230D4CC0F3074201FB03F3A4FB03C392
S113950001FB02F2A4FB02C2C0B2DB0901FB00F0C2
S1139510D2091B02A4FB004043EA024343EAD010F1
S11395205DF8044B704700BF81808080431F012B8E
S11395300ED827290CD800B583B0D3B20093C2F358
S11395400723C2F30742FFF7FFFD03B05DF804FBF6
S11395500220704710B5A0F1050CBCF1010F9DF875
S1139560084007D827298E4604D80294BDE8104045
S1139570FFF7EABD022010BD2DE9F041A0F1050C72
S113958084B0BCF1010F9DF8288026D827290D4608
S113959023D81F4643EA08031343164603D1002089
S11395A004B0BDE8F0810DF10F0300930DF10D023D
S11395B00DF10E030446FFF7C9FE9DF80F309DF828
S11395C00D2048EA030300939DF80E3029462046F7
S11395D03B433243FFF7B8FDE1E7022004B0BDE8A6
S11395E0F08100BF08B54FF470720021024803F007
S11395F04DFF002008BD00BFF005002002484FF4D5
S1139600707100F069BC00BFF0050020F0B50E4693
S11396108FB085490546144603F048FF20B18349BD
S1139620284603F043FFF0B9626881498148F9F79D
S113963009FC814981486268F9F704FC8049814842
S11396406268F9F7FFFB804980486268F9F7FAFB22
S11396507F4980486268F9F7F5FB012333700024E1
S113966020460FB0F0BD7C49284603F01FFF28B107
S11396707A49284603F01AFF002857D1012362686B
S1139680774933706B48F9F705FC06A802222021BC
S1139690FBF774F806A8734A2021FAF7DFF9626829
S11396A0714806A9F9F7F6FB06A805222021FBF765
S11396B065F806A86B4A2021FAF7D0F962686B486E
S11396C006A9F9F7E7FB06A806222021FBF756F8BE
S11396D006A8644A2021FAF7C1F96268644806A919
S11396E0F9F7D8FB06A828222021FBF747F806A89B
S11396F05C4A2021FAF7B2F962685E4806A9F9F7D4
S1139700C9FB06A850222021FBF738F806A8554AC1
S11397102021FAF7A3F96268574806A9F9F7BAFBBA
S1139720564957486268F9F7B5FB98E75549284602
S113973003F0BCFE0146002868D053490B2228469A
S113974003F01FFF002834D050490822284603F0B4
S113975018FF002883D101230835337003A905A815
S11397600595FBF7ABF800287FF479AF039B053B25
S1139770012B3FF674AF04A905A8FBF79FF8002856
S11397807FF46DAF049B272B3FF669AF06A905A8AC
S1139790FBF712FC044600287FF462AFDDE9030105
S11397A0069AFFF7C3FE4FF47071394800F094FB3A
S11397B056E701230B35337006A905A80595FBF779
S11397C0FBFB044600287FF44BAF069DC5F3074717
S11397D0C5F30726EDB20AE0009533463A46214622
S11397E00620FFF7B1FC58B90134282C08D00095A5
S11397F033463A4621460520FFF7A6FC0028EBD065
S11398004FF47071224800F067FB28E74FF4707240
S11398101F4803F03BFE1E484FF4707100F05CFBE0
S1139820012333701BE700BF0CDC000084E600005A
S1139830C4E50000DCE50000A8D80000CCD8000096
S1139840E0E50000F4E5000000E6000020E600008A
S113985034E6000068E6000088DC0000FCE6000056
S113986090E600003CE90000A8E60000B4E6000031
S1139870C0E60000CCE60000DCE60000E8E60000FC
S1139880F0E6000008E7000018E7000024E7000005
S1139890F005002002484FF47072002103F0F6BD79
S11398A0F00500200149142203F0EEBD14F4000079
S11398B038B505461420FDF745FB0446C8B114220B
S11398C0002103F0E3FDD5E90132297863602B7BA5
S11398D02170A2602373B5F80D30A4F80D30EB7B32
S11398E0E3732B7C2374B5F81130A4F81130EB7CAE
S11398F0E374204638BD00BF2DE9F04F8DB0CDE9AB
S113990002120593179B049310F13603DDF858C037
S1139910DDF860E00BD5AC4B6FF03502121AA3FBF7
S113992002131B0B4FF4875101FB1323CB1AA64AD6
S1139930A2FB0312120B4FF4875101FB1232A34B0B
S11399409508A3FB0535ED08B2F1360905F1FF31A1
S11399501AD4481C02F1350240F0868141F27400A9
S1139960814500F36E8141F273039A4200F38E81C4
S1139970B9F1000F00F0AA810023CDE90A33069360
S11399804C4609936B20AAE002F585540A3402F58B
S113999088521532204641F2DF031B1A01338B48EB
S11399A0C3EB032380FB0307DB17C3EB6713884F69
S11399B0049803FB0CF887FB08BAC2444FEAE87822
S11399C003FB00F0C8EBEA185FFA88F687FB00A8EF
S11399D003FB0EF38044C017C0EBE81087FB03873A
S11399E01F44DB17C3EBE713DFB2C0B233460343B4
S11399F03B43B9F1000F0A960B900997069366DA78
S1139A00B2F5875F80F2E6804FF00008CDE9078861
S1139A10C24644464646C34647464FF001094A1CDF
S1139A20059B00F0B380002B38D0069B63B9B8F1D6
S1139A30000F15D1B9F1280F3DD0BAF1000F22D192
S1139A400DB0BDE8F08F27210398099B00930144D2
S1139A50DDE90A230298FFF77DFDB8F1000FE9D094
S1139A60039902980097DDE907232944FFF772FD63
S1139A70B9F1280F1FD0059B002BDED1C9F12809AD
S1139A80BAF1000FDCD003990298169433465A4673
S1139A9049440DB0BDE8F04FFFF75CBD069B0029BB
S1139AA040F00E81002B76D1B8F1000F40F0EB802E
S1139AB0B9F1280FE2D14FF00009BEE7994540F310
S1139AC010810023CDE90A3306934C4609936C2395
S1139AD005FB03F3A34203F16B0080F2E880A0428C
S1139AE007DB9042A8BF10462746984280F2D180F7
S1139AF03C464FF00008CDE9078805F101094746C7
S1139B006C2000FB09F0A04200F16B0306DB9042DD
S1139B1006DC9342A8BF1346044604E0A3424CDB90
S1139B209342A8BF1346984247DC1B1B5C1C274B7F
S1139B30049EC4EB042483FB0432E417C4EB6214D4
S1139B40234B04FB0CFC83FB0C0204FB06F662446F
S1139B504FEAEC7BCBEBE21B83FB0602324404FBB3
S1139B600EF4F617C6EBE21683FB04232344E41732
S1139B70C4EBE3145FFA8BFBF6B2E4B24BEA060AD9
S1139B804A1C059B44EA0A0A7FF44DAF002B65D1B9
S1139B90069B63B101210398099B00930144DDE90D
S1139BA00A230298FFF7D6FC002D7FF47DAFB8F1AD
S1139BB0000F3FF47DAF002552E74FF0000A5446F2
S1139BC05646D3462BE700BF49D6B9F2F712DA4B13
S1139BD08180808093464FF48753D31A0133454ADA
S1139BE0049EC3EB032382FB0320DB17424AC3EB2F
S1139BF0601303FB0CF082FB00A88044C01703FB36
S1139C0006F7C0EBE810C6B282FB078003FB0EF335
S1139C103844FF17C7EBE01782FB03021A44DB1733
S1139C20C3EBE213FAB246EA0208DFB2B9F1000F5D
S1139C300796089247EA080808DB5A4605F1010925
S1139C405EE748464C4641F2DF03A6E64FF0000AC1
S1139C5054465646D3464FF00109E0E6069B002BD6
S1139C607FF4F1AE1D46E2E66C2401FB04F4A14549
S1139C7004F16B033FF722AFA2420FDA9342A8BF6D
S1139C80134648460EE0C5F12805E9E613464C465E
S1139C9083E69346234602463C469EE79342A8BF8A
S1139CA0134620469C423FF70CAF4C4675E6934260
S1139CB03FF717AF90422746A8BF10461C4614E74B
S1139CC0002B3FF4F1AEC1F1280164E76B22CDE92A
S1139CD00A994C464B46CDF81890CDF8249010467E
S1139CE0E8E79342A8BF13469C423FF7EAAE4846D2
S1139CF04C4652E6F712DA4B8180808010B48446D9
S1139D009DF804000190DCE9010421445DF8044B52
S1139D10FFF720BC41748274C3747047F0B5037CB0
S1139D2085B004460F467BB10369FF2B0CD900258F
S1139D30A168E67CA37C627C6068009629440135B6
S1139D40FFF71AFC282DF3D1237B0BB905B0F0BD26
S1139D50E27BA37B607BCDE90132D4E90112237855
S1139D6000903846FFF7C8FD05B0F0BD417382731B
S1139D70C373704701737047017470472DE9F8434A
S1139D800C461546064629462046224ADFF8989096
S1139D90DFF89880F9F762FE327C2946002A0CBF6E
S1139DA04A4642462046F9F759FEB77C737C1A4A64
S1139DB03F0247EA0347F37C29461F432046F9F74D
S1139DC04DFE3A4629462046FAF7E6FA2946204649
S1139DD0124AF9F743FE726829462046FAF7EEFB69
S1139DE0294620460E4AF9F739FEB268294620462C
S1139DF0FAF7E4FB294620460A4AF9F72FFE32789F
S1139E002946002A0CBF4A4642462046BDE8F8438C
S1139E10F9F724BE38E7000044E7000050E70000EB
S1139E205CE7000068E7000034E7000030E700006A
S1139E30F8B50D4616460746314628460F4AF9F747
S1139E400DFE397B0E4B0F4A2846002918BF1A46CF
S1139E503146F9F703FEBC7B7A7BFB7B240244EAA0
S1139E6002441C4331462846074AF9F7F7FD2246C7
S1139E7031462846BDE8F840FAF78EBA38E70000C4
S1139E8030E7000034E7000044E70000114B1A6893
S1139E90120603D51A6822F080021A600D4BDA68A4
S1139EA0100603D5DA6822F08002DA60094B5A6999
S1139EB0110603D55A6922F080025A61054BDA690A
S1139EC0120603D5DA6922F08002DA61BFF34F8FFC
S1139ED0704700BF00800340F8B5764A764C774B54
S1139EE04FF0010C00254FF0020E157782F81CC0CC
S1139EF082F81CE0236020622364E38A89B203F4BD
S1139F0000430B43E382E38E03F400430B43E386F5
S1139F10B4F8563003F400430B43A4F85630E38BF3
S1139F2003F400430B43E383E38F03F400430B4345
S1139F30E387B4F85E3003F400431943604BA4F89C
S1139F405E10FF275D601F65196821F080011960AC
S1139F505C490E7846F080060E704E7846F0800616
S1139F604E708E7846F080068E7082F81BE082F880
S1139F701BC0D5761F651A6822F080021A60DA6861
S1139F8022F0800242EA0C02DA605A6922F080026E
S1139F9042EA0C025A61DA6922F0800242EA0C02B7
S1139FA0DA615D60DA6822F0800242F04002DA6031
S1139FB05A6922F0800242F040025A61DA6922F0C2
S1139FC0800242F04002DA611A6822F0980242F0FC
S1139FD008020A201A60F9F74FF805460FE0B4F8B2
S1139FE01CC0A28FB4F85C101CF0800F92B289B22E
S1139FF003D0160601D50A0659D4FEF71BFC2846E1
S113A000F9F782F803460120002BE8D008242C4BF2
S113A0101A6822F098021A60DA6822F0C002DA6044
S113A0205A6922F0C0025A61DA6922F0C002DA6188
S113A030DA6822F08002DA605A6922F080025A61FA
S113A040DA6922F08002DA612846F9F73FF81E4BFC
S113A05018681E4B322202FB00F0984204D91C4BB4
S113A06098421DD2FBF708F8164A154B117801F0F7
S113A0707F011170517801F07F015170917801F0E6
S113A0807F019170DA6822F08102DA605A6922F065
S113A09081025A61DA6922F081022046DA61F8BD50
S113A0A00C4BA3FB0030800CFAF7EAFFDCE71C46FC
S113A0B0ADE700BF0080004000900040D5F40000F0
S113A0C00080034000100240080000203F420F00BF
S113A0D0C0D8A70083DE1B438848C16B38B5884BC2
S113A0E0002241F08071C1631A601C6824F0980456
S113A0F01C601C6824F087041C603C245A601021F6
S113A1009C600A24D9605961D9611C6133211524EA
S113A1109C611962D9687B4C21F0800141F04001B7
S113A120D960596921F0800141F040015961D96930
S113A13021F0800141F04001D961734904F5805355
S113A14081F82A2301211A609A80DA809A60DA6001
S113A1501A619A82D9829A619A83D9831A629A84FB
S113A160DA849A62DA621A639A86D9869A639A873B
S113A170D9871A64A3F84420A3F846209A64DA64C1
S113A1801A65A3F85420A3F856109A65A3F85C2026
S113A190A3F85E10256845F08005256099609962F2
S113A1A09964DC88C4F30A04DC80DC8CC4F30A04FC
S113A1B0DC84B3F84640C4F30A04A3F846409A800A
S113A1C09984A3F84420D988504C21F4E06109040F
S113A1D0090CD980D98C21F4E0610904090CD984D3
S113A1E0B3F8461021F4E0610904090CA3F8461001
S113A1F0816B41F48051816300F5372044491C612F
S113A200803018631965D98821F0F8010904090C14
S113A210D980D98C21F0F8010904090CD984B3F848
S113A220461021F0F8010904090CA3F846109A829B
S113A2309A86A3F85420DA8822F007021204120C3A
S113A240DA80DA8C22F007021204120CDA84B3F8F2
S113A250462022F007021204120CA3F846209A8B1F
S113A26092B242F008029A839A8F92B242F00802A4
S113A2709A87B3F85C20A4F55E2492B2843C42F041
S113A28008022046A3F85C20F6F79CFB237803F031
S113A2907F032370637803F07F036370A37803F074
S113A2A07F03A370237803F0BF032370637803F064
S113A2B0BF036370A37803F0BF03A370237803F094
S113A2C0C00343F014032370637803F0C00343F026
S113A2D015036370A37803F0C00343F01603A3705F
S113A2E0237843F080032370637843F08003637022
S113A2F0A37843F08003A37038BD00BF00800440FE
S113A300008003400080004000E100E084F00F4042
S113A31088F00F400149242203F0B6B828F4000065
S113A32038B505462820FCF70DFEE0B10446282286
S113A330002103F0ABF82A78227069786A68A26079
S113A3406170AA686969A161E260A969EA68E8695B
S113A350E1610023296922612A6A626220626161E3
S113A3606360204638BD00BF00BFFCE7114403EB27
S113A3704103063350F82300704700BF114403EB38
S113A3804103023350F82300704700BF10B5044660
S113A390806802F0C5FC60B1E06802F0C1FC40B125
S113A3A0206902F0BDFC20B1606902F0B9FC00B183
S113A3B010BD002010BD00BF38B504460D4602F0A4
S113A3C0A5FC2846FEF736FAA06802F0A9FC00288E
S113A3D0F7D0E06802F0A4FC0028F2D0206902F073
S113A3E09FFC0028EDD0606902F09AFC0028E8D0B8
S113A3F038BD00BF014B1868704700BFB00900208A
S113A400014B1860704700BFB0090020406808B1D4
S113A410F7F762BD704700BF4160704738B5044626
S113A4200D46806802F02CFE3DB100F0A5FA60688C
S113A4300021BDE83840F7F741BD00F0A1FA60689B
S113A4400121BDE83840F7F739BD00BF704700BFB0
S113A45010B56420FEF7EEF9FFF7C4F8FFF7CEF865
S113A4604FF4FA70FEF7E6F9012001F099FC00F0D0
S113A47099FA01F0BBFC0022114601200C4C01F0BA
S113A480F9FC002320681A461946FDF785FA20686E
S113A4904FF0FF31FDF730FD012805D1FFF7A2F899
S113A4A001F056FBFFF7AAF81420FEF7C3F9EEE714
S113A4B0B40900200020704700B5074B83B018682A
S113A4C001A9FDF707FC0198A0F10100B0FA80F0A2
S113A4D0400903B05DF804FBB4090020034A0023DB
S113A4E0106819461A46FDF757BA00BFB409002090
S113A4F000B5114883B0FCF71DFE00240223CDE90A
S113A50000340E490E482346E122FDF7A5FE01283A
S113A51000D0FEE703222146FDF70EFA094A106037
S113A52048B1234622462146FDF736FA01F0F8FDEC
S113A530FDF746FFFEE7FEE74CF4000070E700007D
S113A54051A40000B409002000B587B06846F7F7AD
S113A550B5FD0949094A4FF0010C022368460393EB
S113A560CDE901128DF800C0F7F7AEFD044B186079
S113A57007B05DF804FB00BF80F00F4000B004405A
S113A580B80900202DE9F04186B00E4601A907461E
S113A59015461C46FAF792F948B9019B012B06D8D7
S113A5A002A93846FAF78AF908B9029B2BB14FF091
S113A5B01B08404606B0BDE8F08103A93846FAF707
S113A5C07DF90028F3D1039B012BF0D804A9384668
S113A5D0FAF774F90028EAD105A93846FAF76EF9B2
S113A5E080460028E3D1059B002BE0DB3868027825
S113A5F0202A13D0BAB90E990A70109901220A7050
S113A6000F990A70019A3260029A2A60DDE90312F6
S113A61021600C990A600D9A1370CAE7411C3960D5
S113A62042780846E6E75C49022202F0AAFF58B9DC
S113A6303B6802333B6001230E9A1370109A137027
S113A6400F9A1370059BDDE754493868022202F023
S113A65098FF58B93A680E99109B02323A60012269
S113A6600A700F9908701A70059BCBE74C4938683B
S113A670022202F086FF034658B93A680E99023264
S113A6803A6001220A700F990A70109A1370059BA0
S113A690B8E744493868022202F073FF034630B930
S113A6A03A680E9902323A6001220A70C6E73E49BE
S113A6B03868022202F065FF38B93B680E9A02330B
S113A6C03B60022313700123B8E73849386802223B
S113A6D002F057FF034660B93A680E9902323A60B5
S113A6E002220A700F9A1370109A01231370059BAB
S113A6F088E72F493868022202F043FF034638B93D
S113A7003A680E9902323A6002220A700122BAE7CC
S113A71028493868022202F034FF034630B93A6807
S113A7200E9902323A6002220A7087E72249386899
S113A730022202F026FF38B93B680E9A02333B60CE
S113A74000231370012379E71C493868022202F0C0
S113A75018FF034628B93A6802323A600E9A10701C
S113A760C0E717493868022202F00BFF034628B9F4
S113A7703A6802323A600E9A1070C7E71149386895
S113A780022202F0FEFE034600287FF410AF3A686E
S113A79002323A6050E700BF74E7000078E7000037
S113A7A07CE7000080E7000084E7000088E7000001
S113A7B08CE7000090E7000094E7000098E70000B1
S113A7C09CE70000A0E700002DE9F041A4B0DFF809
S113A7D0C8801446002206460D46E4B28DF81020C7
S113A7E004A8284A80211F46F9F726F923462A4659
S113A7F03146D8F80000FFF7B9FD04A98022FFF71D
S113A800BDFA04A8204A8021F9F728F923462A46EC
S113A8103146D8F80000FFF7A9FD04A98022FFF70C
S113A82007FB04A8194A8021F9F718F96846184A61
S113A8301021F9F701F9F2B268461021F9F7BAF9D3
S113A84068462C221021F9F72FF9EAB26846102144
S113A850F9F7B0F968462C221021F9F725F92246B8
S113A86068461021F9F7A6F968460A4A1021F9F753
S113A870F5F87A6804A96846F8F70CFB24B0BDE83B
S113A880F08100BFA4E70000ACE700003CE9000051
S113A890B4E70000BCE70000E009002003460A46D4
S113A8A040681978FAF7E6BC2DE9F043A5B00746ED
S113A8B00E4615469846FFF79DFD002850D02B46BE
S113A8C032463946FFF75AFD044601F0B1FE002333
S113A8D08146244A8DF8103004A88021F9F7BEF887
S113A8E04A4604A88021F9F7C9FC04A81E4A80211D
S113A8F0F9F7B4F8204604A9802202F0C5FB04A8A5
S113A9001A4A8021F9F7AAF86846194A1021F9F77A
S113A91093F8FAB268461021F9F74CF968462C22EC
S113A9201021F9F7C1F8F2B268461021F9F742F99B
S113A93068462C221021F9F7B7F8EAB268461021CC
S113A940F9F738F968460B4A1021F9F787F8D8F86F
S113A950042004A96846F8F79DFA25B0BDE8F08301
S113A9600446B2E7C0E70000C8E700003CE9000085
S113A970D4E70000BCE700004068FAF7F5BC00BF6C
S113A9804068FAF7DDBC00BF10B4054C844613469A
S113A99020685DF8044B0A466146FFF7E7BC00BF38
S113A9A0E0090020024A034B11781868FEF79EBDA7
S113A9B015000020100000202DE9F04F0D46A5B031
S113A9C0B2490446174602F071FD30B1B049204641
S113A9D002F06CFD002840F0848001237A68AD49C0
S113A9E02B70AD48F8F72EFAAC49AD487A68F8F701
S113A9F029FAAC49AC487A68F8F724FAAB49AC4870
S113AA007A68F8F71FFAAB49AB487A68F8F71AFA8C
S113AA10AA49AB487A68F8F715FAAA49AA487A68A5
S113AA20F8F710FAA949AA487A68F8F70BFAA9497D
S113AA30A9487A68F8F706FAA849A9487A68F8F79D
S113AA4001FAA849A8487A68F8F7FCF9A749A84880
S113AA507A68F8F7F7F9A749A7487A68F8F7F2F996
S113AA60A649A7487A68F8F7EDF9A649A6487A688E
S113AA70F8F7E8F9A549A6487A68F8F7E3F9A5498B
S113AA80A5487A68F8F7DEF9A449A3487A68F8F784
S113AA90D9F9A349A3487A68F8F7D4F9A249A34895
S113AAA07A68F8F7CFF9A249A2487A68F8F7CAF9A0
S113AAB0A149A2487A68F8F7C5F9A149A1487A687A
S113AAC0F8F7C0F9A049A1487A68F8F7BBF9A0499A
S113AAD0A0487A68F8F7B6F90025284625B0BDE8FD
S113AAE0F08F9D49204602F0E1FC28B19B492046A5
S113AAF002F0DCFC00287DD1012614AC7A68984968
S113AB0065482E70F8F7C6F9964A40212046F8F7B2
S113AB1093FF022240212046F9F74CF82A224021D3
S113AB202046F8F7C1FF324640212046F9F742F8A3
S113AB302A2240212046F8F7B7FF0222402120466E
S113AB40F9F738F8884A40212046F8F787FF874804
S113AB507A682146F8F79EF9854B5868FAF74AFB5C
S113AB60002800F08D8040222146F7F7BFF92046E7
S113AB707D4A4021F8F772FF7A687E482146F8F74B
S113AB8089F920467C4A4021F8F756FF7B4B204642
S113AB901A684021F9F700FC2046734A4021F8F76F
S113ABA05DFF7A6876482146F8F774F92046724AC0
S113ABB04021F8F741FF734B20461A784021F9F7FA
S113ABC05DFB2046684A4021F8F748FF7A686E48E2
S113ABD02146F8F75FF9FFF70DFCFFF717FC6B4B05
S113ABE06B497A680446002C18BF19466948F8F77F
S113ABF051F971E76849204602F058FC06460028DE
S113AC0000F0E88065491622204602F0BAFC0028CC
S113AC1040F0C880012310AECDE913001634129021
S113AC202B7012A930461094F9F748FE002840F022
S113AC30CF80129B012B00F2CB8013A93046F9F789
S113AC403DFE002840F0C480139B002B40F0C080E0
S113AC5014A93046F9F732FE0546002840F0B880C2
S113AC60149A012A00F2B480DDE912013B46FFF791
S113AC701BFEDDE9131212983B46FFF7A5FD2CE7F6
S113AC80474A40212046F8F7D7FE70E70CDC000065
S113AC906CED0000DCE70000F8E70000A8D8000035
S113ACA0CCD8000000E8000044E800005CE80000A4
S113ACB07CE8000084E80000ACE80000BCE8000088
S113ACC0D0E80000E8E8000004E9000014E900000E
S113ACD040E9000054E900006CE900007CE9000050
S113ACE0A8E90000BCE90000DCE90000ECE9000090
S113ACF018EA00002CEA00004CEA00005CEA0000BC
S113AD0088EA00009CEA0000BCEA0000D0EA0000E7
S113AD10FCEA000014EB0000B0DF000048EB000088
S113AD20C0EB0000E8EB000000EC000028EC0000A1
S113AD3040EC0000A4EC0000B4EC0000D4EC0000F3
S113AD40DCEC000008ED00001CED000038ED000014
S113AD5048ED00005CED000088DC0000A0ED000080
S113AD6078ED00008CED00003CE9000094ED00005B
S113AD70BC090020F8D80000B8ED00001000002045
S113AD80C4ED000015000020CCED000030E0000010
S113AD9044DE0000DCED0000E8ED000000EE000001
S113ADA0B0ED00009C490C22204602F0EAFB00288A
S113ADB042D101232B700C3414A910A81094F9F774
S113ADC0E3FD054620B99DF850300C2B40F2698113
S113ADD01B2582E601243B46024601462C70FFF700
S113ADE063FD3B46224631463046FFF75DFD3B4658
S113ADF0324631462046FFF757FD3B462246314650
S113AE002046FFF751FD3B46324631463046FFF7B8
S113AE10DBFC3B46224631463046FFF7D5FC3B4639
S113AE20324631462046FFF7CFFC3B4622463146A8
S113AE302046FFF7C9FC4FE678490922204602F074
S113AE40A0FB00284FD101232B70627A04F109037F
S113AE502C2A109314AC0DF1480810AE00F08D812B
S113AE6013AB0A930DF13D0306930DF13E030793D3
S113AE700DF13F03089311AB0FAF0993069B0A9A98
S113AE80CDE90373079B0293089B0193099B0093ED
S113AE90414623463046FFF775FB0546002897D107
S113AEA0DDE9129ADDF850B0FFF7A4FA20B15B4651
S113AEB052464946FFF762FA9DF83D3001939DF8EA
S113AEC03C309DF83E20119900939DF83F3002F0EC
S113AED091F801F01BFF109B1A782C2A7FF4FDAD2A
S113AEE001331093CAE74E490922204602F049FB78
S113AEF0002852D101232B70627A04F109032C2A11
S113AF00109314AC0DF1480810AE00F0038213AB9B
S113AF100A930DF13D0306930DF13E0307930DF1E2
S113AF203F03089311AB0FAF0993069B0A9ACDE92F
S113AF300373079B0293089B0193099B009341466B
S113AF4023463046FFF71EFB054600287FF440AF3A
S113AF501299139A149B0D910C920B93FFF74AFAD2
S113AF6020B1DDE90B320D99FFF708FA9DF83D3069
S113AF7001939DF83C309DF83E20119900939DF873
S113AF803F3001F063FF01F0C1FE109B1A782C2AB8
S113AF907FF4A3AD01331093C7E722490922204669
S113AFA002F0EFFA002840F0AF8001232B70637A9F
S113AFB009342C2B10940DF1480810AE6CD0414686
S113AFC03046F9F77BFC00287FF402AF129B012B7B
S113AFD03FF6FEAE13A93046F9F770FC00287FF463
S113AFE0F7AE139B002B7FF4F3AE14A93046F9F7A8
S113AFF065FC054600287FF4EBAE149B012B3FF65D
S113B000E7AE3046FAF72EF8109F3A782C46B2B1E4
S113B0103B4629460CE000BF18EE000028EE000075
S113B02034EE000040EE000010931A78002A36D067
S113B0302C2A0C4603F1010301F10101F4D1601C37
S113B040FBF780FF119000283FF4C2AE129B0693D9
S113B050DDE9139AFFF7CEF9834628B106995346E2
S113B0604A46FFF78BF9834639462246119802F087
S113B070B3FA119B00271F55584602F003F83B46CC
S113B080642211A9FCF788FC01287FF4A1AE109C6E
S113B09023782C2B7FF421AD013410948FE70C46D8
S113B0A0CDE71ABFC3EB03135E0000264FF0000880
S113B0B001270024FFF79EF988B123460022414668
S113B0C0FFF75CF9CDE9007704230122314601F052
S113B0D0BDFE6CB90124FFF78DF90028EDD10122E2
S113B0E0CDE900220423314601F0B0FE002CF1D05A
S113B0F0B8F1000F02D14FF00108DAE7FFF77AF94F
S113B1000A21FFF759F9E8E4AB490E22204602F080
S113B11038FAA8B9012604F10E00A8492E7010903F
S113B12002F0C4F9002866D0A549109802F0BEF9CF
S113B13000287FF44DAE00F033FEFFF7CFF9CBE4E7
S113B140A0490E22204602F01CFA28BB012604F175
S113B1500E009A492E70109002F0A8F9002800F011
S113B160AE809749109802F0A1F900287FF430AE20
S113B17000F0A8FEFFF7B2F9AEE413AA0A920DF1AB
S113B1803D0206920DF13E0207920DF13F02089234
S113B19011AA0FAF0992A3E68B490A22204602F0B6
S113B1A0F0F950BB01232B70A37A0A342C2B109492
S113B1B00DF1480810AE15D041463046F9F77EFB34
S113B1C058B9129B012B08D813A93046F9F776FB1E
S113B1D018B9139B002B00F0CE80109C23782C2BE5
S113B1E07FF47AAC0134414630461094F9F766FB9B
S113B1F00028F2D1E5E730469DE774490A2220464B
S113B20002F0BFF9002860D104F10A0301226B4F58
S113B2106B4C2A7010930DF1480810AE0DE0DDE977
S113B22012019DF85020012300F042FEFFF756F969
S113B230109B1A782C2A7FF450AC1A782C2A08BF59
S113B24001334146304608BF1093F9F737FB002815
S113B2507FF4BEAD129B012B3FF6BAAD13A9304665
S113B260F9F72CFB00287FF4B3AD139B002B7FF47C
S113B270AFAD14A93046F9F721FB054600287FF449
S113B280A7AD149B012B3FF6A3AD3046F9F7EAFEB8
S113B2901098394602F00AF90028C0D010982146C7
S113B2A002F004F900287FF493ADDDE912019DF862
S113B2B050202B4600F0FCFDFFF710F9B8E73046AC
S113B2C000F000FEFFF70AF906E441490E22204689
S113B2D002F057F968BB01230E342B700DF13F02C5
S113B2E011AB0DF13E0110A81094F9F70DFE0028E2
S113B2F07FF46EAD9DF83F309DF83E209DF84400EC
S113B3001B0243EA0243184300F070FDFFF7E6F81E
S113B310FFF7E2BB13AA0A920DF13D0206920DF16A
S113B3203E0207920DF13F02089211AA0FAF099253
S113B33030E628490E22204602F023F900284BD19A
S113B34001230E342B700DF13F0211AB0DF13E01C0
S113B35010A81094F9F7D8FD00287FF439AD9DF8B2
S113B36044209DF83F109DF83E0000F083FDFFF758
S113B370B5F8FFF7B1BB14A93046F9F79FFA0028D6
S113B3807FF42BAF149B012B3FF627AF3046F9F720
S113B39069FE0A49109802F089F8002840F09D805F
S113B3A09DF850209DF84C109DF84800012300F0B2
S113B3B0EDFCFFF793F810E74CEE00006CEF000093
S113B3C07CEF00005CEE00006CEE000078EE000004
S113B3D084EE000094EE0000AD490A22204602F0FB
S113B3E0D0F828BB04F10A0301222A7010930DF14E
S113B3F0480810AE1A782C2A08BF0133414630465B
S113B40008BF1093F9F75AFA50B9129B012B13A9EC
S113B410304605D8F9F752FA10B9139B002B6FD0B8
S113B4203046F9F71FFE1B25FFF758F8FFF755BB09
S113B43098490A22204602F0A4F8002840F090809F
S113B44004F10A0301222A7010930DF1480810AE8A
S113B45036E0129B012BE3D813A93046F9F72EFAF4
S113B4600028DDD1139B002BDAD114A93046F9F75B
S113B47025FA0028D4D1149B002BD1DB139B012B7C
S113B480CEDC11AB0DF13F020DF13E013046F9F770
S113B4903BFD05460028C3D19DF844209DF83F306C
S113B4A01298CDE90032DDE913129DF83E3000F028
S113B4B0D1FC3046F9F7D6FD109B1A782C2AB3D16B
S113B4C01A782C2A08BF01334146304608BF10932E
S113B4D0F9F7F4F90028A3D1BBE76F49109801F0FC
S113B4E0E5FF034600287FF473AC9DF850209DF8D7
S113B4F04C109DF8480000F049FCFEF7EFFF6CE6A5
S113B50014A93046F9F7DAF9002889D114990129E8
S113B51011AB0DF13F0283D80DF13E013046F9F72E
S113B520F3FC054600287FF47BAF9DF83F309DF87F
S113B5303E109DF844209DF848001B0243EA014355
S113B54013439DF84C109DF8502000F041FC304608
S113B550F9F788FD109B1A782C2A3FF44BAF63E768
S113B5604E491222204602F00CF8B0B901231234DD
S113B5704B492B7010A81094F9F71EFD00287FF496
S113B58027AC484A464B11781868FDF7AFFF00F026
S113B5902DFCFEF7A3FFFFF79FBA4349172220466D
S113B5A001F0EFFFC8B901232B70173414A910A8B8
S113B5B01094F9F783F9054600287FF409AC14992F
S113B5C0FF293FF605AC364A364B1068C9B21970EC
S113B5D0FDF78CFF00F00AFC26E7344911222046CF
S113B5E001F0CFFF002842D1012311342B7012A99E
S113B5F010A81094F9F762F900287FF4E9AB129BC4
S113B600012B3FF6E5AB13A910A8F9F757F9002869
S113B6107FF4DEAB139B002B7FF4DAAB14A910A8E4
S113B620F9F74CF900287FF4D3AB149B012B3FF6B8
S113B630CFAB11AB0DF13F020DF13E0110A8F9F7AC
S113B64063FC054600287FF4C3AB9DF844009DF8D5
S113B6503F109DF83E309DF85020CDE90010DDE903
S113B660120100F0E3FBFEF739FFFFF736BA104989
S113B670204601F01BFF0346F0B90E4A1946106834
S113B6801A46FCF789F901232B70FFF725BA00BF8E
S113B690A4EE0000B0EE00007CEF0000BCEE000061
S113B6A01000002015000020D0EE0000E8EE00009D
S113B6B0FCEE0000DC0900205849204601F0F6FEAB
S113B6C0074600283CD05649204601F0EFFE78B3E7
S113B6D05449204601F0EAFE014608B35249204687
S113B6E001F0E4FE98B15149204601F0DFFE064620
S113B6F0002878D04E49204601F0D8FE002859D0C1
S113B7004C49204601F0D2FE00287FF4E5A901242B
S113B7102C70FEF76FFE2146FEF780FEFFF7DCB9C2
S113B720454A012350682B70F9F79CFDFFF7D4B903
S113B730414B012158682970F9F794FDFFF7CCB902
S113B74001262E70FEF756FE3146FEF767FE3C4694
S113B7500027FEF74FFE054628B13B46002221464E
S113B760FEF70CFE054600230122B4212846CDE94C
S113B770006601F03FFCFEF73DFE3221FEF71CFEA1
S113B780FEF738FE054628B13B4600222146FEF767
S113B790F5FD0546B421002302222846CDE90066C2
S113B7A001F028FCFEF726FE3221FEF705FE1FBB42
S113B7B00127CEE701272F7004460026FEF71AFE64
S113B7C0054628B1334600222146FEF7D7FD05463B
S113B7D0CDE90077042301220021284601F036FB3D
S113B7E06EB90126EAE701232B70FEF703FE31460A
S113B7F0FEF714FEFFF770B94CB93C46A8E70CB944
S113B8003446DAE7FEF7F6FD0A21FEF7D5FDFEF72A
S113B810F1FD0021FEF702FEFFF75EB908EF00001C
S113B82014EF000028EF00003CEF00004CEF000094
S113B83060EF000070EF0000BC0900202DE9F04724
S113B840A44FDFF8A4A2DFF8A4929AB038684FF0AE
S113B850FF31FCF751FB0128F8D1F7F70FFA002666
S113B86080460025FEF7C6FD044628B12B4600227B
S113B8703146FEF783FD0446204601F051FA18B91B
S113B880002D55D10125EDE7204601F0FBFB0022F8
S113B89001A9FCF789FA0128F2D1524602A86021D5
S113B8A0F8F7CAF801980278612A71D0722A6FD029
S113B8B00322494601F065FE0446002840F09980C1
S113B8C04A46602102A8F8F7C9F86021F2B202A83A
S113B8D0F8F770F92022602102A8F8F7E5F822466B
S113B8E0602102A8F8F766F92022602102A8F8F77F
S113B8F0DBF82A46602102A8F8F75CF920226021CF
S113B90002A8F8F7D1F8019A602102A80332F8F7E7
S113B910A5F8714902A8F9F7E1F842460DF10301CF
S113B92002A8FFF749F80198FBF798FB002DA9D06E
S113B9300EB92E4695E70025A846FEF75BFD0024C8
S113B94000222346414608B1FEF718FD01F09AFB98
S113B950FCF7B0FB012C05440ED0FEF74BFD34463A
S113B9600022234641460028EED101F08BFBFCF770
S113B970A1FB012C0544F0D1B8F1000F01D1B04670
S113B980DBE7002D3FF462AF0A20FCF753FF64E7C6
S113B9904478202C8CD102A86021F8F785F822463F
S113B9A002A86021F8F780F8F2B202A86021F8F743
S113B9B001F9224602A86021F8F776F802A80022CD
S113B9C06021F8F7F7F8224602A86021F8F76CF82E
S113B9D02A4602A86021F8F7EDF8224602A8602161
S113B9E0F8F762F8019A602102A80232F8F736F8F3
S113B9F093E73A490198032201F0C3FD044608B9CC
S113BA00364A5EE736490198032201F0BAFD04463E
S113BA1048BB02A8324A6021F8F720F8F2B202A823
S113BA206021F8F7C7F802A820226021F8F73CF853
S113BA30224602A86021F8F7BDF802A8202260215E
S113BA40F8F732F82A4602A86021F8F7B3F802A8FA
S113BA5020226021F8F728F8019A602102A8033215
S113BA60F7F7FCFF59E71F490198032201F089FD0C
S113BA70044648BB02A81B4A6021F7F7EFFFF2B265
S113BA8002A86021F8F796F802A820226021F8F7AE
S113BA900BF8224602A86021F8F78CF802A82022AD
S113BAA06021F8F701F82A4602A86021F8F782F825
S113BAB002A820226021F7F7F7FF019A60210332E0
S113BAC002A8F7F7CBFF28E7019A602102A8F7F74D
S113BAD0C5FF22E7DC0900205CDC00008CEF0000DD
S113BAE090EF000094EF000080EF000088EF00006A
S113BAF070B5FEF77FFC00252E460023024620B1D8
S113BB001A462946FEF73AFC0246104601F00EF9A1
S113BB100446FEF76FFC01230022294608B1FEF714
S113BB202DFC01F003F920433043C6B23DB9FEF7C2
S113BB3061FC0125002302460028E1D1E5E71EB996
S113BB40BDE8704001F0D8B8BDE87040FEF7B4BC61
S113BB502DE9F0411A4F0026FEF74CFC0024002288
S113BB60234631460546B8B1FEF708FC01F0A2FBB6
S113BB7031460546002238682346FEF7F7FB29467E
S113BB80FEF7CCF8B4B9FEF735FC012400222346B5
S113BB90314605460028E7D101F08CFB314680464A
S113BBA0234638682A46FEF7E1FB4146FEF7B6F81D
S113BBB0002CE8D00EB90126CEE7BDE8F08100BF25
S113BBC0E00900202DE9F04F0025C3B00326CDE99C
S113BBD00065624962482B46C822FCF73DFB0128F8
S113BBE000D0FEE7324629460446FBF7A5FE5D4B2E
S113BBF01860002800F0B18019A8F9F775FA04A8B4
S113BC0001F056F810A8FEF785FB574B1F932393BA
S113BC1028932C93554B2093249329932D9303F528
S113BC203223403331933593514B3293369303F59A
S113BC303523C0333A933E934E4B3B933F931323A8
S113BC401C932E931123DFF83C91DFF83C81219360
S113BC501023122125934FF0050A042319A82A91D1
S113BC6040938DF864403394CDE91A983795CDF814
S113BC70F0A0F9F73FFA404F404A7860F8607861E5
S113BC80F8618346059204A802223E743C703D721A
S113BC903A76049701F012F807F10802049204AA14
S113BCA00290104601F00AF804AA039007F110006C
S113BCB00490104601F002F804AA0646183710460C
S113BCC0049700F0FBFF074600F0B2FC039A029BC6
S113BCD08DF8400006A81193CDE912268DF8414055
S113BCE01497FDF7DFFD06A8CDE907A58DF81850D8
S113BCF0FDF7DEFD159006A8FDF7DAFD0622169085
S113BD0006A80792FDF7D4FD179006A8FDF7D0FD0D
S113BD10189010A8FEF704FB194C20600BA8F6F746
S113BD2025F84FF4807212210BA8ADF82C200E9147
S113BD30CDE90C98F6F74CF801462068FEF76CFB49
S113BD4020682946FEF76AFB5846F9F75BFA206833
S113BD5043B0BDE8F04FFEF753BBFEE798EF000099
S113BD603DB80000DC09002000F10F4000D0044081
S113BD7000A0044000C00440BC0900209DA80000AD
S113BD80E009002000F00F400090044010B51C466C
S113BD90FEF7FAFD2146BDE81040FDF7EBBF00BFFA
S113BDA038B505460024002211462046FEF7ECFD76
S113BDB02946FDF7DFFF002101222046FEF7E4FDBE
S113BDC02946FDF7D7FF0CB90124ECE738BD00BFC5
S113BDD010B51C46FEF7D8FDE3B2C4F30722C4F342
S113BDE00741BDE81040FDF7C1BF00BFF8B5C0F37F
S113BDF00747C0F30726C4B200250022114628468F
S113BE00FEF7C2FD234632463946FDF7AFFF012255
S113BE1000212846FEF7B8FD234632463946FDF791
S113BE20A5FF0DB90125E8E7F8BD00BF2DE9F041F4
S113BE309DF818609DF81C701D4614460022FEF7FC
S113BE40A3FD069733462A462146BDE8F041FDF797
S113BE5055BF00BF70B59DF810509DF814601C4686
S113BE60D2B2FEF791FD33462A462146BDE8704022
S113BE70FDF750BFF8B507460E46154600240022CC
S113BE8011462046FEF780FD2B4632463946FDF723
S113BE9041FF012200212046FEF776FD2B46324663
S113BEA03946FDF737FF0CB90124E8E7F8BD00BFB8
S113BEB010B51C46FEF768FD2146BDE81040FDF7AD
S113BEC05BBF00BF38B5054600240022114620465A
S113BED0FEF75AFD2946FDF74FFF002101222046B7
S113BEE0FEF752FD2946FDF747FF0CB90124ECE7A4
S113BEF038BD00BF10B5054B05490446012205486D
S113BF00FAF7B6FA03462370002010BDA4EF000030
S113BF10B4EF0000BCEF000008B50246034B04492F
S113BF200448FAF789FD002008BD00BFA4EF000013
S113BF30B4EF0000BCEF0000F0B585B007460E4634
S113BF40154668460E4A10211C46F7F775FD3A4619
S113BF5068461021F7F72EFE324668461021F7F79F
S113BF6029FE2A4668461021F7F724FE054B0649A8
S113BF7022466846FAF760FD002005B0F0BD00BF18
S113BF80D0EF0000A4EF0000D8EF000070B50E461B
S113BF9092B04A490546144601F088FA20B148494E
S113BFA0284601F083FAA0B901236268454946484E
S113BFB03370F6F747FF454945486268F6F742FF94
S113BFC0444945486268F6F73DFF0024204612B014
S113BFD070BD4249284601F069FA28B14049284613
S113BFE001F064FA00284FD1012562683D493648C2
S113BFF03570F6F74FFF3C4B3C493D482A46FAF76B
S113C00037FA3C4A0546402102A8F7F715FDEAB283
S113C010402102A8F8F732F9374A402102A8F7F77D
S113C0201DFD3648626802A9F6F734FF2E4B3449E9
S113C03034480022FAF71CFA2E4A0546402102A889
S113C040F7F7FAFC2A46402102A8F8F70FFA2E4A1D
S113C050402102A8F7F702FDEB070FD42B4A402139
S113C06002A8F7F7FBFC02A8234A4021F7F7F6FCE5
S113C0702748626802A9F6F70DFFA6E7254A402182
S113C08002A8F7F7EBFCEEE723490A22284601F061
S113C09078FA002899D101230B35337002A901A83D
S113C0A00195F8F70BFC044608B11B248EE70E4BF0
S113C0B0029A13491348FAF7BFFC87E70CDC000027
S113C0C020F00000E0EF0000FCEF0000A8D8000022
S113C0D0CCD8000004F0000010F0000088DC000060
S113C0E070F000002CF00000A4EF0000B4EF00009A
S113C0F0BCEF000034E500003CE9000058F000000B
S113C100C4EF0000CCEF000068F0000080F00000F5
S113C11044E000007CF0000084F00000704700BFA1
S113C1201D4A08B5936B43F480639363F5F7FCFFF2
S113C130F6F738FBF8F7C6FFF5F774FCF8F77EFD61
S113C140F5F7F0FFF5F750FFF6F776FBF7F70CF885
S113C150F9F76EFBFEF7F8F900F08EFDF9F720F918
S113C16001F0AAF8FEF772F900F010FDF7F760FA93
S113C170FFF728FDFDF7B0FFFDF78CFBFCF7DEFFB2
S113C180FFF7CCFFF5F7E4FDBDE808404FF400618C
S113C1904FF4FC30F5F750BC00800440014B5B6861
S113C1A0184700BF4CF30000704700BF0023037022
S113C1B0704700BF0020704770B5044604F1060CB8
S113C1C00138002510F8013F85EA030242F300021A
S113C1D022F0730282EA5502D2B282EA530141F399
S113C1E0000121F0730181EA5201C9B281EA93028C
S113C1F042F3000222F0730282EA5102D2B282EACE
S113C200D30141F3000121F0730181EA5201C9B263
S113C21081EA131242F3000222F0730282EA51020D
S113C220D2B282EA531141F3000121F0730181EA91
S113C2305201C9B281EA931242F3000222F073025E
S113C24082EA5102D2B282EAD31343F3000323F009
S113C250730383EA52036045DDB2B3D104F10906E6
S113C260304601F067F910F0FF0051D000F1FF3CB7
S113C27056FA8CFC04F1080010F8013F83EA050229
S113C28042F3000222F0730282EA5502D2B282EA39
S113C290530141F3000121F0730181EA5201C9B253
S113C2A081EA930242F3000222F0730282EA51020D
S113C2B0D2B282EAD30141F3000121F0730181EA91
S113C2C05201C9B281EA131242F3000222F073024E
S113C2D082EA5102D2B282EA531141F3000121F001
S113C2E0730181EA5201C9B281EA931242F3000256
S113C2F022F0730282EA5102D2B282EAD31343F3E8
S113C300000323F0730383EA52036045DDB2B3D123
S113C310284670BD38B50A4D4FF0FF312868FBF749
S113C320A9FE012802D00024204638BD054BDB6855
S113C330984704462868FBF72FFC204638BD00BF09
S113C340AC0C00204CF3000038B5094D04464FF006
S113C350FF312868FBF78EFE012800D038BD054B5D
S113C36020465B6898472868BDE83840FBF714BC52
S113C370AC0C00204CF3000038B5094D04464FF0D6
S113C380FF312868FBF776FE012800D038BD054B45
S113C39020461B6898472868BDE83840FBF7FCBB7B
S113C3A0AC0C00204CF3000030B58BB004462F4A8F
S113C3B002A80D462021F7F73FFB2246202102A8C0
S113C3C0F7F75CFF202202A81146F7F76DFB002463
S113C3D00DF107008DF80740FFF78CFD002841D0D0
S113C3E02246202102A8F7F749FF2022114602A87D
S113C3F0F7F75AFB0022202102A8F7F73FFF5DBBA5
S113C4001B4A202102A8F7F729FB02A8FFF7D4FE54
S113C410C0F30713092B00F00F008CBF3721302124
S113C42009288CBF3722302210440B448DF81000A9
S113C4300A2202A820218DF80F30F7F735FB9DF86A
S113C440080038B10B4B5D6802ACA84714F8010F23
S113C4500028FAD10BB030BD074A202102A8F7F713
S113C460FDFAD2E79DF80720BBE700BF90F000007B
S113C47094F000004CF3000098F000002DE9F04F18
S113C4805F4C604BDFF8A481DD685F4E27460022D5
S113C49007F8012B85B0A84728B90A20FCF7CAF988
S113C4A0A8470028F9D03246C8212046F6F762FC96
S113C4B00028F0D12378402B0AD02046534AC821C3
S113C4C0F7F7CCFA204600F0B1FB00232370E2E733
S113C4D0204601F02FF80A28EFD92378402BF4D115
S113C4E00DF1090103A80397F8F798FA0028ECD195
S113C4F08DF80B000DF10B00FFF7FCFC28B39DF841
S113C5000930002BE1D10DF10A0103A8F8F786FAEE
S113C5100028DAD10DF10B0103A89DF80AA09DF8BB
S113C52009B0F8F77BFA30B93548FFF745FE9DF8B6
S113C5300B30834212D0142188F80010BBF1000F95
S113C540C3D05046FFF730FFBFE79DF80B209DF89E
S113C55009309A42D7D0002BD5D0B6E7DDF80C903D
S113C5602B49484600F0A2FF30B9BBF1000F15D1AA
S113C570002388F80030A8E72649484600F096FFD3
S113C580019088B9FDF736FFFDF700FF00280199F7
S113C59008BF1B21BBF1000F97D0D2E798F8001019
S113C5A05046FFF701FFE3E71B490522484600F028
S113C5B0E8FF68B9F6F724FE09F10500BBF1000FA6
S113C5C012D11649012200F047FB88F800007CE7ED
S113C5D01349484600F06AFF00283FF476AF11493A
S113C5E0484600F063FF70E70F49012200F034FB76
S113C5F00146504688F80010FFF7D6FE65E700BFF5
S113C600E40900204CF3000064F400003CE900005D
S113C610A0F00000B0F00000BCF0000074F40000D2
S113C62094F0000098F0000084F40000B70C00209F
S113C63010B582B000240DF107008DF80740FFF714
S113C64059FC10B1204602B010BD9DF8070002B09D
S113C65010BD00BF2DE9F04FBDB09A46479DBA4BBF
S113C66000900646002D08BF1D460AA80023DDF8E9
S113C670188101920C468DF82830FFF73BFC002806
S113C68054D0002E5AD0B14AC8210AA8F7F7D4F9D9
S113C690009AC8210AA8F7F7F1FD0AA82022C821A8
S113C6A0F7F702FA002604A88DF81060FFF722FCC1
S113C6B0002800F03C813246C8210AA8F7F7DEFDC5
S113C6C02022C8210AA8F7F7EFF90022C8210AA8F6
S113C6D0F7F7D4FD9E4AC8210AA8F7F7BFF9224606
S113C6E0C8210AA8F7F7BAF90AA8FFF765FDC0F34D
S113C6F00711092900F00F038CBF372230220A44A6
S113C700092B8DF82F208CBF3722302213448DF84B
S113C7103030904B4FF0FF311868FBF7ABFC012829
S113C72012D0002420463DB0BDE8F08F9DF828309B
S113C730009A9A4200F0FE80002AA4D101224146C8
S113C740204600F089FA9EE7834B844ED3F8049088
S113C750F6F756FD9DF828000AAC20B1C84714F836
S113C760010F0028FAD10A20C847009B002B00F0D3
S113C770108100246420FCF75DF8CDE90444CDE980
S113C7800644CDE90844019FA346B8F1000F28D11F
S113C790F6F73EFD04468DF80900002857D04028DE
S113C7A072D0BBF1000F00F0FF80BBF1010F73D01A
S113C7B0BBF1020F00F08B80BBF1030F6FD0BBF114
S113C7C0040F24D12246182104A8F7F76DF9202C70
S113C7D000F09F800A2C08BF4FF0000BB8F1000F47
S113C7E0D6D0002333702B680DF1090098479DF8CB
S113C7F00920002ACCD04FF400713046F7F754F9E1
S113C8009DF809300A2B2FD0002BECD1C0E7BBF1E7
S113C810050FFCD12246182104A8F7F745F90A2C84
S113C820B3D10DF11A004E49039000F03FFE0028E9
S113C83000F0A5804B4904A800F038FE002800F061
S113C840988000238DF810304FF0000B9DE73220C4
S113C850323FFBF7EFFF002F97DCBAF1000F00F037
S113C860A1800AF1FF3A73E73378402B4146304602
S113C8704FF00003B6D000F0D3F99DF80930002240
S113C8803270002BAFD183E702460023182104A89D
S113C8908DF81030F7F708F94FF0020B75E72246D0
S113C8A0182104A8F7F700F9202C93D105AB0DF15A
S113C8B00A0103A80393F8F7B1F80028C4D19DF83E
S113C8C00A30009A9342BFD14FF0040B5DE7224631
S113C8D0182104A8F7F7E8F8202C7FF47BAF0DF1BA
S113C8E011030DF10A0103A80393F8F797F883469F
S113C8F00028A9D18DF80B000DF10B00FFF7FAFA0F
S113C900A0B35B469DF80A209A4208BF4FF0030B80
S113C9103BE70DF117031449039303A8F8F77EF8D6
S113C920002814BF4FF0000B4FF0050B2DE79DF8C6
S113C9301020C1E601224146204600F08DF9009BFB
S113C940002B7FF4EEAE9EE664F4000090F000004D
S113C950BCF00000AC0C00204CF30000AC0A00203A
S113C960C4F00000C8F00000B80C00209DF80B30A3
S113C970C8E78DF81D0004A8FFF71EFC6DE78DF8CD
S113C9801C0004A8FFF718FC094B1B7883427FF4B2
S113C99064AF0024074B1868FBF7FEF820463DB04F
S113C9A0BDE8F08F1B24F5E78DF810B04CE700BF0D
S113C9B0B80C0020AC0C002070B50E46B6B05C4933
S113C9C00546144600F072FD20B15A49284600F08D
S113C9D06DFDE8B901236268574933705748F6F78B
S113C9E031FA574957486268F6F72CFA56495748BE
S113C9F06268F6F727FA564956486268F6F722FA4B
S113CA00554956486268F6F71DFA002036B070BDE5
S113CA105349284600F04AFD20B15249284600F007
S113CA2045FD28BB012362684F4944483370F6F73B
S113CA3031FA10210DEB01004C4AF6F7FDFF0025F9
S113CA4003A88DF80C50FFF755FA40B32A4610217D
S113CA500DEB0100F7F712FC10210DEB0100444A25
S113CA60F6F7FCFF4348626804A9F6F713FACCE72B
S113CA7041490822284600F084FD98B9012308356D
S113CA80337003A902A80295F7F718FF00284DD1C7
S113CA900398FF284AD8C0B2FFF73EFAB6E79DF8DC
S113CAA00C20D4E735490822284600F06AFD70B905
S113CAB001233370287A324B08355C6820B1A047D3
S113CAC015F8010F0028FAD10A20A0479DE72D4947
S113CAD00B22284600F055FD002896D101230B3582
S113CAE0337003A902A80295F7F7E8FEF0B902999A
S113CAF00B78202B04D1013102910B78202BFAD032
S113CB00222B08D1C82204A902A8F8F711F868B9A1
S113CB1004AB029319461C4B9DF80C00CDE900436D
S113CB2042F210720023FFF795FD6FE71B206DE7BB
S113CB300CDC000084F10000B8DF0000D0F000003D
S113CB40A8D80000CCD80000D4F00000ECF000001D
S113CB50FCF000001CF100002CF100006CF100005E
S113CB6088DC0000A0F100008CF1000034E5000036
S113CB703CE90000ACF10000B4F10000C0F1000099
S113CB804CF30000CCF1000064F4000010B5002365
S113CB9082B00424CDE900430849094840F2451213
S113CBA0FBF75AFB012800D0FEE72046FAF7BCFF4A
S113CBB0044B186008B102B010BDFEE7D8F10000C4
S113CBC07DC40000AC0C00202DE9F843104D114C3D
S113CBD0DFF84890104E4FF47A70FBF72BFE0023D9
S113CBE0EF6823704FF00A0833462A46C8212046CE
S113CBF0F6F720F9B8470028F6D11420FBF71AFEFF
S113CC00B8F10108F0D1D9F80000F5F787FAE9E79F
S113CC103CF300002001002094F40000B809002037
S113CC2011B14968F5F732BE704700BF38B5044604
S113CC300020FAF741F90546204600F07BFCA842A3
S113CC4000D338BD034B20465968BDE83840F5F79A
S113CC501DBE00BF3CF3000010B4054C1346002970
S113CC6008BF2146034A5DF8044BF5F7A5BF00BF92
S113CC703CF3000094F4000000B5002383B00222CA
S113CC80CDE900230749084840F27122FBF7E4FA92
S113CC90012800D0FEE7054803B05DF804EBF5F782
S113CCA0E7BF00BFE0F10000C9CB00003CF3000087
S113CCB00149082200F0E8BBCCF4000038B5054671
S113CCC02020FAF73FF9044690B12022002100F019
S113CCD0DDFBD5E900130022C4E90013C4E90222F4
S113CCE02261228304210820FAF726FE10B1E061B4
S113CCF0204638BDFEE700BF034AD2F8083123F0CE
S113CD000103C2F80831704700700340034AD2F8A7
S113CD10083143F00103C2F8083170470070034042
S113CD2018B1C068B0FA80F04009704738B50446BD
S113CD30C068C0B1B4F91230B3B9A36862680028FE
S113CD40D4BF4FF0FF3501252B44A3601AB12068EE
S113CD5029469047E068218BB4F910206282431B76
S113CD60E36021B9012038BD013B6382FAE7217EEB
S113CD70002BB8BF2B1A21B32C484FF4B47101FB1C
S113CD8003F585421DD9636903FB01F18142E9D8AA
S113CD9001F5B471013381426361E3D843F29F2307
S113CDA0994292B238D946F23F53994237D94BF659
S113CDB09F13994236D9B1F5873F2AD30132628253
S113CDC0D0E7617E0029CDD019494FF4B47000FB3F
S113CDD003F38B42C6D863691449002BC8BF03F11F
S113CDE0FF334FF4B470C8BF636100FB03F38B429D
S113CDF0B8D843F29F218B4292B20DD946F23F51EB
S113CE008B420CD94BF69F118B420BD9B3F5873F5C
S113CE10D4D203326282A5E70A326282A2E70732E1
S113CE2062829FE7053262829CE700BFBFB60100C1
S113CE30DFA5010008B5044B0122C3F80C21FEF75D
S113CE4057FEBFF34F8F08BD00700340F0B583B0A9
S113CE5084469DF820509DF824E0EFF3108072B6CC
S113CE608DF80700DCF8080000286DDB5D4E86FBBA
S113CE7000460644C417C4EB26344FF4875606FB19
S113CE801404CCF808409DF8070080F31088564835
S113CE900029A0FB04044FEAD4043BDB534E86FB79
S113CEA001060E44C817C0EB26204FF4B47606FBE7
S113CEB0101032B9021B69D4B42A15DDC2F5B4745A
S113CEC069E0012A10D0022A18BF002060D0002295
S113CED0CCF80C00CCF81420ACF810308CF81850B6
S113CEE08CF819E003B0F0BD844267DC001B00EB52
S113CEF04000B1F5B47F4FEA800039DB3B4A82FB46
S113CF0001420A44C917C1EB22214FF4875202FBA4
S113CF100100DCE7364F4842C608A7FB0676B60890
S113CF204FF4B47707FB1600381A002AC9D1021B44
S113CF3015D4B42AD8DDBA1AA2EB8202900011F5F6
S113CF40B47FC4DC49422DE0264C4042A4FB00647B
S113CF50240B4FF4875606FB1404341B91E712F19B
S113CF60B30F2FDA201AC0F5B47000EB4000800034
S113CF7011F5B47FABDC4A421D49D208A1FB021271
S113CF8092084FF4875101FB0200A0E7B332ABDBF8
S113CF9084421EDB241AA4EB8404B1F5B47F4FEA67
S113CFA08400CCDB114A82FB01420A44C917A1EB7D
S113CFB022214FF4875202FB010088E7201AC0F5B2
S113CFC0B47094E7844206DB201AA0EB8000800052
S113CFD0B5E7021B72E7C2F5B472A2EB82029000BD
S113CFE0ADE700BF49D6B9F2ABAAAAAAB7600BB69F
S113CFF0176CC11670B582B084469DF818409DF830
S113D0001CE0EFF3108072B68DF80700DCF80850CE
S113D010002D27DB194E86FB05062E44E817C0EBCE
S113D02026304FF4875606FB1050CCF808009DF8C4
S113D030070080F3108801EB41018900022A08BF30
S113D0404942CCF80C1000211BB20A4663F30F02CC
S113D05063F31F42CCE904218CF818408CF819E0E2
S113D06002B070BD05486D42A0FB0560000B4FF493
S113D070875606FB1050301AD7E700BF49D6B9F2DD
S113D08000687047C0697047F0B50C46154683B018
S113D0900646174A29462046F6F7E0FC0522009288
S113D0A02023B26829462046F7F732F80227114AAE
S113D0B029462046F6F7D2FC00972023B6F9102023
S113D0C029462046F6F770FFF36973B10A4A2946E8
S113D0D02046F6F7C3FCF069FAF7ECFF202302B20E
S113D0E0009729462046F6F75FFF03B0F0BD00BF66
S113D0F0E8F10000F0F10000FCF1000070B50E460C
S113D100A4B058490546144600F0D0F920B1564958
S113D110284600F0CBF998B9012362685349544872
S113D1203370F5F78FFE534953486268F5F78AFE6A
S113D130524953486268F5F785FE002024B070BD5B
S113D1405049284600F0B2F928B14F49284600F06A
S113D150ADF900283CD1012362684C49337044483E
S113D160F5F798FE04A84A4A8021F6F765FC04A85E
S113D17040F2B6228021F7F7F9F904A8454A802144
S113D180F6F76CFC6268444804A9F5F783FE04A82A
S113D190424A8021F6F750FC04A84FF487528021BC
S113D1A0F7F7E4F904A83E4A8021F6F757FC04A8EF
S113D1B040F6B8328021F7F7D9F904A8354A80211E
S113D1C0F6F74CFC3748626804A9F5F763FEB4E748
S113D1D035490F22284600F0D4F90028ADD10123A7
S113D1E00F35337001A904A80495F7F767FB0028ED
S113D1F0A3D1019B012BA0D802A904A8F7F75EFBD9
S113D20000289AD1029B002B97D103A904A8F7F711
S113D21055FB002891D1039B012B8ED804A8F7F766
S113D22021FF2249049800F041F948B99DF80C20E7
S113D2309DF808109DF804000123FEF77DFE7CE7AD
S113D2401B49049800F032F9034608B11B2075E726
S113D2509DF80C209DF808109DF80400FEF76CFE64
S113D2606BE700BF0CDC000060F2000008F2000075
S113D27024F20000A8D80000CCD800002CF2000052
S113D2804CF2000088DC0000D4F2000070F20000D0
S113D29084F200003CE900009CF20000A4F20000CB
S113D2A0B8F20000CCF20000E4F20000A8DD0000B7
S113D2B040E000008068704710B5124C82B0002333
S113D2C001A920468DF80430F3F7E0FF0220F3F7BC
S113D2D049FA40F2B6210C4A0023A0FB010100F0F8
S113D2E0B5F9C4F80001D4F80831084A43F0020340
S113D2F0C4F8083160214FF4803382F8301353604E
S113D30002B010BD0070034040420F0000E100E095
S113D310034B034493F880301B0748BF2038704701
S113D320D6F400000A4B034493F880309A0605D5DE
S113D33030388842A8BF4FF0FF3070471A0701D534
S113D3405738F6E7DB064CBF37384FF0FF30F0E7CD
S113D350D6F400002DE9F0471446294A07468946C9
S113D3600546294615F8010BE0B1131893F88030EF
S113D370DB07F6D4302815D1287800F0DF03582BCA
S113D38001F1020209D134F0100337D16878CA1CC4
S113D3901024214615461C4607E00123002CF8D131
S113D3A00824F6E7B4B1214600240026B046B2466C
S113D3B0FFF7B8FF00280FDA04B16F1EC9F8007038
S113D3C0BAF1000F17D00F4B22221A604FF0FF3032
S113D3D0BDE8F0870A21E8E706FB01031A0C08FB05
S113D3E00128B8F5803F15F8010B9EB228BF4FF015
S113D3F0010A0124DCE746EA0840E9E70123C8E71B
S113D400D6F40000B00C0020DFF878C0F7B503466E
S113D41007460E461D4613F8011B21B30CEB010011
S113D42090F8804014F00104F4D12B291DD02D294B
S113D4300ABF1D4600244FF4007401A92846FFF7D3
S113D44089FF26B1019BAB4208BF3B46336074B1F0
S113D4500028BBBF0A4B222240421A60B8BF4FF0DB
S113D460004003B0F0BD0C46E7E71D46E5E70028A1
S113D470BFBF034B22221A606FF00040F1E700BFE8
S113D480B00C0020D6F4000000F09BB900F0B3B952
S113D490F3F7B2B80346C9B21A788A42184603F1C0
S113D4A0010302D0002AF7D11046704740EA010375
S113D4B09B0730B511D105460C46214628460A681B
S113D4C055F8043B9A4204F1040406D1A2F1013355
S113D4D023EA020313F0803FEFD010F8013B11F868
S113D4E0012B934201D0981A30BD002BF5D1184678
S113D4F0FAE740EA01039B0710B513D10439024649
S113D50051F8043FA3F1013424EA030414F0803FEA
S113D51005D0D9B202F8011B59B11B12F9E742F840
S113D520043BEDE7421E11F8013B02F8013F002BDA
S113D530F9D110BD10B503469A071C4615D12346F0
S113D54054F8042BA2F1013121EA020111F0803FC9
S113D550F5D0D1B299B112F47F4F0ED012F47F0FEF
S113D56014BF23460333013003E01A4612F8011BAB
S113D57009B9181A10BD1346DEE70233F3E7013385
S113D580F1E703460843800770B513D11D460E46E4
S113D590032A31462B460DD955F8040B0C688442F6
S113D5A006F1040606D1A4F1013020EA040010F0CB
S113D5B0803F01D01A440BE0043AE9E713F8010B69
S113D5C011F8014BA04201D0001B70BD0028FCD013
S113D5D09342F3D10020F8E740EA010370B59D07B8
S113D5E022D10E460346032A314608D956F8045B75
S113D5F0A5F1013424EA050414F0803F0DD0013A6A
S113D6000139541C08D011F8014F03F8014B551E81
S113D61064B91A44934204D170BD43F8045B043ADC
S113D620E1E703F8014BF5E70346E8E72A46E8E7B4
S113D630034610F8012B002AFBD1C9B210F8012DC2
S113D6408A4202D08342F9D1002070475FF0000C77
S113D65030B51C0022D112006FD0914206D305468A
S113D6600846002100F06FF80446284600F06BF8E5
S113D6700A462146BDE830401CF0404F08BF7047C1
S113D68003D54942404261F100015FEA8C0C38BF86
S113D69070475B42524263F10003704742D41C0C52
S113D6A004BF1B040CF1100C13F07F4F04BF1B02CA
S113D6B00CF1080C13F0704F04BF1B010CF1040CA7
S113D6C013F0404F04BF0CF1020C5FEA83035CBF0C
S113D6D00CF1010C5B00CCF1200E22FA0EF4234372
S113D6E002FA0CF200FA0CF520FA0EF001FA0CF42E
S113D6F0204321FA0EF114461A4600F024F8A4FB44
S113D7000023AA1A71EB03033CBF1B190138CCF1A7
S113D710200E22FA0CF203FA0EF4224323FA0CF33D
S113D7200021A7E7821A71EB03033CBF02460B46B4
S113D7304FF0000141F100009CE700200021BDE80A
S113D740304000F03DB80423B1EB122F09D2090296
S113D75041EA10610002013B08BF7047B1EB122F90
S113D760F5D30018494134BF9142891A40414941D7
S113D77034BF9142891A4041494134BF9142891AC8
S113D7804041494134BF9142891A4041494134BF23
S113D7909142891A4041494134BF9142891A40411A
S113D7A0494134BF9142891A4041494134BF9142B1
S113D7B0891A4041A3F1010313F00F0FD2D170472E
S113D7C0704740EA0103DB0703460CD40346043ADE
S113D7D022BF51F804CB43F804CBB2F10402F7D2D0
S113D7E0043208BF7047013A24BF11F801CB03F893
S113D7F001CBF8D87047034613F0030F0ED101F0A4
S113D800FF0141EA012141EA0141043A24BF43F8FE
S113D810041BB2F10402F9D202F10402013A24BF5A
S113D82003F8011BFAE770478002DC020005B80523
S113D83080079508000A710B8021017002780A4262
S113D840FCD0704708001000180020003000400091
S113D85060008000C0000001800100020003000499
S113D8600006FFFF03000000000003010101FFFFA9
S113D8707B0000007D0000002C00000047726F75E3
S113D88070206F66204D637541726D546F6F6C73B9
S113D89020636F6D6D616E64730D0A004D63754195
S113D8A0726D546F6F6C73005072696E742068658A
S113D8B06C70206F722073746174757320696E6666
S113D8C06F726D6174696F6E0D0A000020206865C7
S113D8D06C707C73746174757300000050657266BB
S113D8E06F726D73206120736F6674776172652047
S113D8F072657365740D0A00202072657365740087
S113D9004D637541726D546F6F6C732068656C70F4
S113D910000000004861726477617265207374616D
S113D9207475730D0A0000004D637541726D546F78
S113D9306F6C7320737461747573000020205549F3
S113D94044000000202046616D696C7900000000ED
S113D9504D637541726D546F6F6C7320726573659E
S113D960740000004B3130206F72204B313220465E
S113D970616D696C790000004B3230206F72204B6E
S113D98032322046616D696C790000004B33302CD3
S113D990204B3131206F72204B36312046616D6946
S113D9A06C7900004B3430206F72204B32312046AA
S113D9B0616D696C790000004B3630206F72204B2A
S113D9C036322046616D696C790000004B37302097
S113D9D046616D696C7900005265736572766564A1
S113D9E00000000047726F7570206F6620666C61DE
S113D9F0736820696E6920636F6D6D616E64730D69
S113DA000A0000004D6375466C61736800000000F5
S113DA1044756D70206D656D6F72792064617461F9
S113DA200D0A0000202064756D70203C73746172CF
S113DA30743E203C73697A653E0000004572617350
S113DA4065206D656D6F7279206174206164647204
S113DA506573730D0A0000002020657261736520F0
S113DA603C616464723E203C73697A653E00000048
S113DA704D6375466C6173682068656C70000000C6
S113DA804D6375466C617368207374617475730DAE
S113DA900A00000073697A65203078002020626CE7
S113DAA06F636B0061646472203078002C207369AA
S113DAB07A652030780000002020726567697374ED
S113DAC065726564000000004D6375466C6173689F
S113DAD020737461747573004D6375466C6173686B
S113DAE02064756D702000002A2A2A2077726F6ED8
S113DAF06720656E6420616464726573730D0A0047
S113DB002A2A2A2077726F6E6720737461727420D8
S113DB10616464726573730D0A0000004D63754699
S113DB206C61736820657261736520002A2A2A205B
S113DB3061646472657373206973206E6F74206608
S113DB406C61736820626C6F636B20616C69676ED3
S113DB5065640D0A000000002A2A2A206661696CA7
S113DB606564207363616E6E696E672073697A659C
S113DB700D0A00004F75743A00000000496E703AB7
S113DB80000000004C000000206770696F3A307894
S113DB900000000020706F72743A307800000000BA
S113DBA02070696E3A0000002070756C6C3A0000B9
S113DBB0646973007570200064776E003F3F3F0016
S113DBC047726F7570206F66204D637552544F53C2
S113DBD020636F6D6D616E64730D0A004D63755241
S113DBE0544F53005072696E74207461736B6C6986
S113DBF073740D0A0000000020207461736B6C695B
S113DC00737400004D637552544F532068656C70F3
S113DC10000000004672656552544F5320737461CE
S113DC2074757320696E666F726D6174696F6E0DC1
S113DC300A0000005631312E302E30002020566567
S113DC407273696F6E000000202052544F53207489
S113DC5069636B730000000020487A2C20000000E8
S113DC60206D730D0A00000020204672656520684F
S113DC70656170002062797465730D0A000000000C
S113DC804D637552544F532073746174757300005F
S113DC904D637552544F53207461736B6C69737484
S113DCA000000000496E666F3A20456E61626C6543
S113DCB020636F6E66696747454E45524154455F20
S113DCC052554E5F54494D455F5354415453206659
S113DCD06F722072756E74696D65207374617469F6
S113DCE073746963732E0D0A0000000054434200EC
S113DCF0537461746963000048616E646C6500006C
S113DD004E616D650000000053746174650000008D
S113DD105072696F00000000537461636B204265A8
S113DD2067000000537461636B20456E640000005B
S113DD3053697A6500000000537461636B20546F6B
S113DD4070000000556E7573656400005741524EB3
S113DD50494E473A206D6F7265207461736B73206E
S113DD607468616E205368656C6C206D6178696DB0
S113DD70756D206E756D626572206F6620746173B7
S113DD806B732E0D0A0000006E6F202830290000EE
S113DD9079657328000000002900000052756E6E3A
S113DDA0696E670052656164790000005375737091
S113DDB0656E646564000000426C6F636B656400AB
S113DDC044656C6574656400496E76616C696400D1
S113DDD0554E4B4E4F574E2100000000204200008C
S113DDE02028000020422900434D443E200000002A
S113DDF031333A33393A303600000000436F6D6DE9
S113DE00616E646C696E65207368656C6C207374F4
S113DE10617475730D0A00004D63755368656C6C0D
S113DE200000000046656220313020323032360076
S113DE3020204275696C6400202073696C656E74DF
S113DE40000000006E6F0D0A0000000020206D75B8
S113DE506C7469436D640000206279746573206496
S113DE60656661756C742073697A650D0A0000003B
S113DE70202073697A6500002D2D2D2D2D2D2D2D3B
S113DE802D2D2D2D2D2D2D2D2D2D2D2D2D2D2D2DBE
S113DE902D2D2D2D2D2D2D2D2D2D2D2D2D2D2D2DAE
S113DEA02D2D2D2D2D2D2D2D2D2D2D2D2D2D2D2D9E
S113DEB02D2D2D2D2D2D00004B3032204C6564531B
S113DEC0746570706572000047726F7570206F66BC
S113DED0204D63755368656C6C20636F6D6D616E66
S113DEE064730D0A000000004D63755368656C6C23
S113DEF02068656C700000004D63755368656C6C38
S113DF0020737461747573002A2A2A204661696C2F
S113DF106564206F7220756E6B6E6F776E20636F11
S113DF206D6D616E643A20002A2A2A205479706546
S113DF302000000020746F206765742061206C69E4
S113DF407374206F6620617661696C61626C652010
S113DF50636F6D6D616E64730D0A00000D0A2A2AE9
S113DF602A20456E642061646472657373206D7544
S113DF707374206265206C6172676572206F722011
S113DF80657175616C207468616E2073746172745C
S113DF9020616464726573730D0A00000D0A2A2AF5
S113DFA02A2052656164206661696C6564210D0AEA
S113DFB0000000002D2D200047726F7570206F66E1
S113DFC02052532D34383520636F6D6D616E647348
S113DFD00D0A00004D6375556172743438350000C4
S113DFE0436C656172205541525420495352206656
S113DFF06C6167730D0A00002020636C65617220F8
S113E0003C666C6167733E004D6375556172743490
S113E01038352068656C700052532D3438352055DE
S113E0204152542073657474696E67730D0A00005D
S113E0307965730D0A000000202048572054784564
S113E0406E0000002020666C616773004D63755597
S113E0506172743438352073746174757300000010
S113E0606B554152545F54784461746152656745FD
S113E0706D707479466C61670D0A00006B554152EE
S113E080545F5472616E736D697373696F6E436F1D
S113E0906D706C657465466C61670D0A0000000064
S113E0A06B554152545F52784461746152656746BE
S113E0B0756C6C466C61670D0A0000006B5541522B
S113E0C0545F49646C654C696E65466C61670D0A02
S113E0D0000000006B554152545F52784F766572D0
S113E0E072756E466C61670D0A0000006B554152F3
S113E0F0545F4E6F6973654572726F72466C6167E7
S113E1000D0A00006B554152545F4672616D696E91
S113E110674572726F72466C61670D0A00000000F9
S113E1206B554152545F5061726974794572726FD4
S113E13072466C61670D0A006B554152545F4C691D
S113E1406E427265616B466C61670D0A00000000E7
S113E1506B554152545F52784163746976654564E6
S113E1606765466C61670D0A000000006B554152FB
S113E170545F5278416374697665466C61670D0A31
S113E180000000006B554152545F4E6F6973654542
S113E19072726F72496E5278446174615265674657
S113E1A06C61670D0A0000006B554152545F506169
S113E1B0726974794572726F72496E5278446174EF
S113E1C061526567466C61670D0A00006B554152E8
S113E1D0545F54784669666F456D707479466C6116
S113E1E0670D0A006B554152545F52784669666F59
S113E1F0456D707479466C61670D0A006B55415228
S113E200545F54784669666F4F766572666C6F77B3
S113E210466C61670D0A00006B554152545F527899
S113E2204669666F4F766572666C6F77466C616798
S113E2300D0A0000202062617564000052783A20C3
S113E240000000002C20526573706F6E73653A20D5
S113E25000000000202071756575657300000000E2
S113E2604D63755561727434383520636C65617221
S113E270200000007374617475733A20000000007C
S113E2802D3332373638000047726F7570206F6651
S113E290204D63754D696E494E4920636F6D6D6104
S113E2A06E64730D0A0000004D63754D696E494E2E
S113E2B049000000526561642061206B6579206625
S113E2C0726F6D20612073656374696F6E20696E6F
S113E2D020612066696C650D0A00000020207265CB
S113E2E06164203C663E203C733E203C6B3E000053
S113E2F057726974652061206B6579207769746849
S113E3002076616C756520746F2061207365637479
S113E310696F6E20696E20612066696C650D0A0064
S113E32020207772697465203C663E203C733E2051
S113E3303C6B3E203C763E0044656C657465206110
S113E340206B657920696E20612073656374696F41
S113E3506E206F662066696C650D0A002020646576
S113E3606C6B6579203C663E203C733E203C6B3EE2
S113E3700000000044656C6574652061207365636A
S113E38074696F6E20696E20612066696C650D0A80
S113E39000000000202064656C736563203C663EC9
S113E3A0203C733E000000004D63754D696E494E7C
S113E3B0492068656C7000004D696E494E492073B0
S113E3C074617475730D0A00202062756666657247
S113E3D0000000006E6F7420737570706F72746546
S113E3E0640D0A0020207265616C0000726561642E
S113E3F02D77726974650D0A0000000020206D6F8E
S113E40064650000464C4153480D0A0020204653E1
S113E410000000004D63754D696E494E49207374C8
S113E42061747573000000004D63754D696E494E4B
S113E43049207265616420003D0000004D63754D04
S113E440696E494E492077726974652000000000A6
S113E4504D63754D696E494E492064656C6B6579F1
S113E460200000004D63754D696E494E4920646576
S113E4706C736563200000004552415345442C20D1
S113E4806E6F742061636365737369626C650D0AF2
S113E490000000006D6167696320307800000000AF
S113E4A02C2000002C2073697A6520003C6E6F7468
S113E4B02076616C69643E00696E690044756D7014
S113E4C0206461746120696E666F726D6174696F36
S113E4D06E0D0A00202064756D7000004572617332
S113E4E065206461746120696E666F726D61746920
S113E4F06F6E0D0A000000002020657261736500D4
S113E500696E692068656C7000000000696E69209E
S113E510666C617368207374617475730D0A00000E
S113E5207374617274203078000000002C20626CD7
S113E5306F636B20307800002C206E6F6620000023
S113E5402020666C6173680020206D61782064610E
S113E55074610000696E69207374617475730000DE
S113E56020206461746100003C6572726F722072D5
S113E570656164696E6720646174613E0D0A000020
S113E580202072616D000000696E692064756D70F1
S113E59000000000464C41534800000052414D0029
S113E5A0696E692065726173650000005465726D5F
S113E5B0696E616C00000000525454005345474793
S113E5C04552000047726F7570206F66206E656F4C
S113E5D020636F6D6D616E64730D0A006E656F006C
S113E5E0436C65617220616C6C20706978656C7332
S113E5F00D0A00002020636C65617220616C6C0060
S113E60053657420616C6C20706978656C2077693F
S113E6107468205247422076616C75650D0A0000CB
S113E620202073657420616C6C2030783C726762C2
S113E6303E00000053657420706978656C20696E33
S113E6402061206C616E6520616E6420706F736957
S113E65074696F6E2077697468205247422076612E
S113E6606C75650D0A0000002020736574203C6CF5
S113E670616E653E203C706F733E2030783C72675B
S113E680623E00006E656F2068656C7000000000DB
S113E690537461747573206F66204E656F5069788A
S113E6A0656C730D0A00000020206E6F664C616E6D
S113E6B06573000020206C616E6553746172740090
S113E6C020206C616E65456E6400000020204C457E
S113E6D04420696E206C616E6573000020205069CF
S113E6E078656C73000000005247420D0A00000078
S113E6F02020436F6C6F7273000000006E656F2002
S113E70073746174757300006E656F20636C65616A
S113E7107220616C6C0000006E656F20736574205C
S113E720616C6C006E656F207365742000000000DE
S113E730796573006E6F2000656E61626C65643A82
S113E740200000002C207267623A2030780000001C
S113E7502C206C616E653A20000000002C2073743C
S113E7606172743A200000002C2063773A20000084
S113E7704E656F0063770000437700006357000025
S113E78043570000636300004363000063430000D9
S113E790434300007368000053680000734800009E
S113E7A05348000052696E67200000002C20486125
S113E7B06E6420002020525B000000005D00000019
S113E7C0616464723A3078002C205374657070650B
S113E7D07220000020204D5B0000000047726F751E
S113E7E070206F66206D617472697820636F6D6D3F
S113E7F0616E64732E0D0A006D6174726978000095
S113E8005072696E7420616C6C20737465707065ED
S113E810722073746174757320696E666F726D61B2
S113E82074696F6E2C206F7220666F722061207382
S113E830696E676C6520636F6F7264696E6174657D
S113E8400D0A000020207374657070657220737463
S113E85061747573205B78797A5D00005465737414
S113E860207468652073746570706572206F6E2003
S113E87074686520626F6172640D0A0020207465FB
S113E88073740000536574206D6174726978207428
S113E8906F20686F75722028312D31322920706FF6
S113E8A0736974696F6E0D0A000000002020686FA0
S113E8B07572203C686F75723E00000053657420C9
S113E8C0706978656C20636F6C6F720D0A000000CC
S113E8D0202072676220706978656C203C78797AB0
S113E8E03E203C7267623E00456E61626C696E67F1
S113E8F020616C6C2068616E64204C4544730D0A81
S113E900000000002020686520616C6C206F6E7C24
S113E9106F666600456E61626C652073696E676C34
S113E920652068616E64204C45442028636F6D6DDA
S113E9306120736570617261746564290D0A000059
S113E94020206865203C78797A3E206F6E7C6F6663
S113E95066000000456E61626C696E672072696EC4
S113E96067204C4544730D0A0000000020207265A6
S113E97020616C6C206F6E7C6F666600456E616210
S113E9806C652073696E676C652072696E67204CD4
S113E99045442028636F6D6D6120736570617261F9
S113E9A0746564290D0A000020207265203C787982
S113E9B07A3E206F6E7C6F6666000000536574209B
S113E9C068616E6420636F6C6F7220666F72206181
S113E9D06C6C2068616E64730D0A0000202068630B
S113E9E020616C6C203C7267623E000053657420A9
S113E9F073696E676C652068616E6420636F6C6F09
S113EA00722028636F6D6D6120736570617261742B
S113EA106564290D0A00000020206863203C787991
S113EA207A3E203C7267623E000000005365742009
S113EA3072696E6720636F6C6F7220666F722061FB
S113EA406C6C2072696E67730D0A0000202072637B
S113EA5020616C6C203C7267623E00005365742038
S113EA6073696E676C652072696E6720636F6C6F83
S113EA70722028636F6D6D612073657061726174BB
S113EA806564290D0A00000020207263203C787917
S113EA907A3E203C7267623E000000005365742099
S113EAA064656661756C742068616E64206C65646D
S113EAB020636F6C6F720D0A0000000020206861F3
S113EAC06E6420636F6C6F72203C7267623E00005C
S113EAD05365742064656661756C742068616E6446
S113EAE0206C6564206272696768746E6573732054
S113EAF028302D323535290D0A00000020206861A8
S113EB006E64206272696768746E657373203C7604
S113EB10616C3E003C78797A3E3A20636F6F726490
S113EB20696E6174652C20736570617261746564CB
S113EB302062792073706163652C20652E672E2016
S113EB4030203020310D0A003C6D643E3A206D6F58
S113EB506465202863632C2063772C207368292C38
S113EB60206C6F77657263617365206D6F646520D7
S113EB706C657474657220697320776974682061A8
S113EB806363656C65726174696F6E20636F6E7424
S113EB90726F6C20666F722073746172742F737459
S113EBA06F702C206F746865727769736520652EA9
S113EBB067204377206F722043570D0A000000003E
S113EBC052656C617469766520616E676C65206D51
S113EBD06F76652028636F6D6D6120736570617257
S113EBE061746564290D0A00202072203C78797ACA
S113EBF03E203C613E203C643E203C6D643E00006F
S113EC004162736F6C75746520616E676C65206D0D
S113EC106F76652028636F6D6D6120736570617216
S113EC2061746564290D0A00202061203C78797A9A
S113EC303E203C613E203C643E203C6D643E00002E
S113EC405175657565206120277227206F72202712
S113EC50612720636F6D6D616E642C20652E672EB5
S113EC6020276D6174726978207120302030203043
S113EC70207220393020382063632C30203020313A
S113EC8020612034352030204343272C2028636F13
S113EC906D6D6120736570617261746564290D0A1C
S113ECA000000000202071203C78797A3E203C63EB
S113ECB06D643E004578656375746520636F6D6DA2
S113ECC0616E647320696E207175657565730D0AD4
S113ECD00000000020206578710000005365742056
S113ECE06D6F746F722064726976657220726573D9
S113ECF06574206C696E6520284C4F5720616374DD
S113ED00697665290D0A00002020726573657420F8
S113ED10686967687C6C6F770000000053776974DA
S113ED206368206D6F746F7273206F6E206F722032
S113ED306F66660D0A00000020206D6F746F7220EC
S113ED406F6E7C6F666600005061726B207468653C
S113ED50206D6F746F722873290D0A002020706172
S113ED60726B206F6E7C6F66660000006D6174725A
S113ED7069782068656C70004D61747269782073DD
S113ED80657474696E67730D0A000000782A792A25
S113ED907A3A200020207374657070657200000058
S113EDA06D61747269782073746174757300000006
S113EDB04E554C4C0000000068616E643A20307877
S113EDC0000000002020636F6C6F720020206272CC
S113EDD0696768746E6573730000000020206D6FAE
S113EDE0746F72206F6E00006D61747269782073A5
S113EDF074657070657220737461747573000000BB
S113EE006D617472697820737465707065722073B3
S113EE1074617475732000006D6174726978206880
S113EE206F757220000000006D6174726978207241
S113EE30200000006D617472697820612000000078
S113EE406D61747269782071200000006D617472C4
S113EE50697820686520616C6C2000006D617472B3
S113EE60697820726520616C6C2000006D61747299
S113EE7069782068652000006D6174726978207279
S113EE80652000006D617472697820686320616C8C
S113EE906C2000006D617472697820726320616C6B
S113EEA06C2000006D617472697820686320000032
S113EEB06D61747269782072632000006D617472F0
S113EEC069782068616E6420636F6C6F7220000043
S113EED06D61747269782068616E6420627269671A
S113EEE068746E65737320006D6174726978207242
S113EEF0676220706978656C200000006D6174722F
S113EF0069782065787100006D6174726978207485
S113EF10657374006D6174726978207265736574C9
S113EF2020686967680000006D61747269782072F6
S113EF3065736574206C6F77000000006D617472F6
S113EF406978206D6F746F72206F6E006D617472DA
S113EF506978206D6F746F72206F66660000000020
S113EF606D6174726978207061726B206F6E00003D
S113EF706D6174726978207061726B206F666600CF
S113EF806D617472697820006863200072632000E8
S113EF9068652000726520004D617472697851754E
S113EFA06575650073657474696E67732E696E693F
S113EFB00000000061646472000000007273343861
S113EFC035000000666C61677300000061707000BA
S113EFD06D6F746F72000000656E61626C65640031
S113EFE047726F7570206F66204E564D4320636FD5
S113EFF06D6D616E64730D0A000000006E766D63C2
S113F0000000000053657420666C6167730D0A008C
S113F0102020666C616773203C76616C3E000000C2
S113F0206E766D632068656C700000004E6F6E2D07
S113F030766F6C6174696C65206D656D6F72792093
S113F040636F6E66696775726174696F6E20617251
S113F05065610D0A00000000202052532D3438351C
S113F0602061646472000000206D61673A20000032
S113F0706E766D63207374617475730031000000E3
S113F080300000006E766D6320666C61677300006B
S113F09040000000204F4B00204E4F4B000000006A
S113F0A020636D64206C6173744572726F7200002A
S113F0B020636D642069646C6500000020636D64E6
S113F0C0200000004F4B0A004E4F4B0A0000000086
S113F0D0727300005365742052532D343835206107
S113F0E06464726573730D0A00000000202061647B
S113F0F06472203C616464723E00000053656E6477
S113F1002061207465787420746F207468652052BF
S113F110532D343835206275730D0A002020736531
S113F1206E64203C746578743E00000053656E6420
S113F1302061207368656C6C20636F6D6D616E6413
S113F14020746F207468652052532D343835206143
S113F15064647265737320616E6420636865636BB5
S113F16020726573706F6E73650D0A0020207365DD
S113F1706E64636D64203C616464723E203C636D24
S113F180643E000072732068656C700052532D3425
S113F19038352073657474696E67730D0A00000056
S113F1A072732073746174757300000020206164AD
S113F1B064720000727320616464722000000000B5
S113F1C072732073656E64200000000072732073F4
S113F1D0656E64636D64200052532D34383500002D
S113F1E05368656C6C000000706F733A0000000097
S113F1F02C2064656C61793A000000002C20237196
S113F2004974656D3A00000047726F7570206F662F
S113F210207374657070657220636F6D6D616E64C8
S113F220730D0A007374657070657200456E6162D7
S113F2306C65206F722064697361626C6520612063
S113F240737465707065720D0A0000002020656E8D
S113F25061626C65203C78797A3E20797C6E00008E
S113F260737465707065722068656C7000000000CE
S113F270537465707065722073657474696E677316
S113F2800D0A000048572074696D65722C20706562
S113F29072696F6420287573293A200020207469EC
S113F2A06D6572003336302064656772656520735E
S113F2B0746570733A2000002C2066756C6C2072A3
S113F2C06F756E6420286D73293A200020207374B2
S113F2D06570730073746570706572207374617403
S113F2E0757300007374657070657220656E616279
S113F2F06C65200064D9000078D900008CD9000026
S113F300A4D90000B8D90000CCD90000D8D9000095
S113F310D8D9000001000000000000000000000037
S113F32000000000000000000000000000000000D9
S113F330000000000000000000000000C9270000D9
S113F340DD270000DD270000B9270000813100001F
S113F350C1310000C1310000A931000000000000EB
S113F3600000000000000000000000000000000099
S113F3700000000000000000000000000000000089
S113F3800000000000000000000000000000000079
S113F3900000000000000000000000000000000069
S113F3A00000000000000000000000000000000059
S113F3B00000000000000000000000000000000049
S113F3C00000000000000000000000000000000039
S113F3D00000000000000000000000000000000029
S113F3E00000000000000000000000000000000019
S113F3F00000000000000000000000000000000009
S113F40001020B00000500041830343C40040600DF
S113F41005000000010000000000000000000000E2
S113F42000000000000000000001000000000000D7
S113F43000000000000000000000000000000000C8
S113F44000000000000000000000000000E0FF1FBA
S113F45000200000BC0C00203C1100000000000053
S113F4600000000079C3000049C3000049C3000044
S113F47015C30000ADC10000A9C10000A9C100006E
S113F480B5C10000ADC100009DC100009DC10000D8
S113F490B5C10000952900002D210000AD18000021
S113F4A0FDD000008DBF0000D9530000115B0000A7
S113F4B0551B0000B9C900000D330000B9A90000B4
S113F4C00D960000B5A4000000000000000000003C
S113F4D00000000005FF0000000000000000000024
S113F4E00000000000000000000000000000000018
S113F4F00000000000000000000000000000000008
S113F50000000000000000000000000000000000F7
S113F51000000000000000000000000000000000E7
S113F52000000000000000000000000000000000D7
S113F53000000000000000000000000000000000C7
S113F54000000000000000000000000000000000B7
S113F5500000000000004040404040404040404126
S113F5604141414140404040404040404040404093
S113F57040404040404005020202020202020202F0
S113F580020202020202202020202020202020202B
S113F59002020202020202909090909090101010C9
S113F5A01010101010101010101010101010101057
S113F5B010020202020202888888888888080808E3
S113F5C008080808080808080808080808080808B7
S113F5D008020202024000000000000000000000D7
S113F5E00000000000000000000000000000000017
S113F5F00000000000000000000000000000000007
S113F60000000000000000000000000000000000F6
S113F61000000000000000000000000000000000E6
S113F62000000000000000000000000000000000D6
S113F63000000000000000000000000000000000C6
S113F64000000000000000000000000000000000B6
S10BF650000000000000FFFFB0
S113F65800093D000080000000004001AAAAAAAAEF
S10BF668FF0000000A10FFFF7F
S903019566
