:1000000000200020950100006D01000091200000FB
:1000100075010000790100007D0100000000000072
:1000200000000000000000000000000091740000CB
:100030008501000000000000AD7400008D0100008B
:10004000110400001904000021040000290400002C
:10005000310400003904000041040000490400009C
:10006000510400005904000061040000690400000C
:10007000710400007904000081040000890400007C
:100080009104000099040000A1040000A9040000EC
:10009000B1040000B9040000C1040000C90400005C
:1000A000D1040000D9040000E1040000E9040000CC
:1000B000F1040000F904000001050000090500003A
:1000C000110500003932000019050000210500006B
:1000D0002905000031050000390500004105000038
:1000E00049050000510500008D9E000059050000E3
:1000F0006105000069050000710500007905000038
:1001000035CE000081050000890500009105000042
:1001100099050000A1050000A9050000B105000037
:10012000B9050000C1050000D9720000C905000032
:10013000D1050000D9050000E1050000E905000037
:10014000F105000058F60000000000201800000033
:1001500058F6000000E0FF1F00000000180000201B
:10016000A40C000000E0FF1F00000000FEE700BF3D
:10017000FEE700BFFEE700BFFEE700BFFEE700BFEF
:10018000FEE700BFFEE700BFFEE700BFFEE700BFDF
:10019000FEE700BF2DE9F04172B601F0F7F9364AEB
:1001A000DFF8DCC0624529D2D2E9001594680C3230
:1001B000002CF7D0631E1F2B41D9081D85423ED06D
:1001C000261D3CD89B0803F1010E4FEA5E0701EBA8
:1001D000C7080B46681AD3E90076C418C75008331D
:1001E00043456660F7D11EF0010F2EF00103D9D010
:1001F00051F8231045F823106245D5D31F4EB24263
:1002000019D2013EB61A26F0070602F1100302F1D8
:1002100008041E44002154E902024AB1531E3B2B3C
:1002200001D9151D12D90023C15004339342FBD3C9
:100230000834A642EFD162B60DF02AF9FEE700239A
:10024000C858E85004339C42FAD8ABE79B085A1CC4
:10025000550800EBC5050346C3E900110833AB425E
:10026000FAD122F00103D207E2D50834A64240F8C1
:100270002310D0D1DFE700BF440100006C01000073
:100280005C010000FFFFFFFFFFFFFFFFFFFFFFFF1D
:10029000FFFFFFFFFFFFFFFFFFFFFFFFFFFFFFFF6E
:1002A000FFFFFFFFFFFFFFFFFFFFFFFFFFFFFFFF5E
:1002B000FFFFFFFFFFFFFFFFFFFFFFFFFFFFFFFF4E
:1002C000FFFFFFFFFFFFFFFFFFFFFFFFFFFFFFFF3E
:1002D000FFFFFFFFFFFFFFFFFFFFFFFFFFFFFFFF2E
:1002E000FFFFFFFFFFFFFFFFFFFFFFFFFFFFFFFF1E
:1002F000FFFFFFFFFFFFFFFFFFFFFFFFFFFFFFFF0E
:10030000FFFFFFFFFFFFFFFFFFFFFFFFFFFFFFFFFD
:10031000FFFFFFFFFFFFFFFFFFFFFFFFFFFFFFFFED
:10032000FFFFFFFFFFFFFFFFFFFFFFFFFFFFFFFFDD
:10033000FFFFFFFFFFFFFFFFFFFFFFFFFFFFFFFFCD
:10034000FFFFFFFFFFFFFFFFFFFFFFFFFFFFFFFFBD
:10035000FFFFFFFFFFFFFFFFFFFFFFFFFFFFFFFFAD
:10036000FFFFFFFFFFFFFFFFFFFFFFFFFFFFFFFF9D
:10037000FFFFFFFFFFFFFFFFFFFFFFFFFFFFFFFF8D
:10038000FFFFFFFFFFFFFFFFFFFFFFFFFFFFFFFF7D
:10039000FFFFFFFFFFFFFFFFFFFFFFFFFFFFFFFF6D
:1003A000FFFFFFFFFFFFFFFFFFFFFFFFFFFFFFFF5D
:1003B000FFFFFFFFFFFFFFFFFFFFFFFFFFFFFFFF4D
:1003C000FFFFFFFFFFFFFFFFFFFFFFFFFFFFFFFF3D
:1003D000FFFFFFFFFFFFFFFFFFFFFFFFFFFFFFFF2D
:1003E000FFFFFFFFFFFFFFFFFFFFFFFFFFFFFFFF1D
:1003F000FFFFFFFFFFFFFFFFFFFFFFFFFFFFFFFF0D
:10040000FFFFFFFFFFFFFFFFFFFFFFFFFEFFFFFFFD
:1004100008B500F0DFFA08BD08B500F031FB08BDF3
:1004200008B500F083FB08BD08B500F0D5FB08BD9A
:1004300008B5FFF7ADFE08BD08B5FFF7A9FE08BD7A
:1004400008B5FFF7A5FE08BD08B5FFF7A1FE08BD7A
:1004500008B5FFF79DFE08BD08B5FFF799FE08BD7A
:1004600008B5FFF795FE08BD08B5FFF791FE08BD7A
:1004700008B5FFF78DFE08BD08B5FFF789FE08BD7A
:1004800008B5FFF785FE08BD08B5FFF781FE08BD7A
:1004900008B5FFF77DFE08BD08B5FFF779FE08BD7A
:1004A00008B5FFF775FE08BD08B5FFF771FE08BD7A
:1004B00008B5FFF76DFE08BD08B5FFF769FE08BD7A
:1004C00008B5FFF765FE08BD08B5FFF761FE08BD7A
:1004D00008B5FFF75DFE08BD08B5FFF759FE08BD7A
:1004E00008B5FFF755FE08BD08B5FFF751FE08BD7A
:1004F00008B5FFF74DFE08BD08B5FFF749FE08BD7A
:1005000008B5FFF745FE08BD08B501F02BF808BD9A
:1005100008B5FFF73DFE08BD08B5FFF739FE08BD79
:1005200008B5FFF735FE08BD08B5FFF731FE08BD79
:1005300008B5FFF72DFE08BD08B5FFF729FE08BD79
:1005400008B5FFF725FE08BD08B5FFF721FE08BD79
:1005500008B5FFF71DFE08BD08B5FFF719FE08BD79
:1005600008B5FFF715FE08BD08B5FFF711FE08BD79
:1005700008B5FFF70DFE08BD08B5FFF709FE08BD79
:1005800008B5FFF705FE08BD08B5FFF701FE08BD79
:1005900008B5FFF7FDFD08BD08B5FFF7F9FD08BD7B
:1005A00008B5FFF7F5FD08BD08B5FFF7F1FD08BD7B
:1005B00008B5FFF7EDFD08BD08B5FFF7E9FD08BD7B
:1005C00008B5FFF7E5FD08BD08B5FFF7E1FD08BD7B
:1005D00008B5FFF7DDFD08BD08B5FFF7D9FD08BD7B
:1005E00008B5FFF7D5FD08BD08B5FFF7D1FD08BD7B
:1005F00008B5FFF7CDFD08BD08B501F055F900F0CD
:10060000E5FF01F00FF809F073FF002008BD00BFFF
:100610001A4B1B7B03F00303012B20D0022B14D0B9
:10062000DBB9174B1868F0B1144A13785178127B74
:10063000C3F3C20311F0300F20FA03F002F00302FB
:1006400000D022B1022A02D070470E48ECE7062BF8
:100650000AD0072B0DD040097047002070470A4B85
:1006600018680028E0D17047084BA3FB0030000950
:100670007047074BA3FB0030C0087047004006409E
:100680001C000020006CDC0218000020CDCCCCCC7B
:10069000ABAAAAAA084B416803F58052516451687D
:1006A00090F800C06CF3114151601A68417861F311
:1006B00093421A60704700BF0070044008B5224A98
:1006C0009379C3F38103012B10D0022B02D09BB18D
:1006D000002008BD137B03F00303012B2BD0022B5A
:1006E0002CD0002BF4D1194B186808BD9379DB0787
:1006F0001AD4174B186808BD53789907E8D4937932
:10070000DA061DD5124B18680028E1D00E4A1149AF
:10071000D378D278C3F341135B0003EBD21331F8E3
:10072000133003FB00F008BD0B49137A0868C3F3CC
:100730004203D84008BD094B186808BD084808BDE9
:10074000FFF766FFE0E700BF004006401C00002006
:100750000400002028D8000000000020180000201D
:10076000006CDC0210B513280FD8DFE800F011117F
:100770006A0E740E333E4A0E0A54601A0E0E0E0EA6
:100780003C47494B1B7819066FD40024204610BD06
:10079000FFF794FF454B5B6C1B0F0133B0FBF3F489
:1007A000F4E7434B5A789407EFD49B79D80666D583
:1007B000404B18680028E8D03D4A3F49D378D278AA
:1007C000C3F341135B0003EBD21331F8134000FB7A
:1007D00004F4DBE7354B5B6813F4403FC3F301429D
:1007E000DFD0032AD1D1354CD0E7354B1B6813F449
:1007F000402FC3F3814245D0032AC6D14FF47A7407
:10080000C4E7294B1A781206BFD52E4A9B78146884
:100810009B09DC40BAE7264B9B79D80640D5254B8F
:100820001C68FFF74BFFB4EBD00FAFD9ADE7204BFF
:100830001A789107A9D59A79D20719D41D4B1C684B
:10084000A4E7FFF73BFF194B5B6CC3F30363013372
:10085000B0FBF3F49AE7FFF731FF144B5B6CC3F383
:1008600003430133B0FBF3F490E7164B1C688DE7AC
:10087000154A1B7A1468C3F34203DC4086E7FFF78E
:10088000C7FE97E7084B1B781C067FF57EAF0D4B24
:100890001C68A4F50044B4FA84F46409E40375E721
:1008A000FFF7B6FE0446BCE7005006400080044057
:1008B000004006400400002028D80000006CDC0244
:1008C000007004401C0000200000002010B5214BE7
:1008D00093F806C093F806E05FFA8EF493F808E008
:1008E000CEF3420E9645CCF3810C19D01B789B07B2
:1008F0000AD5E4070BD5174C637803F0FE03637049
:10090000A379DB07FCD402E0BCF1010FF1D0114C5C
:10091000237A520002F00E0203F0D0031A4322722F
:100920000C4A537801F0010403F0FE032343537093
:10093000137803F0FC030343BCF1010F137001D0E3
:10094000830705D5034A937903F001038B42FAD15B
:10095000002010BD0040064038B5184C94F803C084
:10096000A379DD065FFA8CFC25D4E37883F02003BD
:10097000E3700125114C237803F03B0343F004039B
:100980002370A379DB06FCD50DB184F803C04B01BD
:1009900003F0600343EAC0130CF01F0C074943EA5D
:1009A0000C03DBB2CB708B7913F00C0FFBD102B1CF
:1009B0009047002038BD0025DCE700BF004006401E
:1009C000FFF7CABF024AD36B43F00203D3637047F9
:1009D0000080044070B5294B1C68227CA16841F25C
:1009E0001C00CA7701EB4211E3680A5A256802F03D
:1009F0008006C2F3C012002B2FD041F21800095814
:100A0000C91A4B09F6B1DBB2617C8B424FFA83FC09
:100A10001CD0617C49B25B1A44BF217D43FA81F34B
:100A2000D8B284F811C0E17C091A49B2E17415B159
:100A300061682046A84716B1A368227C1A77BFF3E5
:100A40004F8F70BD1F2910D9013BDCE7E37C217D6E
:100A500099420FD000200346E3E7002DEFD06168F4
:100A60002046A847BFF34F8F70BD237D013B03F0A5
:100A7000FF03C9E7E07C43B2D3E700BF20000020BA
:100A800070B5294B5C68227CA16841F21C00CA77D2
:100A900001EB4211E3680A5A256802F08006C2F3AE
:100AA000C012002B2FD041F218000958C91A4B0967
:100AB000F6B1DBB2617C8B424FFA83FC1CD0617CC7
:100AC00049B25B1A44BF217D43FA81F3D8B284F85E
:100AD00011C0E17C091A49B2E17415B16168204680
:100AE000A84716B1A368227C1A77BFF34F8F70BD59
:100AF0001F2910D9013BDCE7E37C217D99420FD00F
:100B000000200346E3E7002DEFD061682046A847A8
:100B1000BFF34F8F70BD237D013B03F0FF03C9E797
:100B2000E07C43B2D3E700BF2000002070B5294B22
:100B30009C68227CA16841F21C00CA7701EB42113B
:100B4000E3680A5A256802F08006C2F3C012002B3F
:100B50002FD041F218000958C91A4B09F6B1DBB27F
:100B6000617C8B424FFA83FC1CD0617C49B25B1ADA
:100B700044BF217D43FA81F3D8B284F811C0E17CEF
:100B8000091A49B2E17415B161682046A84716B147
:100B9000A368227C1A77BFF34F8F70BD1F2910D92D
:100BA000013BDCE7E37C217D99420FD00020034626
:100BB000E3E7002DEFD061682046A847BFF34F8FD1
:100BC00070BD237D013B03F0FF03C9E7E07C43B226
:100BD000D3E700BF2000002070B5294BDC68227CE1
:100BE000A16841F21C00CA7701EB4211E3680A5A7E
:100BF000256802F08006C2F3C012002B2FD041F20C
:100C000018000958C91A4B09F6B1DBB2617C8B4256
:100C10004FFA83FC1CD0617C49B25B1A44BF217D32
:100C200043FA81F3D8B284F811C0E17C091A49B2C1
:100C3000E17415B161682046A84716B1A368227C0B
:100C40001A77BFF34F8F70BD1F2910D9013BDCE726
:100C5000E37C217D99420FD000200346E3E7002D7D
:100C6000EFD061682046A847BFF34F8F70BD237D4A
:100C7000013B03F0FF03C9E7E07C43B2D3E700BFC9
:100C800020000020C8B138B5044600250C480D49A5
:100C9000A064C4E90F550C220CF0F6FB0A4A94F844
:100CA0004C300A492166C4E9142523F0030343F0BC
:100CB000030384F84C30284638BD0420704700BF39
:100CC0003000002038D80000000800011000130098
:100CD0002DE9F843044690F834000138C0B241EAE7
:100CE0000205284245D1A06881423AD3E568114403
:100CF0002844814235D822498B423CD1D4F83080F7
:100D00002669551E4544B5FBF6F306FB135212B196
:100D100003FB06635D1EA8452FD8DFF868904FF0EF
:100D2000700706E0D106B04421D4D3071CD4A845EF
:100D300023D828F07F4343F01063C9F8043089F8C2
:100D40000070A36C0F480133A3649847A36C013B68
:100D5000A36499F800309806DAB2E3D56720BDE8BD
:100D6000F8836620BDE8F8836920BDE8F883682031
:100D7000F5E76520F3E76B20F1E70020EFE700BF20
:100D80006B66656B000002402DE9F843044690F85D
:100D90003900002A4DD01E46431E1546DBB241EAFB
:100DA0000602134238D1A36899423DD3E268314428
:100DB0001344994238D8D4F83090002E3BD0042800
:100DC0003BD0082832D1314F4FF0700808E012F0C4
:100DD000100F09F1080925D1D00720D4083E2AD0E8
:100DE0002B68BB6029F07F426B68FB6042F0E062D9
:100DF0007A6087F80080A36C24480133A364984785
:100E0000A36C013BA3643B78DAB29B0605F10805AD
:100E1000DDD56720BDE8F8836520BDE8F88369204B
:100E2000BDE8F8836820F5E76620F3E7174B2A68EA
:100E30009A600420EEE70020ECE7DFF850804FF0E6
:100E4000700708E012F0100F09F10409EAD1D30786
:100E5000E5D4043EEFD029F07F4355F8042BC8F8C1
:100E6000082043F0C063C8F8043088F80070A36C11
:100E700006480133A3649847A36C013BA36498F828
:100E800000309906DAB2DDD5C3E700BF00000240AA
:100E90002DE9F04F90F83590164609F1FF321F46C4
:100EA000D2B241EA0603134283B05CD1836899420F
:100EB00005464ED3C06831440344994249D8D5F819
:100EC00030806B69B0FBF3F208F1FF3313445142F9
:100ED00003EA010AD04508BF1346019208BF08EB98
:100EE000030A002E41D0DFF888B03F0209E0019BE1
:100EF00010F0100FA0449A4433D1C3072DD4361BF1
:100F000033D0AAEB0804B44228BF344628F07F400F
:100F1000B4FBF9F147EA014140F0807041F0FF0174
:100F20004FF07003CBF80400CBF808108BF80030BA
:100F3000A96C0F480131A9648847A96C0139A964DB
:100F40009BF800108A06C8B2D1D5672003B0BDE86F
:100F5000F08F662003B0BDE8F08F692003B0BDE8D4
:100F6000F08F6820F2E76520F0E70020EEE700BF91
:100F70000000024000284CD010B40379264923F029
:100F80003F03002243F03F030280037191F82840A1
:100F900091F82B3082605FFA84FC01244461D9B25D
:100FA0004FF400641D4B0461DB6CC3F303630F2B30
:100FB0001DD001622021C1621949826131F81330CC
:100FC00042629B024FF4807202FA0CF2B3F5004FBA
:100FD000C360C2611BD84FF48063124941634FF470
:100FE000806202875DF8044B8362FFF74BBE4FF4CB
:100FF0000033C3604FF4807303FA0CF32024C0E97C
:101000000623C0E90812C4624FF48053E5E75B0988
:10101000E3E70420704700BF000002400080044066
:1010200044D800000808040478B3F0B58468A142ED
:10103000054606D3E86801EB020C04EB000EF4450C
:1010400001D96620F0BD6C784FF0640C0CFB045C99
:1010500004EB84009CF8016000EB800005EB80004D
:101060004EB90E464FF0640C0CFB04542663BDE8E9
:10107000F040FFF72DBE9CF80460F607F1D5DCF8D0
:10108000087001F50006F61BECE70420704700BF6E
:1010900078B3F0B58468A142054606D3E86801EB51
:1010A000030C04EB000EF44501D96620F0BD6C780A
:1010B0004FF0640C0CFB045C04EB84009CF80160B2
:1010C00000EB800005EB80004EB90E464FF0640C3B
:1010D0000CFB04542663BDE8F040FFF755BE9CF8B6
:1010E0000460F607F1D5DCF8087001F50006F61B80
:1010F000ECE70420704700BF78B3F0B58468A142E4
:10110000054606D3E86801EB020C04EB000EF4453B
:1011100001D96620F0BD6C784FF0640C0CFB045CC8
:1011200004EB84009CF8016000EB800005EB80007C
:101130004EB90E464FF0640C0CFB04542663BDE818
:10114000F040FFF7A5BE9CF80460F607F1D5DCF887
:10115000087001F50006F61BECE70420704700BF9D
:10116000B8B1B2B1212912D8DFE801F0191C1F254E
:10117000282B3033111111111111111111111111ED
:1011800011111111111111111111111136156A20BE
:10119000704704207047036C136000207047036998
:1011A0001360FAE7C3681360F7E7C3684169B3FBEC
:1011B000F1F31360F1E743691360EEE783681360AE
:1011C000EBE70379C3F300131360E6E7C369136029
:1011D000E3E7036A1360E0E7C36B1360DDE700BF7A
:1011E00010B41478012303FA01F134B943695DF8AE
:1011F000044B23EA010343617047537833B14160E4
:1012000043695DF8044B0B43436170478160F7E726
:10121000144A00B5936B91F803E043F00103936324
:101220000B7891F802C04A785B004FEACC0C03F0CF
:1012300002030CF0080C43EA0C03120102F0300226
:1012400043EA8E03134303604B798A79097903F0EB
:101250000303D20043EA810302F0780213434360A0
:101260005DF804FB0080044010B50722044600210D
:101270000CF00CF9002301224FF480712380A3703D
:10128000A4F80520A4F8031010BD00BF154AD36BC5
:1012900043F40003D36303680A7823F00203036076
:1012A000D0F8083123F00103C0F80831D0F8183124
:1012B00023F00103C0F81831D0F8283123F00103DE
:1012C000C0F82831D0F8383123F00103C0F83831A4
:1012D00003681AB123F001030360704743F0010370
:1012E0000360704700800440044B5A6D02609A6DA1
:1012F0004260DA6D82601B6EC360704700800440FC
:10130000034600205A7802F09F025A70704700BFCF
:1013100002460020537803F09F0343F060035370AC
:10132000704700BF0B68B2EB031F10B575D34FEACF
:10133000031CB2FBFCFC4FEA4C1E5200B2FBF3F460
:10134000B2FBF4F2A4EB0E0E3A4C934234BFD21A25
:101350009A1AA4FB03435B0903EB4303934261D353
:10136000354B984261D003F58053344A984218BFF8
:101370000124A3F5103304BF4FF4006413461A6828
:1013800022431A60C37803F0F303C370037803F0B9
:10139000E00343EA1C23DBB25FFA8CFC037080F8A5
:1013A00001C0837A0EF01F0E03F0E00343EA0E0340
:1013B00083724A7A83780C79920003F0E80302F092
:1013C0000402134314B1234343F0100383704B7999
:1013D000C3748B794375037C43F088030374437CA7
:1013E00043F0C0034374CB791BB1437B43F0080344
:1013F00043730B7A1BB1437B43F001034373CB7AF6
:101400008A7AC1785B42524202F0080203F0040378
:1014100013430B43C370002010BD4FF0200E4FF05C
:10142000010C8AE740F2F53010BD044B4FF48064A4
:10143000A5E700BF1F85EB5100A0064034800440A3
:1014400010B50C22002104460CF020F84FF4E131D5
:101450004FF48032002384E80E0010BD0A4A03785E
:1014600011400B43DBB20370C37843EA1123DBB2B4
:10147000C370837943EA1143DBB28371437C43EA4F
:1014800011634374704700BFC0F00F0702794179C0
:10149000037B807C1B0443EA0123134343EA00607F
:1014A000704700BF00B5437903F03F0343EA1123BF
:1014B000DBB20A0E437111F0170F82741CBF03795F
:1014C000C3790B0705D50379C379437C43F0400307
:1014D000437490F804C090F805E0037B827C1B0401
:1014E00043EA0E2343EA0C0343EA02630B4240F251
:1014F000EE3008BF00205DF804FB00BF42B10A4493
:1015000003791B06FCD511F8013BC3718A42F7D160
:1015100003795B06FCD570470346807CDA78400689
:10152000D2B217D5D87800F0F300D870587C40F0CC
:10153000C000587481B9197C01F0F7011974597C05
:1015400041F0C0015974D97802F00C020A4300201E
:10155000DA70704701207047197C41F00801197456
:10156000EDE700BF08B5054A054B11681B68054843
:101570009847BFF34F8FBFF34F8F08BD7400002013
:101580007000002000A00640704700BF0A4908B55F
:10159000D1F88820094B42F47002C1F888204CF23F
:1015A000205C4DF628104FF4E972A3F80EC0D881E4
:1015B0001A80FFF7E9FF08BD00ED00E000200540BC
:1015C00047F2305300BF013BFCD1704710B50E4CC1
:1015D000AA2323702046FFF79BFEE378802BFCD1E3
:1015E0000A4B0B4959640B4A03210120FFF7E8F924
:1015F000002201210220FFF769F90748FFF74AF8A6
:10160000064B074A1A6010BD00E007400080044006
:1016100000000711C115000064D800000800002078
:101620000080B805704700BFF0B5964C964FA36B8D
:1016300043F40073A363A36B43F48063A363A36BBE
:1016400043F40063A363A36B43F48053A363A36BCE
:1016500091B043F400530026A3636A463846012143
:10166000ADF80060FFF7BCFD01AA38460221ADF8D5
:101670000460FFF7B5FD854B02AA1B88ADF8083062
:10168000384612210125FFF7ABFD03AA3846132186
:101690004037ADF80C50FFF7A3FD04AA3146384699
:1016A000ADF81050FFF79CFD05AA38462946403793
:1016B000ADF81450FFF794FD06AA38460521ADF8A1
:1016C0001850FFF78DFD07AA384606214037ADF8C0
:1016D0001C50FFF785FD08AA38460421ADF82050BC
:1016E000FFF77EFD09AA38460521ADF82450FFF723
:1016F00077FD0AAA38460621ADF82860FFF770FD8D
:10170000ADF82C60624E0BAA38460721FFF768FD42
:101710000CAA30461021ADF83050FFF761FD0DAA3C
:1017200030461121ADF83450FFF75AFD0EAA30466D
:101730001221ADF83850FFF753FD0FAA30461321A0
:10174000ADF83C50FFF74CFD524A534D5168534B96
:10175000534821F4E06141F480715160916C21F4AF
:10176000E06141F480719164D16C21F4E06141F455
:101770008071D164916821F4E06141F480719160DD
:101780002A6822F4E06242F480722A606A6822F4D5
:10179000E06242F480726A605968424A21F4E06172
:1017A00041F4407159605968014041F003015960AA
:1017B000996821F4E06141F480719960D96821F45D
:1017C000E06141F44071D960D968014041F0030102
:1017D000D960196921F4E06141F440711961196916
:1017E000014041F003011961596921F4E06141F4BC
:1017F00080715961996921F4E06141F480719961C6
:10180000116921F4E06141F480711161516921F4A1
:10181000E06141F480715161916921F4E06141F42A
:10182000807191619169014041F003019161D16939
:1018300021F4E06141F48071D161D169014003F587
:10184000005341F00301D1611A6C22F4E06242F4CA
:1018500080721A645A6C22F4E06242F480725A6414
:101860009A6C22F4E06242F480729A64DA6C22F498
:10187000E06242F48072DA64236923F0300323616A
:1018800011B0F0BD0080044000F00F406CD80000A3
:1018900000F10F400090044000A0044000B004405C
:1018A000FCFFFFFE00C00440FFF7BEBE2DE9F04183
:1018B0000E469AB04449054614460BF0F7FD20B198
:1018C000424928460BF0F2FDA0B901236268404965
:1018D0004048337001F0B6FA3F494048626801F071
:1018E000B1FA3F493F48626801F0ACFA00201AB0F3
:1018F000BDE8F0813C4928460BF0D8FD002850D1C6
:1019000001236268394933703248DFF81481384F57
:1019100001F0C0FA05A8FFF7E7FC069B0293DDE99A
:101920000713059A0192CDE90313324A532105A802
:1019300002F082F80DF103050DF113064246532122
:1019400005A802F08BF815F8012F532105A802F025
:1019500095FCAE424FF053013A4605A802D002F082
:101960007DF8EBE7244A02F079F86268234805A97C
:1019700001F090FA6168224800F088FF214B22496B
:101980005B6A62682148C3F3011351F8231001F028
:1019900081FA1B48616800F079FF00201AB0BDE8A9
:1019A000F0811B4928460BF081FD0028A8D0194979
:1019B00028460BF07BFD002898D1174B174A0121D0
:1019C0003170DA60FEE700BF0CDC000000D90000D7
:1019D0007CD800009CD80000A8D80000CCD800001B
:1019E000DCD80000F8D8000088DC000014D9000022
:1019F00078D8000070D8000074D800003CD90000EE
:101A00003CE9000000800440F4F2000044D90000EA
:101A100028D9000050D9000000ED00E00400FA05CC
:101A200034E50000704700BF08B510461A460BF0B9
:101A30002BFD002008BD00BF014BC3E9000170472A
:101A4000E00000200120704708B50346084619460B
:101A50000BF01AFD002008BD70B582B00023019381
:101A60000C46F1B101F1FF3C0546431E844401E000
:101A7000634519D013F8012FFF2AF9D01C48FFF74E
:101A80003FFC064660B9012003F004FB194801AA97
:101A90003146FFF765FB18B9019BB3F5006F07D01E
:101AA0001B24204602B070BD0024204602B070BD49
:101AB000EFF3108672B6104B0E4822462946FFF708
:101AC000B3FA40B186F310881B240948FFF720FCC5
:101AD0000028E6D0E4E786F3108806482246012372
:101AE0002946FFF709FB04460028EDD1EDE700BFCA
:101AF00000E007407C0000206B66656B2DE9F0413B
:101B00000F46114615460646FFF7A6FFC8B904461C
:101B10000E48FFF7F5FBA0B9012003F0BBFAEFF385
:101B2000108872B60A482B463A463146FFF7B0FA9B
:101B3000002818BF1B2488F310880448FFF7E8FB2F
:101B400000B11B242046BDE8F08100BF00E0074043
:101B50007C00002070B50E4692B0624905461446DE
:101B60000BF0A4FC20B1604928460BF09FFCC0B9E3
:101B700062685E495E4801F065F95E495E486268E8
:101B800001F060F95D495E48626801F05BF95D490A
:101B90005D48626801F056F901233370002012B0ED
:101BA00070BD5A4928460BF081FC28B15849284697
:101BB0000BF07CFC00283BD101236268554933704F
:101BC0004B48554D01F066F906A8544A302101F002
:101BD00033FF06A84FF40062302102F089FB06A80B
:101BE0004F4A302101F03AFF62684E4806A901F0E1
:101BF00051F906A84C4A302101F01EFF2A6806A8B8
:101C0000302102F033FC06A8484A302101F026FFBB
:101C10006A6806A8302102F029FC06A8404A302153
:101C200001F01CFF4248626806A901F033F9B5E7EC
:101C300040490E2228460BF0A4FCF0B901230E35D2
:101C4000337005A904A8049502F038FE002834D1A9
:101C500006A904A802F032FE002834D1069B002B0E
:101C600031DD059902944A1E334C019410251A4423
:101C70000095042301F010F990E730490F2228461F
:101C80000BF07FFC002889D101230F35337005A9A3
:101C900004A8049502F012FE00287FF47FAF059B94
:101CA000C3F30A03CBB906A904A802F007FE78B96A
:101CB000DDE90501FFF7D0FE71E7A168204800F0DB
:101CC000E5FD1B206BE7A1681E4800F0DFFDF8E78B
:101CD000A1681D4800F0DAFDF3E7A1681B4800F099
:101CE000D5FDEEE70CDC000070DA0000E4D900005E
:101CF00004DA0000A8D80000CCD8000010DA0000F8
:101D000024DA00003CDA000058DA000088DC000029
:101D1000C8DA000080DA0000E000002094DA000059
:101D20003CE900009CDA0000A4DA0000ACDA000014
:101D3000B8DA0000D8DA0000291A00001CDB000025
:101D400000DB0000E8DA000058DB00002CDB0000BC
:101D500008B50548642200210BF098FB0248FFF704
:101D600009F900B908BDFEE77C00002001491422F2
:101D70000BF08ABB14F3000010B5044682B00222B7
:101D8000002101A80BF082FB0023E1686068ADF838
:101D9000043001AAFFF724FA0123237002B010BD1A
:101DA00030B5044683B00D460222002101A80BF095
:101DB0006DFB0123E16860688DF8043001AA8DF89D
:101DC0000550FFF70DFA0023237003B030BD00BFAC
:101DD000F0B5054683B0142005F0B4F8044660B1B0
:101DE000142200210BF052FB2946204611F8043B37
:101DF00000F8043B10220BF047FB2E786F7802228C
:101E0000002101A80BF042FB86F001064FF0000311
:101E100066F3070367F30F23E1686068ADF80430E9
:101E200001AAFFF7DDF92B7C2374B3B9D4E90221B1
:101E300052F8213023F0807323F0030342F821305D
:101E4000D5E9022152F8213023F4E063204643F41F
:101E5000807342F8213003B0F0BD012B0ED0022B6D
:101E6000EED1D4E9022152F8213023F0807323F01F
:101E7000030343F0020342F82130E1E7D4E90221F1
:101E800052F8213023F0807323F0030343F003035F
:101E900042F82130D4E700BFC168426801238B407B
:101EA00093607047C168426801238B40536070475C
:101EB000C168426801238B40D360704710B4C46886
:101EC00042680123A34019B15DF8044B5360704789
:101ED0005DF8044B936070474268C3681069D8404E
:101EE00000F0010080F00100704700BF002370B5D2
:101EF0000B7003780C4606461546002B40D12E4A3F
:101F00002946204601F0AAFD7368F2681B69D34098
:101F1000DB074CBF294A2A4A2946204601F09EFD8C
:101F2000284A2946204601F099FD72682946204634
:101F300002F09CFA244A2946204601F08FFDB2683F
:101F40002946204602F092FA204A2946204601F00E
:101F500085FDF2682946204602F030FB1C4A2946DE
:101F6000204601F07BFD337C012B16D0022B0DD0D7
:101F7000D3B929462046174ABDE8704001F06EBD2E
:101F8000154A2946204601F069FDBDE7294620464D
:101F9000124ABDE8704001F061BD29462046104A52
:101FA000BDE8704001F05ABD294620460D4ABDE803
:101FB000704001F053BD00BF74DB000098E50000E5
:101FC00084DB000088DB000094DB0000A0DB000065
:101FD000A8DB0000B0DB00007CDB0000B8DB000009
:101FE000B4DB0000BCDB0000704700BF30B41A4C0B
:101FF00005681A4B25601A4944681C608568194AAF
:10200000194C0D60194BC168056911602560446960
:102010001C60D0E90640164A164914604FF0E023D0
:102020000860154AD3F8281D1160144AD3F82C1DF6
:102030001160134AD3F8301D1160124AD3F83C1DC9
:102040001160114AD3F8341D1160104AD3F8383D9D
:10205000136000BE30BC70471C0100201801002036
:1020600014010020100100200C01002008010020B4
:102070000401002000010020FC000020F8000020E6
:10208000F4000020F0000020EC000020E800002018
:1020900004207146084202D0EFF3098001E0EFF31B
:1020A000088081690A884BF6AB639A4201D0FFF73A
:1020B0009DBF0231816120210160704701491422D6
:1020C0000BF0E2B928F3000070B586B0044601A811
:1020D000FFF74CFE00231022211D02A88DF80430CA
:1020E0000BF0D2F92378BBB1637883F0010301A828
:1020F0008DF80530FFF76CFE0646082004F022FF3D
:10210000054630B1082200210BF0C0F923782B716D
:102110002E60284606B070BD6378E8E70068FFF7D8
:10212000C7BE00BF704700BF704700BF2DE9F04F2A
:102130000E46B3B03949054614460BF0B7F920B145
:10214000374928460BF0B2F9A0B901236268354936
:102150003548337000F076FE34493548626800F047
:1021600071FE34493448626800F06CFE002033B0E0
:10217000BDE8F08F314928460BF098F928B1304975
:1021800028460BF093F9002870D1012562682D498B
:102190002548357000F07EFE62682B492B4800F020
:1021A00079FE61682A4800F071FB626829492A4873
:1021B00000F070FE4FF47A7222A8102101F08AFC20
:1021C000616822A800F062FB6168244800F05EFBB1
:1021D0002A4622A8102101F07DFC616822A800F0A7
:1021E00055FB61681E4800F051FB626819491D48A3
:1021F00000F050FE04F098FF1021024622A802F0E1
:10220000BDFA616822A800F041FB1748616800F040
:102210003DFB002033B0BDE8F08F00BF0CDC0000B8
:1022200004DC0000C0DB0000DCDB0000A8D80000FC
:10223000CCD80000E4DB0000F8DB000088DC000004
:1022400080DC000014DC000034DC00003CDC00001A
:102250003CE90000B0DF000048DC000058DC000072
:1022600060DC000068DC000074DC000028469A494D
:102270000BF01CF9054600287FF478AF0123616854
:102280009648337000F002FB202304221946009286
:102290000FA8934A8DF83C5002F070FC61680FA8BB
:1022A00000F0F4FA20230722194600920FA88D4A65
:1022B0008DF83C5002F062FC61680FA800F0E6FA6D
:1022C0000B2720231946884A00970FA88DF83C5009
:1022D00002F054FC61680FA800F0D8FA05230093BF
:1022E00020231946814A8DF83C500FA802F046FC85
:1022F00061680FA800F0CAFA092300932023194649
:102300007B4A8DF83C500FA802F038FC61680FA89A
:1023100000F0BCFA082620231946764A00960FA83A
:102320008DF83C5002F02AFC61680FA800F0AEFA6C
:1023300020231946704A00970FA88DF83C5002F0F0
:102340001DFC61680FA800F0A1FA202319466B4A12
:1023500000970FA88DF83C5002F010FC61680FA8A0
:1023600000F094FA20231946654A00960FA88DF8CC
:102370003C5002F003FC61680FA800F087FA1523B7
:102380000093202319465F4A8DF83C500FA802F0B5
:10239000F5FB61680FA800F079FA202319465A4A24
:1023A00000960FA88DF83C5002F0E8FB61680FA87A
:1023B00000F06CFA5548616800F068FA06F076F8AB
:1023C000102800F2C381102122A806F0B5FD834633
:1023D00000283FF4CBAEDFF83C8122AE002756F850
:1023E000040B002800F07E810523012217A906F0C6
:1023F00023FC0DF10F03009356F8040C06AB05AA5D
:1024000004A906F051FE0025199A8DF81C502021D0
:1024100007A802F0D3F8042300932023194607AA43
:102420000FA88DF83C5002F0A9FB61680FA800F0DE
:102430002DFA9DF80F308DF81C50002B40F075815F
:10244000334A202107A801F0F7FA0723009320233D
:102450001946002507AA0FA88DF83C5002F08EFB04
:1024600061680FA800F012FA4246202107A801F087
:10247000E3FA56F8042C202107A801F0F7FF0B23FC
:1024800000932023194607AA0FA88DF83C5002F0AC
:1024900075FB61680FA800F0F9F956F8040C8DF887
:1024A0003C5006F009F80523009320231946024604
:1024B0000FA802F063FB61680FA800F0E7F99DF830
:1024C0006830052B00F24C81DFE813F023011D0179
:1024D000170111012901260090DC0000A4DC000096
:1024E000ECDC0000F0DC0000F8DC000000DD0000A7
:1024F00008DD000010DD000018DD000024DD000014
:1025000030DD000038DD000044DD00003CE9000063
:1025100088DD000034E50000944A202107A801F07E
:102520008BFA0923009320230025194607AA0FA838
:102530008DF83C5002F022FB61680FA800F0A6F96C
:102540002822202107A88DF81C5001F0ADFA1C9A12
:10255000202107A802F032F82C22202107A801F040
:10256000A3FA1B9A202107A802F028F8292220218B
:1025700007A801F099FA4FF008092023194607AA85
:102580000FA8CDF800908DF83C5002F0F7FA616882
:102590000FA800F07BF94246202107A801F04CFA71
:1025A000049A202107A801F061FF4FF00B0A2023B5
:1025B000194607AACDF800A00FA88DF83C5002F0EC
:1025C000DDFA61680FA800F061F94246202107A8F2
:1025D00001F032FA059A202107A801F047FF2023D5
:1025E000194607AACDF800A00FA88DF83C5002F0BC
:1025F000C5FA61680FA800F049F9DDE90423D21A91
:102600004FF0050A20234A44194692B207A8CDF894
:1026100000A08DF81C5001F0B7FB554A202107A8F7
:1026200001F01CFA2023194607AA0FA8CDF8009044
:102630008DF83C5002F0A2FA61680FA800F026F96C
:102640004246202107A801F0F7F9069A202107A8A1
:1026500001F00CFF474A202107A801F0FFF9069B73
:10266000049ACDF800A0D21A04322023194692B25F
:1026700007A801F089FB404A202107A801F0EEF9E4
:10268000152300932023194607AA0FA88DF83C5064
:1026900002F074FA61680FA800F0F8F8BDF8842021
:1026A000CDF800A020239200194692B207A88DF819
:1026B0001C5001F069FB2E4A202107A801F0CEF939
:1026C0002023194607AA0FA8CDF800908DF83C509A
:1026D00002F054FA61680FA800F0D8F82748616842
:1026E00000F0D4F80137BB457FF479AE3EE5244ACB
:1026F000202107A801F0A0F913E7224A202107A80A
:1027000001F09AF90DE7204A202107A801F094F979
:1027100007E71E4A202107A801F08EF901E71C4AAD
:10272000202107A801F088F9FBE607A8194A202113
:1027300001F082F99DF80F2007A8202101F03AFA54
:10274000154A202107A801F089F97EE60FA8134A4F
:10275000202101F071F9A1680FA800F097F832E686
:102760000F4A202107A801F067F9DAE6C8DD00006A
:10277000DCDD0000E0DD0000E4DD00003CE90000FD
:10278000ACDD0000B8DD0000A4DD00009CDD000031
:10279000C0DD000090DD000098DD00004CDD000091
:1027A000D0DD000072B6034A936B43F001039363DC
:1027B00004F04EBD0080044008B504F01BFB003857
:1027C00018BF012008BD00BF10B5044604F096FAFA
:1027D000431C08BF0020207010BD00BF30B583B07F
:1027E000144D8DF80700032401220DF1070100208C
:1027F00004F080F901282B7813D00133DBB2632B6E
:102800002B7013D806F08CFA02284FF0050005D083
:1028100002F040FC013CE7D103B030BD06F00AF8FD
:10282000F8E7002BF8D0013B2B70F5E764232B7001
:10283000F2E700BFB40C002004F012BBF8B50F465D
:10284000154608B3064600780D2408B908E06CB1B7
:10285000A84716F8010F013CE4B20028F7D12CB1CB
:102860002020013CA84714F0FF04F9D13A20A847E2
:102870002020A8473FB135B1387820B1A84717F8D4
:10288000010F0028FAD1F8BD0D24E9E751B138B5A0
:10289000044600780D4620B1A84714F8010F00281F
:1028A000FAD138BD704700BF30B585B00D4602463D
:1028B0000B2101A801F062FF45B19DF8040028B189
:1028C00001ACA84714F8010F0028FAD105B030BDBB
:1028D00070B5054642682449244888B0FFF7AEFF2A
:1028E000234924486A68FFF7A9FF6B689BB1202041
:1028F00098476E687EB1204C3120B04714F8010F24
:102900000028FAD16E6836B11C4C0D20B04714F87F
:10291000010F0028FAD100246846232220218DF8D7
:10292000004001F0C1F86846144A202101F096F8F1
:102930006A6813486946FFF781FF6A6811491248BF
:10294000FFF77CFF6846C822202101F017FF684688
:102950000E4A202101F082F80D486A686946FFF7A7
:102960006DFF204608B070BDFCDD000018DE0000E1
:1029700024DE000030DE0000F0DD00003CE9000055
:1029800038DE000044DE00004CDE000058DE0000AF
:1029900070DE00002DE9F0410E4659490446174605
:1029A0000AF084FD002840F090807D68002D00F042
:1029B000A580544C0D20A84714F8010F0028FAD127
:1029C0007D68002D00F09A804F4C2D20A84714F808
:1029D000010F0028FAD17D68002D00F08F80494C4E
:1029E0000D20A84714F8010F0028FAD17D68002DAA
:1029F00000F08480454C4B20A84714F8010F0028B4
:102A0000FAD17D68002D79D03E4C0D20A84714F8EE
:102A1000010F0028FAD17D68002D6FD03A4C2D208F
:102A2000A84714F8010F0028FAD17D68002D65D061
:102A3000344C0D20A84714F8010F0028FAD17D6806
:102A4000DFF8E4801A244D2000E06CB1A84718F8A4
:102A5000010F013CE4B20028F7D12CB12020013C49
:102A6000A84714F0FF04F9D13B20A8472020A8472D
:102A700035B1274C4720A84714F8010F0028FAD198
:102A80007D68244F1A24202000E06CB1A84717F875
:102A9000010F013CE4B20028F7D12CB12020013C09
:102AA000A84714F0FF04F9D13B20A8472020A847ED
:102AB00035B1194C5020A84714F8010F0028FAD15D
:102AC000012333700020BDE8F081144920460AF04C
:102AD000EDFC00283FF469AF114920460AF0E6FCFE
:102AE00028B1104920460AF0E1FC0028EAD1012370
:102AF00033703846BDE8F041FFF7EABE00259FE796
:102B00000CDC00003CE9000078DE0000B8DE0000CC
:102B1000C8DE0000CCD80000A8D80000E8DE000025
:102B200088DC0000F8DE000018DE0000F8B58F68D1
:102B3000002F36D01B4E04460D462A20B84716F803
:102B4000010F0028FAD1AE68002E2AD0207830B1CB
:102B5000B04714F8010F0028FAD1AE680EB3124C3A
:102B60000D20B04714F8010F0028FAD1AE68C6B1A5
:102B70000E4C2A20B04714F8010F0028FAD1AE6895
:102B80007EB10B4C6820B04714F8010F0028FAD131
:102B9000AD6835B1074C2020A84714F8010F002874
:102BA000FAD1F8BD08DF00003CE9000028DF000092
:102BB0000CDC000034DF00002DE9F04782B0002972
:102BC0004CD090F800900746B9F1000F24D0B9F12D
:102BD000230F4FF0000615469A46884608BF013776
:102BE0008DF80760E2B11468D4B142460DF10701D7
:102BF0003846A04755F8044F002818BF1B26002C64
:102C0000F3D19DF807305BB156B9B9F1230F02D06B
:102C1000BAF1000F0AD0B146484602B0BDE8F087CD
:102C200041463846FFF782FF1B26EEE7D8F80450EE
:102C3000002DF0D00C4C0D20A84714F8010F0028EF
:102C4000FAD1D8F80450002DE5D0084C4320A8470D
:102C500014F8010F0028FAD1B146DDE74FF01B0947
:102C6000484602B0BDE8F0873CE90000E8DD00001E
:102C7000014B186000207047E8010020014B1868E4
:102C8000704700BFE80100202DE9F04F85B09DF8A6
:102C900038B00193002A50D01646804689460AF083
:102CA00049FCF36805469847D8B308EB050A0027A6
:102CB000A9EB050532688DF80F700DF10F009047F4
:102CC0009DF80F406CB1082C2FD07F2C2DD00D2CEF
:102CD0000AF8014B05F1FF3503D00A2C01D0012D74
:102CE000E8D800228AF8002040460AF023FC20B3EE
:102CF000012809F1FF3924D081452BD9013818F872
:102D000000300A2B01D00D2B0BD1002408F8004015
:102D1000019A5B4631464046FFF74EFF88F8004077
:102D200000E0002005B0BDE8F08FD045C2D20AF81F
:102D3000017C01350AF1FF3ABCE71B2005B0BDE874
:102D4000F08F98F800300A2B0FD00D2B0DD0B9F171
:102D5000010FE6D85B46019A31464046FFF72CFF4B
:102D60000023042088F80030DCE7002388F80030D6
:102D7000EDE700BF002A57D02DE9F04383B090461D
:102D800006460F460AF0D6FBD8F80C3004469847A2
:102D900080B335194FF000093C1BD8F800308DF88E
:102DA00007900DF1070098479DF807306BB1082B8D
:102DB00024D07F2B22D00D2B05F8013B04F1FF34EA
:102DC00003D00A2B01D0012CE7D800232B7030460A
:102DD0000AF0B0FBC8B1012807F1FF3719D08742CC
:102DE0001ED9431EF25C0A2A01D00D2A02D100200E
:102DF000F05400E0082003B0BDE8F083AE42CCD22E
:102E000005F8019C0134013DC7E71B2003B0BDE874
:102E1000F08333780A2B09D00D2B07D0012FE9D886
:102E2000002333700420E6E71B2070470023337033
:102E3000F4E700BF10B582B000240094FFF724FF30
:102E400002B010BDF8B50F46154608B30646007827
:102E50001A2408B908E06CB1A84716F8010F013C24
:102E6000E4B20028F7D12CB12020013CA84714F08F
:102E7000FF04F9D13B20A8472020A8473FB135B136
:102E8000387820B1A84717F8010F0028FAD1F8BD0B
:102E90001A24E9E7FFF7D2BC2DE9F04FA9B08A4226
:102EA0009DF8C860DDF8D0800393C0F0CB808B46DE
:102EB000511A0131CDE901106A4F04925FFA81F98C
:102EC000019B0298339DB34234BF4B46334606AA5A
:102ED000594634BF4C463446A8470590002840F078
:102EE000A280614A65210EA800F0A6FD039B5A4608
:102EF00065210EA801F0A4FE3A2265210EA800F07B
:102F0000D3FDD8F804A0BAF1000F08D09DF838001E
:102F100028B10EADD04715F8010F0028FAD10023D3
:102F20008DF83830A4B106AD9A462B4655469A46E0
:102F3000002D64D01AF8012B65210EA801F09EF92E
:102F40000135202265210EA800F0AEFDA542EFD18B
:102F5000A642254608D901353A4665210EA8EDB2AC
:102F600000F07CFDAE42F6D1D8F804A0BAF1000F13
:102F70000AD09DF8380038B10EADD04715F8010FD2
:102F80000028FAD1D8F804A02020D0478CB104F151
:102F900018030DF1180A0DEB03051AF8010BD8F808
:102FA0000430A0F120025F2A88BF2E209847AA454E
:102FB000F3D1A64208D901343A4665210EA8E4B2FD
:102FC00000F04CFDA642F6D1D8F8045035B1274C9C
:102FD0000D20A84714F8010F0028FAD1019B9B1B74
:102FE0000193049BB344A9EB06095B455FFA89F999
:102FF000BFF466AF059A104629B0BDE8F08F2022D5
:1030000065210EA800F050FD1AF8012B65210EA8CD
:1030100001F034F90125202265210EA800F044FDBD
:10302000AC4287D194E7D8F8085035B1104C0D2048
:10303000A84714F8010F0028FAD11B22104629B026
:10304000BDE8F08FD8F8085035B10A4C0D20A847DC
:1030500014F8010F0028FAD10222104629B0BDE869
:10306000F08F00BFB4DF000034E500003CE9000051
:103070009CDF00005CDF000010B4034683B0EFF378
:10308000108072B68DF807000E490A7842B99DF893
:10309000070080F31088FF2003B05DF8044B7047F1
:1030A000094C012B4FF0000238BF01230A70236046
:1030B0009DF8070080F31088104603B05DF8044BBC
:1030C000704700BFEC010020F0010020FF2816D05F
:1030D00010B4034683B0EFF3108072B68DF807008A
:1030E0000748084A0024012140F82340D1549DF8A4
:1030F000070080F3108803B05DF8044B70477047F9
:10310000F0010020EC010020FF2813D082B003461C
:10311000EFF3108072B68DF80700084A52F823309A
:10312000B3FA83F35B099DF8070080F31088184613
:1031300002B0704701231846704700BFF00100201D
:1031400082B0EFF3108072B68DF80700054A13685D
:103150000BB1013B13609DF8070080F3108802B0AB
:10316000704700BFF00100200349044B00200122FA
:1031700008601A70704700BFF0010020EC010020C9
:1031800010B5084B82B00446002218680DF1070103
:1031900004F00AFE01280CBF9DF8073000232370BD
:1031A00002B010BDC402002008B5044B186804F03A
:1031B00081FF003818BF012008BD00BFC4020020F5
:1031C00070B50C4C0C4D22680A2802F10103A8547A
:1031D000236002D0C72B00D070BD00260648EE54F5
:1031E0000AF0A8F9044902460448FEF787F92E7050
:1031F000266070BDBC020020F401002000B0064033
:10320000024B0021186804F04FBB00BFC002002031
:1032100000B5084B83B0186800220DF1070104F0D7
:10322000C3FD01280CBF9DF80700002003B05DF826
:1032300004FB00BFC00200202DE9F0472E4D84B0F2
:1032400000232846CDE90233FEF720F910F0280FBD
:1032500006463FD0AB7D03F0FF04002B3AD0274F4A
:10326000DFF8A08010E099F80020EAB93B700DF17A
:10327000070AD8F80000002303AA514604F0ACFC6A
:10328000631E13F0FF0425D0EB79DBB28DF8073015
:10329000002BF5D03A78DFF870900A2AE3D1402B62
:1032A000E1D1012389F80030154B0DF1070A1868A8
:1032B00002AA0023514604F08FFC99F800209DF8E3
:1032C00007303B70002AD4D00A2B04BF002389F8B2
:1032D0000030CEE746F08061074841F00801FEF774
:1032E000E1F8DDE90232134301D003F0E9FFBFF357
:1032F0004F8F04B0BDE8F08700B0064014000020F6
:10330000C0020020C4020020B50C002070B50E469B
:103310009AB09E49054614460AF0C8F820B19C4967
:1033200028460AF0C3F8A0B90123626899499A486F
:103330003370FFF787FD994999486268FFF782FD6E
:10334000984999486268FFF77DFD002528461AB024
:1033500070BD964928460AF0A9F828B19449284634
:103360000AF0A4F800287FD10123626891493370E4
:103370008948FFF78FFD904962689048FFF78AFD02
:103380008F48FEF783F88F4A0546602102A800F0B7
:1033900053FB2A46602102A801F068F88A4A60219E
:1033A00002A800F05BFB6268884802A9FFF772FD83
:1033B0002B0600F1CD806E0600F1C480A80600F156
:1033C000BB80E90600F1B2802A0700F1A9806B07F3
:1033D00000F1A080AE0700F19780E80700F18E8031
:1033E000290400F185806A047CD4EB0574D42E0294
:1033F0006CD4680264D4002DC0F2B080690059D446
:10340000AA0151D46B0144D402A84FF4E1326021E7
:1034100001F0B4F902A86C4A602100F01FFB626859
:103420006B4802A9FFF736FD02A86A4A602100F046
:1034300003FB02A84FF44062602101F0BFF802A82C
:10344000654A602100F00AFB6022114602A801F0E3
:10345000B5F802A85C4A602100F000FB5F48626892
:1034600002A9FFF717FD70E75D49112228460AF00F
:1034700088F800287FF469AF01231135337001A962
:1034800002A8029501F01AFA054600286CD01B2507
:103490005CE7626853495448FFF7FCFC51495248C5
:1034A0006268FFF7F7FCAFE7626850494E48FFF7E4
:1034B000F1FCA7E762684E494B48FFF7EBFC9FE73A
:1034C00062684C494848FFF7E5FC94E762684A495E
:1034D0004548FFF7DFFC8CE7626848494248FFF740
:1034E000D9FC84E7626846493F48FFF7D3FC7CE794
:1034F000626844493C48FFF7CDFC74E76268424982
:103500003948FFF7C7FC6BE7626840493648FFF768
:10351000C1FC62E762683E493348FFF7BBFC59E7EC
:1035200062683C493048FFF7B5FC50E762683A49A9
:103530002D48FFF7AFFC47E7626838492A48FFF794
:10354000A9FC3EE7626836492748FFF7A3FC35E748
:10355000626834492448FFF79DFC2CE762683249D1
:103560002148FFF797FC49E701991548FDF79AFFB5
:10357000616806462D48FFF789F961683046FFF714
:1035800093F911486168FFF781F9DFE60CDC000070
:1035900008E00000B8DF0000D4DF0000A8D8000079
:1035A000CCD80000E0DF0000F8DF000088DC00007D
:1035B0004CE0000018E0000030E0000038E00000BF
:1035C00000B0064034E500003CE9000044E00000A3
:1035D00034E200003CE2000044E2000054E200005B
:1035E00060E2000018E20000B0DF0000FCE1000033
:1035F000E4E10000A8E1000084E100006CE10000CB
:1036000050E1000038E1000020E1000004E100008A
:10361000ECE00000D4E00000BCE00000A0E000000E
:103620007CE0000060E00000CCE1000074E20000FB
:1036300070B584B001A8FDF703FF01264FF4E13116
:10364000002240F201130D2001918DF80820ADF801
:103650000E30ADF80B60FDF785F81A4D024601A952
:103660002846FDF75FFE00B1FEE76B7B43F00403E5
:103670006B736B7B43F002036B7304463146284641
:10368000FDF74AFF10492846FDF7E8FE0F4B502191
:10369000022283F821134FF440605A6031462246DB
:1036A00004F04AF90A4B186048B1224631466020BE
:1036B00004F042F9074B186010B104B070BDFEE78A
:1036C000FEE700BF00B006400020080400E100E073
:1036D000C4020020C0020020B1F1004F00F0998028
:1036E000002910B507DB40F08580302303700124EA
:1036F0000023035510BD784B4A42A3FB0243DB086D
:1037000003EB8304A2EB4402303202701C46002B10
:1037100000F0C580704BA3FB04C2D20802EB820C00
:10372000A4EB4C0430344470002A00F08280A3FBE8
:1037300002C4E40804EB840CA2EB4C023032827029
:10374000002C7BD0A3FB04C2D20802EB820CA4EBBA
:103750004C043034C470002A77D0A3FB02C4E408C0
:1037600004EB840CA2EB4C0230320271002C73D0BB
:10377000A3FB04C2D20802EB820CA4EB4C0430344D
:103780004471002A6FD0A3FB02C4E40804EB840C4C
:10379000A2EB4C0230328271002C6BD0A3FB04C22E
:1037A000D20802EB820CA4EB4C043034C471002A22
:1037B00067D0A3FB0243DB0803EB8304A2EB4402C4
:1037C00030320272002B63D030330029437227DB82
:1037D0000A2422464FF0050E03460244864412F89E
:1037E00001CD197803F801CB9E451170F7D1002364
:1037F000035510BD394BCC1783FB0123C4EBA30445
:1038000004EB8403A1EB430330330370002C81D11C
:103810006DE73349334A344B01604260836070473F
:103820000A21092202322D2343541446C2F3470EC3
:10383000D2E7002936DA02210122F3E7002936DB3C
:10384000032422464FF0010EC6E7002932DB042490
:1038500022464FF0020EBFE700292EDB0524224648
:103860004FF0020EB8E700292ADB062422464FF06B
:10387000030EB1E7002926DB072422464FF0030E92
:10388000AAE7002925DB082422464FF0040EA3E70F
:1038900000291BDB092422464FF0040E9CE701217E
:1038A0001A46BFE7022422464FF0010E94E7032197
:1038B0000222B7E704210322B4E705210422B1E77D
:1038C00006210522AEE707210622ABE709210822DF
:1038D000A8E708210722A5E7CDCCCCCC67666666B1
:1038E0002D323134373438333634380011F5004F47
:1038F00073D0002910B506DB56D1302303700124A4
:103900000023035510BD494A4B429BB2A2FB034220
:10391000D20802EB8204A3EB44033033037013B2EA
:10392000002A75D0414A9BB2A2FB03C4E40804EB11
:10393000840CA3EB4C033033437023B2002C54D0DF
:103940009BB2A2FB03C4E40804EB840CA3EB4C037E
:10395000303383700FFA84FC002C4BD01FFA8CFCA0
:10396000A2FB0C23DB0803EB8302ACEB420C0CF153
:10397000300C80F803C01AB2002B42D0303200293C
:10398000027121DB052423464FF0020E0246034458
:10399000864413F801CD117802F801CB96451970D1
:1039A000F7D10023035510BD214ACB1782FB0142FA
:1039B000C3EBA20303EB8302A1EB420230321BB242
:1039C0000270002BAED19AE70522042302332D2189
:1039D00081541C46C3F3470ED8E71649016043F6ED
:1039E00036020023828083717047002912DA022296
:1039F0000123EBE7002912DB032423464FF0010EDD
:103A0000C4E700290EDB042423464FF0020EBDE775
:103A10000122DBE7022423464FF0010EB6E7032222
:103A20000223D3E704220323D0E700BFCDCCCCCCC4
:103A3000676666662D33323701290BD00144013A9F
:103A4000013903E000F8013B884203D012F8013F3E
:103A5000002BF7D100230370704700BF01391FD03E
:103A600010B4034601E0013914D0184613F8014B95
:103A7000002CF8D1013A014403E000F8013B8842F0
:103A800003D012F8013F002BF7D1002303705DF83B
:103A9000044B70471846002303705DF8044B7047D1
:103AA00000230370704700BF013910D010B401E04B
:103AB000013907D0034601301C78002CF8D1184694
:103AC00000F8012B002303705DF8044B70470023BE
:103AD0000370704712F5004F70B501F1FF3447D005
:103AE000002A154609DB41D10129064602D03023C0
:103AF00006F8013B0023337070BD53421BB201290D
:103B000051D02A4E4FF0000C00E04CB39BB2A6FB04
:103B10000321C90801EB8102E646A3EB42033033DF
:103B20000CF1010C00F80E30013C5FFA8CFC0BB27A
:103B30000029EAD100EB0C02002D164627DB4FEAE4
:103B40005C03002BD6D000EB030C12F8011D0378A8
:103B500000F8011B84451370F7D100233370CBE7C5
:103B600000EB0C0216464FEA5C03EAE71346C6E791
:103B700054B10F4A044403E000F8013BA04203D0D3
:103B800012F8013B002BF7D10023037070BD002C0D
:103B9000D5D00EF1020E2D23137050FA8EF2CEF313
:103BA00046031646CDE70646A4E700BFCDCCCCCCF5
:103BB00080E2000010B483B022BB30238DF80030C7
:103BC000012308336B440022013903F8082C13D079
:103BD000034601E0013946D0184613F8012B002AAC
:103BE000F8D16A46014403E000F8013B884203D063
:103BF00012F8013B002BF7D10023037003B05DF8EE
:103C0000044B70471A4CA4FB02C3DB0803EB830C84
:103C1000A2EB4C0C0CF1300C092A8DF800C09BB2C1
:103C200023D9A4FB034C4FEADC0C0CEB8C04A3EB74
:103C30004403632A03F130038DF801301FFA8CFC32
:103C40008ABF032302230CF1300C0DEB030288BF63
:103C50008DF802C09DF8004012F801CC8DF800C02C
:103C600002F8014CADE71846C6E70123A9E700BFFB
:103C7000CDCCCCCC30B583B02ABB30238DF800300E
:103C8000012505F108030DEB030501394FF0000391
:103C900005F8083C13D0034601E0013961D018460D
:103CA00013F8012B002AF8D16A46014403E000F81A
:103CB000013B884203D012F8013B002BF7D10023CF
:103CC000037003B030BD2F4BA3FB0254E40804EB98
:103CD0008405A2EB45053035092A8DF80050A4B2C1
:103CE00044D9A3FB045C4FEADC0C0CEB8C05A4EB81
:103CF00045043034632A8DF801401FFA8CFC37D913
:103D0000A3FB0C54E40804EB8405ACEB450C0CF16C
:103D1000300CB2F57A7F8DF802C0A4B22BD3A3FB8E
:103D20000453DB0803EB8305A4EB450430348DF822
:103D3000034042F20F74A2429BB21FD930338DF878
:103D40000430022405256B461C445A1912F801ED73
:103D500093F800C003F801EBA34282F800C0F5D14C
:103D60008FE718460023037003B030BD012588E7B4
:103D700001240225E7E701240325E4E702240425C2
:103D8000E1E700BFCDCCCCCCF0B583B09DF820509E
:103D9000002A3BD130228DF80020012707F10802CC
:103DA0000DEB02074FF0000C07F808CC9DF800203F
:103DB0006FB2002A00F0DE805FFA8CF20132E64634
:103DC0004FFA82FC0CF108046C44D6B214F8084C8B
:103DD000002CF1D1BC456DDB013913D0034601E065
:103DE000013962D0184613F8012B002AF8D16A462F
:103DF000014403E000F8013B884203D012F8013B84
:103E0000002BF7D10023037003B0F0BD654CA4FB79
:103E10000276F60806EB8607A2EB47073037092A39
:103E20008DF80070B6B240F2B080A4FB06C7FF0860
:103E300007EB870CA6EB4C063036632A8DF8016041
:103E4000BFB240F2A480A4FB07C6F60806EB860CBE
:103E5000A7EB4C073037B2F57A7F8DF80270B6B217
:103E6000C0F09880A4FB0674E40804EB8407A6EB7A
:103E7000470630368DF8036042F20F76B242A4B2A4
:103E800040F28B8030348DF80440052702266A46C4
:103E9000164402EB070C1CF801ED147802F801EB54
:103EA00096428CF80040F6D178E71846002303705C
:103EB00003B0F0BDBCF1000F1FDB08376F4405F104
:103EC000FF3CBEF1FF3F07F8084C5FFA8CF74FFA52
:103ED0008CFC65D0751B6A440CF108046C440CF131
:103EE000FF3C12F801ED04F808EC55FA8CF42406B6
:103EF0004FFA8CFCF0D5BF1B7FB2002FFFF66CAFE2
:103F00007E1C022FF6B21ADD002463F3070407F1CA
:103F1000080263F30F246A4463F317440B3A06F074
:103F2000FC0563F31F64551B42F80449AA42FBD108
:103F300026F00302BA1A57B2B2073FF44DAF07F1A9
:103F400008026A44FFB202F8083C7A1ED2B2FF2A85
:103F50003FF442AF0832023F6A44FFB2FF2F02F83B
:103F6000083C3FF439AF07F108020DEB020707F8F0
:103F7000083C31E7002F7FF72FAF05F108046C44B0
:103F80006F1E04F8082C7FB2BAE7012706E7022764
:103F900001267CE70327012679E70427022676E736
:103FA0002646A8E7CDCCCCCC2DE9F04182B00E4618
:103FB0000446114668469DF820801F46FFF796FC90
:103FC0009DF800304FFA88FC002B00F09180002013
:103FD000C2B20132014650B200F108030DEB0305F5
:103FE000D3B215F8085C002DF2D1604520DB711EBC
:103FF00013D0234601E0013914D01C4613F8012BDD
:10400000002AF8D16A46214403E004F8013B8C42BF
:1040100003D012F8013B002BF7D10023237002B02C
:10402000BDE8F0811C460023237002B0BDE8F0819A
:10403000002820DB0CF108000DEB000C013108F129
:10404000FF300CF8085C5FFA80FC40B25ED06A4436
:10405000A3EB080800F10801694412F8015D01F8BA
:10406000085C411E48B258FA81F10906F2D5ACEB62
:10407000030C4FFA8CFCBCF1000FB8DB0CF1010013
:10408000BCF1020FC0B21ADD002267F3070267F32A
:104090000F22ACF1030367F317426B4400F0FC01FD
:1040A00067F31F62591A43F804298B42FBD120F0B1
:1040B0000303ACEB03034FFA83FC830797D05FFA4B
:1040C0008CF30CF108020DEB020C5A1ED2B2FF2A3F
:1040D0000CF8087C8BD00832023B6A44DBB2FF2B21
:1040E00002F8087C83D008336B4403F8087C7EE731
:1040F000BCF1000F7FF77BAF08F108026A4408F1BA
:10410000FF3C02F8083C4FFA8CFCB7E72B46AEE7C1
:104110002DE9F04184B00E460446114601A89DF8F1
:1041200028801F46FFF7D8FA9DF804304FFA88FC24
:10413000002B00F093800020C2B20132014650B241
:1041400000F110030DEB0305D3B215F80C5C002D44
:10415000F2D1604520DB711E13D0234601E0013906
:1041600014D01C4613F8012B002AF8D101AA2144CF
:1041700003E004F8013B8C4203D012F8013B002B12
:10418000F7D10023237004B0BDE8F0811C46002362
:10419000237004B0BDE8F081002821DB0CF1100091
:1041A0000DEB000C013108F1FF300CF80C5C5FFAEC
:1041B00080FC40B260D001A90A44A3EB080800F1DA
:1041C0001001694412F8015D01F80C5C411E48B20F
:1041D00058FA81F10906F2D5ACEB030C4FFA8CFCCE
:1041E000BCF1000FB7DB0CF10100BCF1020FC0B253
:1041F0001BDD002267F3070201A967F30F22ACF170
:1042000003030B4467F3174200F0FC0167F31F62DE
:10421000591A43F804298B42FBD120F00303ACEB7D
:1042200003034FFA83FC830795D05FFA8CF30CF1FC
:1042300010020DEB020C5A1ED2B2FF2A0CF80C7CB5
:1042400089D01032023B6A44DBB2FF2B02F80C7CAF
:1042500081D010336B4403F80C7C7CE7BCF1000F79
:104260007FF779AF08F110026A4408F1FF3C02F8C9
:104270000C3C4FFA8CFCB6E72B46ADE700B502F0DC
:104280000F0CBCF1090F83B08CBF3723302363447C
:104290009F2A8DF805308CBF372330234FF0000E56
:1042A00003EB121301398DF806E08DF8043013D0BA
:1042B000034601E0013914D0184613F8012B002AF7
:1042C000F8D101AA014403E000F8013B814203D088
:1042D00012F8013B002BF7D10023037003B05DF807
:1042E00004FB18460023037003B05DF804FB00BF15
:1042F00000B502F00F030A2B83B034BF4FF0300E2D
:104300004FF0370E73448DF80330C2F303134FF0B0
:10431000000C0A2B8DF804C034BF4FF0300C4FF066
:10432000370C9C44C2F303230A2B8DF802C034BF20
:104330004FF0300C4FF0370CB2F5204F634434BFD0
:104340004FF0300C4FF0370C0CEB123201398DF876
:1043500001308DF8002013D0034601E0013914D05C
:10436000184613F8012B002AF8D16A46014403E0ED
:1043700000F8013B814203D012F8013B002BF7D13A
:104380000023037003B05DF804FB1846002303709C
:1043900003B05DF804FB00BF00B502F00F0383B06B
:1043A0000A2B4FF0000C34BF4FF0300E4FF0370E99
:1043B0008DF806C0C2F3031C7344BCF10A0F8DF8DC
:1043C000053034BF302337236344C2F3032CBCF1E0
:1043D0000A0F34BF4FF0300E4FF0370E8DF8043017
:1043E000C2F30333F4440A2B8DF803C034BF4FF0FB
:1043F000300C4FF0370C9C44C2F303430A2BC2F33A
:1044000003528DF802C034BF4FF0300C4FF0370C20
:104410000A2A634434BF4FF0300C4FF0370C62442B
:1044200001398DF801308DF8002013D0034601E0EA
:10443000013914D0184613F8012B002AF8D16A4626
:10444000014403E000F8013B884203D012F8013B2D
:10445000002BF7D10023037003B05DF804FB18466E
:104460000023037003B05DF804FB00BF00B502F049
:104470000F0385B00A2B4FF0000C34BF4FF0300E05
:104480004FF0370E8DF80CC0C2F3031C7344BCF11F
:104490000A0F8DF80B3034BF302337236344C2F347
:1044A000032CBCF10A0F34BF4FF0300E4FF0370E23
:1044B0008DF80A30C2F30333F4440A2B8DF809C097
:1044C00034BF4FF0300C4FF0370C6344C2F3034C51
:1044D000BCF10A0F34BF4FF0300E4FF0370E8DF89D
:1044E0000830C2F30353F4440A2B8DF807C034BFDD
:1044F0004FF0300C4FF0370C9C44C2F303630A2B8F
:104500008DF806C034BF4FF0300C4FF0370CB2F1CD
:10451000204F634434BF4FF0300C4FF0370C0CEB9E
:10452000127201398DF805308DF8042013D003463E
:1045300001E0013914D0184613F8012B002AF8D1F4
:1045400001AA014403E000F8013B884203D012F8BD
:10455000013B002BF7D10023037005B05DF804FB8D
:1045600018460023037005B05DF804FB30B585B034
:104570000D460446114601A8FFF7AEF8691E13D098
:10458000234601E0013913D01C4613F8012B002A01
:10459000F8D101AA214403E004F8013BA14203D071
:1045A00012F8013B002BF7D10023237005B030BD7A
:1045B0001C460023237005B030BD00BF30B585B068
:1045C00032BB30238DF80430012505F110030DEBCB
:1045D000030501394FF0000305F80C3C14D00346E5
:1045E00002E0013900F09F80184613F8012B002AE1
:1045F000F7D101AA014403E000F8013B884203D04F
:1046000012F8013B002BF7D10023037005B030BD39
:10461000544BA3FB0254E40804EB8405A2EB4505CC
:104620003035092A8DF8045040F28280A3FB045CE7
:104630004FEADC0C0CEB8C05A4EB45043034632A08
:104640008DF8054076D9A3FB0C54E40804EB8405EF
:10465000ACEB450C0CF1300CB2F57A7F8DF806C04E
:104660006BD3A3FB04C5ED0805EB850CA4EB4C0450
:1046700030348DF8074042F20F74A24260D9A3FB98
:1046800005C4E40804EB840CA5EB4C0530358DF82B
:104690000850354DAA4256D9A3FB04C5ED0805EBD9
:1046A000850CA4EB4C0430348DF809402F4CA24209
:1046B0004CD9A3FB05C4E40804EB840CA5EB4C0522
:1046C00030358DF80A502A4DAA4242D3A3FB04C5C7
:1046D000ED0805EB850CA4EB4C0430348DF80B4051
:1046E000244CA24238D9A3FB0543DB0803EB830427
:1046F000A5EB4405204C3035A2428DF80C502ED944
:1047000030338DF80D3005240A2501AB1C445A19AD
:1047100012F801ED93F800C003F801EBA34282F810
:1047200000C0F5D151E718460023037005B030BD35
:1047300001254AE701240225E7E701240325E4E7F0
:1047400002240425E1E702240525DEE703240625EB
:10475000DBE703240725D8E704240825D5E704244C
:104760000925D2E7CDCCCCCC9F8601003F420F007B
:1047700080969800FFE0F505FFC99A3B70B50139B6
:104780003AB9054611B1302305F8013B00232B70DF
:1047900070BD05460029F9D0134E002300E099B101
:1047A000A6FB024C4FEADC0C0CEB8C0EA2EB4E0E7F
:1047B00014465D1C0EF1300E092C00F803E001F1E7
:1047C000FF31EBB26246EAD8C5185B08DED02A4654
:1047D000034412F8014D017800F8014B8342117037
:1047E000F7D100232B7070BDCDCCCCCC2DE9F04798
:1047F000DDE9085A00283CD00F4691469846044609
:1048000001B1B2B394F800C0BCF1220F34D02A4BEE
:104810000026BAF1000F08BF9A460CE0072B14D807
:1048200008F038FE88B9013617B1B1451DD8387087
:10483000002714F801CFBCF10D0F614650460CF172
:10484000FF33EBD9BCF1200FEAD1002002460FB1B3
:1048500000233B70B8F1000F02D03244C8F80020AA
:1048600045B101362E60BDE8F087237807F8013B9B
:10487000DFE71B20BDE8F08700266378601C01227B
:10488000314609E0B3B1013697B1B1450FD903788C
:1048900007F8013B43780130222BF3D14378222BD8
:1048A00000F1010002F10102EDD00020CFE73970E4
:1048B0000027EFE70120CAE7B0DF000030B502684B
:1048C00000230B601378202B04D10132026013788F
:1048D000202BFAD02D2B40D00025302B26D0A3F151
:1048E0003002092A20D84FF00A0C00240FE05FFAAA
:1048F0008EF3373BDAB2624504FB0C2414D2036812
:104900005A1C02605B78202B21D92E2B1FD0A3F1DB
:104910003002602BD2B2A3F1200EE8D8102AE8D8DA
:10492000624504FB0C24EAD31B2030BD531C0360FA
:104930005378622B22D0782B15D1931C0360937887
:104940004FF0100C202B01D92E2BCED1002415B9FD
:104950000C60002030BD6442FAE7541C04605378B8
:1049600001252246B9E7202BF3D92E2BF1D0A3F154
:104970003002092AD8D84FF0080CB6E7931C036020
:1049800093784FF0020CDDE703681A78202A03D1F0
:1049900013F8012F202AFBD000220A7093F800C0E0
:1049A000ACF1300C5FFA8CFCBCF1090F2CD881F80B
:1049B00000C05A78303AD2B2092A27D80CEB8C0CB6
:1049C00002EB4C02D2B20A7093F802C0ACF1300C88
:1049D0005FFA8CFCBCF1090F1CD802EB82020CEBD5
:1049E0004202D2B20A7093F803C0ACF1300C5FFA05
:1049F0008CFCBCF1090F0FD802EB82020CEB420CCD
:104A000081F800C0042070471B2070470133036009
:104A1000002070470233FAE70333F8E70368002207
:104A20000A701A78202A03D113F8012F202AFBD00C
:104A3000A2F1300CBCF1090F04D922F02002413A56
:104A4000052A11D893F800C0ACF13002D2B2092A7D
:104A500010D9ACF16102052A08D9ACF14102052A4E
:104A60002FD90360002070471B207047ACF1570C12
:104A70005FFA8CF2013300B50A7093F800E0AEF1F2
:104A8000300C5FFA8CFCBCF1090F11D9AEF1610C4E
:104A9000BCF1050F08D9AEF1410CBCF1050F16D9D8
:104AA000036000205DF804FBAEF1570E5FFA8EFC48
:104AB00001330CEB021C81F800C0036000205DF89C
:104AC00004FBACF1370C5FFA8CF20133D3E7AEF1A3
:104AD000370E5FFA8EFC0133EBE700BF70B50E4670
:104AE000044608F027FD0546304608F023FD8542C0
:104AF00010DB05F1010C431CA444334401E0022AFD
:104B00000AD41A461CF8010D13F8011D8842A2EBC5
:104B10000602F4D01B2070BD304608F00BFD0546A0
:104B2000204608F007FD431B0022E254104670BDEA
:104B3000012A036820D000B5013A86460020885437
:104B400001EB020C1A78222A13D15A1C5B78222B13
:104B500008D073B18C450CD001F8013B12F8013F2D
:104B6000222BF6D1002001320870CEF800205DF82B
:104B700004FB1B205DF804FB1B20704770B5012966
:104B80009DF810404ED90578002D52D0451C4FF0AD
:104B9000000EAC4615F8016B0EF1010E002EF8D197
:104BA000A1EB0E0170444D1E08BF057002D143E019
:104BB000013D38D0864610F8016B002EF8D1013A3D
:104BC000754403E00EF8010BAE4503D012F8010F57
:104BD0000028F7D100228EF800209CF8002092B126
:104BE00054B3012928D90CF101020CEB010002E0B9
:104BF00014B3824208D01578013C9446811AE4B27D
:104C00000132002DF4D1BCB1012915D90139644418
:104C1000614401E0614508D00CF8013BA445F9D19D
:104C20000023237070BD8646D4E70C460023237012
:104C3000F8E74D1E8446BDE76446F1E7704700BFC4
:104C400000B5012B85B000F0E580022B00F0178144
:104C5000032B02F00F0377D00A2B34BF4FF0300E36
:104C60004FF0370E73448DF80B30C2F303134FF03F
:104C7000000C0A2B8DF80CC034BF4FF0300C4FF0F5
:104C8000370C6344C2F3032CBCF10A0F34BF4FF05E
:104C9000300E4FF0370E8DF80A30C2F30333F44470
:104CA0000A2B8DF809C034BF4FF0300C4FF0370C91
:104CB0006344C2F3034CBCF10A0F34BF4FF0300E13
:104CC0004FF0370E8DF80830C2F30353F4440A2B2B
:104CD0008DF807C034BF4FF0300C4FF0370C9C44B8
:104CE000C2F303630A2B8DF806C034BF4FF0300CBB
:104CF0004FF0370CB2F1204F634434BF4FF0300C0B
:104D00004FF0370C0CEB127201398DF805308DF82D
:104D1000042018BF034602D111E0013974D01846AF
:104D200013F8012B002AF8D101AA014403E000F88E
:104D3000013B884203D012F8013B002BF7D100233E
:104D4000037005B05DF804FB0A2B4FF0000C34BF74
:104D50004FF0300E4FF0370E8DF80AC0C2F3031C2F
:104D60007344BCF10A0F8DF8093034BF3023372368
:104D70006344C2F3032CBCF10A0F34BF4FF0300E72
:104D80004FF0370E8DF80830C2F30333F4440A2B8A
:104D90008DF807C034BF4FF0300C4FF0370C9C44F7
:104DA000C2F303430A2BC2F303528DF806C034BF8B
:104DB0004FF0300C4FF0370C0A2A634434BF4FF0E9
:104DC000300C4FF0370C624401398DF805308DF806
:104DD000042018BF034602D1B1E7013914D01846A8
:104DE00013F8012B002AF8D101AA014403E000F8CE
:104DF000013B8842A3D012F8013B002BF7D10023DE
:104E0000037005B05DF804FB18460023037005B07D
:104E10005DF804FB02F00F03092BC2F303128CBFF1
:104E20004FF0370E4FF0300E7344092A8DF80530DD
:104E30008CBF372330231A444FF0000C01398DF812
:104E400006C08DF8042018BF03463FF478AF18461B
:104E500013F8012B32B10139D6D0184613F8012BC3
:104E6000002AF8D101AA014404E000F8013B88427D
:104E70003FF465AF12F8013B002BF6D15FE702F07B
:104E80000F0CBCF10A0F34BF3023372363448DF875
:104E90000730C2F303130A2B34BF4FF0300C4FF02E
:104EA000370C4FF0000E9C44C2F303230A2B8DF8FD
:104EB00008E0C2F3033E34BF30223722BEF10A0FAE
:104EC000134434BF30223722724401398DF8053043
:104ED0008DF806C08DF8042018BF034602D12EE7D6
:104EE000013991D0184613F8012B002AF8D101AAF4
:104EF000014404E000F8013B88423FF420AF12F87F
:104F0000013B002BF6D11AE72DE9F047046894F82D
:104F100000C086B0BCF1200F054601940F469046B4
:104F20001E4605D114F801CFBCF1200FFAD0019430
:104F3000BCF1300F2CD16378782B01AC2AD003A9B7
:104F40002046FFF7BBFCF8B9DDF80C90B9F1FF0F74
:104F50001AD804A92046FFF7B1FCA8B9DDF810A0C3
:104F6000BAF1FF0F10D8204605A9FFF7A7FC58B9E2
:104F7000059BFF2B08D8019A87F8009088F800A0BD
:104F800033702A60002000E01B2006B0BDE8F087E7
:104F900001ACD4E702A92046FFF790FC0028CED14F
:104FA000029BB3F1807FCADA1A143A701A1288F899
:104FB0000020019A3370E4E72DE9F04103681A7884
:104FC00086B0202A044601930D4604D113F8012F20
:104FD000202AFBD00193302A30D15B78782B01AFA7
:104FE0002ED003A93846FFF769FC18BBDDF80C800A
:104FF000B8F1FF0F1ED804A93846FFF75FFCC8B907
:10500000049EFF2E16D8384605A9FFF757FC88B92D
:10501000059AFF2A0ED801995FFA88F8F3B2D2B246
:105020001B0243EA08431343002021602B6006B0B3
:10503000BDE8F0811B2006B0BDE8F08101AFD0E7EC
:1050400002A93846FFF73AFC0028CAD1029AB2F109
:10505000807FC6DAC2F30748C2F307230199D2B2B0
:10506000DEE700BF03681A78202A04D10133036009
:105070001A78202AFAD0704700BF00BF00BF7047DF
:10508000034A5368184453688342FCD3704700BFF7
:10509000001000E0084B094A1B68A2FB03234FEAFB
:1050A000931C38B106494A6862444B689A42FCD85E
:1050B0000138F8D1704700BF08000020D34D6210BE
:1050C000001000E04FF0E021064BD1F8FC2D00204D
:1050D00042F08072C1F8FC2D58601A6842F001025B
:1050E0001A607047001000E00149A42208F0CCB912
:1050F0005CF300002DE9F04F054689B0482001F02F
:1051000021FF0746002856D04822002108F0BEF9AA
:105110002B783B7003A8FCF729FE2B780DF11008C3
:10512000002B4FD1DFF8C4B0DFF8C4A001972835B9
:105130003C4607F1400900271022294640468DF8D9
:105140000C7008F0A1F903A88DF80D70FCF740FE73
:10515000012615F8142C627360611022A5F110016C
:105160002673A76040468DF80C7008F08DF903A8EF
:105170008DF80D70FCF72CFE617B20617140FCF70F
:105180009DFEDBF80030174A267303EB8303BAEB6E
:10519000430F03FA06F008D2134B9042A3FB0030F2
:1051A0004FEA90400BD2FFF767FF10344C4505F1F2
:1051B0002405C0D1019F384609B0BDE8F08FFFF744
:1051C0005FFFF2E700241022291D40468DF80C40B5
:1051D00008F05AF903A88DF80D40FCF7F9FD786046
:1051E000A0E700BFC0D8A70083DE1B430800002053
:1051F0003F420F0020B103780BB14068704718465A
:10520000704700BF037803B9704710B50446406883
:10521000FCF742FE0120FFF73DFF6068FCF742FE0D
:105220000C4B0D4A1B6803EB8303B2EB430F4FEAB1
:10523000430006D2094B984204D2BDE81040FFF764
:105240001BBF10BD064BA3FB0030BDE81040800C17
:10525000FFF716BF080000203F420F00C0D8A7008C
:1052600083DE1B4308B1037803B970474068FCF73D
:1052700025BE00BF70B500EB0115002A2B7B04464C
:105280004FEA011612DD4BB3A5196869FCF70AFE57
:105290002B7B43B1AB6801333444A3606869BDE83C
:1052A0007040FCF7F9BDAB68013BF5E7002BEBD094
:1052B000697B2869FCF702FE1D4B1E4A1B6803EB45
:1052C00083030021B2EB430F29734FEA4300DBD283
:1052D000194B984225D2FFF7CFFED5E700EB01131B
:1052E0006A7B186982F00101FCF7E8FD104B114A56
:1052F0001B6803EB83030121B2EB430F297303FA0D
:1053000001F0C1D20C4B9842E5D303F1844303F57D
:10531000E80303F2C353A3FB0030800CFFF7B0FE99
:10532000B2E7064BA3FB0030800CFFF7A9FEABE70A
:10533000080000203F420F00C0D8A70083DE1B43B7
:1053400038B5037804465BB904F140052069FCF7E1
:1053500013FD10346068FCF70FFDAC42F6D138BD88
:105360004068FCF709FDEFE7037870B5044693B990
:1053700004F14006637B257B206983F0010105B9B8
:105380001946FCF70DFD103460680021FCF708FD9C
:10539000B442EFD170BD40680121FCF701FDE7E7A1
:1053A000704700BF08B5054B4FF0FF31186802F099
:1053B00061FE012800D0FEE708BD00BFC802002042
:1053C00008B5044B186802F0E7FB012800D0FEE79F
:1053D00008BD00BFC80200202DE9F0430E46C5B04D
:1053E000A3490546144608F061F820B1A1492846B2
:1053F00008F05CF818BB62689F49A048FDF722FDE1
:105400009F49A0486268FDF71DFD9F499F4862685B
:10541000FDF718FD9E499F486268FDF713FD9E4900
:105420009E486268FDF70EFD9D499E486268FDF743
:1054300009FD01233370002045B0BDE8F0839A498F
:10544000284608F033F828B19849284608F02EF885
:10545000002834D101236268954933708748FDF7ED
:1054600019FD2CA840221021FFF788F92CA8914A99
:105470001021FEF7F3FA62688F482CA9FDF70AFDA8
:105480002CA88E4A1021FEF7D7FA62688C482CA906
:10549000FDF700FD2CA88B4A1021FEF7CDFA6268BB
:1054A00089482CA9FDF7F6FC2CA8884A1021FEF7A4
:1054B000C3FA874862682CA9FDF7ECFCBBE7854975
:1054C0000F22284608F05DF80346002868D1012223
:1054D00002AF327005F10F0003AE0DF17008CDE997
:1054E00000334022334638604146FFF77FF90546D6
:1054F000002840F0BB803368002B00F0B7803A688A
:1055000038461A443A60FFF7ADFDCDE900550DF17C
:1055100010093868334630224946FFF767F90546D7
:10552000002840F0A3803368002B00F09F803A6889
:1055300038461A443A60FFF795FDCDE900553346E9
:105540003868302210A9FFF751F9002840F08E800A
:105550003368002B00F08A803A68D1183960D35C38
:10556000002B40F08380602300935B4ACDF80480D9
:105570002CAB484610A900F03DFF002876D06168AA
:1055800010A8FDF783F961685448FDF77FF9616859
:105590002CA8FDF77BF952486168FDF777F94AE7D7
:1055A00050491022284607F0ECFF0346002840F03F
:1055B0009B80012232700DF1700803AECDE90033FB
:1055C00005F110003346402241460290FFF70EF9E4
:1055D00002AF0446002849D1039B002B46D0029A13
:1055E00038461A440DF110090292FFF73BFDCDE950
:1055F00000440298334630224946FFF7F7F8002866
:1056000034D1039B002B31D0029A38461A440292BF
:10561000FFF728FD0023CDE90033029833463022FE
:1056200010A9FFF7E3F8044600BB039BF3B1029A0D
:1056300038461A440292FFF715FDCDE9004402985E
:10564000334660222CA9FFF7D1F878B9039B6BB1E0
:10565000029AD1180291D35C43B943462CAA10A9EF
:10566000484600F04BFF00287FF4E5AE1B20E3E640
:105670000CDC0000A8E3000088E20000A8E20000C3
:10568000A8D80000CCD80000B4E20000DCE20000A2
:10569000F0E2000020E3000038E300005CE30000DB
:1056A00074E3000094E3000088DC000014E40000D0
:1056B000B8E3000074DC0000C8E30000D4E300009D
:1056C000E4E30000ECE30000FCE3000004E400007D
:1056D0000CE4000028E40000B0DF000038E4000023
:1056E0003CE900003CE400004F491122284607F045
:1056F00048FF0346002850D1012232700DF1700896
:1057000003AECDE9003305F1110033464022414696
:105710000290FFF76BF802AF04460028A6D1039B66
:10572000002BA3D0029A38461A440DF110090292B8
:10573000FFF798FCCDE900440298334630224946F1
:10574000FFF754F8002891D1039B002B8ED0029ACA
:1057500038461A440292FFF785FC0023CDE9003356
:1057600002983346302210A9FFF740F800287FF452
:105770007DAF039B002B3FF479AF029AD1180291C1
:10578000D25C002A7FF472AF434610A9484600F06D
:10579000B5FE00287FF44FAE68E724491122284661
:1057A00007F0EFFE034600287FF445AE0122327079
:1057B0000DF1700803AECDE9003305F11100334659
:1057C0004022414602AF0290FFF710F800287FF414
:1057D0004DAF039A002A3FF449AF029B3846134469
:1057E0000293FFF73FFC0023CDE9003302983346D4
:1057F000302204A9FEF7FAFF00287FF437AF039B9D
:10580000002B3FF433AF029AD1180291D25C002AE8
:105810007FF42CAF4346114604A800F06FFE002829
:105820007FF409AE22E700BF50E4000064E400000A
:1058300008B5042002F078F9034B186018B1BDE8F0
:10584000084000F063B9FEE7C802002070B50C46BE
:105850008CB00646182120461546FCF7F3F898B39D
:105860001F4A30216846FEF7E7F822683021684673
:10587000FEF7FCFD1B4A30216846FEF7EFF81A4B95
:1058800022689A4210D0194A30216846FEF7E6F89D
:105890006846174A3021FEF7E1F8726869462846E3
:1058A000FDF7F8FA0CB070BD221D68463021FEF7F6
:1058B000D5F868460F4A3021FEF7D0F862693021EA
:1058C0006846FEF77BFEE3E768460B4A3021FEF7A9
:1058D000B3F8726869462846FDF7DCFA0CB070BD73
:1058E00094E40000A0E40000BEBAEDFEACE40000C9
:1058F0003CE90000A4E4000078E4000038B50C4660
:105900000546FFF74FFD10220021204607F0BEFD9F
:105910004FF4FC330B4A19680B489142C4E900303C
:105920000BD10A48294607F0C1FD30B96268A26070
:1059300040F20113A381012038BDFFF741FD002093
:1059400038BD00BFBEBAEDFE18F8010004F8010032
:1059500070B50C46114D0646FFF724FD10220021BC
:10596000204607F093FD4FF480720021284607F08F
:105970008DFD284625600A4B40F8043B1835324619
:1059800065601021FEF758F8D4E9001200204FF4AA
:10599000807348610120A260A38170BDCC02002009
:1059A000BEBAEDFE38B5037B0022427323B1012459
:1059B000FFF706FD204638BD056804350446284635
:1059C00007F0B8FD20B1054415F8013C7E2BEED060
:1059D00021684FF480724FF4FC30FCF78FF8B0FA76
:1059E00080F46409FFF7ECFC204638BD00232DE964
:1059F000F041074688461446037007E015F8016B2E
:105A0000A5603246FEF750F80A2E0DD023685D6976
:105A1000D4E901322B449A42414638461546EDD32B
:105A2000A3600020BDE8F0810120BDE8F08100BF47
:105A3000F8B50E7B0EB10120F8BD0C46054607F007
:105A400079FD0D490746A0682A46091AFDF7F4FFBB
:105A5000A36822681F4402F580739F42A76007D2A3
:105A6000616853690B449F4224BF781A5061E2E792
:105A7000A3603046F8BD00BFCC030020D0E901236D
:105A80009B1A01200B60704703464268086819683A
:105A9000024401F580718A4226BF0A460020012097
:105AA0009A60704738B504460D46FFF77BFC2046E8
:105AB00007F040FD20B1231813F8013C7E2B03D0E2
:105AC000FFF77EFC012038BD0E48214607F0EEFCB2
:105AD00098B90C482A461021FDF7AEFF0A494FF449
:105AE00080724FF4FC30FCF709F8014628B94FF4F6
:105AF0008072054807F0CAFCE2E7FFF761FC00206E
:105B000038BD00BFD0020020CC020020002070472A
:105B10002DE9F0430E4693B085490546144607F03B
:105B2000C5FC20B18349284607F0C0FCD0B96268A3
:105B300081498248FDF786F9814982486268FDF70C
:105B400081F9814981486268FDF77CF98049814883
:105B50006268FDF777F9012333700026304613B0F1
:105B6000BDE8F0837C49284607F0A0FC28B17B49BA
:105B7000284607F09BFC002858D101256268784927
:105B80006E483570FDF786F9764A302106A8FDF794
:105B900053FF4FF4FC32302106A8FEF767FC724A2F
:105BA000302106A8FDF75AFF4FF40062302106A805
:105BB000FEF79EFB6D4A302106A8FDF74FFF2A46EF
:105BC000302106A8FEF756F8694A302106A8FDF7ED
:105BD00045FF6848626806A9FDF75CF94FF48072DA
:105BE000302106A8FEF7CAFD634A302106A8FDF75A
:105BF00035FF6248626806A9FDF74CF918224FF498
:105C0000FC306946FBF720FF50B162685C495D4893
:105C1000FDF740F95C4A5D492046FFF717FE9CE717
:105C2000584A69462046FFF711FEF3E758492846CF
:105C300007F03CFC80B15749284607F037FC0028A4
:105C40008BD101234FF400614FF4FC30337013B05B
:105C5000BDE8F043FBF700BF01233370FFF7A2FB61
:105C600018224FF4FC306946FBF7EEFE064600288A
:105C700051D1494B009A9A421FD0444F474A394666
:105C80002046FFF7E3FD444B3A689A4202D0FFF703
:105C900097FB63E77B69002BF9D06FF0170807F1DA
:105CA0001805A8EB0708636815F8010B98477B698E
:105CB00005EB08029A42F6D3E9E7DDF81480384A8A
:105CC00069462046FFF7C2FDB8F1000F1EDDDFF880
:105CD000D490B8F1200FCCBF202747463A4606A9FA
:105CE0004846D4BF45463D46FBF7AEFED8B906ABA5
:105CF000A8EB0508B9441D461F4415F8010B63685D
:105D00009847AF42F9D1B8F1000FE2DC616818485A
:105D1000FCF7BCFDB1E761681948FCF7B7FD1B262D
:105D2000FFF74EFB1AE761681548FCF7AFFDEDE79A
:105D30000CDC000000E50000E4D90000B8E400003D
:105D4000A8D80000CCD80000BCE40000D4E40000D7
:105D5000DCE40000F8E4000088DC000054E500000A
:105D60000CE5000020E500002CE5000038E500000F
:105D70003CE9000040E5000074DC000048E500005C
:105D800068E5000060E5000080E50000CC0200202E
:105D900088E50000A0E50000BEBAEDFE9CE500002D
:105DA00094E5000018F801002DE9F04704462C485E
:105DB000DDF820900D461646984607F0BBFB4FF0E5
:105DC000000A074649463046FFF75EFE84F800A009
:105DD0002B68534520DD3246CAF1400104EB0A002E
:105DE000FFF704FE2A68524512DD0AF1FF3EA64481
:105DF000D44603E00CF1010C94450AD01EF8013F93
:105E0000002BF7D1624529DDD44503D0E246E2E715
:105E10005246924623784BB949463046FFF72EFE4C
:105E20000020BA4528600EDCBDE8F087BAF1400FCB
:105E300008BF4FF03F0A002304F80A3041462046CD
:105E4000FFF7F6FDE8E7AAEB07000549204407F055
:105E50002DFBB0FA80F04009BDE8F087E246D9E7B3
:105E60003CE9000041B170B50646084615460C46AF
:105E700007F060FB08B970BD70475B233370611E8B
:105E8000B446002304E001333B2B0CF8014F03D050
:105E900011F8014F002CF6D13344002159703046DF
:105EA00007F0F8FA5D23054900F8013B07F021FBF4
:105EB00029463046BDE87040FFF7BABD3CE9000016
:105EC000012B70B52ED0002B5CD0022B20D10B788B
:105ED000E3B1012A1AD00244441E023A002505F11A
:105EE000010C222B01EB0C0E13D05C2B11D065465C
:105EF00063709EF8003004F1020C04F1010EACEB6B
:105F0000000C13B172457446E9D16044002303705C
:105F100070BD9EF80060222EE9D1023501EB050E1E
:105F20003346E5E7022A2DD9222404700C78002C90
:105F300049D0032AA2F1020544D0033A5C2609E0C5
:105F40009C460CF1010300F80C4011F8014F8CB194
:105F50009D420FD9222CF3D19A4203F1010C0BD9A7
:105F6000C6540C7800F80C4011F8014F0CF10103F5
:105F7000002CEDD10CF1020C22210022C15400F8BA
:105F80000C2070BD012A08BF05460FD08E1E4B1E87
:105F90000446164404E0B342227005F1010408D01F
:105FA0009C4613F8012F2546002AF4D100232B70BC
:105FB00070BD0CF1020CACEB010C00EB0C050023E6
:105FC0002B70F5E72B464FF0020CD5E72DE9F04199
:105FD0001678984617460546134636B1232E03D049
:105FE0003B2E01D0222E2FD1012601F1FF3E6B1E48
:105FF0004FF0000C06E00CF1010CBCF13C0F03F873
:10600000014F03D01EF8014F002CF4D1002405F8F5
:106010000C402146284607F03DFA3D2200F8012BAE
:10602000421B33463946C2F13E02FFF749FF214683
:10603000284607F02FFA0B4907F05BFA414628463D
:10604000BDE8F041FFF7F4BC13F8016F002EC5D195
:106050009F42CAD213F8016CA6F12006B6FA86F662
:106060007609C2E73CE9000070B50378054684462E
:106070000C46002073B916E0232B0DD06246222B6C
:1060800012F8011F29D122292BD080F001000B46E4
:10609000944643B13B2BEFD128B1624612F8013F41
:1060A0009446002BF6D100218CF80010284607F00A
:1060B000F1F9854202D308E0854206D0024610F885
:1060C000013D013B1F2BF7D91046002606702670B4
:1060D0002B78222B0BD0284670BD5C2B05D12229B2
:1060E00003D19CF802300132D2E70B46D0E73146AB
:1060F000284607F0CFF90028EDD010F8013C222BFC
:10610000E9D1022300F8016C2370681C70BD00BF48
:106110002DE9F04F9BB00546DDF89CA0079298460C
:10612000894600294DD0084607F004FA0028069059
:10613000019048DD4FF0FF360AAC2A464021204648
:10614000FFF754FC002800F0A5809DF82830013BA3
:106150001F2B274604D817F8013F013B1F2BFAD904
:106160005D21384607F064FA3B785B2BE5D10028C7
:10617000E3D07B78013B1F2B07F1010104D811F814
:10618000013F013B1F2BFAD9884202D808E0884220
:1061900006D0024610F8013D013B1F2BF7D91046EF
:1061A000019A431A934279D00136B045C5D1B8F16E
:1061B000000F0CDB00230370DDE92502FFF780FEF2
:1061C0005EE006910191B8F1000FB3DA0AAC0798CE
:1061D000002800F0938007F0ADF9039080464FF05F
:1061E000FF395746A3461FB139462846FFF746FCFC
:1061F0002A4640215846FFF7F9FB00284AD09DF86F
:1062000028305A1E1F2A00F2C4805A4612F8013F55
:10621000591E1F29FAD95B2B3CD05E4616F8013F68
:10622000013B1F2BFAD93D21304607F033F90028F6
:1062300067D033783B2BD6D0232BD4D0B8F1000FC6
:1062400070D1249B09F101099945CCD1B9F1000F16
:1062500080F2B5804378013B1F2B00F1010004D888
:1062600010F8013F013B1F2BFAD90DF12701FFF771
:10627000FBFE9DF827300146DDE92502FFF720FEF1
:10628000012008E0B8F1000FDDE9026004999EDB0F
:1062900046458FD000201BB0BDE8F08FB9F1000F4C
:1062A00082D0069BCDE902600B44CDE9041909F1C7
:1062B000FF3B8E469946CE45E4D01BF8013F1EF8C1
:1062C000011BA3F161060A46A1F16107B446184615
:1062D00071B9002BD6D0BCF1190F04D80A46A3F12E
:1062E00020008242E7D0DDE90260DDE904195BE7C6
:1062F000192F98BF203A192EF3D8F0E70390804663
:106300006DE73A21304607F0C5F833783B2B3FF470
:106310006AAF232B3FF467AF00283FF464AFB8F1B6
:10632000000F8ED0B04241D9034601E0B34208D0FD
:1063300013F8012C013A591E1F2A9C460B46F5D929
:106340006146891B41457FF47CAF079B279703F18A
:10635000FF3E039BCDE901853344B2461F46BA4553
:1063600026D01EF8013F1AF8011BA3F1610C0A4662
:10637000A1F1610865461C4681B9CBB1192D04D83D
:106380000A46A3F120049442E9D0DDE90185279F64
:1063900057E75B2B3FF47EAF5E4644E7B8F1190F39
:1063A00098BF203ABCF1190FEDD8EAE70146C8E7DB
:1063B000249B002BFFF64EAF99457FF46BAF002175
:1063C0000170304607F066F8B042024602D808E095
:1063D000964206D0114612F8013D013B1F2BF7D91A
:1063E0000A46002313702598269A3146FFF768FD68
:1063F00046E700BF2DE9F04188B01D460E9FCBB1A6
:10640000002F17DD0C46C9B1064604A90F98904627
:10641000FFF774FAB0B9154900233A46984518BFFA
:1064200041462846FFF74CFD284607F083F808B0A0
:10643000BDE8F081002008B0BDE8F081084608B052
:10644000BDE8F0814FF0FF33002022460390CDE9F4
:1064500001573146009304A8FFF75AFE044604A8EA
:10646000FFF7A0FA002CD6D0DEE700BFB0DF0000B7
:10647000F0B5164699B001B307460C46184604A974
:10648000FFF73CFAE0B908AD1B490023402228463B
:10649000FFF716FD284607F04DF870B1012805DD1D
:1064A0009DF8210006F034FF58281ED00A22002152
:1064B000284606F0A9FF19B0F0BD304619B0F0BD6E
:1064C00040230022CDE9023208AD4FF0FF332246CF
:1064D00001953946009304A8FFF71AFE044604A864
:1064E000FFF760FA002CCFD0D4E710220021284615
:1064F00006F08AFFE2E700BFB0DF00002DE9F04FB1
:10650000A5B004460E4618460CA998469246FFF7D9
:10651000F5F998B9002E00F0A180BAF1000F00F053
:106520009D800DF1400940464946FFF711FA0028C9
:1065300040F08580002025B0BDE8F08F002E00F0EF
:106540009180BAF1000F00F0EF800AAA4FF0FF33FC
:10655000039214AD402202920093019532462146E7
:106560000CA8FFF7D5FD00285FD10CA8FFF71AFA99
:106570000023402241462846FFF7A2FC002128467E
:1065800006F088FF0DF140097E2300F8013C4946E2
:106590002846FFF7DDF90028CCD00CA94046FFF7CC
:1065A000ADF900284CD009A90CA8FFF767FA002321
:1065B0000B93002C00F0CA80204606F0BBFFB0F120
:1065C000000B40F3C3800BAB04950593274655465B
:1065D00004980CAA4021FFF709FA002800F0FD8179
:1065E0009DF85030DDF810A0013B1F2B04D81AF89D
:1065F000013F013B1F2BFAD95D21504607F018F8E7
:106600009AF800305B2B01D1002845D10024049872
:1066100006F090FF0B9B18443F2825DC0B90002CC4
:10662000D6D0AA46DDE9045193E05146284606F04B
:106630003DFF002899D10CA8FFF7B4F90EE014AD86
:1066400021464A462846FFF70DFC28464B4652464F
:106650003146FFF7BBFC4846FFF7A4F9012025B0FF
:10666000BDE8F08F14AD80E7DDE904A109AB00932C
:106670000CAA4B465046FFF797FB0CAA4021504608
:10668000FFF7B4F9504606F055FF0B9B18443F281E
:10669000C4DD002C9CD0C4E79AF80120013A1F2ADF
:1066A0000AF1010304D813F8012F013A1F2AFAD97D
:1066B0008342ABD21C4601E0984208D010F8012C6E
:1066C000013A411E1F2A84460846F5D96146CA1A76
:1066D0005A459BD15B4407F1FF3CCDF818B00FE061
:1066E000002A00F09781BBF1190F00F229810146C1
:1066F000A2F1200E8E4540F02381A34200F08A8152
:106700001CF8012F14F8010BA2F1610A0146D346CF
:1067100096460028E4D0A1F16100192898BF2039DD
:10672000BAF1190FE6D8E3E740224FF0FF3314AD7A
:106730000292CDF80CA000930195324621460CA898
:10674000FFF7E6FC00287FF410AF74E70BAB05936E
:10675000194609AB00930CAA4B462846FFF724FBC9
:10676000002E00F02F81304606F0E4FE07460CAA0A
:1067700040212846FFF73AF9002800F003819DF8F0
:106780005030013B1F2B2C4604D814F8013F013B2D
:106790001F2BFAD93D21204606F07CFE00286AD046
:1067A000002F0DDC002E49D024785B2C70D02846B9
:1067B00006F0C0FE0B9B18443F2847DC0B90D6E741
:1067C0008442EFD2A44601E0844208D010F8013C94
:1067D000013B421E1F2B01461046F5D90A46121BEB
:1067E000BA42DFD1E319CDE9064506F1FF3E049731
:1067F0001D460BE0002B45D0BBF1190F19D80A46F6
:10680000A3F12000904214D165453BD01EF8013F12
:106810001CF8011BA3F161040A46A1F16107A3461C
:1068200018460029E6D0192F98BF203A192CE9D82C
:10683000E6E7DDE90645049F002EB5D123785B2B02
:1068400053D009A90CA8FFF719F990E709AB0599EE
:1068500000930CAA4B462846FFF7A6FA0CAA402143
:106860002846FFF7C3F8284606F064FE0B9B184441
:106870003F28A3DD7BE73A21204606F00BFE0028E7
:106880008ED18FE7DDE90645049F002ED6D024780F
:10689000059909AB00930CAA4B462846FFF784FAEA
:1068A000BAF1000F05D0524631464B462846FFF755
:1068B0008DFB0CAA40212846FFF798F85B2C21D0CD
:1068C00009A90CA8FFF7DAF80CAA40212846FFF71F
:1068D0008DF804462846002C35D006F02BFE0B9B85
:1068E00018443F2817DC0B90EEE709AB059900939D
:1068F0000CAA4B462846FFF757FA0CAA4021284617
:10690000FFF774F8284606F015FE0B9B03443F2B57
:10691000DADC0B93D8E709AB059900930CAA4B4638
:106920002846FFF741FA0CAA40212846FFF75EF8F7
:10693000284606F0FFFD0B9B18443F28D3DDC3E734
:10694000DDF818B062E609AB009305994B460CAA36
:10695000FFF72AFA0CA8FFF725F84846FFF722F8B8
:106960000023402241462846FFF7AAFA0021284684
:1069700006F090FD7E2300F8013C41462846FFF7D3
:1069800091F86BE609AB009305994B460CAA284693
:10699000FFF70AFA002EDDD0BAF1000FDAD0002896
:1069A0003ED0524631464B462846FFF70FFBD1E713
:1069B000AA46049D059909AB00930CAA4B462846AC
:1069C000FFF7F2F90CAA40212846FFF70FF809A9B2
:1069D0000CA8FFF753F80027C9E6AA46049D0599BD
:1069E00009AB00930CAA4B4628463C46FFF7DCF95E
:1069F000002EAFD0BAF1000FACD0B0B121464A465C
:106A00002846FFF72FFA4B46524631462846FFF7F5
:106A1000DDFA9FE7DDF818B0002EC9D00124F6E5B5
:106A200049460448FFF704F8BBE749460148FEF72A
:106A3000FFFFE3E73CE900002DE9F04188B005469F
:106A40000E462B481F46694696464FF0000800E068
:106A5000A04680FB0E3C4FEAEE73C3EBAC0C0CEB94
:106A60008C0CAEEB4C0C5FFA8CF4BCF1000FC4F153
:106A7000300CB4BF5FFA8CF4303480FB0ECEA8BF6C
:106A8000E4B2D3EBAE0E01F8014B08F10104DFD103
:106A9000002A07DA04F120036B442D2208F10204D6
:106AA00003F8202C04F120030DEB0304002304F869
:106AB000203C684606F03EFD431E002B0EDD0DF126
:106AC000FF3211186B446A4610781C7802F8014BAB
:106AD00003F80109881ACC1A8442F5DB3B466A4662
:106AE00031462846FFF70AFD08B0BDE8F08100BF37
:106AF000676666662DE9F04FDFF8FC9199F8004073
:106B000083B082468B461746002C5AD0EFF3118390
:106B10004FF0500181F311880AEB4A0609EBC606D3
:106B20000093D6F82C80B8F1010F4FEA4A057AD0CD
:106B3000B8F1020F14D0B8F1000F71D1B26A746AC3
:106B4000A2429CBF316A5218013A121B974240F28E
:106B50009D80009B83F31188404603B0BDE8F08F11
:106B60000AF1010A0AEB4A0A756A4FEACA0A4FF0AB
:106B70000008B36A346AAB4203F1FF329CBF1B19B1
:106B800003F1FF33A4EB05048CBF531B5B1B09EB24
:106B90000A02BC4228BF3C469C42506828BF1C46A3
:106BA00059462844224606F06FFC336A25449D422C
:106BB00008BF00253F1BA044A3447562002FD8D115
:106BC000C7E70320C9F8100004F0FF02C9F8140059
:106BD00044494548C9F818102024C9F81C00C9F8D0
:106BE0002040C9F82820C9F82420C9F82C20C9F869
:106BF00060103E49C9F8641009F107003C49C9F822
:106C00006840C9F87020C9F86C20C9F8742006F0F3
:106C100070FC3849484606F06CFC89F8064075E778
:106C20004FF0000895E7B26AD6E90864A24296BF21
:106C300002EB060802F1FF3808F1FF38A8EB040860
:106C4000B84528BFB8460AF1010707EB470709EB2B
:106C5000C707321B78689045204411D359460192EA
:106C6000A41B06F011FC019A786844440BEB020166
:106C7000224606F009FC554409EBC5056C6268E73D
:106C80005946424606F000FC4444F4E705EB0A028C
:106C900009EBC2020AF1010606EB4606D2F8208093
:106CA00009EBC606A8EB04027068974220443C44F6
:106CB00012D35946019206F0E7FB019A7068A4EBE3
:106CC00008040BEB0201224606F0DEFB554409EBFB
:106CD000C505B8466C623CE759463A4606F0D4FB17
:106CE000F4E700BFACE50000EC030020CC0300207B
:106CF000B8E50000BCE500000C0400202DE9F043DD
:106D000083B0EFF311884FF0500181F31188334CB9
:106D10002378002B3DD0E76E256FBD421AD806D1EF
:106D200088F311884FF0FF3003B0BDE8F0830126EF
:106D30000DF10700616E01222944013506F0A4FB24
:106D4000256788F31188012EECD19DF8070003B068
:106D5000BDE8F083D4E91919A9EB0506012E28BF77
:106D60000126294432460DF1070006F08DFBA26E84
:106D7000A919914286F0010314BF7F1A0021BB427A
:106D800028BF3B4623BB4D45CAD0216788F31188F5
:106D9000DBE70321216103F0FF026161104B114920
:106DA000A3612025E161E01D25620F49A2626262B4
:106DB000E26223660D4B6366A5662267E266626740
:106DC00006F097FB0A49204606F093FBA571A2E75F
:106DD0000DF1070398190D460136ABE70C040020AE
:106DE000ACE50000EC030020B8E50000CC03002077
:106DF000BCE5000038B5144C23782BB1E36E206F4E
:106E0000C01A18BF012038BD0321216103F0FF0221
:106E100061610E4B0E480F49A3612025E061256298
:106E2000E01DA2626262E262236661660A49A566AB
:106E30002267E266626706F05CFB0849204606F0BE
:106E400058FBA571DAE700BF0C040020ACE5000098
:106E5000EC030020CC030020B8E50000BCE50000F6
:106E600038B50F4C0F4A104803212161002361619E
:106E700020250E49A261E0612562E01DA3626362E4
:106E8000E362226661660A49A5662367E366636773
:106E900006F02FFB0749204606F02BFBA57138BDF5
:106EA0000C040020ACE50000EC030020CC03002023
:106EB000B8E50000BCE5000070B51C4C2378054621
:106EC000A3B1EFF311824FF0500181F3118805EB6C
:106ED000450504EBC504A36A606A83429CBF216A2E
:106EE0005B18013B181A82F3118870BD03212161E0
:106EF00003F0FF0261610E4B0E49A3612026E161A0
:106F0000E01D26620C49A2626262E26223660B4BBC
:106F10006366A6662267E266626706F0EAFA0849D7
:106F2000204606F0E6FAA671CBE700BF0C0400206D
:106F3000ACE50000EC030020B8E50000CC03002025
:106F4000BCE50000F8B5404D2B68002B3BD0431E3C
:106F50000A332FD810F0070300F1080426D101F0FE
:106F60009DFA002C28DB394E3068A04224D33849E2
:106F70000B6803E01A687AB3194613465A68A242AE
:106F8000F8D32D68AB4217D0151B1F680F60102D6A
:106F900033D91A1912F0070F2BD04FF0500383F397
:106FA0001188BFF36F8FBFF34F8FFEE7A3F1090284
:106FB000944241D901F072FA01F026FC02F09CF8EB
:106FC00000242046F8BD4FF0500383F31188BFF32F
:106FD0006F8FBFF34F8FFEE728688342ECD00A60C3
:106FE0004FF0500383F31188BFF36F8FBFF34F8FC0
:106FF000FEE755601F510A60224616490C68801A48
:10700000A04238BF086030601348016842F0004277
:107010000024C3E90042013103F10804016001F0DA
:10702000F3FB6307CDD04FF0500383F31188BFF318
:107030006F8FBFF34F8FFEE71030C41A01F02EFAA6
:10704000002C90DCB8E700BFC4040020C00400207E
:10705000C8040020BC040020B8040020C0B150F8CF
:10706000043C002B08DB4FF0500383F31188BFF37F
:107070006F8FBFF34F8FFEE750F8082C4AB14FF0E7
:10708000500383F31188BFF36F8FBFF34F8FFEE779
:10709000704730B523F0004383B040F8043C1E4DE8
:1070A0000190A0F1080401F0F9F901982A6850F85C
:1070B000041C1A4B0A442A601A461B689C42FBD8DF
:1070C000556802EB050E744511D004EB010C6345C5
:1070D0001DD040F8083CA24218BF1460104A136843
:1070E0000133136003B0BDE8304001F08DBB29448B
:1070F000501883425160F1D10A4800688342EDD0B4
:107100001446D3E90030014423606160E3E7054D94
:107110002D68AB42F5D1DCE7C0040020C804002094
:10712000B4040020C4040020014B1868704700BF5D
:10713000C00400202DE9F043394E346844B14FF0CB
:10714000500383F31188BFF36F8FBFF34F8FFEE7B8
:1071500043688446002B47D0DFF8D0E02146204624
:107160000CF1040527460CE0CEE90021C8E9001126
:10717000C2E9008944BB0131444655F831304844E6
:1071800053B35CF8312012F0070F07D002F1070863
:1071900028F007081344A3EB0803424603EB020858
:1071A000A8F1080828F007084346A8EB02090029BF
:1071B000DAD014B3944229D2A8EB0209C8E90077C7
:1071C000C2F80080C2F80490013122601C4655F8D4
:1071D00031304844002BD4D1124A134B3460106034
:1071E000186008B1BDE8F0834FF0500383F31188B5
:1071F000BFF36F8FBFF34F8FFEE74FF0500383F362
:107200001188BFF36F8FBFF34F8FFEE74FF050032E
:1072100083F31188BFF36F8FBFF34F8FFEE700BF7B
:10722000C4040020BC040020C0040020C8040020C6
:107230004FF0807310B440E9021300246FF0020392
:1072400040F80C4C40E909325DF8044B4438704773
:10725000024A136823F08103136070470000044062
:107260004FF0500383F31188BFF36F8FBFF34F8F3D
:107270000D4A13680133012B136004D0BFF34F8F05
:10728000BFF36F8F70474FF0E023D3F8043DDBB2BC
:10729000002BF3D04FF0500383F31188BFF36F8FAF
:1072A000BFF34F8FFEE700BF0C000020034A1368B6
:1072B000013B13600BB983F3118870470C00002069
:1072C0004FF0E0234FF08052C3F8042DBFF34F8FEF
:1072D000BFF36F8F704700BF0F4A08B5136843F0C4
:1072E000800313604FF0500383F31188BFF36F8F57
:1072F000BFF34F8F01F0F2F848B14FF0E0234FF0A9
:107300008052C3F8042DBFF34F8FBFF36F8F00235C
:1073100083F3118808BD00BF000004400D4B1B78AB
:1073200023B10D4B1B78642B01D9FEE7FEE74FF02C
:1073300060404FF46D4140EA01004FF0080140EA1F
:1073400001000068006880F3088862B600DF00BFB3
:10735000704700BF00F40000D4F4000070B5454B46
:10736000454C1A78454884B0FF21D2B20192197079
:107370001B78DBB28DF803309DF803309DF80320B5
:1073800003F0500307211206237001606ED5062218
:107390009DF803305B00DBB28DF803309DF80330BD
:1073A0001B06114602F1FF32F2D4090201F4E0613A
:1073B000019B304A01604FF0E025DBB21370D5F835
:1073C000203D2F4C2F4A43F47003C5F8203D002682
:1073D00002A81660F9F748FF02A92046F9F718FF3E
:1073E000294BF02283F83A234FF080625A602368D9
:1073F00023F0810323601320F9F7B4F9234BA3FB97
:1074000000239B09013B9BB2A360236823F0810307
:107410002360236823F0C0032360236823F08003E4
:1074200043F001032360236823F0800343F040030B
:107430002360236823F0800343F001032360236863
:1074400023F0800343F040032360D5F8883D43F4E4
:107450007003C5F8883DD5F8343F43F04043C5F884
:10746000343FFFF75BFF304604B070BD4FF4E0617E
:107470009EE700BF00E400E0B60C0020D00400202E
:10748000000004400C00002000E100E0D34D621039
:10749000054B19680868B0E8F04F80F309884FF091
:1074A000000080F311887047E8050020EFF30980A1
:1074B000114B1A681EF0100F08BF20ED108A20E94A
:1074C000F04F10602DE908404FF0500080F3118814
:1074D00001F016FA4FF0000080F31188BDE8084073
:1074E00019680868B0E8F04F1EF0100F08BFB0EC44
:1074F000108A80F309887047E8050020EFF30583C0
:107500000F2B0ED91149124A5B5C12789A4208D9A6
:107510004FF0500383F31188BFF36F8FBFF34F8F8A
:10752000FEE74FF0E0230B4AD3F80C3D126803F45A
:10753000E063934208D94FF0500383F31188BFF3FF
:107540006F8FBFF34F8FFEE7704700BFF0E300E09F
:10755000B60C0020D004002000F108034FF0FF31EA
:107560000022C0E90131C0E903330260704700BF67
:1075700000230361704700BF30B40D686B1C10D04E
:1075800000F108031C465B681A68AA42FAD902682F
:107590004B60013299608C606160086130BC0260B0
:1075A000704704696368F2E7036910B4D0E9011217
:1075B0005C688A608442516008BF5A601A685DF84E
:1075C000044B0021013A01611A601868704700BF3E
:1075D000036C70B5856B04462BB90668013546B35C
:1075E0001846A56370BD164682B91A46406805F074
:1075F0004BFF6368216CA2680B449342636024BF15
:107600002368636001350020A56370BD1A46C06819
:1076100005F03AFF226CE36851429B1A2268E3604E
:10762000934202D2A3680B44E360022E06D00135D8
:10763000E9E7806801F0CEFBA660D2E7012D38BFF4
:1076400001250020CDE700BF2DE9F041846C82B018
:107650000190A4B1A26BE36B9A4207D2A26B934252
:1076600016D80025284602B0BDE8F0814FF050033F
:1076700083F31188BFF36F8FBFF34F8FFEE74FF097
:10768000500383F31188BFF36F8FBFF34F8FFEE773
:1076900094F84560226CA76B76B2A2B9D4F800804A
:1076A000B8F1000F28D000250137731CA76318D14B
:1076B000636A002BD6D004F1240001F0F1F9002810
:1076C00018BF0125CEE7606801A905F0DDFE6368FB
:1076D000226C1344A26863609342E4D3236863601E
:1076E000E1E700F0E3FE8642BCD27F2E0BD0731C94
:1076F0005BB284F84530B5E7A06801F06BFBC4F8D5
:1077000008800546D0E74FF0500383F31188BFF39C
:107710006F8FBFF34F8FFEE72DE9F047044682B02D
:10772000FFF79EFD94F845506DB2002D1CDD04F16D
:107730002407A66C6EB1B26BF36B01949A423CD3F2
:107740004FF0500383F31188BFF36F8FBFF34F8F58
:10775000FEE7636A43B1384601F0A2F950BB013D30
:10776000EBB26DB2002BE4D1FF2384F84530FFF774
:107770009DFDFFF775FD94F844305DB2002D5DDD91
:1077800004F1100604E06B1EDAB25DB2002A55D097
:1077900023693046002B51D001F082F90028F2D045
:1077A00001F044FAEFE700F081FE40456FD8B9F1EF
:1077B000000FD4D001F03AFAD1E7B26B9342CED9A0
:1077C00096F84580326CD6F838904FFA88F8AAB906
:1077D000D6F800A009F10109BAF1000F3FD0B8F1C5
:1077E000FF3FC6F838901CD1736A002BB7D006F162
:1077F000240001F055F90028DCD1B0E701A9706838
:1078000005F042FE7268316C0A44B168726009F199
:1078100001038A42B36324BF33687360B8F1FF3F4A
:10782000E2D000F043FE404599D9B8F17F0F0DD06A
:1078300008F101035BB286F8453090E7FF2384F836
:10784000443002B0BDE8F047FFF730BD4FF05003C1
:1078500083F31188BFF36F8FBFF34F8FFEE7B068DC
:1078600001F0B8FAB8F1FF3FC6F83890C6F808A0A2
:10787000814698D1736A002B99D006F1240001F05B
:107880000FF9002896D1B9F1000F93D167E7B8F14D
:107890007F0FDBD008F101035BB286F84530B9F108
:1078A000000F87D15BE700BF58B370B5C56B0446C6
:1078B000F5B1026CA2FB0525D5B90E46FFF7D0FC49
:1078C000D4E90F232168A56303FB02F2D31A0A440B
:1078D000A2600B44FF2284F844206160E36084F8D6
:1078E000452006BB2369ABB9FFF7E0FC012070BD62
:1078F0004FF0500383F31188BFF36F8FBFF34F8FA7
:10790000FEE74FF0500383F31188BFF36F8FBFF38F
:107910004F8FFEE704F1100001F0C2F80028E3D019
:10792000FFF7CEFCE0E704F11000FFF715FE04F1CD
:107930002400FFF711FED7E770B582B048B11546B5
:10794000A1FB0023044623B901FB00F010F1550F01
:1079500008D94FF0500383F31188BFF36F8FBFF343
:107960004F8FFEE754300191FFF7ECFA064670B1F5
:10797000019979B100F15403C6E90F413360012147
:107980003046FFF791FF002386F85050B36430462D
:1079900002B070BD0346EFE72DE9F04184B00192DB
:1079A00000286BD00E461F46044600295AD0022FED
:1079B0000BD1E36B012B7AD04FF0500383F3118886
:1079C000BFF36F8FBFF34F8FFEE701F0A9F90546B4
:1079D00000285CD000254FF0000807E0FFF766FCA8
:1079E0002046FFF799FE00F00FFF0125FFF738FC56
:1079F000A06BE26B904272D3019A002A7FD0002DD7
:107A000051D0FFF753FC00F049FDFFF729FC94F833
:107A10004430FF2B08BF84F8448094F84530FF2B96
:107A200008BF84F84580FFF741FC01A902A801F0D6
:107A3000AFF8002867D1FFF713FCA26BE36B9A4203
:107A4000CCD1FFF733FC019904F1100000F0CEFF18
:107A50002046FFF761FE00F0D7FE0028C5D1FFF7F2
:107A60002FFCC2E7036C002BA1D04FF0500383F32F
:107A70001188BFF36F8FBFF34F8FFEE74FF05003B6
:107A800083F31188BFF36F8FBFF34F8FFEE7019B26
:107A9000002BA0D04FF0500383F31188BFF36F8FFA
:107AA000BFF34F8FFEE702A801F066F8A9E701F0E7
:107AB00037F910B9019B002BECD1FFF7D1FB022263
:107AC00031462046A36BA56BFFF782FDA36C03B381
:107AD0006DB1FFF7EBFB012004B0BDE8F0813A4641
:107AE00031462046A36BFFF773FDA36C8BB1204694
:107AF000FFF7AAFD0028ECD0FFF7E2FBE9E7FFF76C
:107B0000D5FB0020E8E72046FFF706FE00F07CFEEC
:107B1000F7E7636A002BEDD004F1240000F0C0FF0A
:107B20000028D6D0E8E700BF70B505465420FFF71F
:107B300009FA044668B3002601232060C0E90F3625
:107B4000FFF78EFB216CE36B2268626001FB03F39D
:107B5000591A13440A44C4E90232FF23A66304F10C
:107B6000100084F8443084F84530FFF7F5FC04F148
:107B70002400FFF7F1FCFFF799FB84F85050A6644E
:107B8000A6602660E6603346324631462046FFF75F
:107B900003FF204670BD00BF38B538B18568044684
:107BA00001F0B8F885420AD0002038BD4FF05003EC
:107BB00083F31188BFF36F8FBFF34F8FFEE7E36846
:107BC000013BE3600BB1012038BD1A46194620463F
:107BD000FFF7E2FEF7E700BF2DE9F843002850D099
:107BE0000E4617461D46044621B3022D0BD1E36B0A
:107BF000012B08D04FF0500383F31188BFF36F8F30
:107C0000BFF34F8FFEE7FFF779FCEFF311884FF0DA
:107C1000500383F31188BFF36F8FBFF34F8FA26BB5
:107C2000E36B9A4212D3022D10D0002088F3118802
:107C3000BDE8F883036C002BD7D04FF0500383F3DB
:107C40001188BFF36F8FBFF34F8FFEE7314694F873
:107C50004560D4F8389076B22A462046FFF7B8FC43
:107C6000731C17D1A36C5BB3022D02D1B9F1000FC5
:107C700014D12046FFF7E8FC80B17FB101233B60BF
:107C80000CE04FF0500383F31188BFF36F8FBFF305
:107C90004F8FFEE700F00AFC864201D30120C5E7C2
:107CA0007F2E04D0731C5BB284F84530F6E74FF0AA
:107CB000500383F31188BFF36F8FBFF34F8FFEE73D
:107CC000636A002BEAD004F1240000F0E9FE0028EA
:107CD000D3D1E3E7F8B580B3036C044643B14FF06A
:107CE000500383F31188BFF36F8FBFF34F8FFEE70D
:107CF00003680D4653B3FFF701FCEFF311864FF015
:107D0000500383F31188BFF36F8FBFF34F8FA36BC3
:107D1000E26B9A4226D994F845200133FF2AA363E7
:107D200057B223D1A36C63B32046FFF78DFC10B18B
:107D30000DB101232B60012015E04FF0500383F3B8
:107D40001188BFF36F8FBFF34F8FFEE78368002B5F
:107D5000D1D04FF0500383F31188BFF36F8FBFF37F
:107D60004F8FFEE7002086F31188F8BD00F09EFBE0
:107D70008742E0D27F2F0ED07B1C5BB284F8453067
:107D8000D9E7636A002BD6D004F1240000F088FE06
:107D90000028CDD1CFE74FF0500383F31188BFF314
:107DA0006F8FBFF34F8FFEE7F0B585B001920028CB
:107DB0007BD00E460446002941D000F0B1FF0028D8
:107DC00049D0FFF74DFAA56B002D77D1019B8BB3FE
:107DD00002A800F0D1FE2F46FFF768FA00F05EFB24
:107DE000FFF73EFA94F84430FF2B08BF84F8447044
:107DF00094F84530FF2B08BF84F84570FFF756FA1A
:107E000001A902A800F0C4FE002830D1FFF728FA2B
:107E1000A36B002B38D0FFF749FA2046FFF77CFC14
:107E200000F0F2FCFFF71CFAA56B002D46D1019B78
:107E3000002BD1D1FFF73AFA002005B0F0BD036C5A
:107E4000002BBAD04FF0500383F31188BFF36F8F2C
:107E5000BFF34F8FFEE7019B002BB2D04FF05003D2
:107E600083F31188BFF36F8FBFF34F8FFEE7204678
:107E7000FFF752FC00F0C8FCFFF7F2F9A36B002BF0
:107E8000D8D0FFF713FACDE7FFF710FA019904F104
:107E9000240000F0ABFD2046FFF73EFC00F0B4FCF0
:107EA0000028BFD1FFF70CFABCE74FF0500383F373
:107EB0001188BFF36F8FBFF34F8FFEE7226C52B173
:107EC000E168A36811449942E16024BF2168E16040
:107ED000304605F0D9FA013DA56323691BB9FFF7C8
:107EE000E5F90120A9E704F1100000F0D9FD002810
:107EF000F5D0FFF7E5F9F2E7F0B585B0019100287C
:107F000055D0066C044646B14FF0500383F31188F8
:107F1000BFF36F8FBFF34F8FFEE700F001FF054601
:107F200000284DD03546FFF79BF9A36B00278BBB8C
:107F3000019B002B00F08380002D5BD0FFF7B6F98A
:107F400000F0ACFAFFF78CF994F84430FF2B08BF2F
:107F500084F8447094F84530FF2B08BF84F84570CE
:107F6000FFF7A4F901A902A800F012FE002833D1FE
:107F7000FFF776F9A36B002B43D0FFF797F9204664
:107F8000FFF7CAFB00F040FCFFF76AF9A36B01257D
:107F9000002BCDD02268013BA363002A66D0236961
:107FA000002B5AD1FFF782F9012005B0F0BD4FF048
:107FB000500383F31188BFF36F8FBFF34F8FFEE73A
:107FC000019B002B3ED04FF0500383F31188BFF389
:107FD0006F8FBFF34F8FFEE72046FFF79DFB00F04A
:107FE00013FCFFF73DF9A36B43B9FFF75FF9DEB967
:107FF0000020DAE702A800F0BFFD9FE7FFF756F97F
:10800000C2E7FFF753F92368F3B1019904F12400A3
:1080100000F0ECFC2046FFF77FFB00F0F5FB0028AA
:10802000B2D1FFF74DF9AFE7FFF71AF9616A19B15D
:10803000236B1968C1F10601A06800F01BFFFFF770
:1080400035F9D5E72E466EE7FFF70AF9A06800F08C
:1080500077FE0646FFF72AF9D7E704F1100000F093
:108060001FFD00289ED0FFF72BF99BE700F05AFF79
:10807000A06094E7A8B170B586680D46044600F08C
:1080800049FE864208D029462046FFF735FF10B149
:10809000E3680133E36070BDE36801200344E360FB
:1080A00070BD4FF0500383F31188BFF36F8FBFF3A0
:1080B0004F8FFEE740B110B50446FFF7D1F8A46B2F
:1080C000FFF7F4F8204610BD4FF0500383F31188FA
:1080D000BFF36F8FBFF34F8FFEE700BF2DE9F04175
:1080E0000446FFF7BDF8374A374E13680133136073
:1080F0003368002B35D0354FE36A3A6852B3344DBC
:10810000344935480A680132E2630A6002689A42DB
:1081100038BF036003EB830305EB83009B004168DA
:10812000EA58D1F808E0A16004F1040CC4F80CE0AE
:108130000132CEF804C0C1F808C06061EA50FFF710
:10814000B5F83B6823B13268E36AD26A9A4210D329
:10815000BDE8F08132681E4DD26A9A4298BF346001
:10816000CEE734601368012B07D0E36A184D174F30
:10817000C6E7BDE8F041FFF7A3B8154D2F4605F15E
:10818000780838461437FFF7E7F94745F9D1DFF8A3
:108190006480124F4046FFF7DFF93846FFF7DCF9FD
:1081A0000F48FFF7D9F90F48FFF7D6F90E48FFF748
:1081B000D3F90E4BC3F800800D4B1F60E36A034FE9
:1081C0009EE700BFFC040020E8050020F00400202A
:1081D00070050020E0040020F40400204805002081
:1081E0002C05002018050020000500204405002073
:1081F000400500205C05002080B5134D134F144E40
:10820000DFF8508014E0FFF72BF8FB68DC68201DD6
:10821000FFF7CAF93368013B33602B68013B2B60E1
:10822000FFF744F8206BFEF719FF2046FEF716FF14
:108230002B68002BE7D1D8F80030012B01D9FFF7CC
:108240003FF800F073FFF3E7140500201805002045
:10825000FC040020700500202DE9F04795008146C0
:108260002846089F88469A46FEF76CFE002855D09F
:1082700006465420FEF766FE044600284BD05422E2
:10828000002105F003F92A4626633046A52105F0B2
:10829000FDF8236B043D2B4423F00705A563B8F1DB
:1082A000000F10D098F8003084F8343043B198F8BB
:1082B000013084F835301BB198F8023084F836303C
:1082C000002384F83730052F08D94FF0500383F38B
:1082D0001188BFF36F8FBFF34F8FFEE7E7626764CC
:1082E000201DFFF745F9C7F1060704F11800FFF755
:1082F0003FF92461A7616462524649462846FEF769
:1083000097FF099B206003B11C602046FFF7E6FE43
:108310000120BDE8F0873046FEF7A0FE4FF0FF30A9
:10832000BDE8F08730B3204B1B6883422DE9F04154
:1083300004461CD0FEF794FF1C4B1D4AA66A176822
:108340006569D3F80080FEF7B1FF1A4B9E421FD03B
:10835000BD421AD0454518D0174B9D4213D0174B3C
:108360009D421FD0002D0CBF0420012000E0002002
:10837000BDE8F0814FF0500383F31188BFF36F8F96
:10838000BFF34F8FFEE7A36A2BB10220BDE8F08157
:108390000120BDE8F08194F85030012B0CBF022081
:1083A0000320E5E70420E3E7E8050020400500207E
:1083B000440500202C0500200005002018050020A1
:1083C0002DE9F8438020FEF7BDFD00284FD005467B
:1083D0005420FEF7B7FD0446002845D0002631465C
:1083E000542205F053F88022A5212563284605F084
:1083F0004DF8256BDFF89C90E6627C3525F007058B
:108400006664201DC4F83490A563FFF7B1F8DFF867
:1084100088801B4F04F11800FFF7AAF806233246A4
:10842000A3614146246164622846FEF701FF206093
:1084300020463C600126FFF751FE4FF0500383F3C6
:108440001188BFF36F8FBFF34F8F0E4B0E480F494C
:1084500000224FF0FF3404600E601A60FEF77EFFCA
:108460000B4B1B68BDE8F8832846FEF7F7FD4FF07D
:10847000500383F31188BFF36F8FBFF34F8FFEE775
:10848000D8040020F8040020DC040020F0040020C0
:1084900010F4000049444C00F9810000024A1368BE
:1084A00001331360704700BFD4040020014B1868EB
:1084B000704700BFFC04002008B134307047064B01
:1084C00018680028F9D14FF0500383F31188BFF3E7
:1084D0006F8FBFF34F8FFEE7E80500202DE9F04FC7
:1084E000664B1B6883B0002B40F08780644B1F688D
:1084F00001371F60002F69D0624A13689F42C0F0A5
:108500008680DFF88CE1DEF800301868002800F083
:10851000B18000205C4B5D4EDFF88891009380466F
:10852000BB468246019242E0D3E902245869946036
:10853000626042688A42026808BF4460013AC3F838
:1085400014800260986A60B1D3E907249460626085
:108550004268AA42026808BF4460013AC3F8288012
:108560000260DA6AD9F8000002EB8204824206EB6C
:10857000840088BFC9F80020476856F82450D7F80F
:1085800008C09F600135C3F80CC0CCF80410B96076
:10859000586146F82450009B1968DEF80030C96A1B
:1085A0001B688A4288BF4FF0010A002B56D0DEF8C4
:1085B0000030DB68DB685C68A34503F1040103F16C
:1085C0001805B1D2019A5046146024E0304B1A6865
:1085D0001268002A34D12F4A1868116819602E4990
:1085E00010600A6801320A601A681268002A3BD1DA
:1085F000244A4FF0FF3313607FE7284A13680133A2
:10860000136000F083FD002003B0BDE8F08F1E4B27
:108610001E4E00930020009B20491B68DB6A03EB81
:1086200083039B00F2580B68022A28BF012083B104
:108630001B4B1B68002B18BF012003B0BDE8F08F57
:108640004FF0500383F31188BFF36F8FBFF34F8F49
:10865000FEE7009000F05AFD0098E9E7019A5046C5
:108660004FF0FF331360D6E71B68064ADB681B68D0
:10867000136042E7044B054E0093F1E7D404002059
:10868000F8040020DC040020E8050020700500202C
:108690004405002040050020E4040020EC040020F4
:1086A000E8040020F40400204D4B1A682DE9F04F37
:1086B000013A1A601E6883B0002E40F08280494B58
:1086C0001B68002B7DD0DFF838C1DCF80030002BB0
:1086D00000F08380DCF80C30434ADB68434FDD6AEE
:1086E000986ADFF818E1DFF81C91019605EB850127
:1086F00002EB810203F1180859691C1D08E00121F1
:10870000C9F80010DCF8001000293CD01146002008
:108710004668D3E907BA4645CBF808A0CAF804B0C2
:1087200008BFC0F804A0D0F800A0019E9E620AF124
:10873000FF3AC0F800A0D3E9020AC0F808A0CAF8BE
:1087400004004868A042086808BFC1F804A00138C6
:108750000860396850689860A94238BF3D60116868
:10876000D0F808A0C3F80CA00131CAF80440846016
:108770005A611160DEF80010C96AA942BFD3DCF863
:1087800000100029C2D11A4B1A68126802B31A6885
:10879000184BD26812681A60174E346844B101252C
:1087A000FFF79CFE08B1C9F80050013CF8D13460D5
:1087B000D9F800302BB1114B01241B68FEF780FD66
:1087C00000E00024FEF772FD204603B0BDE8F08F04
:1087D000084B4FF0FF321A60DEE7DFF82890DBE746
:1087E000D4040020FC04002070050020F4040020C4
:1087F00044050020DC040020EC040020E8050020F3
:108800002C050020E804002008B5FEF729FD084BE0
:108810001B6843B94FF0500383F31188BFF36F8F88
:10882000BFF34F8FFEE7BDE80840FFF73DBF00BF35
:10883000D4040020002842D02DE9F84F2A4D2B689F
:1088400001332B602E68012E08D04FF0500383F3C4
:108850001188BFF36F8FBFF34F8FFEE7234A244B7E
:10886000D2F800A0DFF894B0D3F80080214B044682
:10887000D3F80090DBF80030DBF80000002783F825
:1088800051700430FEF790FEDBF80030DBF800108A
:1088900014EB0A0428BF37465C60CFB14846043168
:1088A000FEF76AFEFEF7DCFC2B6853B94FF050036D
:1088B00083F31188BFF36F8FBFF34F8FFEE7FEF78F
:1088C000FFBCFFF7F1FE68B9BDE8F84FFEF7F8BC52
:1088D00040460431FEF750FE074B1A68944238BFF9
:1088E0001C60DFE7BDE8F88FD4040020F804002006
:1088F0004405002040050020DC040020E80500209D
:10890000354B1B681BB1354B01221A607047334A47
:1089100070B5334C13602268236812681B6B9A424F
:1089200054D9304D304A2B6803EB83008000990006
:108930001058002839D173B3581E00EB800189000C
:108940005658810086BB30B3981E00EB8001890029
:108950005658810046BBF0B1D81E00EB800189005B
:108960005658810006BBB0B1181F00EB800189008A
:1089700056588100C6B970B1581F00EB80018900BC
:108980005658810086B930B1063B03EB8300800066
:108990009900105848B94FF0500383F31188BFF382
:1089A0006F8FBFF34F8FFEE70346194402EB810040
:1089B00002464168496841600832914204BFC1687B
:1089C0004160CA6822602B60236870BD21682068FE
:1089D000343100F087FBA4E7D4040020E804002031
:1089E000E8050020F40400207005002018B32DE9EC
:1089F000F041254D0C4629681831FEF7BDFD23498D
:108A0000234A244B0E681768D3F800802B68286827
:108A1000002283F851200430FEF7C6FD631C13D0FA
:108A20002B682968A4195C6022D340460431BDE854
:108A3000F041FEF7A1BD4FF0500383F31188BFF35F
:108A40006F8FBFF34F8FFEE7134B29685A682E686C
:108A50008A60286829682D681C6801341C60946845
:108A6000F46004300431606091606B61BDE8F081B6
:108A700038460431FEF780FD084B1A68944238BF2F
:108A80001C60BDE8F08100BFE8050020F80400206C
:108A9000440500204005002000050020DC040020E3
:108AA000C368DB68002B51D0D3E907019A6AF0B4A0
:108AB00081604860506803F11804A04208BF51600B
:108AC00011682748013900259D6211600168DA6A42
:108AD000B1B124490D684868D86101350D608568D9
:108AE0001D626C60846099621F4B1B68DB6A934255
:108AF0003ABF1E4B01200020F0BC38BF1860704701
:108B0000D3E902405969A06044604C681E1DB4421C
:108B100008BF486008680138086015490868904235
:108B2000144838BF0A6002EB820100EB810789001C
:108B30007D684458D5F808C09D600134C3F80CC066
:108B4000CCF80460AE605F614450CDE74FF0500355
:108B500083F31188BFF36F8FBFF34F8FFEE700BF22
:108B6000D40400202C050020E8050020E8040020A3
:108B7000F404002070050020034A044B12681B68AF
:108B8000C0E90023704700BFE4040020F80400207F
:108B9000F8B5F0B10D4699B10446FEF761FB204AE5
:108BA000204B16681968606891F85110D1B11B68A4
:108BB000002283F851200124FEF778FB2046F8BDFF
:108BC0004FF0500383F31188BFF36F8FBFF34F8FC4
:108BD000FEE74FF0500383F31188BFF36F8FBFF3AD
:108BE0004F8FFEE72B68591C17D0DFF83CE0216857
:108BF000DEF80070B94204D0B04202D800232B60E6
:108C0000D9E7A6EB000C6345F8D9DEF8001012682E
:108C10009B1B03442B60C4E900120024CCE700BF77
:108C2000F8040020E8050020E4040020014B0122A4
:108C30001A607047E8040020F8B50D461646002873
:108C400038D0044604F13402C5E90042E26A2A61E0
:108C5000226BEA6122682A62A26B6A62E26BAA60F6
:108C6000626C6A61052B4FF00002AA6127D0264989
:108C70000968A14221D0032B2B7325D0FEF7F0FA0F
:108C8000224BA26A9A4204BF01232B73FEF70EFB0C
:108C900076B1266B3378A52B2ED13346184613F8C0
:108CA000011FA529FAD0C6F101060644C6F38F06B6
:108CB0002E85F8BD144A1468C4E72A73E8E72046F5
:108CC000FFF730FB2873E3E7114F3B6801333B604C
:108CD000A36A9BB102232B73FEF7C2FA3B6843B928
:108CE0004FF0500383F31188BFF36F8FBFF34F8FA3
:108CF000FEE7FFF7D9FCC1E70026D9E794F850302A
:108D0000012BE7D0E8E700BFE80500202C05002094
:108D1000D4040020014B1868704700BFE80500200C
:108D2000054B1B6833B1054B1868B0FA80F0400959
:108D30004000704701207047F0040020D404002058
:108D4000F8B50446A0B1204DC36A2A68D26A93429E
:108D50000FD28269120414D51C4E626903EB83039F
:108D600006EB83039A4212D02B68DB6AE362012090
:108D7000F8BD2B68406CDB6A98422CBF00200120B4
:108D8000F8BD2A68D26AC2F106028261E4E7271DB3
:108D90003846FEF709FC2B680D4ADB6A1168E3626E
:108DA0008B4288BF136003EB8303980006EB8303B9
:108DB00032585968A1608D68E56001326F608F603C
:108DC00063613250D3E700BFE80500207005002042
:108DD000F404002010B3244B1B68834270B5044692
:108DE00008D04FF0500383F31188BFF36F8FBFF3A8
:108DF0004F8FFEE79B6C43B1C16A426C013B9142CD
:108E0000836400D063B1002070BD4FF0500383F342
:108E10001188BFF36F8FBFF34F8FFEE700207047BD
:108E2000051D2846FEF7C0FB636C104AE362C3F1E0
:108E30000601A16111688B4288BF13600C4A03EBE5
:108E400083034FEA830C02EB830352F80C1058683B
:108E5000A0608668E660013175608560636101200D
:108E600042F80C1070BD00BFE8050020F40400209B
:108E700070050020002844D0F8B5836C04464BB13F
:108E8000406CE26A814238BF01468A4201D0012B20
:108E900009D0F8BD4FF0500383F31188BFF36F8FF3
:108EA000BFF34F8FFEE71C4B1B68A3422AD0A36978
:108EB000E1621B0458BFC1F10601184D58BFA16102
:108EC00002EB8202616905EB82039942E1D1261D22
:108ED0003046FEF769FB124AE36A11688B4288BF8D
:108EE000136003EB8303980005EB83032A5859684A
:108EF000A1608F68E76001327E608E6063612A50F6
:108F0000F8BD70474FF0500383F31188BFF36F8FA4
:108F1000BFF34F8FFEE700BFE8050020700500207B
:108F2000F4040020034B186810B1836C0133836490
:108F3000704700BFE8050020F8B5554E554A336824
:108F4000013386468C46336000240620A2F16C076C
:108F5000013800EB800357F82330BBB152F8043CD2
:108F60005B68934208BF5368DD685B6842F8043C65
:108F7000934204BF5B6842F8043CD968A44588BFAB
:108F80004EF824108D4204F10104EED1143A002869
:108F9000DED1414B19680B68B3B14B685B6801F1D6
:108FA0000800834208BFCB68DD685B684B6098426D
:108FB00004BFCB684B60DA68A44588BF4EF8242014
:108FC000954204F10104F0D1344B19680B68B3B138
:108FD0004B685B6801F10800834208BFCB68DD681D
:108FE0005B684B60984204BFCB684B60DA68A4456D
:108FF00088BF4EF82420954204F10104F0D128499D
:109000000B68C3B14B68CF685B6801F1080083420D
:1090100008BF3B46DD685B6883420ABF3B461A4691
:109020003A464A60DA68A44588BF4EF82420954243
:1090300004F10104EFD11B490B68C3B14B68CF6841
:109040005B6801F10800834208BF3B46DD685B684E
:1090500083420ABF3B461A463A464A60DA68A4454C
:1090600088BF4EF82420954204F10104EFD1FEF7A9
:10907000F7F8336843B94FF0500383F31188BFF317
:109080006F8FBFF34F8FFEE7FFF70EFB2046F8BD53
:10909000D4040020DC050020440500204005002009
:1090A00000050020180500202DE9F0410446DDF8F8
:1090B00018800F4616461D46FEF7D2F864B1A36B22
:1090C0003B60236B336022682A60002388F80030FD
:1090D000BDE8F041FEF7EAB8014B1C68EFE700BFBE
:1090E000E80500204FF0500383F31188BFF36F8F22
:1090F000BFF34F8F00BEFEE74FF0500383F311889C
:10910000BFF36F8FBFF34F8F00BEFEE710B5064C65
:1091100023680133092B236000DC10BDFAF710F837
:109120000023236010BD00BFEC05002000F000B854
:10913000BFF34F8F30BFBFF36F8F7047014BAA2231
:109140001A70704700E00740F0B54FF0010E0EFABC
:1091500000FE01EB41017C489DF8144010F83150AD
:109160006FEA0E0C5FFA8CFC5FFA8EFEC9001E06D9
:1091700054BF0CEA05054EEA050545544E1C5F0632
:10918000855D54BF0CEA05054EEA050585558E1C24
:109190009F06855D54BF0CEA05054EEA0505855519
:1091A000CE1CDF06855D54BF0CEA05054EEA0505B9
:1091B00085550E1D1F07855D54BF0CEA05054EEA57
:1091C000050585554E1D5F07855D54BF0CEA0505F5
:1091D0004EEA050585558E1D9B01855DDFB21B0698
:1091E00054BF0CEA05034EEA05038355CD1D7E06E8
:1091F000435D4CBF4EEA03030CEA0303435501F100
:1092000008051706435D54BF0CEA03034EEA030347
:10921000435501F109055606435D54BF0CEA0303AB
:109220004EEA0303435501F10A059706435D54BF17
:109230000CEA03034EEA0303435501F10B05D6067E
:10924000435D54BF0CEA03034EEA0303435501F1A7
:109250000C051707435D54BF0CEA03034EEA0303F2
:10926000435501F10D055607435D54BF0CEA030356
:109270004EEA0303435501F10E059201435DD6B258
:10928000120654BF0CEA03034EEA0303435501F1EF
:109290000F027706835C4CBF43EA0E0303EA0C031C
:1092A000835401F110022606835C54BF0CEA0303C9
:1092B0004EEA0303835401F111026506835C54BF37
:1092C0000CEA03034EEA0303835401F11202A706DA
:1092D000835C54BF0CEA03034EEA0303835401F199
:1092E0001302E606835C54BF0CEA03034EEA030351
:1092F000835401F114022507835C54BF0CEA030375
:109300004EEA0303835401F115026707835C54BFDF
:109310000CEA03034EEA03038354A30101F116048C
:109320001E06025DDDB254BF0CEA02034EEA0203E0
:10933000035517316A06435C4CBF4EEA03030CEA3F
:10934000030343540020F0BDF0050020F0B5664C47
:1093500001EB410104EBC10E14F831409EF80110FD
:109360009EF809509EF810609EF80C70844644FAEE
:109370000CF441FA0CF104F0010401F0010141EA9E
:1093800044019EF8024044FA0CF404F0010444EA5B
:1093900041049EF8031041FA0CF1E4B201F001011E
:1093A00041EA44019EF8044044FA0CF404F001043C
:1093B000C9B244EA41019EF8084045FA0CF544FA66
:1093C0000CF404F0010405F0010545EA44059EF89B
:1093D000114046FA0CF644FA0CF406F0010604F0CB
:1093E000010444EA46049EF80A6046FA0CF606F0C8
:1093F000010646EA45059EF8126046FA0CF606F0AC
:10940000010646EA44069EF8054044FA0CF4C9B247
:1094100004F0010444EA41049EF80B1041FA0CF1F7
:1094200001F0010147FA0CF741EA450507F0010791
:109430009EF8131047EA45079EF8145041FA0CF1C4
:1094400045FA0CF501F0010141EA460105F001057C
:1094500045EA41059EF806109EF80D6041FA0CF1B0
:10946000E4B201F0010141EA44019EF8154044FADA
:109470000CF404F0010444EA45049EF80E5046FA48
:109480000CF645FA0CF506F0010646EA470605F02B
:10949000010545EA46059EF8166046FA0CF606F008
:1094A000010646EA44069EF8074044FA0CF4C9B2A5
:1094B00004F0010444EA41049EF817109EF80FE0FE
:1094C00041FA0CF14EFA0CFC0CF0010C4CEA450C84
:1094D00082F800C001F001011C70059B41EA4601C1
:1094E00019700020F0BD00BFF005002010B4C0F3DB
:1094F00007230D4CC0F3074201FB03F3A4FB03C396
:1095000001FB02F2A4FB02C2C0B2DB0901FB00F0C6
:10951000D2091B02A4FB004043EA024343EAD010F5
:109520005DF8044B704700BF81808080431F012B92
:109530000ED827290CD800B583B0D3B20093C2F35C
:109540000723C2F30742FFF7FFFD03B05DF804FBFA
:109550000220704710B5A0F1050CBCF1010F9DF879
:10956000084007D827298E4604D80294BDE8104049
:10957000FFF7EABD022010BD2DE9F041A0F1050C76
:1095800084B0BCF1010F9DF8288026D827290D460C
:1095900023D81F4643EA08031343164603D100208D
:1095A00004B0BDE8F0810DF10F0300930DF10D0241
:1095B0000DF10E030446FFF7C9FE9DF80F309DF82C
:1095C0000D2048EA030300939DF80E3029462046FB
:1095D0003B433243FFF7B8FDE1E7022004B0BDE8AA
:1095E000F08100BF08B54FF470720021024803F00B
:1095F0004DFF002008BD00BFF005002002484FF4D9
:10960000707100F069BC00BFF0050020F0B50E4697
:109610008FB085490546144603F048FF20B18349C1
:10962000284603F043FFF0B9626881498148F9F7A1
:1096300009FC814981486268F9F704FC8049814846
:109640006268F9F7FFFB804980486268F9F7FAFB26
:109650007F4980486268F9F7F5FB012333700024E5
:1096600020460FB0F0BD7C49284603F01FFF28B10B
:109670007A49284603F01AFF002857D1012362686F
:10968000774933706B48F9F705FC06A802222021C0
:10969000FBF774F806A8734A2021FAF7DFF962682D
:1096A000714806A9F9F7F6FB06A805222021FBF769
:1096B00065F806A86B4A2021FAF7D0F962686B4872
:1096C00006A9F9F7E7FB06A806222021FBF756F8C2
:1096D00006A8644A2021FAF7C1F96268644806A91D
:1096E000F9F7D8FB06A828222021FBF747F806A89F
:1096F0005C4A2021FAF7B2F962685E4806A9F9F7D8
:10970000C9FB06A850222021FBF738F806A8554AC5
:109710002021FAF7A3F96268574806A9F9F7BAFBBE
:10972000564957486268F9F7B5FB98E75549284606
:1097300003F0BCFE0146002868D053490B2228469E
:1097400003F01FFF002834D050490822284603F0B8
:1097500018FF002883D101230835337003A905A819
:109760000595FBF7ABF800287FF479AF039B053B29
:10977000012B3FF674AF04A905A8FBF79FF800285A
:109780007FF46DAF049B272B3FF669AF06A905A8B0
:10979000FBF712FC044600287FF462AFDDE9030109
:1097A000069AFFF7C3FE4FF47071394800F094FB3E
:1097B00056E701230B35337006A905A80595FBF77D
:1097C000FBFB044600287FF44BAF069DC5F307471B
:1097D000C5F30726EDB20AE0009533463A46214626
:1097E0000620FFF7B1FC58B90134282C08D00095A9
:1097F00033463A4621460520FFF7A6FC0028EBD069
:109800004FF47071224800F067FB28E74FF4707244
:109810001F4803F03BFE1E484FF4707100F05CFBE4
:10982000012333701BE700BF0CDC000084E600005E
:10983000C4E50000DCE50000A8D80000CCD800009A
:10984000E0E50000F4E5000000E6000020E600008E
:1098500034E6000068E6000088DC0000FCE600005A
:1098600090E600003CE90000A8E60000B4E6000035
:10987000C0E60000CCE60000DCE60000E8E6000000
:10988000F0E6000008E7000018E7000024E7000009
:10989000F005002002484FF47072002103F0F6BD7D
:1098A000F00500200149142203F0EEBD14F400007D
:1098B00038B505461420FDF745FB0446C8B114220F
:1098C000002103F0E3FDD5E90132297863602B7BA9
:1098D0002170A2602373B5F80D30A4F80D30EB7B36
:1098E000E3732B7C2374B5F81130A4F81130EB7CB2
:1098F000E374204638BD00BF2DE9F04F8DB0CDE9AF
:1099000002120593179B049310F13603DDF858C03B
:10991000DDF860E00BD5AC4B6FF03502121AA3FBFB
:1099200002131B0B4FF4875101FB1323CB1AA64ADA
:10993000A2FB0312120B4FF4875101FB1232A34B0F
:109940009508A3FB0535ED08B2F1360905F1FF31A5
:109950001AD4481C02F1350240F0868141F27400AD
:10996000814500F36E8141F273039A4200F38E81C8
:10997000B9F1000F00F0AA810023CDE90A33069364
:109980004C4609936B20AAE002F585540A3402F58F
:1099900088521532204641F2DF031B1A01338B48EF
:1099A000C3EB032380FB0307DB17C3EB6713884F6D
:1099B000049803FB0CF887FB08BAC2444FEAE87826
:1099C00003FB00F0C8EBEA185FFA88F687FB00A8F3
:1099D00003FB0EF38044C017C0EBE81087FB03873E
:1099E0001F44DB17C3EBE713DFB2C0B233460343B8
:1099F0003B43B9F1000F0A960B900997069366DA7C
:109A0000B2F5875F80F2E6804FF00008CDE9078865
:109A1000C24644464646C34647464FF001094A1CE3
:109A2000059B00F0B380002B38D0069B63B9B8F1DA
:109A3000000F15D1B9F1280F3DD0BAF1000F22D196
:109A40000DB0BDE8F08F27210398099B00930144D6
:109A5000DDE90A230298FFF77DFDB8F1000FE9D098
:109A6000039902980097DDE907232944FFF772FD67
:109A7000B9F1280F1FD0059B002BDED1C9F12809B1
:109A8000BAF1000FDCD003990298169433465A4677
:109A900049440DB0BDE8F04FFFF75CBD069B0029BF
:109AA00040F00E81002B76D1B8F1000F40F0EB8032
:109AB000B9F1280FE2D14FF00009BEE7994540F314
:109AC00010810023CDE90A3306934C4609936C2399
:109AD00005FB03F3A34203F16B0080F2E880A04290
:109AE00007DB9042A8BF10462746984280F2D180FB
:109AF0003C464FF00008CDE9078805F101094746CB
:109B00006C2000FB09F0A04200F16B0306DB9042E1
:109B100006DC9342A8BF1346044604E0A3424CDB94
:109B20009342A8BF1346984247DC1B1B5C1C274B83
:109B3000049EC4EB042483FB0432E417C4EB6214D8
:109B4000234B04FB0CFC83FB0C0204FB06F6624473
:109B50004FEAEC7BCBEBE21B83FB0602324404FBB7
:109B60000EF4F617C6EBE21683FB04232344E41736
:109B7000C4EBE3145FFA8BFBF6B2E4B24BEA060ADD
:109B80004A1C059B44EA0A0A7FF44DAF002B65D1BD
:109B9000069B63B101210398099B00930144DDE911
:109BA0000A230298FFF7D6FC002D7FF47DAFB8F1B1
:109BB000000F3FF47DAF002552E74FF0000A5446F6
:109BC0005646D3462BE700BF49D6B9F2F712DA4B17
:109BD0008180808093464FF48753D31A0133454ADE
:109BE000049EC3EB032382FB0320DB17424AC3EB33
:109BF000601303FB0CF082FB00A88044C01703FB3A
:109C000006F7C0EBE810C6B282FB078003FB0EF339
:109C10003844FF17C7EBE01782FB03021A44DB1737
:109C2000C3EBE213FAB246EA0208DFB2B9F1000F61
:109C30000796089247EA080808DB5A4605F1010929
:109C40005EE748464C4641F2DF03A6E64FF0000AC5
:109C500054465646D3464FF00109E0E6069B002BDA
:109C60007FF4F1AE1D46E2E66C2401FB04F4A1454D
:109C700004F16B033FF722AFA2420FDA9342A8BF71
:109C8000134648460EE0C5F12805E9E613464C4662
:109C900083E69346234602463C469EE79342A8BF8E
:109CA000134620469C423FF70CAF4C4675E6934264
:109CB0003FF717AF90422746A8BF10461C4614E74F
:109CC000002B3FF4F1AEC1F1280164E76B22CDE92E
:109CD0000A994C464B46CDF81890CDF82490104682
:109CE000E8E79342A8BF13469C423FF7EAAE4846D6
:109CF0004C4652E6F712DA4B8180808010B48446DD
:109D00009DF804000190DCE9010421445DF8044B56
:109D1000FFF720BC41748274C3747047F0B5037CB4
:109D200085B004460F467BB10369FF2B0CD9002593
:109D3000A168E67CA37C627C6068009629440135BA
:109D4000FFF71AFC282DF3D1237B0BB905B0F0BD2A
:109D5000E27BA37B607BCDE90132D4E90112237859
:109D600000903846FFF7C8FD05B0F0BD417382731F
:109D7000C373704701737047017470472DE9F8434E
:109D80000C461546064629462046224ADFF898909A
:109D9000DFF89880F9F762FE327C2946002A0CBF72
:109DA0004A4642462046F9F759FEB77C737C1A4A68
:109DB0003F0247EA0347F37C29461F432046F9F751
:109DC0004DFE3A4629462046FAF7E6FA294620464D
:109DD000124AF9F743FE726829462046FAF7EEFB6D
:109DE000294620460E4AF9F739FEB2682946204630
:109DF000FAF7E4FB294620460A4AF9F72FFE3278A3
:109E00002946002A0CBF4A4642462046BDE8F84390
:109E1000F9F724BE38E7000044E7000050E70000EF
:109E20005CE7000068E7000034E7000030E700006E
:109E3000F8B50D4616460746314628460F4AF9F74B
:109E40000DFE397B0E4B0F4A2846002918BF1A46D3
:109E50003146F9F703FEBC7B7A7BFB7B240244EAA4
:109E600002441C4331462846074AF9F7F7FD2246CB
:109E700031462846BDE8F840FAF78EBA38E70000C8
:109E800030E7000034E7000044E70000114B1A6897
:109E9000120603D51A6822F080021A600D4BDA68A8
:109EA000100603D5DA6822F08002DA60094B5A699D
:109EB000110603D55A6922F080025A61054BDA690E
:109EC000120603D5DA6922F08002DA61BFF34F8F00
:109ED000704700BF00800340F8B5764A764C774B58
:109EE0004FF0010C00254FF0020E157782F81CC0D0
:109EF00082F81CE0236020622364E38A89B203F4C1
:109F000000430B43E382E38E03F400430B43E386F9
:109F1000B4F8563003F400430B43A4F85630E38BF7
:109F200003F400430B43E383E38F03F400430B4349
:109F3000E387B4F85E3003F400431943604BA4F8A0
:109F40005E10FF275D601F65196821F080011960B0
:109F50005C490E7846F080060E704E7846F080061A
:109F60004E708E7846F080068E7082F81BE082F884
:109F70001BC0D5761F651A6822F080021A60DA6865
:109F800022F0800242EA0C02DA605A6922F0800272
:109F900042EA0C025A61DA6922F0800242EA0C02BB
:109FA000DA615D60DA6822F0800242F04002DA6035
:109FB0005A6922F0800242F040025A61DA6922F0C6
:109FC000800242F04002DA611A6822F0980242F000
:109FD00008020A201A60F9F74FF805460FE0B4F8B6
:109FE0001CC0A28FB4F85C101CF0800F92B289B232
:109FF00003D0160601D50A0659D4FEF71BFC2846E5
:10A00000F9F782F803460120002BE8D008242C4BF6
:10A010001A6822F098021A60DA6822F0C002DA6048
:10A020005A6922F0C0025A61DA6922F0C002DA618C
:10A03000DA6822F08002DA605A6922F080025A61FE
:10A04000DA6922F08002DA612846F9F73FF81E4B00
:10A0500018681E4B322202FB00F0984204D91C4BB8
:10A0600098421DD2FBF708F8164A154B117801F0FB
:10A070007F011170517801F07F015170917801F0EA
:10A080007F019170DA6822F08102DA605A6922F069
:10A0900081025A61DA6922F081022046DA61F8BD54
:10A0A0000C4BA3FB0030800CFAF7EAFFDCE71C4600
:10A0B000ADE700BF0080004000900040D5F40000F4
:10A0C0000080034000100240080000203F420F00C3
:10A0D000C0D8A70083DE1B438848C16B38B5884BC6
:10A0E000002241F08071C1631A601C6824F098045A
:10A0F0001C601C6824F087041C603C245A601021FA
:10A100009C600A24D9605961D9611C6133211524EE
:10A110009C611962D9687B4C21F0800141F04001BB
:10A12000D960596921F0800141F040015961D96934
:10A1300021F0800141F04001D961734904F5805359
:10A1400081F82A2301211A609A80DA809A60DA6005
:10A150001A619A82D9829A619A83D9831A629A84FF
:10A16000DA849A62DA621A639A86D9869A639A873F
:10A17000D9871A64A3F84420A3F846209A64DA64C5
:10A180001A65A3F85420A3F856109A65A3F85C202A
:10A19000A3F85E10256845F08005256099609962F6
:10A1A0009964DC88C4F30A04DC80DC8CC4F30A0400
:10A1B000DC84B3F84640C4F30A04A3F846409A800E
:10A1C0009984A3F84420D988504C21F4E061090413
:10A1D000090CD980D98C21F4E0610904090CD984D7
:10A1E000B3F8461021F4E0610904090CA3F8461005
:10A1F000816B41F48051816300F5372044491C6133
:10A20000803018631965D98821F0F8010904090C18
:10A21000D980D98C21F0F8010904090CD984B3F84C
:10A22000461021F0F8010904090CA3F846109A829F
:10A230009A86A3F85420DA8822F007021204120C3E
:10A24000DA80DA8C22F007021204120CDA84B3F8F6
:10A25000462022F007021204120CA3F846209A8B23
:10A2600092B242F008029A839A8F92B242F00802A8
:10A270009A87B3F85C20A4F55E2492B2843C42F045
:10A2800008022046A3F85C20F6F79CFB237803F035
:10A290007F032370637803F07F036370A37803F078
:10A2A0007F03A370237803F0BF032370637803F068
:10A2B000BF036370A37803F0BF03A370237803F098
:10A2C000C00343F014032370637803F0C00343F02A
:10A2D00015036370A37803F0C00343F01603A37063
:10A2E000237843F080032370637843F08003637026
:10A2F000A37843F08003A37038BD00BF0080044002
:10A30000008003400080004000E100E084F00F4046
:10A3100088F00F400149242203F0B6B828F4000069
:10A3200038B505462820FCF70DFEE0B1044628228A
:10A33000002103F0ABF82A78227069786A68A2607D
:10A340006170AA686969A161E260A969EA68E8695F
:10A35000E1610023296922612A6A626220626161E7
:10A360006360204638BD00BF00BFFCE7114403EB2B
:10A370004103063350F82300704700BF114403EB3C
:10A380004103023350F82300704700BF10B5044664
:10A39000806802F0C5FC60B1E06802F0C1FC40B129
:10A3A000206902F0BDFC20B1606902F0B9FC00B187
:10A3B00010BD002010BD00BF38B504460D4602F0A8
:10A3C000A5FC2846FEF736FAA06802F0A9FC002892
:10A3D000F7D0E06802F0A4FC0028F2D0206902F077
:10A3E0009FFC0028EDD0606902F09AFC0028E8D0BC
:10A3F00038BD00BF014B1868704700BFB00900208E
:10A40000014B1860704700BFB0090020406808B1D8
:10A41000F7F762BD704700BF4160704738B504462A
:10A420000D46806802F02CFE3DB100F0A5FA606890
:10A430000021BDE83840F7F741BD00F0A1FA60689F
:10A440000121BDE83840F7F739BD00BF704700BFB4
:10A4500010B56420FEF7EEF9FFF7C4F8FFF7CEF869
:10A460004FF4FA70FEF7E6F9012001F099FC00F0D4
:10A4700099FA01F0BBFC0022114601200C4C01F0BE
:10A48000F9FC002320681A461946FDF785FA206872
:10A490004FF0FF31FDF730FD012805D1FFF7A2F89D
:10A4A00001F056FBFFF7AAF81420FEF7C3F9EEE718
:10A4B000B40900200020704700B5074B83B018682E
:10A4C00001A9FDF707FC0198A0F10100B0FA80F0A6
:10A4D000400903B05DF804FBB4090020034A0023DF
:10A4E000106819461A46FDF757BA00BFB409002094
:10A4F00000B5114883B0FCF71DFE00240223CDE90E
:10A5000000340E490E482346E122FDF7A5FE01283E
:10A5100000D0FEE703222146FDF70EFA094A10603B
:10A5200048B1234622462146FDF736FA01F0F8FDF0
:10A53000FDF746FFFEE7FEE74CF4000070E7000081
:10A5400051A40000B409002000B587B06846F7F7B1
:10A55000B5FD0949094A4FF0010C022368460393EF
:10A56000CDE901128DF800C0F7F7AEFD044B18607D
:10A5700007B05DF804FB00BF80F00F4000B004405E
:10A58000B80900202DE9F04186B00E4601A9074622
:10A5900015461C46FAF792F948B9019B012B06D8DB
:10A5A00002A93846FAF78AF908B9029B2BB14FF095
:10A5B0001B08404606B0BDE8F08103A93846FAF70B
:10A5C0007DF90028F3D1039B012BF0D804A938466C
:10A5D000FAF774F90028EAD105A93846FAF76EF9B6
:10A5E00080460028E3D1059B002BE0DB3868027829
:10A5F000202A13D0BAB90E990A70109901220A7054
:10A600000F990A70019A3260029A2A60DDE90312FA
:10A6100021600C990A600D9A1370CAE7411C3960D9
:10A6200042780846E6E75C49022202F0AAFF58B9E0
:10A630003B6802333B6001230E9A1370109A13702B
:10A640000F9A1370059BDDE754493868022202F027
:10A6500098FF58B93A680E99109B02323A6001226D
:10A660000A700F9908701A70059BCBE74C4938683F
:10A67000022202F086FF034658B93A680E99023268
:10A680003A6001220A700F990A70109A1370059BA4
:10A69000B8E744493868022202F073FF034630B934
:10A6A0003A680E9902323A6001220A70C6E73E49C2
:10A6B0003868022202F065FF38B93B680E9A02330F
:10A6C0003B60022313700123B8E73849386802223F
:10A6D00002F057FF034660B93A680E9902323A60B9
:10A6E00002220A700F9A1370109A01231370059BAF
:10A6F00088E72F493868022202F043FF034638B941
:10A700003A680E9902323A6002220A700122BAE7D0
:10A7100028493868022202F034FF034630B93A680B
:10A720000E9902323A6002220A7087E7224938689D
:10A73000022202F026FF38B93B680E9A02333B60D2
:10A7400000231370012379E71C493868022202F0C4
:10A7500018FF034628B93A6802323A600E9A107020
:10A76000C0E717493868022202F00BFF034628B9F8
:10A770003A6802323A600E9A1070C7E71149386899
:10A78000022202F0FEFE034600287FF410AF3A6872
:10A7900002323A6050E700BF74E7000078E700003B
:10A7A0007CE7000080E7000084E7000088E7000005
:10A7B0008CE7000090E7000094E7000098E70000B5
:10A7C0009CE70000A0E700002DE9F041A4B0DFF80D
:10A7D000C8801446002206460D46E4B28DF81020CB
:10A7E00004A8284A80211F46F9F726F923462A465D
:10A7F0003146D8F80000FFF7B9FD04A98022FFF721
:10A80000BDFA04A8204A8021F9F728F923462A46F0
:10A810003146D8F80000FFF7A9FD04A98022FFF710
:10A8200007FB04A8194A8021F9F718F96846184A65
:10A830001021F9F701F9F2B268461021F9F7BAF9D7
:10A8400068462C221021F9F72FF9EAB26846102148
:10A85000F9F7B0F968462C221021F9F725F92246BC
:10A8600068461021F9F7A6F968460A4A1021F9F757
:10A87000F5F87A6804A96846F8F70CFB24B0BDE83F
:10A88000F08100BFA4E70000ACE700003CE9000055
:10A89000B4E70000BCE70000E009002003460A46D8
:10A8A00040681978FAF7E6BC2DE9F043A5B00746F1
:10A8B0000E4615469846FFF79DFD002850D02B46C2
:10A8C00032463946FFF75AFD044601F0B1FE002337
:10A8D0008146244A8DF8103004A88021F9F7BEF88B
:10A8E0004A4604A88021F9F7C9FC04A81E4A802121
:10A8F000F9F7B4F8204604A9802202F0C5FB04A8A9
:10A900001A4A8021F9F7AAF86846194A1021F9F77E
:10A9100093F8FAB268461021F9F74CF968462C22F0
:10A920001021F9F7C1F8F2B268461021F9F742F99F
:10A9300068462C221021F9F7B7F8EAB268461021D0
:10A94000F9F738F968460B4A1021F9F787F8D8F873
:10A95000042004A96846F8F79DFA25B0BDE8F08305
:10A960000446B2E7C0E70000C8E700003CE9000089
:10A97000D4E70000BCE700004068FAF7F5BC00BF70
:10A980004068FAF7DDBC00BF10B4054C844613469E
:10A9900020685DF8044B0A466146FFF7E7BC00BF3C
:10A9A000E0090020024A034B11781868FEF79EBDAB
:10A9B00015000020100000202DE9F04F0D46A5B035
:10A9C000B2490446174602F071FD30B1B049204645
:10A9D00002F06CFD002840F0848001237A68AD49C4
:10A9E0002B70AD48F8F72EFAAC49AD487A68F8F705
:10A9F00029FAAC49AC487A68F8F724FAAB49AC4874
:10AA00007A68F8F71FFAAB49AB487A68F8F71AFA90
:10AA1000AA49AB487A68F8F715FAAA49AA487A68A9
:10AA2000F8F710FAA949AA487A68F8F70BFAA94981
:10AA3000A9487A68F8F706FAA849A9487A68F8F7A1
:10AA400001FAA849A8487A68F8F7FCF9A749A84884
:10AA50007A68F8F7F7F9A749A7487A68F8F7F2F99A
:10AA6000A649A7487A68F8F7EDF9A649A6487A6892
:10AA7000F8F7E8F9A549A6487A68F8F7E3F9A5498F
:10AA8000A5487A68F8F7DEF9A449A3487A68F8F788
:10AA9000D9F9A349A3487A68F8F7D4F9A249A34899
:10AAA0007A68F8F7CFF9A249A2487A68F8F7CAF9A4
:10AAB000A149A2487A68F8F7C5F9A149A1487A687E
:10AAC000F8F7C0F9A049A1487A68F8F7BBF9A0499E
:10AAD000A0487A68F8F7B6F90025284625B0BDE801
:10AAE000F08F9D49204602F0E1FC28B19B492046A9
:10AAF00002F0DCFC00287DD1012614AC7A6898496C
:10AB000065482E70F8F7C6F9964A40212046F8F7B6
:10AB100093FF022240212046F9F74CF82A224021D7
:10AB20002046F8F7C1FF324640212046F9F742F8A7
:10AB30002A2240212046F8F7B7FF02224021204672
:10AB4000F9F738F8884A40212046F8F787FF874808
:10AB50007A682146F8F79EF9854B5868FAF74AFB60
:10AB6000002800F08D8040222146F7F7BFF92046EB
:10AB70007D4A4021F8F772FF7A687E482146F8F74F
:10AB800089F920467C4A4021F8F756FF7B4B204646
:10AB90001A684021F9F700FC2046734A4021F8F773
:10ABA0005DFF7A6876482146F8F774F92046724AC4
:10ABB0004021F8F741FF734B20461A784021F9F7FE
:10ABC0005DFB2046684A4021F8F748FF7A686E48E6
:10ABD0002146F8F75FF9FFF70DFCFFF717FC6B4B09
:10ABE0006B497A680446002C18BF19466948F8F783
:10ABF00051F971E76849204602F058FC06460028E2
:10AC000000F0E88065491622204602F0BAFC0028D0
:10AC100040F0C880012310AECDE913001634129025
:10AC20002B7012A930461094F9F748FE002840F026
:10AC3000CF80129B012B00F2CB8013A93046F9F78D
:10AC40003DFE002840F0C480139B002B40F0C080E4
:10AC500014A93046F9F732FE0546002840F0B880C6
:10AC6000149A012A00F2B480DDE912013B46FFF795
:10AC70001BFEDDE9131212983B46FFF7A5FD2CE7FA
:10AC8000474A40212046F8F7D7FE70E70CDC000069
:10AC90006CED0000DCE70000F8E70000A8D8000039
:10ACA000CCD8000000E8000044E800005CE80000A8
:10ACB0007CE8000084E80000ACE80000BCE800008C
:10ACC000D0E80000E8E8000004E9000014E9000012
:10ACD00040E9000054E900006CE900007CE9000054
:10ACE000A8E90000BCE90000DCE90000ECE9000094
:10ACF00018EA00002CEA00004CEA00005CEA0000C0
:10AD000088EA00009CEA0000BCEA0000D0EA0000EB
:10AD1000FCEA000014EB0000B0DF000048EB00008C
:10AD2000C0EB0000E8EB000000EC000028EC0000A5
:10AD300040EC0000A4EC0000B4EC0000D4EC0000F7
:10AD4000DCEC000008ED00001CED000038ED000018
:10AD500048ED00005CED000088DC0000A0ED000084
:10AD600078ED00008CED00003CE9000094ED00005F
:10AD7000BC090020F8D80000B8ED00001000002049
:10AD8000C4ED000015000020CCED000030E0000014
:10AD900044DE0000DCED0000E8ED000000EE000005
:10ADA000B0ED00009C490C22204602F0EAFB00288E
:10ADB00042D101232B700C3414A910A81094F9F778
:10ADC000E3FD054620B99DF850300C2B40F2698117
:10ADD0001B2582E601243B46024601462C70FFF704
:10ADE00063FD3B46224631463046FFF75DFD3B465C
:10ADF000324631462046FFF757FD3B462246314654
:10AE00002046FFF751FD3B46324631463046FFF7BC
:10AE1000DBFC3B46224631463046FFF7D5FC3B463D
:10AE2000324631462046FFF7CFFC3B4622463146AC
:10AE30002046FFF7C9FC4FE678490922204602F078
:10AE4000A0FB00284FD101232B70627A04F1090383
:10AE50002C2A109314AC0DF1480810AE00F08D812F
:10AE600013AB0A930DF13D0306930DF13E030793D7
:10AE70000DF13F03089311AB0FAF0993069B0A9A9C
:10AE8000CDE90373079B0293089B0193099B0093F1
:10AE9000414623463046FFF775FB0546002897D10B
:10AEA000DDE9129ADDF850B0FFF7A4FA20B15B4655
:10AEB00052464946FFF762FA9DF83D3001939DF8EE
:10AEC0003C309DF83E20119900939DF83F3002F0F0
:10AED00091F801F01BFF109B1A782C2A7FF4FDAD2E
:10AEE00001331093CAE74E490922204602F049FB7C
:10AEF000002852D101232B70627A04F109032C2A15
:10AF0000109314AC0DF1480810AE00F0038213AB9F
:10AF10000A930DF13D0306930DF13E0307930DF1E6
:10AF20003F03089311AB0FAF0993069B0A9ACDE933
:10AF30000373079B0293089B0193099B009341466F
:10AF400023463046FFF71EFB054600287FF440AF3E
:10AF50001299139A149B0D910C920B93FFF74AFAD6
:10AF600020B1DDE90B320D99FFF708FA9DF83D306D
:10AF700001939DF83C309DF83E20119900939DF877
:10AF80003F3001F063FF01F0C1FE109B1A782C2ABC
:10AF90007FF4A3AD01331093C7E72249092220466D
:10AFA00002F0EFFA002840F0AF8001232B70637AA3
:10AFB00009342C2B10940DF1480810AE6CD041468A
:10AFC0003046F9F77BFC00287FF402AF129B012B7F
:10AFD0003FF6FEAE13A93046F9F770FC00287FF467
:10AFE000F7AE139B002B7FF4F3AE14A93046F9F7AC
:10AFF00065FC054600287FF4EBAE149B012B3FF661
:10B00000E7AE3046FAF72EF8109F3A782C46B2B1E8
:10B010003B4629460CE000BF18EE000028EE000079
:10B0200034EE000040EE000010931A78002A36D06B
:10B030002C2A0C4603F1010301F10101F4D1601C3B
:10B04000FBF780FF119000283FF4C2AE129B0693DD
:10B05000DDE9139AFFF7CEF9834628B106995346E6
:10B060004A46FFF78BF9834639462246119802F08B
:10B07000B3FA119B00271F55584602F003F83B46D0
:10B08000642211A9FCF788FC01287FF4A1AE109C72
:10B0900023782C2B7FF421AD013410948FE70C46DC
:10B0A000CDE71ABFC3EB03135E0000264FF0000884
:10B0B00001270024FFF79EF988B12346002241466C
:10B0C000FFF75CF9CDE9007704230122314601F056
:10B0D000BDFE6CB90124FFF78DF90028EDD10122E6
:10B0E000CDE900220423314601F0B0FE002CF1D05E
:10B0F000B8F1000F02D14FF00108DAE7FFF77AF953
:10B100000A21FFF759F9E8E4AB490E22204602F084
:10B1100038FAA8B9012604F10E00A8492E70109043
:10B1200002F0C4F9002866D0A549109802F0BEF9D3
:10B1300000287FF44DAE00F033FEFFF7CFF9CBE4EB
:10B14000A0490E22204602F01CFA28BB012604F179
:10B150000E009A492E70109002F0A8F9002800F015
:10B16000AE809749109802F0A1F900287FF430AE24
:10B1700000F0A8FEFFF7B2F9AEE413AA0A920DF1AF
:10B180003D0206920DF13E0207920DF13F02089238
:10B1900011AA0FAF0992A3E68B490A22204602F0BA
:10B1A000F0F950BB01232B70A37A0A342C2B109496
:10B1B0000DF1480810AE15D041463046F9F77EFB38
:10B1C00058B9129B012B08D813A93046F9F776FB22
:10B1D00018B9139B002B00F0CE80109C23782C2BE9
:10B1E0007FF47AAC0134414630461094F9F766FB9F
:10B1F0000028F2D1E5E730469DE774490A2220464F
:10B2000002F0BFF9002860D104F10A0301226B4F5C
:10B210006B4C2A7010930DF1480810AE0DE0DDE97B
:10B2200012019DF85020012300F042FEFFF756F96D
:10B23000109B1A782C2A7FF450AC1A782C2A08BF5D
:10B2400001334146304608BF1093F9F737FB002819
:10B250007FF4BEAD129B012B3FF6BAAD13A9304669
:10B26000F9F72CFB00287FF4B3AD139B002B7FF480
:10B27000AFAD14A93046F9F721FB054600287FF44D
:10B28000A7AD149B012B3FF6A3AD3046F9F7EAFEBC
:10B290001098394602F00AF90028C0D010982146CB
:10B2A00002F004F900287FF493ADDDE912019DF866
:10B2B00050202B4600F0FCFDFFF710F9B8E73046B0
:10B2C00000F000FEFFF70AF906E441490E2220468D
:10B2D00002F057F968BB01230E342B700DF13F02C9
:10B2E00011AB0DF13E0110A81094F9F70DFE0028E6
:10B2F0007FF46EAD9DF83F309DF83E209DF84400F0
:10B300001B0243EA0243184300F070FDFFF7E6F822
:10B31000FFF7E2BB13AA0A920DF13D0206920DF16E
:10B320003E0207920DF13F02089211AA0FAF099257
:10B3300030E628490E22204602F023F900284BD19E
:10B3400001230E342B700DF13F0211AB0DF13E01C4
:10B3500010A81094F9F7D8FD00287FF439AD9DF8B6
:10B3600044209DF83F109DF83E0000F083FDFFF75C
:10B37000B5F8FFF7B1BB14A93046F9F79FFA0028DA
:10B380007FF42BAF149B012B3FF627AF3046F9F724
:10B3900069FE0A49109802F089F8002840F09D8063
:10B3A0009DF850209DF84C109DF84800012300F0B6
:10B3B000EDFCFFF793F810E74CEE00006CEF000097
:10B3C0007CEF00005CEE00006CEE000078EE000008
:10B3D00084EE000094EE0000AD490A22204602F0FF
:10B3E000D0F828BB04F10A0301222A7010930DF152
:10B3F000480810AE1A782C2A08BF0133414630465F
:10B4000008BF1093F9F75AFA50B9129B012B13A9F0
:10B41000304605D8F9F752FA10B9139B002B6FD0BC
:10B420003046F9F71FFE1B25FFF758F8FFF755BB0D
:10B4300098490A22204602F0A4F8002840F09080A3
:10B4400004F10A0301222A7010930DF1480810AE8E
:10B4500036E0129B012BE3D813A93046F9F72EFAF8
:10B460000028DDD1139B002BDAD114A93046F9F75F
:10B4700025FA0028D4D1149B002BD1DB139B012B80
:10B48000CEDC11AB0DF13F020DF13E013046F9F774
:10B490003BFD05460028C3D19DF844209DF83F3070
:10B4A0001298CDE90032DDE913129DF83E3000F02C
:10B4B000D1FC3046F9F7D6FD109B1A782C2AB3D16F
:10B4C0001A782C2A08BF01334146304608BF109332
:10B4D000F9F7F4F90028A3D1BBE76F49109801F000
:10B4E000E5FF034600287FF473AC9DF850209DF8DB
:10B4F0004C109DF8480000F049FCFEF7EFFF6CE6A9
:10B5000014A93046F9F7DAF9002889D114990129EC
:10B5100011AB0DF13F0283D80DF13E013046F9F732
:10B52000F3FC054600287FF47BAF9DF83F309DF883
:10B530003E109DF844209DF848001B0243EA014359
:10B5400013439DF84C109DF8502000F041FC30460C
:10B55000F9F788FD109B1A782C2A3FF44BAF63E76C
:10B560004E491222204602F00CF8B0B901231234E1
:10B570004B492B7010A81094F9F71EFD00287FF49A
:10B5800027AC484A464B11781868FDF7AFFF00F02A
:10B590002DFCFEF7A3FFFFF79FBA43491722204671
:10B5A00001F0EFFFC8B901232B70173414A910A8BC
:10B5B0001094F9F783F9054600287FF409AC149933
:10B5C000FF293FF605AC364A364B1068C9B21970F0
:10B5D000FDF78CFF00F00AFC26E7344911222046D3
:10B5E00001F0CFFF002842D1012311342B7012A9A2
:10B5F00010A81094F9F762F900287FF4E9AB129BC8
:10B60000012B3FF6E5AB13A910A8F9F757F900286D
:10B610007FF4DEAB139B002B7FF4DAAB14A910A8E8
:10B62000F9F74CF900287FF4D3AB149B012B3FF6BC
:10B63000CFAB11AB0DF13F020DF13E0110A8F9F7B0
:10B6400063FC054600287FF4C3AB9DF844009DF8D9
:10B650003F109DF83E309DF85020CDE90010DDE907
:10B66000120100F0E3FBFEF739FFFFF736BA10498D
:10B67000204601F01BFF0346F0B90E4A1946106838
:10B680001A46FCF789F901232B70FFF725BA00BF92
:10B69000A4EE0000B0EE00007CEF0000BCEE000065
:10B6A0001000002015000020D0EE0000E8EE0000A1
:10B6B000FCEE0000DC0900205849204601F0F6FEAF
:10B6C000074600283CD05649204601F0EFFE78B3EB
:10B6D0005449204601F0EAFE014608B3524920468B
:10B6E00001F0E4FE98B15149204601F0DFFE064624
:10B6F000002878D04E49204601F0D8FE002859D0C5
:10B700004C49204601F0D2FE00287FF4E5A901242F
:10B710002C70FEF76FFE2146FEF780FEFFF7DCB9C6
:10B72000454A012350682B70F9F79CFDFFF7D4B907
:10B73000414B012158682970F9F794FDFFF7CCB906
:10B7400001262E70FEF756FE3146FEF767FE3C4698
:10B750000027FEF74FFE054628B13B460022214652
:10B76000FEF70CFE054600230122B4212846CDE950
:10B77000006601F03FFCFEF73DFE3221FEF71CFEA5
:10B78000FEF738FE054628B13B4600222146FEF76B
:10B79000F5FD0546B421002302222846CDE90066C6
:10B7A00001F028FCFEF726FE3221FEF705FE1FBB46
:10B7B0000127CEE701272F7004460026FEF71AFE68
:10B7C000054628B1334600222146FEF7D7FD05463F
:10B7D000CDE90077042301220021284601F036FB41
:10B7E0006EB90126EAE701232B70FEF703FE31460E
:10B7F000FEF714FEFFF770B94CB93C46A8E70CB948
:10B800003446DAE7FEF7F6FD0A21FEF7D5FDFEF72E
:10B81000F1FD0021FEF702FEFFF75EB908EF000020
:10B8200014EF000028EF00003CEF00004CEF000098
:10B8300060EF000070EF0000BC0900202DE9F04728
:10B84000A44FDFF8A4A2DFF8A4929AB038684FF0B2
:10B85000FF31FCF751FB0128F8D1F7F70FFA00266A
:10B8600080460025FEF7C6FD044628B12B4600227F
:10B870003146FEF783FD0446204601F051FA18B91F
:10B88000002D55D10125EDE7204601F0FBFB0022FC
:10B8900001A9FCF789FA0128F2D1524602A86021D9
:10B8A000F8F7CAF801980278612A71D0722A6FD02D
:10B8B0000322494601F065FE0446002840F09980C5
:10B8C0004A46602102A8F8F7C9F86021F2B202A83E
:10B8D000F8F770F92022602102A8F8F7E5F822466F
:10B8E000602102A8F8F766F92022602102A8F8F783
:10B8F000DBF82A46602102A8F8F75CF920226021D3
:10B9000002A8F8F7D1F8019A602102A80332F8F7EB
:10B91000A5F8714902A8F9F7E1F842460DF10301D3
:10B9200002A8FFF749F80198FBF798FB002DA9D072
:10B930000EB92E4695E70025A846FEF75BFD0024CC
:10B9400000222346414608B1FEF718FD01F09AFB9C
:10B95000FCF7B0FB012C05440ED0FEF74BFD34463E
:10B960000022234641460028EED101F08BFBFCF774
:10B97000A1FB012C0544F0D1B8F1000F01D1B04674
:10B98000DBE7002D3FF462AF0A20FCF753FF64E7CA
:10B990004478202C8CD102A86021F8F785F8224643
:10B9A00002A86021F8F780F8F2B202A86021F8F747
:10B9B00001F9224602A86021F8F776F802A80022D1
:10B9C0006021F8F7F7F8224602A86021F8F76CF832
:10B9D0002A4602A86021F8F7EDF8224602A8602165
:10B9E000F8F762F8019A602102A80232F8F736F8F7
:10B9F00093E73A490198032201F0C3FD044608B9D0
:10BA0000364A5EE736490198032201F0BAFD044642
:10BA100048BB02A8324A6021F8F720F8F2B202A827
:10BA20006021F8F7C7F802A820226021F8F73CF857
:10BA3000224602A86021F8F7BDF802A82022602162
:10BA4000F8F732F82A4602A86021F8F7B3F802A8FE
:10BA500020226021F8F728F8019A602102A8033219
:10BA6000F7F7FCFF59E71F490198032201F089FD10
:10BA7000044648BB02A81B4A6021F7F7EFFFF2B269
:10BA800002A86021F8F796F802A820226021F8F7B2
:10BA90000BF8224602A86021F8F78CF802A82022B1
:10BAA0006021F8F701F82A4602A86021F8F782F829
:10BAB00002A820226021F7F7F7FF019A60210332E4
:10BAC00002A8F7F7CBFF28E7019A602102A8F7F751
:10BAD000C5FF22E7DC0900205CDC00008CEF0000E1
:10BAE00090EF000094EF000080EF000088EF00006E
:10BAF00070B5FEF77FFC00252E460023024620B1DC
:10BB00001A462946FEF73AFC0246104601F00EF9A5
:10BB10000446FEF76FFC01230022294608B1FEF718
:10BB20002DFC01F003F920433043C6B23DB9FEF7C6
:10BB300061FC0125002302460028E1D1E5E71EB99A
:10BB4000BDE8704001F0D8B8BDE87040FEF7B4BC65
:10BB50002DE9F0411A4F0026FEF74CFC002400228C
:10BB6000234631460546B8B1FEF708FC01F0A2FBBA
:10BB700031460546002238682346FEF7F7FB294682
:10BB8000FEF7CCF8B4B9FEF735FC012400222346B9
:10BB9000314605460028E7D101F08CFB314680464E
:10BBA000234638682A46FEF7E1FB4146FEF7B6F821
:10BBB000002CE8D00EB90126CEE7BDE8F08100BF29
:10BBC000E00900202DE9F04F0025C3B00326CDE9A0
:10BBD0000065624962482B46C822FCF73DFB0128FC
:10BBE00000D0FEE7324629460446FBF7A5FE5D4B32
:10BBF0001860002800F0B18019A8F9F775FA04A8B8
:10BC000001F056F810A8FEF785FB574B1F932393BE
:10BC100028932C93554B2093249329932D9303F52C
:10BC20003223403331933593514B3293369303F59E
:10BC30003523C0333A933E934E4B3B933F931323AC
:10BC40001C932E931123DFF83C91DFF83C81219364
:10BC50001023122125934FF0050A042319A82A91D5
:10BC600040938DF864403394CDE91A983795CDF818
:10BC7000F0A0F9F73FFA404F404A7860F8607861E9
:10BC8000F8618346059204A802223E743C703D721E
:10BC90003A76049701F012F807F10802049204AA18
:10BCA0000290104601F00AF804AA039007F1100070
:10BCB0000490104601F002F804AA06461837104610
:10BCC000049700F0FBFF074600F0B2FC039A029BCA
:10BCD0008DF8400006A81193CDE912268DF8414059
:10BCE0001497FDF7DFFD06A8CDE907A58DF81850DC
:10BCF000FDF7DEFD159006A8FDF7DAFD0622169089
:10BD000006A80792FDF7D4FD179006A8FDF7D0FD11
:10BD1000189010A8FEF704FB194C20600BA8F6F74A
:10BD200025F84FF4807212210BA8ADF82C200E914B
:10BD3000CDE90C98F6F74CF801462068FEF76CFB4D
:10BD400020682946FEF76AFB5846F9F75BFA206837
:10BD500043B0BDE8F04FFEF753BBFEE798EF00009D
:10BD60003DB80000DC09002000F10F4000D0044085
:10BD700000A0044000C00440BC0900209DA80000B1
:10BD8000E009002000F00F400090044010B51C4670
:10BD9000FEF7FAFD2146BDE81040FDF7EBBF00BFFE
:10BDA00038B505460024002211462046FEF7ECFD7A
:10BDB0002946FDF7DFFF002101222046FEF7E4FDC2
:10BDC0002946FDF7D7FF0CB90124ECE738BD00BFC9
:10BDD00010B51C46FEF7D8FDE3B2C4F30722C4F346
:10BDE0000741BDE81040FDF7C1BF00BFF8B5C0F383
:10BDF0000747C0F30726C4B2002500221146284693
:10BE0000FEF7C2FD234632463946FDF7AFFF012259
:10BE100000212846FEF7B8FD234632463946FDF795
:10BE2000A5FF0DB90125E8E7F8BD00BF2DE9F041F8
:10BE30009DF818609DF81C701D4614460022FEF700
:10BE4000A3FD069733462A462146BDE8F041FDF79B
:10BE500055BF00BF70B59DF810509DF814601C468A
:10BE6000D2B2FEF791FD33462A462146BDE8704026
:10BE7000FDF750BFF8B507460E46154600240022D0
:10BE800011462046FEF780FD2B4632463946FDF727
:10BE900041FF012200212046FEF776FD2B46324667
:10BEA0003946FDF737FF0CB90124E8E7F8BD00BFBC
:10BEB00010B51C46FEF768FD2146BDE81040FDF7B1
:10BEC0005BBF00BF38B5054600240022114620465E
:10BED000FEF75AFD2946FDF74FFF002101222046BB
:10BEE000FEF752FD2946FDF747FF0CB90124ECE7A8
:10BEF00038BD00BF10B5054B054904460122054871
:10BF0000FAF7B6FA03462370002010BDA4EF000034
:10BF1000B4EF0000BCEF000008B50246034B044933
:10BF20000448FAF789FD002008BD00BFA4EF000017
:10BF3000B4EF0000BCEF0000F0B585B007460E4638
:10BF4000154668460E4A10211C46F7F775FD3A461D
:10BF500068461021F7F72EFE324668461021F7F7A3
:10BF600029FE2A4668461021F7F724FE054B0649AC
:10BF700022466846FAF760FD002005B0F0BD00BF1C
:10BF8000D0EF0000A4EF0000D8EF000070B50E461F
:10BF900092B04A490546144601F088FA20B1484952
:10BFA000284601F083FAA0B9012362684549464852
:10BFB0003370F6F747FF454945486268F6F742FF98
:10BFC000444945486268F6F73DFF0024204612B018
:10BFD00070BD4249284601F069FA28B14049284617
:10BFE00001F064FA00284FD1012562683D493648C6
:10BFF0003570F6F74FFF3C4B3C493D482A46FAF76F
:10C0000037FA3C4A0546402102A8F7F715FDEAB287
:10C01000402102A8F8F732F9374A402102A8F7F781
:10C020001DFD3648626802A9F6F734FF2E4B3449ED
:10C0300034480022FAF71CFA2E4A0546402102A88D
:10C04000F7F7FAFC2A46402102A8F8F70FFA2E4A21
:10C05000402102A8F7F702FDEB070FD42B4A40213D
:10C0600002A8F7F7FBFC02A8234A4021F7F7F6FCE9
:10C070002748626802A9F6F70DFFA6E7254A402186
:10C0800002A8F7F7EBFCEEE723490A22284601F065
:10C0900078FA002899D101230B35337002A901A841
:10C0A0000195F8F70BFC044608B11B248EE70E4BF4
:10C0B000029A13491348FAF7BFFC87E70CDC00002B
:10C0C00020F00000E0EF0000FCEF0000A8D8000026
:10C0D000CCD8000004F0000010F0000088DC000064
:10C0E00070F000002CF00000A4EF0000B4EF00009E
:10C0F000BCEF000034E500003CE9000058F000000F
:10C10000C4EF0000CCEF000068F0000080F00000F9
:10C1100044E000007CF0000084F00000704700BFA5
:10C120001D4A08B5936B43F480639363F5F7FCFFF6
:10C13000F6F738FBF8F7C6FFF5F774FCF8F77EFD65
:10C14000F5F7F0FFF5F750FFF6F776FBF7F70CF889
:10C15000F9F76EFBFEF7F8F900F08EFDF9F720F91C
:10C1600001F0AAF8FEF772F900F010FDF7F760FA97
:10C17000FFF728FDFDF7B0FFFDF78CFBFCF7DEFFB6
:10C18000FFF7CCFFF5F7E4FDBDE808404FF4006190
:10C190004FF4FC30F5F750BC00800440014B5B6865
:10C1A000184700BF4CF30000704700BF0023037026
:10C1B000704700BF0020704770B5044604F1060CBC
:10C1C0000138002510F8013F85EA030242F300021E
:10C1D00022F0730282EA5502D2B282EA530141F39D
:10C1E000000121F0730181EA5201C9B281EA930290
:10C1F00042F3000222F0730282EA5102D2B282EAD2
:10C20000D30141F3000121F0730181EA5201C9B267
:10C2100081EA131242F3000222F0730282EA510211
:10C22000D2B282EA531141F3000121F0730181EA95
:10C230005201C9B281EA931242F3000222F0730262
:10C2400082EA5102D2B282EAD31343F3000323F00D
:10C25000730383EA52036045DDB2B3D104F10906EA
:10C26000304601F067F910F0FF0051D000F1FF3CBB
:10C2700056FA8CFC04F1080010F8013F83EA05022D
:10C2800042F3000222F0730282EA5502D2B282EA3D
:10C29000530141F3000121F0730181EA5201C9B257
:10C2A00081EA930242F3000222F0730282EA510211
:10C2B000D2B282EAD30141F3000121F0730181EA95
:10C2C0005201C9B281EA131242F3000222F0730252
:10C2D00082EA5102D2B282EA531141F3000121F005
:10C2E000730181EA5201C9B281EA931242F300025A
:10C2F00022F0730282EA5102D2B282EAD31343F3EC
:10C30000000323F0730383EA52036045DDB2B3D127
:10C31000284670BD38B50A4D4FF0FF312868FBF74D
:10C32000A9FE012802D00024204638BD054BDB6859
:10C33000984704462868FBF72FFC204638BD00BF0D
:10C34000AC0C00204CF3000038B5094D04464FF00A
:10C35000FF312868FBF78EFE012800D038BD054B61
:10C3600020465B6898472868BDE83840FBF714BC56
:10C37000AC0C00204CF3000038B5094D04464FF0DA
:10C38000FF312868FBF776FE012800D038BD054B49
:10C3900020461B6898472868BDE83840FBF7FCBB7F
:10C3A000AC0C00204CF3000030B58BB004462F4A93
:10C3B00002A80D462021F7F73FFB2246202102A8C4
:10C3C000F7F75CFF202202A81146F7F76DFB002467
:10C3D0000DF107008DF80740FFF78CFD002841D0D4
:10C3E0002246202102A8F7F749FF2022114602A881
:10C3F000F7F75AFB0022202102A8F7F73FFF5DBBA9
:10C400001B4A202102A8F7F729FB02A8FFF7D4FE58
:10C41000C0F30713092B00F00F008CBF3721302128
:10C4200009288CBF3722302210440B448DF81000AD
:10C430000A2202A820218DF80F30F7F735FB9DF86E
:10C44000080038B10B4B5D6802ACA84714F8010F27
:10C450000028FAD10BB030BD074A202102A8F7F717
:10C46000FDFAD2E79DF80720BBE700BF90F000007F
:10C4700094F000004CF3000098F000002DE9F04F1C
:10C480005F4C604BDFF8A481DD685F4E27460022D9
:10C4900007F8012B85B0A84728B90A20FCF7CAF98C
:10C4A000A8470028F9D03246C8212046F6F762FC9A
:10C4B0000028F0D12378402B0AD02046534AC821C7
:10C4C000F7F7CCFA204600F0B1FB00232370E2E737
:10C4D000204601F02FF80A28EFD92378402BF4D119
:10C4E0000DF1090103A80397F8F798FA0028ECD199
:10C4F0008DF80B000DF10B00FFF7FCFC28B39DF845
:10C500000930002BE1D10DF10A0103A8F8F786FAF2
:10C510000028DAD10DF10B0103A89DF80AA09DF8BF
:10C5200009B0F8F77BFA30B93548FFF745FE9DF8BA
:10C530000B30834212D0142188F80010BBF1000F99
:10C54000C3D05046FFF730FFBFE79DF80B209DF8A2
:10C5500009309A42D7D0002BD5D0B6E7DDF80C9041
:10C560002B49484600F0A2FF30B9BBF1000F15D1AE
:10C57000002388F80030A8E72649484600F096FFD7
:10C58000019088B9FDF736FFFDF700FF00280199FB
:10C5900008BF1B21BBF1000F97D0D2E798F800101D
:10C5A0005046FFF701FFE3E71B490522484600F02C
:10C5B000E8FF68B9F6F724FE09F10500BBF1000FAA
:10C5C00012D11649012200F047FB88F800007CE7F1
:10C5D0001349484600F06AFF00283FF476AF11493E
:10C5E000484600F063FF70E70F49012200F034FB7A
:10C5F0000146504688F80010FFF7D6FE65E700BFF9
:10C60000E40900204CF3000064F400003CE9000061
:10C61000A0F00000B0F00000BCF0000074F40000D6
:10C6200094F0000098F0000084F40000B70C0020A3
:10C6300010B582B000240DF107008DF80740FFF718
:10C6400059FC10B1204602B010BD9DF8070002B0A1
:10C6500010BD00BF2DE9F04FBDB09A46479DBA4BC3
:10C6600000900646002D08BF1D460AA80023DDF8ED
:10C67000188101920C468DF82830FFF73BFC00280A
:10C6800054D0002E5AD0B14AC8210AA8F7F7D4F9DD
:10C69000009AC8210AA8F7F7F1FD0AA82022C821AC
:10C6A000F7F702FA002604A88DF81060FFF722FCC5
:10C6B000002800F03C813246C8210AA8F7F7DEFDC9
:10C6C0002022C8210AA8F7F7EFF90022C8210AA8FA
:10C6D000F7F7D4FD9E4AC8210AA8F7F7BFF922460A
:10C6E000C8210AA8F7F7BAF90AA8FFF765FDC0F351
:10C6F0000711092900F00F038CBF372230220A44AA
:10C70000092B8DF82F208CBF3722302213448DF84F
:10C710003030904B4FF0FF311868FBF7ABFC01282D
:10C7200012D0002420463DB0BDE8F08F9DF828309F
:10C73000009A9A4200F0FE80002AA4D101224146CC
:10C74000204600F089FA9EE7834B844ED3F804908C
:10C75000F6F756FD9DF828000AAC20B1C84714F83A
:10C76000010F0028FAD10A20C847009B002B00F0D7
:10C77000108100246420FCF75DF8CDE90444CDE984
:10C780000644CDE90844019FA346B8F1000F28D123
:10C79000F6F73EFD04468DF80900002857D04028E2
:10C7A00072D0BBF1000F00F0FF80BBF1010F73D01E
:10C7B000BBF1020F00F08B80BBF1030F6FD0BBF118
:10C7C000040F24D12246182104A8F7F76DF9202C74
:10C7D00000F09F800A2C08BF4FF0000BB8F1000F4B
:10C7E000D6D0002333702B680DF1090098479DF8CF
:10C7F0000920002ACCD04FF400713046F7F754F9E5
:10C800009DF809300A2B2FD0002BECD1C0E7BBF1EB
:10C81000050FFCD12246182104A8F7F745F90A2C88
:10C82000B3D10DF11A004E49039000F03FFE0028ED
:10C8300000F0A5804B4904A800F038FE002800F065
:10C84000988000238DF810304FF0000B9DE73220C8
:10C85000323FFBF7EFFF002F97DCBAF1000F00F03B
:10C86000A1800AF1FF3A73E73378402B4146304606
:10C870004FF00003B6D000F0D3F99DF80930002244
:10C880003270002BAFD183E702460023182104A8A1
:10C890008DF81030F7F708F94FF0020B75E72246D4
:10C8A000182104A8F7F700F9202C93D105AB0DF15E
:10C8B0000A0103A80393F8F7B1F80028C4D19DF842
:10C8C0000A30009A9342BFD14FF0040B5DE7224635
:10C8D000182104A8F7F7E8F8202C7FF47BAF0DF1BE
:10C8E00011030DF10A0103A80393F8F797F88346A3
:10C8F0000028A9D18DF80B000DF10B00FFF7FAFA13
:10C90000A0B35B469DF80A209A4208BF4FF0030B84
:10C910003BE70DF117031449039303A8F8F77EF8DA
:10C92000002814BF4FF0000B4FF0050B2DE79DF8CA
:10C930001020C1E601224146204600F08DF9009BFF
:10C94000002B7FF4EEAE9EE664F4000090F0000051
:10C95000BCF00000AC0C00204CF30000AC0A00203E
:10C96000C4F00000C8F00000B80C00209DF80B30A7
:10C97000C8E78DF81D0004A8FFF71EFC6DE78DF8D1
:10C980001C0004A8FFF718FC094B1B7883427FF4B6
:10C9900064AF0024074B1868FBF7FEF820463DB053
:10C9A000BDE8F08F1B24F5E78DF810B04CE700BF11
:10C9B000B80C0020AC0C002070B50E46B6B05C4937
:10C9C0000546144600F072FD20B15A49284600F091
:10C9D0006DFDE8B901236268574933705748F6F78F
:10C9E00031FA574957486268F6F72CFA56495748C2
:10C9F0006268F6F727FA564956486268F6F722FA4F
:10CA0000554956486268F6F71DFA002036B070BDE9
:10CA10005349284600F04AFD20B15249284600F00B
:10CA200045FD28BB012362684F4944483370F6F73F
:10CA300031FA10210DEB01004C4AF6F7FDFF0025FD
:10CA400003A88DF80C50FFF755FA40B32A46102181
:10CA50000DEB0100F7F712FC10210DEB0100444A29
:10CA6000F6F7FCFF4348626804A9F6F713FACCE72F
:10CA700041490822284600F084FD98B90123083571
:10CA8000337003A902A80295F7F718FF00284DD1CB
:10CA90000398FF284AD8C0B2FFF73EFAB6E79DF8E0
:10CAA0000C20D4E735490822284600F06AFD70B909
:10CAB00001233370287A324B08355C6820B1A047D7
:10CAC00015F8010F0028FAD10A20A0479DE72D494B
:10CAD0000B22284600F055FD002896D101230B3586
:10CAE000337003A902A80295F7F7E8FEF0B902999E
:10CAF0000B78202B04D1013102910B78202BFAD036
:10CB0000222B08D1C82204A902A8F8F711F868B9A5
:10CB100004AB029319461C4B9DF80C00CDE9004371
:10CB200042F210720023FFF795FD6FE71B206DE7BF
:10CB30000CDC000084F10000B8DF0000D0F0000041
:10CB4000A8D80000CCD80000D4F00000ECF0000021
:10CB5000FCF000001CF100002CF100006CF1000062
:10CB600088DC0000A0F100008CF1000034E500003A
:10CB70003CE90000ACF10000B4F10000C0F100009D
:10CB80004CF30000CCF1000064F4000010B5002369
:10CB900082B00424CDE900430849094840F2451217
:10CBA000FBF75AFB012800D0FEE72046FAF7BCFF4E
:10CBB000044B186008B102B010BDFEE7D8F10000C8
:10CBC0007DC40000AC0C00202DE9F843104D114C41
:10CBD000DFF84890104E4FF47A70FBF72BFE0023DD
:10CBE000EF6823704FF00A0833462A46C8212046D2
:10CBF000F6F720F9B8470028F6D11420FBF71AFE03
:10CC0000B8F10108F0D1D9F80000F5F787FAE9E7A3
:10CC10003CF300002001002094F40000B80900203B
:10CC200011B14968F5F732BE704700BF38B5044608
:10CC30000020FAF741F90546204600F07BFCA842A7
:10CC400000D338BD034B20465968BDE83840F5F79E
:10CC50001DBE00BF3CF3000010B4054C1346002974
:10CC600008BF2146034A5DF8044BF5F7A5BF00BF96
:10CC70003CF3000094F4000000B5002383B00222CE
:10CC8000CDE900230749084840F27122FBF7E4FA96
:10CC9000012800D0FEE7054803B05DF804EBF5F786
:10CCA000E7BF00BFE0F10000C9CB00003CF300008B
:10CCB0000149082200F0E8BBCCF4000038B5054675
:10CCC0002020FAF73FF9044690B12022002100F01D
:10CCD000DDFBD5E900130022C4E90013C4E90222F8
:10CCE0002261228304210820FAF726FE10B1E061B8
:10CCF000204638BDFEE700BF034AD2F8083123F0D2
:10CD00000103C2F80831704700700340034AD2F8AB
:10CD1000083143F00103C2F8083170470070034046
:10CD200018B1C068B0FA80F04009704738B50446C1
:10CD3000C068C0B1B4F91230B3B9A3686268002802
:10CD4000D4BF4FF0FF3501252B44A3601AB12068F2
:10CD500029469047E068218BB4F910206282431B7A
:10CD6000E36021B9012038BD013B6382FAE7217EEF
:10CD7000002BB8BF2B1A21B32C484FF4B47101FB20
:10CD800003F585421DD9636903FB01F18142E9D8AE
:10CD900001F5B471013381426361E3D843F29F230B
:10CDA000994292B238D946F23F53994237D94BF65D
:10CDB0009F13994236D9B1F5873F2AD30132628257
:10CDC000D0E7617E0029CDD019494FF4B47000FB43
:10CDD00003F38B42C6D863691449002BC8BF03F123
:10CDE000FF334FF4B470C8BF636100FB03F38B42A1
:10CDF000B8D843F29F218B4292B20DD946F23F51EF
:10CE00008B420CD94BF69F118B420BD9B3F5873F60
:10CE1000D4D203326282A5E70A326282A2E70732E5
:10CE200062829FE7053262829CE700BFBFB60100C5
:10CE3000DFA5010008B5044B0122C3F80C21FEF761
:10CE400057FEBFF34F8F08BD00700340F0B583B0AD
:10CE500084469DF820509DF824E0EFF3108072B6D0
:10CE60008DF80700DCF8080000286DDB5D4E86FBBE
:10CE700000460644C417C4EB26344FF4875606FB1D
:10CE80001404CCF808409DF8070080F31088564839
:10CE90000029A0FB04044FEAD4043BDB534E86FB7D
:10CEA00001060E44C817C0EB26204FF4B47606FBEB
:10CEB000101032B9021B69D4B42A15DDC2F5B4745E
:10CEC00069E0012A10D0022A18BF002060D0002299
:10CED000CCF80C00CCF81420ACF810308CF81850BA
:10CEE0008CF819E003B0F0BD844267DC001B00EB56
:10CEF0004000B1F5B47F4FEA800039DB3B4A82FB4A
:10CF000001420A44C917C1EB22214FF4875202FBA8
:10CF10000100DCE7364F4842C608A7FB0676B60894
:10CF20004FF4B47707FB1600381A002AC9D1021B48
:10CF300015D4B42AD8DDBA1AA2EB8202900011F5FA
:10CF4000B47FC4DC49422DE0264C4042A4FB00647F
:10CF5000240B4FF4875606FB1404341B91E712F19F
:10CF6000B30F2FDA201AC0F5B47000EB4000800038
:10CF700011F5B47FABDC4A421D49D208A1FB021275
:10CF800092084FF4875101FB0200A0E7B332ABDBFC
:10CF900084421EDB241AA4EB8404B1F5B47F4FEA6B
:10CFA0008400CCDB114A82FB01420A44C917A1EB81
:10CFB00022214FF4875202FB010088E7201AC0F5B6
:10CFC000B47094E7844206DB201AA0EB8000800056
:10CFD000B5E7021B72E7C2F5B472A2EB82029000C1
:10CFE000ADE700BF49D6B9F2ABAAAAAAB7600BB6A3
:10CFF000176CC11670B582B084469DF818409DF834
:10D000001CE0EFF3108072B68DF80700DCF80850D2
:10D01000002D27DB194E86FB05062E44E817C0EBD2
:10D0200026304FF4875606FB1050CCF808009DF8C8
:10D03000070080F3108801EB41018900022A08BF34
:10D040004942CCF80C1000211BB20A4663F30F02D0
:10D0500063F31F42CCE904218CF818408CF819E0E6
:10D0600002B070BD05486D42A0FB0560000B4FF497
:10D07000875606FB1050301AD7E700BF49D6B9F2E1
:10D0800000687047C0697047F0B50C46154683B01C
:10D090000646174A29462046F6F7E0FC052200928C
:10D0A0002023B26829462046F7F732F80227114AB2
:10D0B00029462046F6F7D2FC00972023B6F9102027
:10D0C00029462046F6F770FFF36973B10A4A2946EC
:10D0D0002046F6F7C3FCF069FAF7ECFF202302B212
:10D0E000009729462046F6F75FFF03B0F0BD00BF6A
:10D0F000E8F10000F0F10000FCF1000070B50E4610
:10D10000A4B058490546144600F0D0F920B156495C
:10D11000284600F0CBF998B9012362685349544876
:10D120003370F5F78FFE534953486268F5F78AFE6E
:10D13000524953486268F5F785FE002024B070BD5F
:10D140005049284600F0B2F928B14F49284600F06E
:10D15000ADF900283CD1012362684C493370444842
:10D16000F5F798FE04A84A4A8021F6F765FC04A862
:10D1700040F2B6228021F7F7F9F904A8454A802148
:10D18000F6F76CFC6268444804A9F5F783FE04A82E
:10D19000424A8021F6F750FC04A84FF487528021C0
:10D1A000F7F7E4F904A83E4A8021F6F757FC04A8F3
:10D1B00040F6B8328021F7F7D9F904A8354A802122
:10D1C000F6F74CFC3748626804A9F5F763FEB4E74C
:10D1D00035490F22284600F0D4F90028ADD10123AB
:10D1E0000F35337001A904A80495F7F767FB0028F1
:10D1F000A3D1019B012BA0D802A904A8F7F75EFBDD
:10D2000000289AD1029B002B97D103A904A8F7F715
:10D2100055FB002891D1039B012B8ED804A8F7F76A
:10D2200021FF2249049800F041F948B99DF80C20EB
:10D230009DF808109DF804000123FEF77DFE7CE7B1
:10D240001B49049800F032F9034608B11B2075E72A
:10D250009DF80C209DF808109DF80400FEF76CFE68
:10D260006BE700BF0CDC000060F2000008F2000079
:10D2700024F20000A8D80000CCD800002CF2000056
:10D280004CF2000088DC0000D4F2000070F20000D4
:10D2900084F200003CE900009CF20000A4F20000CF
:10D2A000B8F20000CCF20000E4F20000A8DD0000BB
:10D2B00040E000008068704710B5124C82B0002337
:10D2C00001A920468DF80430F3F7E0FF0220F3F7C0
:10D2D00049FA40F2B6210C4A0023A0FB010100F0FC
:10D2E000B5F9C4F80001D4F80831084A43F0020344
:10D2F000C4F8083160214FF4803382F83013536052
:10D3000002B010BD0070034040420F0000E100E099
:10D31000034B034493F880301B0748BF2038704705
:10D32000D6F400000A4B034493F880309A0605D5E2
:10D3300030388842A8BF4FF0FF3070471A0701D538
:10D340005738F6E7DB064CBF37384FF0FF30F0E7D1
:10D35000D6F400002DE9F0471446294A07468946CD
:10D360000546294615F8010BE0B1131893F88030F3
:10D37000DB07F6D4302815D1287800F0DF03582BCE
:10D3800001F1020209D134F0100337D16878CA1CC8
:10D390001024214615461C4607E00123002CF8D135
:10D3A0000824F6E7B4B1214600240026B046B24670
:10D3B000FFF7B8FF00280FDA04B16F1EC9F800703C
:10D3C000BAF1000F17D00F4B22221A604FF0FF3036
:10D3D000BDE8F0870A21E8E706FB01031A0C08FB09
:10D3E0000128B8F5803F15F8010B9EB228BF4FF019
:10D3F000010A0124DCE746EA0840E9E70123C8E71F
:10D40000D6F40000B00C0020DFF878C0F7B5034672
:10D4100007460E461D4613F8011B21B30CEB010015
:10D4200090F8804014F00104F4D12B291DD02D294F
:10D430000ABF1D4600244FF4007401A92846FFF7D7
:10D4400089FF26B1019BAB4208BF3B46336074B1F4
:10D450000028BBBF0A4B222240421A60B8BF4FF0DF
:10D46000004003B0F0BD0C46E7E71D46E5E70028A5
:10D47000BFBF034B22221A606FF00040F1E700BFEC
:10D48000B00C0020D6F4000000F09BB900F0B3B956
:10D49000F3F7B2B80346C9B21A788A42184603F1C4
:10D4A000010302D0002AF7D11046704740EA010379
:10D4B0009B0730B511D105460C46214628460A681F
:10D4C00055F8043B9A4204F1040406D1A2F1013359
:10D4D00023EA020313F0803FEFD010F8013B11F86C
:10D4E000012B934201D0981A30BD002BF5D118467C
:10D4F000FAE740EA01039B0710B513D1043902464D
:10D5000051F8043FA3F1013424EA030414F0803FEE
:10D5100005D0D9B202F8011B59B11B12F9E742F844
:10D52000043BEDE7421E11F8013B02F8013F002BDE
:10D53000F9D110BD10B503469A071C4615D12346F4
:10D5400054F8042BA2F1013121EA020111F0803FCD
:10D55000F5D0D1B299B112F47F4F0ED012F47F0FF3
:10D5600014BF23460333013003E01A4612F8011BAF
:10D5700009B9181A10BD1346DEE70233F3E7013389
:10D58000F1E703460843800770B513D11D460E46E8
:10D59000032A31462B460DD955F8040B0C688442FA
:10D5A00006F1040606D1A4F1013020EA040010F0CF
:10D5B000803F01D01A440BE0043AE9E713F8010B6D
:10D5C00011F8014BA04201D0001B70BD0028FCD017
:10D5D0009342F3D10020F8E740EA010370B59D07BC
:10D5E00022D10E460346032A314608D956F8045B79
:10D5F000A5F1013424EA050414F0803F0DD0013A6E
:10D600000139541C08D011F8014F03F8014B551E85
:10D6100064B91A44934204D170BD43F8045B043AE0
:10D62000E1E703F8014BF5E70346E8E72A46E8E7B8
:10D63000034610F8012B002AFBD1C9B210F8012DC6
:10D640008A4202D08342F9D1002070475FF0000C7B
:10D6500030B51C0022D112006FD0914206D305468E
:10D660000846002100F06FF80446284600F06BF8E9
:10D670000A462146BDE830401CF0404F08BF7047C5
:10D6800003D54942404261F100015FEA8C0C38BF8A
:10D6900070475B42524263F10003704742D41C0C56
:10D6A00004BF1B040CF1100C13F07F4F04BF1B02CE
:10D6B0000CF1080C13F0704F04BF1B010CF1040CAB
:10D6C00013F0404F04BF0CF1020C5FEA83035CBF10
:10D6D0000CF1010C5B00CCF1200E22FA0EF4234376
:10D6E00002FA0CF200FA0CF520FA0EF001FA0CF432
:10D6F000204321FA0EF114461A4600F024F8A4FB48
:10D700000023AA1A71EB03033CBF1B190138CCF1AB
:10D71000200E22FA0CF203FA0EF4224323FA0CF341
:10D720000021A7E7821A71EB03033CBF02460B46B8
:10D730004FF0000141F100009CE700200021BDE80E
:10D74000304000F03DB80423B1EB122F09D209029A
:10D7500041EA10610002013B08BF7047B1EB122F94
:10D76000F5D30018494134BF9142891A40414941DB
:10D7700034BF9142891A4041494134BF9142891ACC
:10D780004041494134BF9142891A4041494134BF27
:10D790009142891A4041494134BF9142891A40411E
:10D7A000494134BF9142891A4041494134BF9142B5
:10D7B000891A4041A3F1010313F00F0FD2D1704732
:10D7C000704740EA0103DB0703460CD40346043AE2
:10D7D00022BF51F804CB43F804CBB2F10402F7D2D4
:10D7E000043208BF7047013A24BF11F801CB03F897
:10D7F00001CBF8D87047034613F0030F0ED101F0A8
:10D80000FF0141EA012141EA0141043A24BF43F802
:10D81000041BB2F10402F9D202F10402013A24BF5E
:10D8200003F8011BFAE770478002DC020005B80527
:10D8300080079508000A710B8021017002780A4266
:10D84000FCD0704708001000180020003000400095
:10D8500060008000C000000180010002000300049D
:10D860000006FFFF03000000000003010101FFFFAD
:10D870007B0000007D0000002C00000047726F75E7
:10D8800070206F66204D637541726D546F6F6C73BD
:10D8900020636F6D6D616E64730D0A004D63754199
:10D8A000726D546F6F6C73005072696E742068658E
:10D8B0006C70206F722073746174757320696E666A
:10D8C0006F726D6174696F6E0D0A000020206865CB
:10D8D0006C707C73746174757300000050657266BF
:10D8E0006F726D73206120736F667477617265204B
:10D8F00072657365740D0A0020207265736574008B
:10D900004D637541726D546F6F6C732068656C70F8
:10D910000000000048617264776172652073746171
:10D920007475730D0A0000004D637541726D546F7C
:10D930006F6C7320737461747573000020205549F7
:10D9400044000000202046616D696C7900000000F1
:10D950004D637541726D546F6F6C732072657365A2
:10D96000740000004B3130206F72204B3132204662
:10D97000616D696C790000004B3230206F72204B72
:10D9800032322046616D696C790000004B33302CD7
:10D99000204B3131206F72204B36312046616D694A
:10D9A0006C7900004B3430206F72204B32312046AE
:10D9B000616D696C790000004B3630206F72204B2E
:10D9C00036322046616D696C790000004B3730209B
:10D9D00046616D696C7900005265736572766564A5
:10D9E0000000000047726F7570206F6620666C61E2
:10D9F000736820696E6920636F6D6D616E64730D6D
:10DA00000A0000004D6375466C61736800000000F9
:10DA100044756D70206D656D6F72792064617461FD
:10DA20000D0A0000202064756D70203C73746172D3
:10DA3000743E203C73697A653E0000004572617354
:10DA400065206D656D6F7279206174206164647208
:10DA50006573730D0A0000002020657261736520F4
:10DA60003C616464723E203C73697A653E0000004C
:10DA70004D6375466C6173682068656C70000000CA
:10DA80004D6375466C617368207374617475730DB2
:10DA90000A00000073697A65203078002020626CEB
:10DAA0006F636B0061646472203078002C207369AE
:10DAB0007A652030780000002020726567697374F1
:10DAC00065726564000000004D6375466C617368A3
:10DAD00020737461747573004D6375466C6173686F
:10DAE0002064756D702000002A2A2A2077726F6EDC
:10DAF0006720656E6420616464726573730D0A004B
:10DB00002A2A2A2077726F6E6720737461727420DC
:10DB1000616464726573730D0A0000004D6375469D
:10DB20006C61736820657261736520002A2A2A205F
:10DB300061646472657373206973206E6F7420660C
:10DB40006C61736820626C6F636B20616C69676ED7
:10DB500065640D0A000000002A2A2A206661696CAB
:10DB60006564207363616E6E696E672073697A65A0
:10DB70000D0A00004F75743A00000000496E703ABB
:10DB8000000000004C000000206770696F3A307898
:10DB90000000000020706F72743A307800000000BE
:10DBA0002070696E3A0000002070756C6C3A0000BD
:10DBB000646973007570200064776E003F3F3F001A
:10DBC00047726F7570206F66204D637552544F53C6
:10DBD00020636F6D6D616E64730D0A004D63755245
:10DBE000544F53005072696E74207461736B6C698A
:10DBF00073740D0A0000000020207461736B6C695F
:10DC0000737400004D637552544F532068656C70F7
:10DC1000000000004672656552544F5320737461D2
:10DC200074757320696E666F726D6174696F6E0DC5
:10DC30000A0000005631312E302E3000202056656B
:10DC40007273696F6E000000202052544F5320748D
:10DC500069636B730000000020487A2C20000000EC
:10DC6000206D730D0A000000202046726565206853
:10DC7000656170002062797465730D0A0000000010
:10DC80004D637552544F5320737461747573000063
:10DC90004D637552544F53207461736B6C69737488
:10DCA00000000000496E666F3A20456E61626C6547
:10DCB00020636F6E66696747454E45524154455F24
:10DCC00052554E5F54494D455F535441545320665D
:10DCD0006F722072756E74696D65207374617469FA
:10DCE00073746963732E0D0A0000000054434200F0
:10DCF000537461746963000048616E646C65000070
:10DD00004E616D6500000000537461746500000091
:10DD10005072696F00000000537461636B204265AC
:10DD200067000000537461636B20456E640000005F
:10DD300053697A6500000000537461636B20546F6F
:10DD400070000000556E7573656400005741524EB7
:10DD5000494E473A206D6F7265207461736B732072
:10DD60007468616E205368656C6C206D6178696DB4
:10DD7000756D206E756D626572206F6620746173BB
:10DD80006B732E0D0A0000006E6F202830290000F2
:10DD900079657328000000002900000052756E6E3E
:10DDA000696E670052656164790000005375737095
:10DDB000656E646564000000426C6F636B656400AF
:10DDC00044656C6574656400496E76616C696400D5
:10DDD000554E4B4E4F574E21000000002042000090
:10DDE0002028000020422900434D443E200000002E
:10DDF00031333A33393A303600000000436F6D6DED
:10DE0000616E646C696E65207368656C6C207374F8
:10DE1000617475730D0A00004D63755368656C6C11
:10DE2000000000004665622031302032303236007A
:10DE300020204275696C6400202073696C656E74E3
:10DE4000000000006E6F0D0A0000000020206D75BC
:10DE50006C7469436D64000020627974657320649A
:10DE6000656661756C742073697A650D0A0000003F
:10DE7000202073697A6500002D2D2D2D2D2D2D2D3F
:10DE80002D2D2D2D2D2D2D2D2D2D2D2D2D2D2D2DC2
:10DE90002D2D2D2D2D2D2D2D2D2D2D2D2D2D2D2DB2
:10DEA0002D2D2D2D2D2D2D2D2D2D2D2D2D2D2D2DA2
:10DEB0002D2D2D2D2D2D00004B3032204C6564531F
:10DEC000746570706572000047726F7570206F66C0
:10DED000204D63755368656C6C20636F6D6D616E6A
:10DEE00064730D0A000000004D63755368656C6C27
:10DEF0002068656C700000004D63755368656C6C3C
:10DF000020737461747573002A2A2A204661696C33
:10DF10006564206F7220756E6B6E6F776E20636F15
:10DF20006D6D616E643A20002A2A2A20547970654A
:10DF30002000000020746F206765742061206C69E8
:10DF40007374206F6620617661696C61626C652014
:10DF5000636F6D6D616E64730D0A00000D0A2A2AED
:10DF60002A20456E642061646472657373206D7548
:10DF70007374206265206C6172676572206F722015
:10DF8000657175616C207468616E20737461727460
:10DF900020616464726573730D0A00000D0A2A2AF9
:10DFA0002A2052656164206661696C6564210D0AEE
:10DFB000000000002D2D200047726F7570206F66E5
:10DFC0002052532D34383520636F6D6D616E64734C
:10DFD0000D0A00004D6375556172743438350000C8
:10DFE000436C65617220554152542049535220665A
:10DFF0006C6167730D0A00002020636C65617220FC
:10E000003C666C6167733E004D6375556172743494
:10E0100038352068656C700052532D3438352055E2
:10E020004152542073657474696E67730D0A000061
:10E030007965730D0A000000202048572054784568
:10E040006E0000002020666C616773004D6375559B
:10E050006172743438352073746174757300000014
:10E060006B554152545F5478446174615265674501
:10E070006D707479466C61670D0A00006B554152F2
:10E08000545F5472616E736D697373696F6E436F21
:10E090006D706C657465466C61670D0A0000000068
:10E0A0006B554152545F52784461746152656746C2
:10E0B000756C6C466C61670D0A0000006B5541522F
:10E0C000545F49646C654C696E65466C61670D0A06
:10E0D000000000006B554152545F52784F766572D4
:10E0E00072756E466C61670D0A0000006B554152F7
:10E0F000545F4E6F6973654572726F72466C6167EB
:10E100000D0A00006B554152545F4672616D696E95
:10E11000674572726F72466C61670D0A00000000FD
:10E120006B554152545F5061726974794572726FD8
:10E1300072466C61670D0A006B554152545F4C6921
:10E140006E427265616B466C61670D0A00000000EB
:10E150006B554152545F52784163746976654564EA
:10E160006765466C61670D0A000000006B554152FF
:10E17000545F5278416374697665466C61670D0A35
:10E18000000000006B554152545F4E6F6973654546
:10E1900072726F72496E527844617461526567465B
:10E1A0006C61670D0A0000006B554152545F50616D
:10E1B000726974794572726F72496E5278446174F3
:10E1C00061526567466C61670D0A00006B554152EC
:10E1D000545F54784669666F456D707479466C611A
:10E1E000670D0A006B554152545F52784669666F5D
:10E1F000456D707479466C61670D0A006B5541522C
:10E20000545F54784669666F4F766572666C6F77B7
:10E21000466C61670D0A00006B554152545F52789D
:10E220004669666F4F766572666C6F77466C61679C
:10E230000D0A0000202062617564000052783A20C7
:10E24000000000002C20526573706F6E73653A20D9
:10E2500000000000202071756575657300000000E6
:10E260004D63755561727434383520636C65617225
:10E27000200000007374617475733A200000000080
:10E280002D3332373638000047726F7570206F6655
:10E29000204D63754D696E494E4920636F6D6D6108
:10E2A0006E64730D0A0000004D63754D696E494E32
:10E2B00049000000526561642061206B6579206629
:10E2C000726F6D20612073656374696F6E20696E73
:10E2D00020612066696C650D0A00000020207265CF
:10E2E0006164203C663E203C733E203C6B3E000057
:10E2F00057726974652061206B657920776974684D
:10E300002076616C756520746F206120736563747D
:10E31000696F6E20696E20612066696C650D0A0068
:10E3200020207772697465203C663E203C733E2055
:10E330003C6B3E203C763E0044656C657465206114
:10E34000206B657920696E20612073656374696F45
:10E350006E206F662066696C650D0A00202064657A
:10E360006C6B6579203C663E203C733E203C6B3EE6
:10E370000000000044656C6574652061207365636E
:10E3800074696F6E20696E20612066696C650D0A84
:10E3900000000000202064656C736563203C663ECD
:10E3A000203C733E000000004D63754D696E494E80
:10E3B000492068656C7000004D696E494E492073B4
:10E3C00074617475730D0A0020206275666665724B
:10E3D000000000006E6F7420737570706F7274654A
:10E3E000640D0A0020207265616C00007265616432
:10E3F0002D77726974650D0A0000000020206D6F92
:10E4000064650000464C4153480D0A0020204653E5
:10E41000000000004D63754D696E494E49207374CC
:10E4200061747573000000004D63754D696E494E4F
:10E4300049207265616420003D0000004D63754D08
:10E44000696E494E492077726974652000000000AA
:10E450004D63754D696E494E492064656C6B6579F5
:10E46000200000004D63754D696E494E492064657A
:10E470006C736563200000004552415345442C20D5
:10E480006E6F742061636365737369626C650D0AF6
:10E49000000000006D6167696320307800000000B3
:10E4A0002C2000002C2073697A6520003C6E6F746C
:10E4B0002076616C69643E00696E690044756D7018
:10E4C000206461746120696E666F726D6174696F3A
:10E4D0006E0D0A00202064756D7000004572617336
:10E4E00065206461746120696E666F726D61746924
:10E4F0006F6E0D0A000000002020657261736500D8
:10E50000696E692068656C7000000000696E6920A2
:10E51000666C617368207374617475730D0A000012
:10E520007374617274203078000000002C20626CDB
:10E530006F636B20307800002C206E6F6620000027
:10E540002020666C6173680020206D617820646112
:10E5500074610000696E69207374617475730000E2
:10E5600020206461746100003C6572726F722072D9
:10E57000656164696E6720646174613E0D0A000024
:10E58000202072616D000000696E692064756D70F5
:10E5900000000000464C41534800000052414D002D
:10E5A000696E692065726173650000005465726D63
:10E5B000696E616C00000000525454005345474797
:10E5C0004552000047726F7570206F66206E656F50
:10E5D00020636F6D6D616E64730D0A006E656F0070
:10E5E000436C65617220616C6C20706978656C7336
:10E5F0000D0A00002020636C65617220616C6C0064
:10E6000053657420616C6C20706978656C20776943
:10E610007468205247422076616C75650D0A0000CF
:10E62000202073657420616C6C2030783C726762C6
:10E630003E00000053657420706978656C20696E37
:10E640002061206C616E6520616E6420706F73695B
:10E6500074696F6E20776974682052474220766132
:10E660006C75650D0A0000002020736574203C6CF9
:10E67000616E653E203C706F733E2030783C72675F
:10E68000623E00006E656F2068656C7000000000DF
:10E69000537461747573206F66204E656F5069788E
:10E6A000656C730D0A00000020206E6F664C616E71
:10E6B0006573000020206C616E6553746172740094
:10E6C00020206C616E65456E6400000020204C4582
:10E6D0004420696E206C616E6573000020205069D3
:10E6E00078656C73000000005247420D0A0000007C
:10E6F0002020436F6C6F7273000000006E656F2006
:10E7000073746174757300006E656F20636C65616E
:10E710007220616C6C0000006E656F207365742060
:10E72000616C6C006E656F207365742000000000E2
:10E73000796573006E6F2000656E61626C65643A86
:10E74000200000002C207267623A20307800000020
:10E750002C206C616E653A20000000002C20737440
:10E760006172743A200000002C2063773A20000088
:10E770004E656F0063770000437700006357000029
:10E7800043570000636300004363000063430000DD
:10E7900043430000736800005368000073480000A2
:10E7A0005348000052696E67200000002C20486129
:10E7B0006E6420002020525B000000005D0000001D
:10E7C000616464723A3078002C205374657070650F
:10E7D0007220000020204D5B0000000047726F7522
:10E7E00070206F66206D617472697820636F6D6D43
:10E7F000616E64732E0D0A006D6174726978000099
:10E800005072696E7420616C6C20737465707065F1
:10E81000722073746174757320696E666F726D61B6
:10E8200074696F6E2C206F7220666F722061207386
:10E83000696E676C6520636F6F7264696E61746581
:10E840000D0A000020207374657070657220737467
:10E8500061747573205B78797A5D00005465737418
:10E86000207468652073746570706572206F6E2007
:10E8700074686520626F6172640D0A0020207465FF
:10E8800073740000536574206D617472697820742C
:10E890006F20686F75722028312D31322920706FFA
:10E8A000736974696F6E0D0A000000002020686FA4
:10E8B0007572203C686F75723E00000053657420CD
:10E8C000706978656C20636F6C6F720D0A000000D0
:10E8D000202072676220706978656C203C78797AB4
:10E8E0003E203C7267623E00456E61626C696E67F5
:10E8F00020616C6C2068616E64204C4544730D0A85
:10E90000000000002020686520616C6C206F6E7C28
:10E910006F666600456E61626C652073696E676C38
:10E92000652068616E64204C45442028636F6D6DDE
:10E930006120736570617261746564290D0A00005D
:10E9400020206865203C78797A3E206F6E7C6F6667
:10E9500066000000456E61626C696E672072696EC8
:10E9600067204C4544730D0A0000000020207265AA
:10E9700020616C6C206F6E7C6F666600456E616214
:10E980006C652073696E676C652072696E67204CD8
:10E9900045442028636F6D6D6120736570617261FD
:10E9A000746564290D0A000020207265203C787986
:10E9B0007A3E206F6E7C6F6666000000536574209F
:10E9C00068616E6420636F6C6F7220666F72206185
:10E9D0006C6C2068616E64730D0A0000202068630F
:10E9E00020616C6C203C7267623E000053657420AD
:10E9F00073696E676C652068616E6420636F6C6F0D
:10EA0000722028636F6D6D6120736570617261742F
:10EA10006564290D0A00000020206863203C787995
:10EA20007A3E203C7267623E00000000536574200D
:10EA300072696E6720636F6C6F7220666F722061FF
:10EA40006C6C2072696E67730D0A0000202072637F
:10EA500020616C6C203C7267623E0000536574203C
:10EA600073696E676C652072696E6720636F6C6F87
:10EA7000722028636F6D6D612073657061726174BF
:10EA80006564290D0A00000020207263203C78791B
:10EA90007A3E203C7267623E00000000536574209D
:10EAA00064656661756C742068616E64206C656471
:10EAB00020636F6C6F720D0A0000000020206861F7
:10EAC0006E6420636F6C6F72203C7267623E000060
:10EAD0005365742064656661756C742068616E644A
:10EAE000206C6564206272696768746E6573732058
:10EAF00028302D323535290D0A00000020206861AC
:10EB00006E64206272696768746E657373203C7608
:10EB1000616C3E003C78797A3E3A20636F6F726494
:10EB2000696E6174652C20736570617261746564CF
:10EB30002062792073706163652C20652E672E201A
:10EB400030203020310D0A003C6D643E3A206D6F5C
:10EB50006465202863632C2063772C207368292C3C
:10EB6000206C6F77657263617365206D6F646520DB
:10EB70006C657474657220697320776974682061AC
:10EB80006363656C65726174696F6E20636F6E7428
:10EB9000726F6C20666F722073746172742F73745D
:10EBA0006F702C206F746865727769736520652EAD
:10EBB00067204377206F722043570D0A0000000042
:10EBC00052656C617469766520616E676C65206D55
:10EBD0006F76652028636F6D6D612073657061725B
:10EBE00061746564290D0A00202072203C78797ACE
:10EBF0003E203C613E203C643E203C6D643E000073
:10EC00004162736F6C75746520616E676C65206D11
:10EC10006F76652028636F6D6D612073657061721A
:10EC200061746564290D0A00202061203C78797A9E
:10EC30003E203C613E203C643E203C6D643E000032
:10EC40005175657565206120277227206F72202716
:10EC5000612720636F6D6D616E642C20652E672EB9
:10EC600020276D6174726978207120302030203047
:10EC7000207220393020382063632C30203020313E
:10EC800020612034352030204343272C2028636F17
:10EC90006D6D6120736570617261746564290D0A20
:10ECA00000000000202071203C78797A3E203C63EF
:10ECB0006D643E004578656375746520636F6D6DA6
:10ECC000616E647320696E207175657565730D0AD8
:10ECD000000000002020657871000000536574205A
:10ECE0006D6F746F722064726976657220726573DD
:10ECF0006574206C696E6520284C4F5720616374E1
:10ED0000697665290D0A00002020726573657420FC
:10ED1000686967687C6C6F770000000053776974DE
:10ED20006368206D6F746F7273206F6E206F722036
:10ED30006F66660D0A00000020206D6F746F7220F0
:10ED40006F6E7C6F666600005061726B2074686540
:10ED5000206D6F746F722873290D0A002020706176
:10ED6000726B206F6E7C6F66660000006D6174725E
:10ED700069782068656C70004D61747269782073E1
:10ED8000657474696E67730D0A000000782A792A29
:10ED90007A3A20002020737465707065720000005C
:10EDA0006D6174726978207374617475730000000A
:10EDB0004E554C4C0000000068616E643A2030787B
:10EDC000000000002020636F6C6F720020206272D0
:10EDD000696768746E6573730000000020206D6FB2
:10EDE000746F72206F6E00006D61747269782073A9
:10EDF00074657070657220737461747573000000BF
:10EE00006D617472697820737465707065722073B7
:10EE100074617475732000006D6174726978206884
:10EE20006F757220000000006D6174726978207245
:10EE3000200000006D61747269782061200000007C
:10EE40006D61747269782071200000006D617472C8
:10EE5000697820686520616C6C2000006D617472B7
:10EE6000697820726520616C6C2000006D6174729D
:10EE700069782068652000006D617472697820727D
:10EE8000652000006D617472697820686320616C90
:10EE90006C2000006D617472697820726320616C6F
:10EEA0006C2000006D617472697820686320000036
:10EEB0006D61747269782072632000006D617472F4
:10EEC00069782068616E6420636F6C6F7220000047
:10EED0006D61747269782068616E6420627269671E
:10EEE00068746E65737320006D6174726978207246
:10EEF000676220706978656C200000006D61747233
:10EF000069782065787100006D6174726978207489
:10EF1000657374006D6174726978207265736574CD
:10EF200020686967680000006D61747269782072FA
:10EF300065736574206C6F77000000006D617472FA
:10EF40006978206D6F746F72206F6E006D617472DE
:10EF50006978206D6F746F72206F66660000000024
:10EF60006D6174726978207061726B206F6E000041
:10EF70006D6174726978207061726B206F666600D3
:10EF80006D617472697820006863200072632000EC
:10EF900068652000726520004D6174726978517552
:10EFA0006575650073657474696E67732E696E6943
:10EFB0000000000061646472000000007273343865
:10EFC00035000000666C61677300000061707000BE
:10EFD0006D6F746F72000000656E61626C65640035
:10EFE00047726F7570206F66204E564D4320636FD9
:10EFF0006D6D616E64730D0A000000006E766D63C6
:10F000000000000053657420666C6167730D0A0090
:10F010002020666C616773203C76616C3E000000C6
:10F020006E766D632068656C700000004E6F6E2D0B
:10F03000766F6C6174696C65206D656D6F72792097
:10F04000636F6E66696775726174696F6E20617255
:10F0500065610D0A00000000202052532D34383520
:10F060002061646472000000206D61673A20000036
:10F070006E766D63207374617475730031000000E7
:10F08000300000006E766D6320666C61677300006F
:10F0900040000000204F4B00204E4F4B000000006E
:10F0A00020636D64206C6173744572726F7200002E
:10F0B00020636D642069646C6500000020636D64EA
:10F0C000200000004F4B0A004E4F4B0A000000008A
:10F0D000727300005365742052532D34383520610B
:10F0E0006464726573730D0A00000000202061647F
:10F0F0006472203C616464723E00000053656E647B
:10F100002061207465787420746F207468652052C3
:10F11000532D343835206275730D0A002020736535
:10F120006E64203C746578743E00000053656E6424
:10F130002061207368656C6C20636F6D6D616E6417
:10F1400020746F207468652052532D343835206147
:10F1500064647265737320616E6420636865636BB9
:10F1600020726573706F6E73650D0A0020207365E1
:10F170006E64636D64203C616464723E203C636D28
:10F18000643E000072732068656C700052532D3429
:10F1900038352073657474696E67730D0A0000005A
:10F1A00072732073746174757300000020206164B1
:10F1B00064720000727320616464722000000000B9
:10F1C00072732073656E64200000000072732073F8
:10F1D000656E64636D64200052532D343835000031
:10F1E0005368656C6C000000706F733A000000009B
:10F1F0002C2064656C61793A000000002C2023719A
:10F200004974656D3A00000047726F7570206F6633
:10F21000207374657070657220636F6D6D616E64CC
:10F22000730D0A007374657070657200456E6162DB
:10F230006C65206F722064697361626C6520612067
:10F24000737465707065720D0A0000002020656E91
:10F2500061626C65203C78797A3E20797C6E000092
:10F26000737465707065722068656C7000000000D2
:10F27000537465707065722073657474696E67731A
:10F280000D0A000048572074696D65722C20706566
:10F2900072696F6420287573293A200020207469F0
:10F2A0006D65720033363020646567726565207362
:10F2B000746570733A2000002C2066756C6C2072A7
:10F2C0006F756E6420286D73293A200020207374B6
:10F2D0006570730073746570706572207374617407
:10F2E000757300007374657070657220656E61627D
:10F2F0006C65200064D9000078D900008CD900002A
:10F30000A4D90000B8D90000CCD90000D8D9000099
:10F31000D8D900000100000000000000000000003B
:10F3200000000000000000000000000000000000DD
:10F33000000000000000000000000000C9270000DD
:10F34000DD270000DD270000B92700008131000023
:10F35000C1310000C1310000A931000000000000EF
:10F36000000000000000000000000000000000009D
:10F37000000000000000000000000000000000008D
:10F38000000000000000000000000000000000007D
:10F39000000000000000000000000000000000006D
:10F3A000000000000000000000000000000000005D
:10F3B000000000000000000000000000000000004D
:10F3C000000000000000000000000000000000003D
:10F3D000000000000000000000000000000000002D
:10F3E000000000000000000000000000000000001D
:10F3F000000000000000000000000000000000000D
:10F4000001020B00000500041830343C40040600E3
:10F4100005000000010000000000000000000000E6
:10F4200000000000000000000001000000000000DB
:10F4300000000000000000000000000000000000CC
:10F4400000000000000000000000000000E0FF1FBE
:10F4500000200000BC0C00203C1100000000000057
:10F460000000000079C3000049C3000049C3000048
:10F4700015C30000ADC10000A9C10000A9C1000072
:10F48000B5C10000ADC100009DC100009DC10000DC
:10F49000B5C10000952900002D210000AD18000025
:10F4A000FDD000008DBF0000D9530000115B0000AB
:10F4B000551B0000B9C900000D330000B9A90000B8
:10F4C0000D960000B5A40000000000000000000040
:10F4D0000000000005FF0000000000000000000028
:10F4E000000000000000000000000000000000001C
:10F4F000000000000000000000000000000000000C
:10F5000000000000000000000000000000000000FB
:10F5100000000000000000000000000000000000EB
:10F5200000000000000000000000000000000000DB
:10F5300000000000000000000000000000000000CB
:10F5400000000000000000000000000000000000BB
:10F55000000000000000404040404040404040412A
:10F560004141414140404040404040404040404097
:10F5700040404040404005020202020202020202F4
:10F58000020202020202202020202020202020202F
:10F5900002020202020202909090909090101010CD
:10F5A000101010101010101010101010101010105B
:10F5B00010020202020202888888888888080808E7
:10F5C00008080808080808080808080808080808BB
:10F5D00008020202024000000000000000000000DB
:10F5E000000000000000000000000000000000001B
:10F5F000000000000000000000000000000000000B
:10F6000000000000000000000000000000000000FA
:10F6100000000000000000000000000000000000EA
:10F6200000000000000000000000000000000000DA
:10F6300000000000000000000000000000000000CA
:10F6400000000000000000000000000000000000BA
:08F65000000000000000FFFFB4
:10F6580000093D000080000000004001AAAAAAAAF3
:08F66800FF0000000A10FFFF83
:040000030000019563
:00000001FF
