:10000000002000206D0100006D0200002F0C010097
:100010007D020000850200008D020000000000004B
:10002000000000000000000000000000118200003D
:100030009D0200000000000031820000AD020000BF
:10004000D9F80000E5F80000F1F80000FDF8000024
:1000500009F9000015F9000021F900002DF9000050
:1000600039F9000045F9000051F900005DF9000080
:1000700069F9000075F9000081F900008DF90000B0
:1000800099F90000A5F90000B1F90000BDF90000E0
:10009000C9F90000D5F90000E1F90000EDF9000010
:1000A000F9F9000005FA000011FA00001DFA00003D
:1000B00029FA000035FA000041FA00004DFA00006C
:1000C00059FA00007545000065FA000071FA000059
:1000D0007DFA000089FA000095FA0000A1FA0000FC
:1000E000ADFA0000B9FA000025AA0000C5FA000028
:1000F000D1FA0000DDFA0000E9FA0000F5FA00008C
:1001000081EB000001FB00000DFB000019FB00006B
:1001100025FB000031FB00003DFB000049FB000017
:1001200055FB000061FB0000758100006DFB0000C5
:1001300079FB000085FB000091FB00009DFB0000A7
:10014000A9FB00001486010000000020FC00000054
:100150001486010000E0FF1F00000000FC000020EA
:100160006C0B000000E0FF1F0000000080B584B0B1
:1001700000AF72B601F0D8FB194BFB6013E0FB68CF
:100180001A1DFA601B683B60FB681A1DFA601B6849
:10019000BB60FB681A1DFA601B687B607A68B968EF
:1001A000386800F023F8FB680E4A9342E7D30DE06D
:1001B000FB681A1DFA601B68BB60FB681A1DFA60B9
:1001C0001B687B607968B86800F033F8FB68064A02
:1001D0009342EDD362B615F031FC00BFFDE700BFDE
:1001E000440100005C0100006C01000080B489B093
:1001F00000AFF860B9607A60BB68FB61FB68BB6107
:1002000000237B610AE0BA69131DBB61FB69191DFC
:10021000F96112681A607B6904337B617A697B68D3
:100220009A42F0D300BF00BF2437BD465DF8047B7F
:10023000704780B485B000AF786039607B68FB6040
:100240000023BB6007E0FB681A1DFA6000221A60F9
:10025000BB680433BB60BA683B689A42F3D300BF03
:1002600000BF1437BD465DF8047B704780B400AF13
:1002700000BFFDE780B400AF00BFFDE780B400AF72
:1002800000BFFDE780B400AF00BFFDE780B400AF62
:1002900000BFFDE780B400AF00BFFDE780B400AF52
:1002A00000BFFDE780B400AF00BFFDE780B400AF42
:1002B00000BFFDE780B400AF00BFFDE7FFFFFFFF19
:1002C000FFFFFFFFFFFFFFFFFFFFFFFFFFFFFFFF3E
:1002D000FFFFFFFFFFFFFFFFFFFFFFFFFFFFFFFF2E
:1002E000FFFFFFFFFFFFFFFFFFFFFFFFFFFFFFFF1E
:1002F000FFFFFFFFFFFFFFFFFFFFFFFFFFFFFFFF0E
:10030000FFFFFFFFFFFFFFFFFFFFFFFFFFFFFFFFFD
:10031000FFFFFFFFFFFFFFFFFFFFFFFFFFFFFFFFED
:10032000FFFFFFFFFFFFFFFFFFFFFFFFFFFFFFFFDD
:10033000FFFFFFFFFFFFFFFFFFFFFFFFFFFFFFFFCD
:10034000FFFFFFFFFFFFFFFFFFFFFFFFFFFFFFFFBD
:10035000FFFFFFFFFFFFFFFFFFFFFFFFFFFFFFFFAD
:10036000FFFFFFFFFFFFFFFFFFFFFFFFFFFFFFFF9D
:10037000FFFFFFFFFFFFFFFFFFFFFFFFFFFFFFFF8D
:10038000FFFFFFFFFFFFFFFFFFFFFFFFFFFFFFFF7D
:10039000FFFFFFFFFFFFFFFFFFFFFFFFFFFFFFFF6D
:1003A000FFFFFFFFFFFFFFFFFFFFFFFFFFFFFFFF5D
:1003B000FFFFFFFFFFFFFFFFFFFFFFFFFFFFFFFF4D
:1003C000FFFFFFFFFFFFFFFFFFFFFFFFFFFFFFFF3D
:1003D000FFFFFFFFFFFFFFFFFFFFFFFFFFFFFFFF2D
:1003E000FFFFFFFFFFFFFFFFFFFFFFFFFFFFFFFF1D
:1003F000FFFFFFFFFFFFFFFFFFFFFFFFFFFFFFFF0D
:10040000FFFFFFFFFFFFFFFFFFFFFFFFFEFFFFFFFD
:1004100080B483B000AF7860084B1B6823F440229F
:100420007B689B0403F44023044913430B6000BF23
:100430000C37BD465DF8047B704700BF0070044078
:1004400080B483B000AF78600A4B03F580535B68DB
:1004500023F440327B681B0403F440330549134303
:1004600001F58052536000BF0C37BD465DF8047B38
:10047000704700BF0070044080B483B000AF114BE0
:100480001B7BDBB203F00303022B0ED0022B0FD831
:10049000002B02D0012B04D00AE00B4B1B687B60C1
:1004A00009E00A4B1B687B6005E0094B7B6002E0BA
:1004B00000237B6000BF7B6818460C37BD465DF8A3
:1004C000047B704700400640FC0000200001002033
:1004D000006CDC0280B582B000AFFFF7CDFF786022
:1004E0007B68002B01D17B6846E0254B1B78DBB293
:1004F000DB08DBB203F00703FB70FB787A6822FAB3
:1005000003F37B601E4B5B78DBB21B09DBB203F0AD
:100510000303BB701A4B1B7BDBB203F003037B703E
:10052000BB78002B02D07B78002B02D07B78022B8B
:1005300021D1FB78072B14D0072B19DC052B02DC0B
:10054000002B03DA14E0062B04D011E07B685B0972
:100550007B6010E07B680B4AA2FB03231B097B60D6
:1005600009E07B68084AA2FB0323DB087B6002E00A
:1005700000237B6000BF7B6818460837BD4680BDFE
:1005800000400640CDCCCCCCABAAAAAA80B400AF28
:100590000C4B9B79DBB203F00103002B02D10A4B19
:1005A0001B6809E0094B1A68064B1B7ADBB25B0833
:1005B00003F0070322FA03F31846BD465DF8047BF7
:1005C000704700BF004006400000002004000020EB
:1005D00080B500AF074B9B79DBB203F01003002B13
:1005E00003D1FFF777FF034601E0034B1B68184672
:1005F00080BD00BF004006400000002080B400AF76
:10060000074B1B78DBB25BB2002B02DA054B1B6891
:1006100000E000231846BD465DF8047B704700BF2C
:1006200000500640FC00002080B483B000AF0D4BAA
:100630001B78DBB25BB2002B0CDA0A4B9B78DBB287
:1006400023F03F03FB71084B1B68FA799209D2B281
:10065000D34000E0002318460C37BD465DF8047B0C
:10066000704700BF00500640FC00002080B582B0FB
:1006700000AF114B1B689B0C03F00303002B02D04F
:10068000032B0CD00FE0FFF7B9FF0346B3F5004F83
:1006900002D14FF4004300E000237B6006E04FF4FA
:1006A0007A737B6002E000237B6000BF7B681846A2
:1006B0000837BD4680BD00BF0070044080B582B0E1
:1006C00000AF0D4B03F580535B681B0C03F0030375
:1006D000002B02D0032B04D006E000F0E9F878608C
:1006E00005E0064B7B6002E000237B6000BF7B6877
:1006F00018460837BD4680BD00700440006CDC021F
:1007000080B584B000AF0346FB71FB79132B7BD817
:1007100001A252F823F000BF69070000690700003A
:100720008707000009080000A5070000090800006D
:10073000C3070000CB070000010800000908000003
:10074000F9070000D3070000DB070000E307000003
:100750000908000009080000090800000908000055
:10076000EB070000F107000000F074F802462A4B86
:1007700003F580535B6C1B0F03F00F030133B2FBD7
:10078000F3F3FB6043E000F065F80246224B03F50B
:1007900080535B6C1B0E03F00F030133B2FBF3F3CA
:1007A000FB6034E000F056F802461B4B03F5805323
:1007B0005B6C1B0C03F00F030133B2FBF3F3FB6024
:1007C00025E0FFF77BFFF86021E0FFF74FFFF860BF
:1007D0001DE00FF0FCF9F86019E000F0A1F8F860F6
:1007E00015E000F065F8F86011E00C4BFB600EE0DE
:1007F0004FF47A73FB600AE0FFF700FFF86006E051
:10080000FFF712FFF86002E00023FB6000BFFB6807
:1008100018461037BD4680BD00700440006CDC02F5
:1008200080B582B000AF7860094A7B685B6802F5EA
:10083000805253647B681B781846FFF701FE7B6883
:100840005B781846FFF7E4FD00BF0837BD4680BD62
:100850000070044080B582B000AF144B9B79DBB2CE
:100860009B0803F003033B603B68022B11D03B68FD
:10087000022B12D83B68002B03D03B68012B04D01D
:100880000BE000F015F878600AE0FFF77FFE786073
:1008900006E0FFF7F1FD786002E000237B6000BF17
:1008A0007B6818460837BD4680BD00BF0040064043
:1008B00080B582B000AF184B5B78DBB203F0020367
:1008C000002B01D0002322E0FFF782FE78607B68D6
:1008D000002B01D17B681AE00F4BDB78DBB25B09A0
:1008E000DBB203F00303FB700B4BDB78DBB2DB09FD
:1008F000DBB203F00103BB70FA78BB780749520002
:10090000134431F813301A467B6802FB03F3184690
:100910000837BD4680BD00BF00400640005F0100B3
:1009200080B500AF064B1B78DBB203F00203002B4F
:1009300001D1002302E0FFF729FE0346184680BDDF
:100940000040064080B485B000AF0346FB710B4603
:10095000BB7113467B713B4B9B79DBB29B0803F069
:100960000303FB60374B9B79DBB203F00103FB729F
:10097000344B1B7ADBB25B08DBB203F00703BB72BC
:100980007A79BB7A9A422CD02E4B1B78DBB203F0DB
:100990000203002B02D1FB68012B12D1FB7A012B41
:1009A0000FD1284B5B78DBB2264A23F00103DBB280
:1009B000537000BF234B9B79DBB203F00103002B84
:1009C000F8D1204B1B7ADBB223F02F03DAB27B790C
:1009D0005B00DBB203F00E03DBB21A491343DBB258
:1009E0000B72184B5B78DBB223F00103DAB2BB79F0
:1009F00003F00103DBB213491343DBB24B70114B1D
:100A00001B78DBB223F00303DAB20E49FB79134300
:100A1000DBB20B70FB68012B04D0FB7903F00203FF
:100A2000002B08D000BF074B9B79DBB203F001021B
:100A3000BB799A42F7D1002318461437BD465DF8BA
:100A4000047B70470040064080B584B000AF034689
:100A50003A60FB710B46BB710023FB73284BDB78BC
:100A6000BB73274B9B79DBB203F01003002B09D13A
:100A70000123FB73224BDB78DBB2214A83F0200396
:100A8000DBB2D3701E4B1B78DBB203F03B03DBB24F
:100A90001B4A43F00403DBB2137000BF184B9B7971
:100AA000DBB203F01003102BF8D1FB7B002B02D03C
:100AB000134ABB7BD370BB7B03F01F03DAB2FB7915
:100AC000DB01D9B2BB795B01DBB203F06003DBB2BF
:100AD0000B43DBB20A491343DBB2CB7000BF084BB8
:100AE0009B79DBB203F00C03002BF8D13B68002BA1
:100AF00001D03B689847002318461037BD4680BD9B
:100B00000040064080B485B000AF78600023FB60F1
:100B100006E0094A7B68934206D0FB680133FB601C
:100B2000FB68002BF5D000E000BFFB6818461437C7
:100B3000BD465DF8047B70470010024080B582B06E
:100B400000AF78607868FFF7DDFF044B18460FF0C0
:100B500068F800BF0837BD4680BD00BF01003C10EB
:100B600080B500AF044B1B6818460FF074F8BFF354
:100B70004F8F00BF00BF80BD0401002080B500AFD3
:100B8000044B5B6818460FF066F8BFF34F8F00BF49
:100B900000BF80BD0401002080B500AF044B9B68FE
:100BA00018460FF058F8BFF34F8F00BF00BF80BD4D
:100BB0000401002080B500AF044BDB6818460FF03D
:100BC0004AF8BFF34F8F00BF00BF80BD0401002073
:100BD00080B584B000AF78607B68002B01D104231E
:100BE0001EE07B6800229A647B680022DA637B68DF
:100BF00000221A647B689B6C002B02D10A4A7B6836
:100C00009A647B689B6C184600F04EF978680FF088
:100C1000C9F8F860FB68002B01D0FB6800E00023F6
:100C200018461037BD4680BD1401002080B58AB03B
:100C300000AFF860B9607A603B60FB6893F83430CD
:100C40007A68B968F8680FF0E3F838623B6A002BFD
:100C500001D03B6A43E0386800F06CF938623B6AC7
:100C6000002B01D03B6A3AE0FB681B6BFB61FB6821
:100C70001B69BB61FA697B681344013B7B627B6A39
:100C8000BA69B3FBF2F2B96901FB02F29B1A002BBD
:100C90001ED07A6ABB69B2FBF3F301337B617B69D7
:100CA000BA6902FB03F3013B7B6211E0FB6923F0AD
:100CB0007F430D4A43F010631360F86800F004F9B5
:100CC00038623B6A002B08D1FA69BB691344FB61A7
:100CD000FA697B6A9A42E9D900E000BF3B6A18468C
:100CE0002837BD4680BD00BF0400024090B589B0E2
:100CF00000AFF860B9607A603B60FB6893F8393008
:100D0000FB747B68002B01D1042353E0FB7C3A6821
:100D1000B968F8680FF07CF8F861FB69002B01D026
:100D2000FB6947E0FB681B6BBB613B687B613BE099
:100D3000224B1C1D78680FF0A3F8034623607B68E4
:100D400004337B60FB7C042B07D1BB6923F07F431A
:100D50001A4A43F0C063136017E0FB7C082B12D1E2
:100D6000164B03F1080478680FF08AF803462360F5
:100D70007B6804337B60BB6923F07F430F4A43F0F9
:100D8000E063136001E0042314E0F86800F09CF8CD
:100D9000F861FB69002B0BD1FB7CBA691344BB6182
:100DA000FB7C7A69D31A7B617B69002BC0D100E0A0
:100DB00000BFFB6918462437BD4690BD04000240C1
:100DC00080B58CB000AFF860B9607A60FB70FB68EA
:100DD00093F83530FB77FB7F7A68B968F8680FF0D5
:100DE00017F8B861BB69002B01D0BB6955E0FB68FF
:100DF0001B6B7B62FB68DA68FB685B69B2FBF3F331
:100E00007B617A6A7B6913445A1E7B695B4213409B
:100E1000FB62FA6A7B6A9A4203D1FA6A7B691344DD
:100E2000FB627B68BB6234E0FA6A7B6AD31A3B627E
:100E30003A6ABB6A9A4201D9BB6A3B62FB7F3A6A53
:100E4000B2FBF3F33B617B6A23F07F43154A43F027
:100E5000807313603B691A04FB781B021A43114B21
:100E6000043342F0FF021A60F86800F02DF8B86110
:100E7000BB69002B01D0BB690FE0BA6A3B6AD31A89
:100E8000BB627A6A3B6A13447B62FA6A7B691344E9
:100E9000FB62BB6A002BC7D1002318463037BD4622
:100EA00080BD00BF0400024080B582B000AF786012
:100EB0000C220449786814F0BDFD00BF0837BD4618
:100EC00080BD00BF105F010080B584B000AF7860C6
:100ED000174B70221A707B689B6C5A1C7B689A6453
:100EE0007B689B6CFB60FB68114898477B689B6C38
:100EF0005A1E7B689A640E4B1B78FB72FB7A03F0D8
:100F00002003002B01D067230EE0FB7A03F01003CF
:100F1000002B01D0682307E0FB7A03F00103002BCC
:100F200001D0692300E0002318461037BD4680BD7C
:100F30000000024080B483B000AF78607B68064A4E
:100F4000934201D06B2300E0002318460C37BD46C6
:100F50005DF8047B704700BF6B66656B90B597B01A
:100F600000AF78607B68002B01D10423C8E1002327
:100F700087F85730BEE197F857307A68642101FB53
:100F800003F3134400221A7097F857307A686421EB
:100F900001FB03F31344013397F857201A7097F8B5
:100FA0005730642202FB03F37A68134418460FF0AB
:100FB00037F8B864BB6C002B01D0BB6CA0E10023F8
:100FC0007B644FF400333B640123FB634FF4006305
:100FD000BB6320237B6304233B630823FB6208235A
:100FE000BB624FF070637B6218233B628D4B93F8BA
:100FF0002830DBB2FB618B4B93F82B30DBB2BB614B
:1010000097F857307A68642101FB03F313440833DF
:101010007A6C1A6097F857307A68642101FB03F301
:1010200013441433FA6B1A6097F857307A686421C6
:1010300001FB03F313441033BA6B1A6097F857306F
:101040007A68642101FB03F313441B79C3F30003A3
:10105000DBB2002B1DD097F857307A68642101FB72
:1010600003F313441B79C3F34003DBB2002B10D00E
:1010700097F857403B6A7A6A396CF86B00F0E4F9EC
:1010800001467A68642304FB03F313440C331960AC
:101090000CE097F85730FA6B396C01FB02F2796873
:1010A000642000FB03F30B440C331A6097F85730AD
:1010B0007A68642101FB03F313441B79C3F3001323
:1010C000DBB2002B40D097F85730642202FB03F3C9
:1010D00018337A6813447B6197F857307A68642133
:1010E00001FB03F313441B79C3F34013DBB2002B62
:1010F00014D097F857307A68642101FB03F3134446
:1011000008331A687B691A604FF48072FB699A4051
:101110007B695A607B69BA699A6015E07B689A6856
:101120007B691A603F4B93F82830DBB21A464FF4C4
:10113000807303FA02F27B695A603A4B93F82B30C2
:10114000DBB21A467B699A6097F857307A68642157
:1011500001FB03F313441B79C3F38003DBB2002BC1
:1011600071D097F85730642202FB03F320337A687A
:10117000134404333B6197F857307A68642101FBCC
:1011800003F313441B79C3F3C003DBB2002B20D05D
:1011900097F857307A68642101FB03F3134408334E
:1011A0001A683B691A603B697A6B9A6097F8573006
:1011B0007A68642101FB03F313440C331A683B691A
:1011C0009B68194610460EF05FFF02463B695A6065
:1011D00039E00023FB647B689A683B691A603B69CD
:1011E00020229A6000233B650EE097F857307A681A
:1011F000642101FB03F313440C331B68FA6C1344A2
:10120000FB643B6D01333B653B6D002BEDD03B69CF
:101210009B681946F86C0EF037FFF86000233B65B9
:101220000EE000BF000002407A683B6D642101FBC4
:1012300003F313442833FA681A603B6D01333B65AE
:101240003B6D002BF0D097F857303A6BD0B27A68EC
:10125000642101FB03F31344393302461A7097F8F3
:101260005730FA6AD0B27A68642101FB03F3134461
:10127000343302461A7097F85730BA6AD0B27A6897
:10128000642101FB03F31344353302461A7097F8C7
:1012900057307A68642101FB03F313443633042288
:1012A0001A7097F857307A68642101FB03F31344EE
:1012B000373304221A7097F857307A68642101FB9B
:1012C00003F31344383300221A7097F8573064221E
:1012D00002FB03F37A6813441846FFF779FCB864FD
:1012E000BB6C002B01D0BB6C0AE097F85730013380
:1012F00087F8573097F85730002B3FF43CAE002367
:1013000018465C37BD4690BD80B487B000AFF8602A
:101310000B467A60FB72FB68002B02D07B68002BC7
:1013200001D104238AE000237B61FB7A212B00F2A8
:10133000818001A252F823F0C1130000CB130000FA
:10134000D5130000E7130000F1130000FB130000A9
:101350000D140000171400003514000035140000AF
:101360003514000035140000351400003514000059
:101370003514000035140000351400003514000049
:101380003514000035140000351400003514000039
:101390003514000035140000351400003514000029
:1013A0003514000035140000351400003514000019
:1013B0003514000035140000211400002B14000027
:1013C000FB681A697B681A6037E0FB68DA687B683B
:1013D0001A6032E0FB68DA68FB685B69B2FBF3F223
:1013E0007B681A6029E0FB685A697B681A6024E010
:1013F000FB689A687B681A601FE0FB681B79C3F37F
:101400000013DBB21A467B681A6016E0FB68DA69E3
:101410007B681A6011E0FB681A6A7B681A600CE04E
:10142000FB68DA6B7B681A6007E0FB681A6C7B6804
:101430001A6002E06A237B6100BF7B6918461C3793
:10144000BD465DF8047B704780B487B000AFF8609C
:10145000B9607A603B60104B03F58053DA6C7B68AF
:101460001A403B6822FA03F3FB74FB7C0F2B05D177
:10147000FB68BA6802FB03F37B6105E0FB7C074A6B
:1014800032F813309B027B617B6918461C37BD46DE
:101490005DF8047B704700BF007004401C5F0100D2
:1014A00080B485B000AF78600023FB6006E0094A95
:1014B0007B68934206D0FB680133FB60FB68002B1E
:1014C000F5D000E000BFFB6818461437BD465DF854
:1014D000047B70470000044080B584B000AF7860A2
:1014E00039607868FFF7DCFFF860194B18460EF09A
:1014F0009DFE3B681B785B0003F002023B68DB78D3
:101500009B0003F004031A433B689B78DB0003F065
:1015100008031A433B685B781B0103F030031A434E
:101520007B681A603B689B79DB0003F078023B68BC
:101530001B799B0003F004031A433B685B7903F0BB
:1015400003031A437B685A6000BF1037BD4680BD55
:101550000000381080B485B000AF78600023FB60D5
:1015600006E0094A7B68934206D0FB680133FB60C2
:10157000FB68002BF5D000E000BFFB68184614376D
:10158000BD465DF8047B70470070034080B584B0B1
:1015900000AF786039607868FFF7DCFF1B4B1846B6
:1015A0000EF080FE7B681B6823F002027B681A60E5
:1015B0000023FB7312E0FB7B7A681B01134403F5E5
:1015C00084731A68FB7B22F0010279681B010B44CB
:1015D00003F584731A60FB7B0133FB73FB7B032BE6
:1015E000E9D93B681B78002B06D07B681B6823F089
:1015F00001027B681A6005E07B681B6843F001020A
:101600007B681A6000BF1037BD4680BD17003C10D4
:1016100080B483B000AF78600E4B03F580535A6DF1
:101620007B681A600B4B03F580539A6D7B685A6098
:10163000084B03F58053DA6D7B689A60054B03F520
:1016400080531A6E7B68DA6000BF0C37BD465DF8C8
:10165000047B70470070044080B485B000AF7860B0
:101660000223BB600023FB6009E00B4AFB6852F8D1
:1016700023307A689A4207D0FB680133FB60FA682E
:10168000BB689A42F1D300E000BFFB6818461437EC
:10169000BD465DF8047B70473C5F010080B58AB0B1
:1016A00000AFF860B9607A6000237B62002387F89E
:1016B00023300023FB61BB681B681B017A68B2FB07
:1016C000F3F37B627B6A002B01D101237B62002351
:1016D000BB617B685A00BB681B68B2FBF3F27B6A94
:1016E0005B01D31A7B617B685A007B6A59017B6975
:1016F0000B44B2FBF3F3BB61BB681B68BA699A4247
:1017000004D9BB681B68BA69D31A03E0BB681A68BE
:10171000BB69D31AFB61BB681B685B4AA2FB03234E
:101720005A0913465B001344FA699A4202D940F2FF
:10173000F533A5E0F868FFF78FFF0346534A52F8E8
:10174000233018460EF0FAFDFB68DB78DBB223F09D
:101750000C03DAB2FB68DA70FB681B78DBB25BB2B1
:1017600023F01F035AB27B6A1B0A5BB213435BB2BE
:10177000DAB2FB681A707B6ADAB2FB685A70FB68EF
:101780009B7ADBB223F01F03DAB27B69DBB203F092
:101790001F03DBB21343DAB2FB689A72FB689B78D3
:1017A000DBB223F0170387F82330BB685B7A9B001A
:1017B000DBB203F00403DAB297F82330134387F85F
:1017C0002330BB681B79002B09D0BB681A7997F8C6
:1017D00023301343DBB243F0100387F82330FB6858
:1017E00097F823209A70BB685A79FB68DA74BB6853
:1017F0009A79FB685A75FB681B7CDBB263F0770350
:10180000DAB2FB681A74FB685B7CDBB263F03F03FF
:10181000DAB2FB685A74BB68DB79002B07D0FB682F
:101820005B7BDBB243F00803DAB2FB685A73BB6838
:101830001B7A002B07D0FB685B7BDBB243F0010314
:10184000DAB2FB685A73FB68DB7887F82330BB6831
:101850009B7A002B05D097F8233043F0080387F8D4
:101860002330BB68DB7A002B05D097F8233043F098
:10187000040387F82330FB6897F82320DA700023ED
:1018800018462837BD4680BD1F85EB51445F0100D7
:1018900080B483B000AF786039603A68174B13406A
:1018A0003B607B681B78DAB23B68DBB21343DAB289
:1018B0007B681A707B68DB78DAB23B681B0ADBB2A4
:1018C0001343DAB27B68DA707B689B79DAB23B68E3
:1018D0001B0CDBB21343DAB27B689A717B685B7CCA
:1018E000DAB23B681B0EDBB21343DAB27B685A7480
:1018F00000BF0C37BD465DF8047B7047C0F00F0792
:1019000080B500AF054B1B68054A126811460548B3
:101910009847BFF34F8F00BF00BF80BD5C01002020
:101920005401002000A0064080B500AF0B4BD3F857
:1019300088300A4A43F47003C2F88830084B4CF2EE
:101940002052DA81064B4DF62812DA81044B4FF40F
:10195000E9721A800EF025FE00BF80BD00ED00E0A8
:101960000020054080B400AF054B03F580531A46B4
:10197000044B536400BFBD465DF8047B704700BF55
:10198000007004400000071180B500AFAA21114883
:101990000EF00EFE0F480EF0B6FC00BF0D480EF024
:1019A00016FE0346802BF9D1FFF7DCFF012303214C
:1019B000094A18460EF022F9022301210022184696
:1019C000FEF7C0FF0548FEF72BFF054B054A1A60DE
:1019D00000BF80BD00E00740E90501004C5F010049
:1019E000080000200080B80580B590B000AFB7486F
:1019F0000EF021FEB6480EF01EFEB6480EF01BFE9D
:101A0000B5480EF018FEB5480EF015FE002387F815
:101A10003C30002387F83D3007F13C031A46012192
:101A2000AF480EF0D8FB002387F83830002387F842
:101A3000393007F138031A460221A9480EF0CBFBD2
:101A4000A84B1B88BB8607F134031A461221A44811
:101A50000EF0C1FB012387F83030002387F83130C6
:101A600007F130031A4613219D480EF0B4FB012301
:101A700087F82C30002387F82D3007F12C031A4605
:101A8000002199480EF0A7FB012387F82830002396
:101A900087F8293007F128031A46012192480EF0F1
:101AA0009AFB012387F82430002387F8253007F1BB
:101AB00024031A4605218D480EF08DFB012387F87B
:101AC0002030002387F8213007F120031A46062131
:101AD00086480EF080FB01233B7700237B7707F1DC
:101AE0001C031A46042182480EF075FB01233B7645
:101AF00000237B7607F118031A4605217C480EF077
:101B00006AFB00233B7500237B7507F114031A461B
:101B1000062177480EF05FFB00233B7400237B74A3
:101B200007F110031A46072171480EF054FB0123F8
:101B30003B7300237B7307F10C031A4610216D4899
:101B40000EF049FB01233B7200237B7207F108036F
:101B50001A46112167480EF03EFB01233B7100231A
:101B60007B713B1D1A46122162480EF034FB0123A3
:101B70003B7000237B703B461A4613215D480EF0F4
:101B80002AFB012201215C480EF06FFD0122122187
:101B900059480EF06AFD0122132157480EF065FDE9
:101BA0000122022154480EF060FD01220021534819
:101BB0000EF05BFD0122012150480EF056FD03227C
:101BC00001214F480EF051FD4D4B5B6823F08073AF
:101BD00023F003034A4A43F0030353600122022126
:101BE00047480EF042FD0322032145480EF03DFD1B
:101BF000434BDB6823F0807323F00303404A43F038
:101C00000303D360032204213D480EF02EFD3C4B1C
:101C10001B6923F0807323F00303394A43F0030365
:101C200013610122052136480EF01FFD0122062115
:101C300033480EF01AFD0122042132480EF015FD42
:101C4000012205212F480EF010FD012206212D480A
:101C50000EF00BFD2B4B9B6923F0807323F00303E5
:101C6000284A43F0030393610122072125480EF01F
:101C7000FCFC244BDB6923F0807323F00303214A2F
:101C800043F00303D361012210211F480EF0EDFC45
:101C9000012211211C480EF0E8FC012212211A48F1
:101CA0000EF0E3FC0122132117480EF0DEFC174B67
:101CB00003F580531B69154A23F0300302F5805267
:101CC000136100BF4037BD4680BD00BF090038101A
:101CD0000A0038100B0038100C0038100D003810B6
:101CE00000F00F40545F010040F00F4080F00F40C3
:101CF000C0F00F4000F10F400090044000A00440ED
:101D000000B0044000C0044000D004400070044013
:101D100080B59CB000AF78607B685B681A46244948
:101D200024480FF0CCFA07F10C0318460EF0C0FC63
:101D3000034687F86F3097F86F30002B0AD107F110
:101D40001C0107F10C035322184600F073F80346F8
:101D500087F86F3097F86F30002B06D007F11C031F
:101D6000154A532118460FF0CDFB7B685A6807F1DE
:101D70001C03194611480FF0A2FA7B685B681946EC
:101D80000F480FF03CF800F0E1F801467B685B6813
:101D90001A460C480FF093FA7B685B6819460848AE
:101DA0000FF02DF8002318467037BD4680BD00BFE8
:101DB000D85F0100EC5F0100F85F010000600100E6
:101DC000847501000860010080B582B000AF7860C2
:101DD0007B685B681A460B490B480FF05EFA7B681C
:101DE0005B681A4609490A480FF057FA7B685B6836
:101DF0001A46084908480FF050FA002318460837D9
:101E0000BD4680BD14600100EC5F0100346001003C
:101E100058600100686001008460010080B400AF78
:101E2000024B034ADA6000BFFDE700BF00ED00E0AF
:101E30000400FA0580B586B000AFF860B9607A603A
:101E4000164A7968B8680FF05DFB00237B6118E0E3
:101E5000134A7968B8680FF07AFBFA687B69134413
:101E60001B781A467968B8680FF016FD7B690E2B4F
:101E700004D80C4A7968B8680FF069FB7B690133B4
:101E80007B617B690F2BE3D9074A7968B8680FF04B
:101E90005EFB002318461837BD4680BD8C600100EC
:101EA00020700100906001009460010080B586B050
:101EB00000AFF860B9607A600023FB751E49F868CE
:101EC00013F0CAFD0346002B06D01C49F86813F036
:101ED000C3FD0346002B07D1BB6801221A70786846
:101EE000FFF772FF034623E01549F86813F0B4FDCD
:101EF0000346002B06D01349F86813F0ADFD0346E6
:101F0000002B08D1BB6801221A707868FFF700FF28
:101F10000346FB750BE00C49F86813F09DFD034682
:101F2000002B04D1BB6801221A70FFF777FFFB7DFD
:101F300018461837BD4680BD8C67010098600100C7
:101F40009C670100AC600100C060010080B483B0F8
:101F500000AF0D4B03F580535B6A1B0903F00303CD
:101F60007B607B68002B07DB7B68082B04DC074A5F
:101F70007B6852F8233000E0054B18460C37BD460D
:101F80005DF8047B704700BF00700440D4810100FD
:101F9000D460010080B483B000AF786039607B68A2
:101FA000054A1360044A3B68536000BF0C37BD46C6
:101FB0005DF8047B704700BF6001002080B588B0E9
:101FC00000AFF860B9607A600023FB777968F86841
:101FD00000F038F80346002B01D01B2329E01748F6
:101FE0000EF07AF9B861BB69002B01D01B2320E009
:101FF000012003F037F90EF099FB7861F9687B68EE
:10200000BA680F480DF0A0FFB861BB69002B02D081
:102010001B23FB7700E000BF78690EF098FB0748B0
:102020000EF071F9B861BB69002B01D01B23FB775F
:10203000FB7F18462037BD4680BD00BF00E007404B
:102040006801002080B586B000AF78603960002359
:10205000BB600023FB75396878680EF094FB03467B
:10206000002B01D000234CE028480EF035F93861F0
:102070003B69002B01D01B2343E0012003F0F2F861
:1020800007F108031A4600212148FFF73DF938619E
:102090003B69002B01D01B2333E0BB68B3F5006F15
:1020A00001D01B232DE00EF041FBF8607968194B3D
:1020B0003A6817480DF012FF38613B69002B05D0D4
:1020C0001B23FB75F8680EF042FB10E0F8680EF079
:1020D0003EFB796801233A680D480DF06BFF3861CB
:1020E0003B69002B02D01B23FB7500E000BF0748B3
:1020F0000EF009F938613B69002B01D01B23FB75F9
:10210000FB7D18461837BD4680BD00BF00E0074084
:10211000680100206B66656B80B58EB000AF78609B
:102120007B685B681A462A492A480FF0C8F807F10D
:102130000803294A302118460FF0E4F907F1080393
:102140004FF40062302118460FF0D5FB07F1080369
:10215000224A302118460FF0FAF97B685A6807F1D5
:10216000080319461E480FF0AAF807F108031D4A94
:10217000302118460FF0C6F91B4B1A6807F1080307
:10218000302118460FF024FC07F10803174A3021CC
:1021900018460FF0DCF9144B5A6807F10803302198
:1021A00018460FF015FC07F108030C4A30211846B9
:1021B0000FF0CDF97B685A6807F1080319460C48FF
:1021C0000FF07DF8002318463837BD4680BD00BFAC
:1021D000F0600100046101001061010084750100DC
:1021E00018610100206101006001002028610100E8
:1021F0003461010080B58CB004AFF860B9607A60DA
:102200007249F86813F028FC0346002B06D0704989
:10221000F86813F021FC0346002B20D17B685B6833
:102220001A466C496C480FF038F87B685B681A46B0
:102230006A496B480FF031F87B685B681A46694958
:1022400069480FF02AF87B685B681A466749684856
:102250000FF023F8BB6801221A700023B1E0654932
:10226000F86813F0F9FB0346002B06D06249F868C2
:1022700013F0F2FB0346002B07D1BB6801221A7052
:102280007868FFF749FF03469BE00E225B49F86838
:1022900013F04DFC0346002B50D1BB6801221A708D
:1022A000FB680E33FB6107F1180207F11C031146AE
:1022B00018460FF0F3FB0346002B37D107F1140249
:1022C00007F11C03114618460FF0E8FB0346002BEC
:1022D00024D17B69002B21DDBB691A467B69194635
:1022E00010460EF044FA0346002B0FD0B969BB69C3
:1022F0007A6913445A1E7B680293414B0193102361
:1023000000930423002001F08FFB59E07B689B6859
:1023100019463C480EF073FD1B2352E07B689B6816
:10232000194639480EF06BFD1B234AE07B689B6819
:10233000194636480EF063FD1B2342E00F22344954
:10234000F86813F0F4FB0346002B39D1BB68012277
:102350001A70FB680F33FB6107F1180207F11C03C9
:10236000114618460FF09AFB0346002B28D1BB6993
:10237000C3F30A03002B07D07B689B6819462548E6
:102380000EF03DFD1B231CE007F1140207F11C03B6
:10239000114618460FF082FB0346002B08D1BB699B
:1023A0001A467B6919461046FFF74CFE034608E0C3
:1023B0007B689B68194618480EF021FD1B2300E03E
:1023C000002318462037BD4680BD00BF8C67010042
:1023D00044610100546101000461010034600100A6
:1023E000586001007461010088610100A061010072
:1023F000BC6101009C670100D4610100E46101003F
:1024000025080100F461010010620100286201004A
:1024100044620100546201008062010080B582B014
:1024200000AF642200210B4813F006FB0948FEF7B9
:1024300095FD78607B68002B08D0074B40F2A722FF
:102440000649052000F078FA00BFFDE700BF083715
:10245000BD4680BD680100209C620100B46201009D
:1024600080B582B000AF786014220449786813F018
:10247000E1FA00BF0837BD4680BD00BFF48101000E
:1024800080B586B000AFF860B9607A60FB687B61A8
:10249000BB6800221A70F8680EF08EFA0346002B13
:1024A00005D0364A7968B8680FF051F804E0344A2C
:1024B0007968B8680FF04BF8F8680EF032FB034605
:1024C000002B05D02F4A7968B8680FF040F804E077
:1024D0002D4A7968B8680FF03AF82C4A7968B868DC
:1024E0000FF035F87B695B681A467968B8680FF0B9
:1024F0006FFA274A7968B8680FF029F87B699B68FA
:102500001A467968B8680FF063FA224A7968B868A1
:102510000FF01DF87B69DB681A467968B8680FF020
:10252000A5FA1D4A7968B8680FF011F87B691B7C21
:10253000022B12D0022B16DC002B02D0012B06D06E
:1025400011E0164A7968B8680FF001F811E0144AF2
:102550007968B8680EF0FBFF0BE0124A7968B8683A
:102560000EF0F5FF05E0104A7968B8680EF0EFFF4D
:1025700000BF00BF1837BD4680BD00BF106301001B
:10258000186301006C7001007C630100206301008E
:102590002C630100386301004063010048630100BF
:1025A0004C630100506301005463010080B483B0A8
:1025B00000AF78607B681B68214A13607B68043336
:1025C0001B68204A13607B6808331B681E4A13602F
:1025D0007B680C331B681D4A13607B6810331B68D3
:1025E0001B4A13607B6814331B681A4A13607B68AC
:1025F00018331B68184A13607B681C331B68174A22
:102600001360174B1B68174A1360174B1B68174A58
:102610001360174B1B68174A1360174B1B68174A48
:102620001360174B1B68174A1360174B1B68174A38
:10263000136000BE00BF0C37BD465DF8047B7047D9
:10264000CC010020D0010020D4010020D8010020BE
:10265000DC010020E0010020E4010020E80100206E
:1026600028ED00E0EC0100202CED00E0F00100205E
:1026700030ED00E0F40100203CED00E0F801002026
:1026800034ED00E0FC01002038ED00E00002002005
:1026900080B582B000AF786014220449786813F0E6
:1026A000C9F900BF0837BD4680BD00BF08820100E0
:1026B00080B500AF064B9B68002B06D0044B9B688F
:1026C000034AD26801211046984700BF80BD00BF71
:1026D0000402002080B500AF064B9B68002B06D09B
:1026E000044B9B68034AD26800211046984700BFFC
:1026F00080BD00BF0402002080B483B000AF7860CA
:102700000B46FB70FB78054904337A6841F82320B7
:1027100000BF0C37BD465DF8047B70470402002003
:1027200080B483B000AF7860044A7B68936000BFD8
:102730000C37BD465DF8047B704700BF04020020E3
:1027400080B483B000AF0346FB71044AFB79137079
:1027500000BF0C37BD465DF8047B704704020020C3
:1027600080B483B000AF0346FB71044AFB79137554
:1027700000BF0C37BD465DF8047B704704020020A3
:1027800080B483B000AF0346FB71044AFB795375F4
:1027900000BF0C37BD465DF8047B70470402002083
:1027A00080B590B002AFF860B96011461A460B468A
:1027B000FB711346BB7100233B7407F11000594BAA
:1027C000FA68202101F0D6FC07F110032022202115
:1027D00018460EF0EFFE07F11003FA6CB96C1846BC
:1027E0000EF0B1FA00233B74BB79002B0DD04E4B99
:1027F0005B7D002B09D0FB794C4A52F8232007F16E
:102800001003202118460EF0A2FEFB79484A52F828
:10281000232007F1100006230093202320210FF02E
:10282000AFFBBB79002B0AD03F4B5B7D002B06D062
:1028300007F110033F4A202118460EF088FE07F1E9
:102840001003FA6CB96C18460EF07DFA3B6C7B6392
:102850007B6B1B782E2B0CD102E07B6B01337B63EF
:102860007B6B1B78202BF8D07B6B1B782E2BF4D046
:1028700031E0386C13F034F90346013B3B6302E06E
:102880003B6B013B3B633B6B012B0DD93B6B013B2E
:102890003A6C13441B782F2B06D03B6B013B3A6CF0
:1028A00013441B785C2BEBD13B6B012B0FD13B6BA3
:1028B000013B3A6C13441B782F2B08D03B6B013B38
:1028C0003A6C13441B785C2B01D000233B633A6CB9
:1028D0003B6B13447B63FA6CB96C786B0EF033FA84
:1028E00000233B7407F110033A22202118460EF012
:1028F00061FE7A6C07F11003202118460FF0B6F83C
:1029000007F110032022202118460EF053FE07F194
:102910001003FA6CB96C18460EF015FA00BF383780
:10292000BD4680BDB0630100040200203482010076
:102930001C820100BC63010008B480B58DB004AFF7
:102940000346B9607A60FB732E4B1B78FA7B9A4280
:1029500051D3FFF7ADFE07F1180207F1140311463A
:1029600018460EF067FD274B1B7D83F00103DBB299
:10297000002B3DD00023FB6137E0224AFB69043382
:1029800052F82330002B2DD01E4AFB69043352F835
:1029900023309B68FA7B07F1180107F114000393B9
:1029A000194B02937B680193BB6800930123FFF7E7
:1029B000F7FE07F130033B61124AFB69043352F81A
:1029C000233099683B69FA6A0F4802F0F7FD0D4A17
:1029D000FB69043352F823309B681A460A490B48B6
:1029E0000EF0B1F9FB690133FB61FB69002BC4DD1B
:1029F000FFF770FE00E000BF2437BD46BDE8804011
:102A000001B0704704020020270D0100A0690100F9
:102A100080B582B000AF78600B46FB70FB78002B6E
:102A200007D0084B5B684FF0FF31184610F031FEBD
:102A300004E0044B5B68184610F0F6FD00BF083751
:102A4000BD4680BD0402002080B586B000AF78602E
:102A50007B685B681A462C492C480EF030FC07F165
:102A600008030122102118460EF0CDFD07F10803DE
:102A7000274A102118460EF06AFD7B685A6807F154
:102A80000803194623480EF01AFC234B9B68002BC1
:102A900001D0224900E022497B685B681A46214840
:102AA0000EF00DFC1C4B1B781A461F4B53F82210DE
:102AB0007B685B681A461D480EF001FC7B685B680A
:102AC00019461B480EF09BF9134B1A787B685B681C
:102AD000194610460EF0C2F97B685B681946154826
:102AE0000EF08DF90C4B5B7D002B01D0124900E0FC
:102AF00012497B685B681A4611480EF0E0FB002320
:102B000018461837BD4680BDC4630100D463010078
:102B1000DC630100E863010004020020F4630100AB
:102B2000FC630100046401001C8201000C640100CC
:102B30001464010018640100B47001007879010088
:102B40004064010080B582B000AF78607B685B684C
:102B50001A46124912480EF0A0FB7B685B681A46C1
:102B6000104911480EF099FB7B685B681A460F49C3
:102B70000F480EF092FB7B685B681A460D490E48C1
:102B80000EF08BFB7B685B681A460C490C480EF014
:102B900084FB002318460837BD4680BD4864010009
:102BA000D4630100346001005860010064640100D6
:102BB000B4640100C4640100E4640100F86401002D
:102BC0000C65010080B588B000AFF860B9607A602C
:102BD0000023FB774449F86812F03EFF0346002BC0
:102BE00006D04249F86812F037FF0346002B07D1A0
:102BF000BB6801221A707868FFF7A4FF03466FE0F4
:102C00003B49F86812F028FF0346002B06D03949EB
:102C1000F86812F021FF0346002B08D1BB6801229F
:102C20001A707868FFF710FF0346FB7757E03249C8
:102C3000F86812F011FF0346002B06D1BB68012291
:102C40001A700120FFF78CFD49E02C49F86812F05A
:102C500003FF0346002B06D1BB6801221A70002037
:102C6000FFF77EFD3BE02649F86812F0F5FE0346CB
:102C7000002B06D1BB6801221A700120FFF780FDEE
:102C80002DE02049F86812F0E7FE0346002B06D13C
:102C9000BB6801221A700020FFF772FD1FE00D22B1
:102CA0001949F86812F043FF0346002B17D1BB689F
:102CB00001221A70FB680D33BB6107F1170207F19F
:102CC0001803114618460EF099FF0346002B06D153
:102CD000FB7D052B03D8FB7D1846FFF731FDFB7FFD
:102CE00018462037BD4680BD8C6701002065010075
:102CF0009C6701002C6501003C6501004C650100EA
:102D000060650100706501008465010080B582B0D6
:102D100000AF042010F070FC0346154A5360144BBA
:102D20005B68002B01D100BFFDE71248FFF7F8FCFC
:102D30000120FFF725FD00F06BFE03460C4A1361EE
:102D40000020FFF7FDFC00237B6008E07B68DBB21E
:102D500019460020FFF7D0FC7B6801337B607B685D
:102D6000002BF3DD00BF00BF0837BD4680BD00BFAC
:102D700004020020112A000090B5B9B002AF7860BB
:102D8000002387F8D3307B685B681946AB480EF0A8
:102D900036F800233B7307F10C0004230093202333
:102DA000A74A20210FF0ECF87B685A6807F10C0362
:102DB000114618460EF023F800233B7307F10C0070
:102DC0000723009320239F4A20210FF0D9F87B6826
:102DD0005A6807F10C03114618460EF010F800234C
:102DE0003B7307F10C000B2300932023964A20210C
:102DF0000FF0C6F87B685A6807F10C0311461846B5
:102E00000DF0FDFF00233B7307F10C000523009339
:102E100020238E4A20210FF0B3F87B685A6807F10F
:102E20000C03114618460DF0EAFF00233B7307F12F
:102E30000C00092300932023854A20210FF0A0F8DD
:102E40007B685A6807F10C03114618460DF0D7FF4E
:102E500000233B7307F10C000823009320237D4AD5
:102E600020210FF08DF87B685A6807F10C0311469A
:102E700018460DF0C4FF00233B7307F10C000B2331
:102E800000932023744A20210FF07AF87B685A6857
:102E900007F10C03114618460DF0B1FF00233B73F8
:102EA00007F10C000B23009320236C4A20210FF024
:102EB00067F87B685A6807F10C03114618460DF055
:102EC0009EFF00233B7307F10C000823009320238F
:102ED000634A20210FF054F87B685A6807F10C030D
:102EE000114618460DF08BFF00233B7307F10C00D1
:102EF0001523009320235B4A20210FF041F87B68C3
:102F00005A6807F10C03114618460DF078FF0023AC
:102F10003B7307F10C00082300932023524A202121
:102F20000FF02EF87B685A6807F10C03114618461B
:102F30000DF065FF7B685B6819464C480DF05FFF3C
:102F400005F0D4FCC7F8CC00D7F8CC30102B11D941
:102F500007F10C03464A202118460EF0D3FA7B688D
:102F60009A6807F10C03114618460DF048FF10232C
:102F7000C7F8CC3007F188031021184606F018FC7A
:102F8000C7F8CC000023C7F8D43081E2D7F8D4309A
:102F90009B00D8333B4453F8503C002B00F0738225
:102FA000D7F8D4309B00D8333B4453F8500C07F18A
:102FB0002C010523012206F0B9F8D7F8D4309B0084
:102FC000D8333B4453F8500C07F17C0407F18002DE
:102FD00007F1840107F17B030093234606F036FCDA
:102FE000002387F858307A6B07F1580320211846E0
:102FF0000EF03CFD00233B7307F1580207F10C0073
:1030000004230093202320210EF0BAFF7B685A6826
:1030100007F10C03114618460DF0F1FE002387F866
:10302000583097F87B30002B26D107F15803114A0E
:10303000202118460EF066FA34E000BF94650100C6
:10304000DC650100E0650100E8650100F065010054
:10305000F8650100006601000866010014660100C1
:1030600020660100286601003466010084750100B5
:103070003C6601007866010007F15803584A202198
:1030800018460EF03FFA97F87B2007F158032021ED
:1030900018460EF06FFB07F15803524A20211846DC
:1030A0000EF055FA00233B7307F1580207F10C00AC
:1030B00007230093202320210EF062FF7B685A68CB
:1030C00007F10C03114618460DF099FE07F158035D
:1030D000454A202118460EF015FAD7F8D4309B0047
:1030E000D8333B4453F8503C1A4607F1580320218B
:1030F00018460EF06DFC00233B7307F1580207F1F0
:103100000C000B230093202320210EF039FF7B6855
:103110005A6807F10C03114618460DF070FE0023A3
:103120003B73D7F8D4309B00D8333B4453F8503C22
:10313000184605F0E7FB024607F10C000523009353
:10314000202320210EF01CFF7B685A6807F10C0336
:10315000114618460DF053FE97F83830052B51D81C
:1031600001A252F823F000BF81310000913100002C
:10317000B1310000A1310000C1310000D1310000A7
:1031800007F15803194A202118460EF0BBF941E017
:1031900007F15803164A202118460EF0B3F939E01A
:1031A00007F15803134A202118460EF0ABF931E01D
:1031B00007F15803104A202118460EF0A3F929E020
:1031C00007F158030D4A202118460EF09BF921E023
:1031D00007F158030A4A202118460EF093F919E026
:1031E0008066010088660100207001008C66010085
:1031F000946601009C660100A8660100B0660100AB
:10320000B866010007F15803A84A202118460EF0BD
:1032100079F900BF00233B7307F1580207F10C0056
:1032200009230093202320210EF0AAFE7B685A6810
:1032300007F10C03114618460DF0E1FD002387F855
:10324000583007F158032822202118460EF0B2F911
:103250003A6C07F15803202118460EF007FC07F1DD
:1032600058032C22202118460EF0A4F9FA6B07F11E
:103270005803202118460EF0F9FB07F158032922C4
:10328000202118460EF096F900233B7307F15802EF
:1032900007F10C0008230093202320210EF070FE7C
:1032A0007B685A6807F10C03114618460DF0A7FD1C
:1032B00007F158037E4A202118460EF023F9D7F86B
:1032C00084301A4607F15803202118460EF080FB7F
:1032D00000233B7307F1580207F10C000B23009306
:1032E000202320210EF04CFE7B685A6807F10C0366
:1032F000114618460DF083FD07F158036C4A202152
:1033000018460EF0FFF8D7F880301A4607F1580338
:10331000202118460EF05CFB00233B7307F1580296
:1033200007F10C000B230093202320210EF028FE30
:103330007B685A6807F10C03114618460DF05FFDD3
:10334000D7F884301A46D7F88030D31A9BB20833A6
:10335000A7F8CA30002387F85830B7F8CA2007F119
:10336000580005230093202320210EF035FA07F1A1
:103370005803504A202118460EF0E9F800233B7309
:1033800007F1580207F10C000823009320232021A5
:103390000EF0F6FD7B685A6807F10C0311461846DB
:1033A0000DF02DFD07F15803414A202118460EF07B
:1033B000A9F8FB6F1A4607F15803202118460EF0B2
:1033C00007FB07F158033C4A202118460EF0BFF8CE
:1033D000D7F884301A46FB6FD31A9BB204339AB2E3
:1033E00007F1580005230093202320210EF0F4F963
:1033F00007F15803314A202118460EF0A8F800239F
:103400003B7307F1580207F10C00152300932023AA
:1034100020210EF0B5FD7B685A6807F10C031146B8
:1034200018460DF0ECFC002387F85830B7F85430FC
:103430009B009AB207F15800052300932023202116
:103440000EF0CAF907F158031A4A202118460EF067
:103450007EF800233B7307F1580207F10C000823A4
:103460000093202320210EF08BFD7B685A6807F122
:103470000C03114618460DF0C2FC7B685B681946C8
:103480000F480DF0BCFCD7F8D4300133C7F8D43066
:10349000D7F8D420D7F8CC309A42FFF477AD97F81C
:1034A000D3301846DC37BD4690BD00BFC066010072
:1034B00020700100CC66010014640100D066010098
:1034C0008475010080B586B000AF78607B685B686A
:1034D0001A46334933480DF0F2FE7B685B681A46A2
:1034E000314932480DF0EBFE7B685B681946304885
:1034F0000DF085FC7B685B681A462E492E480DF05E
:10350000DEFE07F108034FF47A721021184601F02D
:10351000F5FB7B685A6807F10803114618460DF061
:103520006EFC7B685B68194624480DF068FC07F167
:10353000080301221021184601F0E0FB7B685A685D
:1035400007F10803114618460DF059FC7B685B68CB
:1035500019461B480DF053FC7B685B681A461549F9
:1035600018480DF0ACFE04F06BFB024607F10803AF
:103570001021184601F0FAFC7B685A6807F108032D
:10358000114618460DF03BFC7B685B6819460E48F7
:103590000DF035FC002318461837BD4680BD00BF2E
:1035A000D4660100F4660100FC66010004670100B6
:1035B000847501007869010010670100206701002F
:1035C00028670100306701003C67010080B582B0C8
:1035D00000AF78607B685B681A460B490B480DF0BA
:1035E0005CFE7B685B681A4609490A480DF055FE87
:1035F0007B685B681A46084908480DF04EFE0023B8
:1036000018460837BD4680BD48670100F4660100D2
:1036100034600100586001006467010078670100B0
:1036200080B584B000AFF860B9607A601F49F8686F
:1036300012F012FA0346002B06D01D49F86812F06A
:103640000BFA0346002B07D1BB6801221A70786879
:10365000FFF7BCFF034625E01649F86812F0FCF9B5
:103660000346002B06D01449F86812F0F5F903461A
:10367000002B07D1BB6801221A707868FFF722FF80
:1036800003460FE00D49F86812F0E6F90346002BF7
:1036900007D1BB6801221A707868FFF76DFB0346FB
:1036A00000E0002318461037BD4680BD8C6701003E
:1036B000846701009C67010094670100A467010012
:1036C00080B500AF72B603480DF056FB04F074FCF1
:1036D00000BF80BD0000381080B584B000AF034645
:1036E000FB710A23FB60FB1D01221946002004F038
:1036F000E7F80346012B0AD1184B1B78002B27D083
:10370000164B1B78013BDAB2144B1A7020E0134BB6
:103710001B780133DAB2114B1A70104B1B78632BF4
:1037200003D90E4B64221A7015E005F0BDFD034667
:10373000022B03D1052004F077FE02E0052001F002
:1037400091FDFB68002B05DDFB68053BFB60CAE7CC
:1037500000BF00E000BF1037BD4680BD5E0C0020FA
:1037600080B584B000AFF860B9607A603249F8681B
:1037700012F072F90346002B06D03049F86812F0B7
:103780006BF90346002B3CD17B685B6819462C48DB
:103790000DF035FB7B685B6819462A480DF02FFB5E
:1037A0007B685B68194626480DF029FB7B685B68DF
:1037B000194625480DF023FB7B685B6819462048B5
:1037C0000DF01DFB7B685B6819461E480DF017FB6A
:1037D0007B685B6819461A480DF011FB7B685B68D3
:1037E0001A461A491A480DF058FD7B685B681A465C
:1037F000184919480DF051FDBB6801221A700023C9
:1038000016E01649F86812F027F90346002B06D097
:103810001349F86812F020F90346002B07D1BB6862
:1038200001221A70786800F035F8034600E00023A2
:1038300018461037BD4680BD8C670100B86701008F
:1038400084750100C867010008680100186801005C
:103850003868010034600100586001009C67010075
:103860004468010080B582B000AF78607B685B6817
:10387000194606480DF0C3FA7B685B681946044890
:103880000DF0BDFA00BF0837BD4680BD847501004C
:103890005468010080B58AB000AF78607B685B68CF
:1038A0001A462B492B480DF00AFD7B685B681A46C7
:1038B00029492A480DF003FD7B685B6819462848B2
:1038C0000DF09DFA7B685B68194626480DF097FA63
:1038D0007B685B68194624480DF091FA00233B721F
:1038E00007F108032322202118460DF063FE07F19B
:1038F00008031D4A202118460DF029FE7B685A68EE
:1039000007F10803194619480DF0D9FC7B685B687C
:103910001A46174917480DF0D2FC07F10803402258
:103920002021184601F022FB07F10803124A20214A
:1039300018460DF00CFE7B685A6807F1080319461B
:103940000E480DF0BCFC002318462837BD4680BD4C
:103950005C68010038680100786801008468010033
:10396000246701008C6801008475010098680100DB
:10397000FC630100A4680100B0680100C868010090
:1039800080B582B000AF786039603B689B681946AB
:1039900012480DF034FA3B689B68194678680DF0C0
:1039A0002EFA3B689B6819460D480DF028FA3B68D3
:1039B0009B6819460B480DF022FA3B689B68194634
:1039C00009480DF01CFA3B689B68194607480DF042
:1039D00016FA00BF0837BD4680BD00BFD0680100A1
:1039E00084750100F06801008C670100FC6801002B
:1039F00080B483B000AF7860044A7B681360002312
:103A000018460C37BD465DF8047B70475C02002009
:103A100080B400AF034B1B681846BD465DF8047BBD
:103A2000704700BF5C02002090B5A9B000AFF860FD
:103A3000B9607A60FB70002387F899307A68BB68B8
:103A40009A4208D2D7F8B8309B68194685480DF0DD
:103A5000D6F9022301E1BB68C7F89C30F6E07A682A
:103A6000D7F89C30D31A5A1C97F8B0309A4204D336
:103A700097F8B03087F89A3009E07B68DAB2D7F867
:103A80009C30DBB2D31ADBB2013387F89A3097F857
:103A90009A3007F17802D7F8B440D7F89C10F8684C
:103AA000A0470346002B08D0D7F8B8309B681946CA
:103AB0006D480DF0A4F91B23CFE097F89930002B47
:103AC00008D0D7F8B8309B68194668480DF097F9C8
:103AD0001223C2E007F11003654A652118460DF074
:103AE00011FDFB7807F11000D7F89C2065210EF03E
:103AF000B4FA07F110033A22652118460DF05AFD79
:103B0000D7F8B8305A6807F11003114618460DF07F
:103B100076F900233B74002387F89B3022E097F866
:103B20009B30002B06D107F1100320226521184697
:103B30000DF040FD97F89B30A0333B4413F8282C40
:103B400007F11003652118460DF0A6FE07F11003DA
:103B50002022652118460DF02DFD97F89B3001338A
:103B600087F89B3097F89B2097F89A309A42D6D3E3
:103B70000BE007F110033F4A652118460DF0E7FC02
:103B800097F89B30013387F89B3097F89B2097F884
:103B9000B0309A42EDD3D7F8B8305A6807F1100325
:103BA000114618460DF02BF9D7F8B8305B68202085
:103BB0009847002387F89B3021E097F89B30A0338B
:103BC0003B4413F8283C87F8983097F898301F2B1F
:103BD0000BD997F99830002B07DBD7F8B8305B6822
:103BE00097F898201046984704E0D7F8B8305B68FB
:103BF0002E20984797F89B30013387F89B3097F831
:103C00009B2097F89A309A42D7D30BE007F1100324
:103C1000184A652118460DF09AFC97F89B3001333D
:103C200087F89B3097F89B2097F8B0309A42EDD3F5
:103C3000D7F8B8305B6819460F480DF0E0F897F8F0
:103C4000B030D7F89C201344C7F89C30D7F89C209C
:103C50007B689A427FF603AF00231846A437BD461F
:103C600090BD00BF24690100646901007C69010006
:103C700020700100A46901008475010080B586B040
:103C800000AF786039600023FB757B68002B14D08F
:103C9000EFF3108072B6B873184B1B683B61B87BAA
:103CA00080F310887968386900F030F80346FB73B8
:103CB000FB7B002B01D00123FB753B68002B12D04E
:103CC000EFF3108072B6B8730D4B1A883B681A80F8
:103CD0000C4B1A783B689A700B4B1A783B68DA7079
:103CE000B87B80F31088FB7D002B01D01B2300E004
:103CF000002318461837BD4680BD00BF6002002073
:103D00005C0C0020600C00205F0C002080B483B0AD
:103D100000AF786039607B68224AA2FB03235B0D09
:103D2000DAB23B681A707B681E4AA2FB0312520D7E
:103D30001D4901FB02F29B1A7B607B681B4AA2FBB8
:103D400003239B0BDAB23B685A707B68174AA2FBCD
:103D50000312920B4EF6602101FB02F29B1A7B606C
:103D60007B68134AA2FB03239B09DAB23B689A7073
:103D70007B680F4AA2FB031292094FF47A7101FB90
:103D800002F29B1A7B607B680A4AA2FB0323DB08D2
:103D9000DAB23B68DA70002318460C37BD465DF88E
:103DA000047B7047B17C219580EE360073B2E74505
:103DB000D34D6210CDCCCCCC80B48BB000AF0346D9
:103DC000FB800B467B7113463B71FB882B4AA2FBA1
:103DD00003235B099BB27B62FA88FB882749A1FB1E
:103DE00003135B099BB219466FF0630301FB03F3F6
:103DF00013443B627B6A002B00DA03339B101A46A4
:103E00007B6A5B00D31A013BFB613A6A13469B0055
:103E10001344002B00DA03339B10BB617B79013321
:103E20001A2202FB03F3164A82FB03129210DB17DD
:103E3000D31A7B613B793B61FB69DAB2BB69DBB2C8
:103E40001344DAB27B69DBB21344DAB23B69DBB20A
:103E50001344DAB20B4BA3FB0213D11A49080B44EB
:103E600099080B46DB005B1AD31AFB73FB7B1846E1
:103E70002C37BD465DF8047B704700BF1F85EB51B2
:103E8000676666662549922490B58DB000AFF860EC
:103E90007A603B600B46FB72684B07F114040FCB52
:103EA00007C4237097F90B304FF4616202FB03F3F0
:103EB000FA681344FB60B7F84030FB84FB8C18466B
:103EC00001F0C8F80346002B02D05D4BFB6215E001
:103ED0005C4BFB6212E0FA68FB6AD31AFB60FB8C56
:103EE0000133FB84FB8C184601F0B4F80346002B29
:103EF00002D0534BFB6201E0524BFB62FA68FB6A53
:103F00009A42E8DAFB8C184601F0A4F80346002B2D
:103F100002D01D23BB7501E01C23BB75012387F86C
:103F200025307B7D1A46484B02FB03F3BB6213E04E
:103F3000FA68BB6AD31AFB6097F82530013387F81B
:103F4000253097F8253030333B4413F81C3C1A4693
:103F50003D4B02FB03F3BB62FA68BB6A9A42E7DAA5
:103F6000FB683A4A82FB03121A441214DB17D31A75
:103F7000DBB2013387F82430FB68344A82FB03123A
:103F80001A441114DA178A1A2F4901FB02F29B1AFC
:103F9000FB60FB682E4A82FB03121A44D212DB1725
:103FA000D31A87F82330FB68294A82FB03121A448C
:103FB000D112DA178A1A4FF4616101FB02F29B1ADF
:103FC000FB60FB68234A82FB03121A445211DB1781
:103FD000D31A87F82230FA681E4B83FB021313446E
:103FE0005911D317C91A0B461B015B1A9B00D31A30
:103FF000FB603B68002B0AD03B6897F82420DA70FE
:104000003B6897F825209A703B68FA8C1A807B6889
:10401000002B0ED07B6897F823201A707B6897F8E6
:1040200022205A70FB68DAB27B689A707B680022A3
:10403000DA7000BF3437BD4690BD00BF608201001A
:104040000085E2018033E1018051010007452EC265
:10405000C5B3A2918988888890B58BB000AFF8600D
:10406000B96011461A460B46FB711346BB803E4BA6
:1040700007F114040FCB07C42370FB689B787B62A5
:10408000FB685B781A4613461B019B1A9B001A4675
:104090007B6A13447B62FB681B781A464FF46163AA
:1040A00002FB03F37A6A13447B6297F907304FF4FB
:1040B000616202FB03F37A6A13447B62BB68DB78BC
:1040C000013B2A4A02FB03F37A6A13447B62BB6812
:1040D0001B88184600F0BEFF0346002B02D01D23AC
:1040E000BB7501E01C23BB75BB689B78013B87F85F
:1040F000213011E097F8213028333B4413F8143C69
:104100001A461A4B02FB03F37A6A13447B6297F850
:104110002130013B87F8213097F82130002BE9D17D
:10412000BB681B88013B7B8414E07B8C184600F045
:1041300091FF0346002B06D07B6A03F1F17303F570
:1041400005437B6203E07A6A094B13447B627B8CF4
:10415000013B7B847A8CBB889A42E6D27B6A184604
:104160002C37BD4690BD00BF608201008051010028
:104170008033E10180B586B002AFF860B9607A6043
:104180003B607B681B781AB2022300933023B96826
:10419000F8680DF042FB234938680DF077FE0346BE
:1041A000002B3ADB3A22B968F8680DF003FA7B6815
:1041B0005B781AB2022300933023B968F8680DF0D7
:1041C0002CFB194938680DF061FE0346002B24DBF7
:1041D0003A22B968F8680DF0EDF97B689B781AB25D
:1041E000022300933023B968F8680DF016FB0F49DD
:1041F00038680DF04BFE0346002B0EDB2C22B9680D
:10420000F8680DF0D7F97B68DB781AB202230093C7
:104210003023B968F8680DF000FB0023184610370A
:10422000BD4680BDA8690100AC690100B86301000A
:1042300080B485B000AF78600023FB737B68002BEF
:1042400001D101237B60EFF3108072B6B87302E0F6
:10425000FB7B0133FB73FB7B002B07D1FB7B114AFC
:10426000D35C83F00103DBB2002BF1D1FB7B002B8D
:1042700008D1FB7B0B4A0021D154FB7B0A497A68A9
:1042800041F82320B87B80F31088FB7B012B01D100
:10429000FF2300E0FB7B18461437BD465DF8047B26
:1042A000704700BF680200206402002080B485B01F
:1042B00000AF0346FB71FB79FF2B10D0EFF31080AA
:1042C00072B6F873FB79094A002142F82310FB7992
:1042D000074A0121D154F87B80F3108800E000BF29
:1042E0001437BD465DF8047B704700BF64020020B0
:1042F0006802002080B485B000AF0346FB71FB79F3
:10430000FF2B01D1012310E0EFF3108072B6B873D8
:10431000FB79094A52F82330002B0CBF01230023FC
:10432000FB73B87B80F31088FB7B18461437BD46BF
:104330005DF8047B704700BF6402002080B483B046
:1043400000AFEFF3108072B6B8710023FB7110E07C
:10435000FB790E4A52F82330002B07D0FB790B4A29
:1043600052F82320013A094941F82320FB7901330F
:10437000FB71FB79002BEBD0B87980F3108800BF7C
:104380000C37BD465DF8047B704700BF6402002017
:1043900080B483B000AF0023FB710BE0FB790A4AC5
:1043A000002142F82310FB79084A0121D154FB79FE
:1043B0000133FB71FB79002BF0D000BF00BF0C373D
:1043C000BD465DF8047B704764020020680200204F
:1043D00080B483B000AF0346FB7197F90730002B20
:1043E0000BDBFB7903F01F02074997F907305B09E4
:1043F000012000FA02F241F8232000BF0C37BD462D
:104400005DF8047B704700BF00E100E080B483B03A
:1044100000AF03463960FB7197F90730002B0ADBC8
:104420003B68DAB20C4997F907301201D2B20B445B
:1044300083F800230AE03B68DAB20849FB7903F00D
:104440000F03043B1201D2B20B441A7600BF0C37A3
:10445000BD465DF8047B704700E100E000ED00E040
:1044600080B500AF034B1B68002118460EF0ACFF6F
:1044700000BF80BD7002002080B582B000AF084B45
:104480001B68F91D002218460FF0C4FB0346012BE0
:1044900001D00023FB71FB7918460837BD4680BD6B
:1044A0007002002080B582B000AF786039603A6851
:1044B000796803480BF0EFFF00BF0837BD4680BDA9
:1044C00000B0064080B582B000AF0346FB71104BD0
:1044D0001B685A1C0E490A600E49FA79CA54FB79C6
:1044E0000A2B03D00A4B1B683F2B0DD1084B1B68CE
:1044F000084A0021D15407480CF0F4FF054B002274
:104500001A70034B00221A6000BF0837BD4680BDF9
:10451000740200207802002080B584B000AF78607B
:104520000A4B1B6807F10F01002218460FF072FBBF
:104530000346012B03D1FA7B7B681A7002E07B688B
:1045400000221A7000BF1037BD4680BD6C020020EB
:1045500080B500AF064B1B6818460FF021FD0346DF
:10456000002B14BF01230023DBB2184680BD00BF1F
:104570006C02002080B586B000AF0023BB60002332
:104580007B6033480BF01DFF38613B6903F08063AB
:10459000002B01D00023FB753B6903F02803002B9F
:1045A0003DD02B4B9B7DFB7536E029480CF08DFFF1
:1045B0000346FB73FB7B002B2BD0264B1B780A2B6F
:1045C00005D1FB7B402B02D1234B01221A70224BD9
:1045D0001B78002B08D0214B186807F1080207F15F
:1045E0000F0100230FF090F9FA7B1A4B1A701A4B47
:1045F0001B78002B05D0FB7B0A2B02D1164B002227
:104600001A70174B18683A1D07F10F0100230FF0BD
:104610007BF9FB7D013BFB75FB7D002BC5D13B6925
:1046200043F0806343F008033B61396908480BF0AD
:10463000ECFEBB68002B02D17B68002B01D003F09D
:1046400087FDBFF34F8F00BF00BF1837BD4680BD49
:1046500000B00640F8000020610C0020700200202D
:104660006C02002080B584B000AF3B4618460BF0CA
:104670007FFE4FF4E1333B6000233B710123FB726B
:104680000123BB720123FB7100233B720D20FCF759
:1046900037F802463B4619461948FCF7FFFFF86019
:1046A000FB68002B08D0174B4FF4AF72164905205A
:1046B000FEF742F900BFFDE7114B5B7BDBB2104A0E
:1046C00043F00403DBB253730D4B5B7BDBB20C4A4C
:1046D00043F00203DBB25373012109480BF003FFDF
:1046E0000A490748FDF7D4F805212120FFF78EFE7F
:1046F00021200CF0D4FE00BF1037BD4680BD00BFA6
:1047000000B00640B0690100CC6901000020080437
:1047100080B582B000AF786039607B6803F08003B9
:10472000002B06D03B685B681A46694969480CF063
:10473000C6FD7B6803F04003002B06D03B685B6836
:104740001A46654963480CF0BAFD7B6803F0200304
:10475000002B06D03B685B681A4660495D480CF048
:10476000AEFD7B6803F01003002B06D03B685B684E
:104770001A465B4957480CF0A2FD7B6803F008031A
:10478000002B06D03B685B681A46564951480CF02E
:1047900096FD7B6803F00403002B06D03B685B6842
:1047A0001A4651494B480CF08AFD7B6803F002031E
:1047B000002B06D03B685B681A464C4945480CF014
:1047C0007EFD7B6803F00103002B06D03B685B682D
:1047D0001A4647493F480CF072FD7B6803F40043DA
:1047E000002B06D03B685B681A46424939480CF0FA
:1047F00066FD7B6803F48043002B06D03B685B6852
:104800001A463D4933480CF05AFD7B6803F4807327
:10481000002B06D03B685B681A4638492D480CF0DF
:104820004EFD7B6803F40003002B06D03B685B68F9
:104830001A46334927480CF042FD7B6803F4800395
:10484000002B06D03B685B681A462E4921480CF0C5
:1048500036FD7B68002B06DA3B685B681A462A49FE
:104860001C480CF02CFD7B6803F08043002B06D025
:104870003B685B681A46254916480CF020FD7B68AA
:1048800003F00073002B06D03B685B681A46204992
:1048900010480CF014FD7B6803F08063002B06D0F9
:1048A0003B685B681A461B490A480CF008FD7B68A8
:1048B00003F08063002B06D03B685B681A461549FD
:1048C00004480CF0FCFC00BF0837BD4680BD00BFAB
:1048D0002C6A010078690100486A01006C6A0100D5
:1048E000886A0100A06A0100B86A0100D06A01006C
:1048F000EC6A0100046B01001C6B0100386B0100C5
:10490000506B0100746B0100986B0100B06B0100EB
:10491000C86B0100E46B010080B59CB000AF78600B
:104920007B685B681A463C493C480CF0C8FC7B68D5
:104930005B681A463A493B480CF0C1FC3A480BF018
:1049400040FDF86607F10C03384A602118460CF068
:10495000D9FD07F10C03FA6E602118460DF038F806
:1049600007F10C03324A602118460CF0F0FD7B6819
:104970005A6807F10C0319462E480CF0A0FC796820
:10498000F86EFFF7C5FE07F10C034FF4E13260212A
:10499000184600F0EBFA07F10C03254A602118468F
:1049A0000CF0D5FD7B685A6807F10C0319462248C4
:1049B0000CF085FC07F10C03204A602118460CF02E
:1049C000A1FD07F10C034FF44062602118460DF081
:1049D0004DF807F10C031A4A602118460CF0B7FD98
:1049E00007F10C036022602118460DF03FF807F133
:1049F0000C030F4A602118460CF0A9FD7B685A6829
:104A000007F10C0319460F480CF059FC0023184617
:104A10007037BD4680BD00BF006C0100186C0100FE
:104A2000F4630100246C010000B006402070010016
:104A300084750100306C0100386C0100406C01008D
:104A4000486C0100586C010080B582B000AF7860FE
:104A50007B685B681A460B490B480CF01EFC7B68B0
:104A60005B681A4609490A480CF017FC7B685B68CA
:104A70001A46084908480CF010FC0023184608376D
:104A8000BD4680BD646C0100186C010034600100FB
:104A900058600100806C0100986C010080B588B0FE
:104AA00000AFF860B9607A603349F86810F0D4FF5D
:104AB0000346002B06D03149F86810F0CDFF0346BD
:104AC000002B07D1BB6801221A707868FFF7BCFF82
:104AD00003464CE02A49F86810F0BEFF0346002B5D
:104AE00006D02849F86810F0B7FF0346002B07D11D
:104AF000BB6801221A707868FFF70EFF034636E0A4
:104B000011222149F86811F012F80346002B2DD12B
:104B1000BB6801221A70FB6811337B6107F1180230
:104B200007F11403114618460CF0B8FF0346002B9A
:104B30001AD1BB69194615480BF067FCF8617B6810
:104B40005B68194612480CF05AF9FA697B685B6891
:104B5000194610460CF06CF97B685B6819460D48E5
:104B60000CF04DF9002302E01B2300E0002318465F
:104B70002037BD4680BD00BF8C670100A86C0100D6
:104B80009C670100B86C0100CC6C010000B00640CD
:104B9000E06C01008475010080B500AFFFF762FD95
:104BA000002201214FF440600EF097FC0346134AA7
:104BB0001360124B1B68002B08D1114B40F2952259
:104BC00010490520FDF7B8FE00BFFDE700220121D6
:104BD00060200EF082FC03460B4A13600A4B1B68F0
:104BE000002B08D1094B4FF4277206490520FDF729
:104BF000A3FE00BFFDE700BF80BD00BF6C02002028
:104C0000EC6C0100CC690100700200200C6D010009
:104C100080B489B000AFF860B9601346FB80FB68D0
:104C2000BB610023FB77BB68013BBB60FB88002BAB
:104C30002CD1BB68002B29D0FB7F5A1CFA771A466F
:104C4000BB69134430221A70BB68013BBB601DE096
:104C5000FA88294BA3FB0213D9080B469B000B448F
:104C60005B00D31A9BB2DAB2FB7F591CF977194665
:104C7000BB690B443032D2B21A70BB68013BBB60D7
:104C8000FB881D4AA2FB0323DB08FB80FB88002B6B
:104C900002D0BB68002BDBD10023BB771AE0BB7FBF
:104CA000BA6913441B78FB75FA7FBB7FD31A013BAB
:104CB000BA691A44BB7FB9690B4412781A70FA7F3B
:104CC000BB7FD31A013BBA691344FA7D1A70BB7FCC
:104CD0000133BB77FB7F5B08DBB2BA7F9A42DED33E
:104CE000FB7FBA69134400221A7000BF2437BD4607
:104CF0005DF8047B704700BFCDCCCCCC80B588B0CC
:104D000000AFF860B9601346FB80FB68BB6100230D
:104D1000FB77FB88DB0BDBB2FB75B7F9063013F5CD
:104D2000004F05D1434AB968F8680CF0EBFB7EE010
:104D3000BB68013BBB60FB7D002B03D0FB885B4263
:104D40009BB2FB80B7F90630002B32D1BB68002B39
:104D50002FD0FB7F5A1CFA771A46BB6913443022C6
:104D60001A70BB68013BBB6023E0B7F90620324BE9
:104D700083FB02139910D317C91A0B469B000B44EF
:104D80005B00D31A1BB2DAB2FB7F591CF9771946C4
:104D9000BB690B443032D2B21A70BB68013BBB60B6
:104DA000B7F90630244A82FB03129210DB17D31A9C
:104DB000FB80B7F90630002B02DDBB68002BD4D195
:104DC000FB7D002B0AD0BB68002B07D0FB7F5A1C51
:104DD000FA771A46BB6913442D221A700023BB7759
:104DE0001AE0BB7FBA6913441B78BB75FA7FBB7F9F
:104DF000D31A013BBA691A44BB7FB9690B441278D4
:104E00001A70FA7FBB7FD31A013BBA691344BA7D8B
:104E10001A70BB7F0133BB77FB7F5B08DBB2BA7FC5
:104E20009A42DED3FB7FBA69134400221A702037FE
:104E3000BD4680BD346D01006766666680B588B08A
:104E400000AFF860B9607A60FB68BB610023FB7754
:104E50007B68DB0FDBB2FB757B68B3F1004F05D1DC
:104E6000404AB968F8680CF04DFB78E0BB68013B3C
:104E7000BB60FB7D002B02D07B685B427B607B6864
:104E8000002B2FD1BB68002B2CD0FB7F5A1CFA774C
:104E90001A46BB69134430221A70BB68013BBB60E1
:104EA00020E07A68304B83FB02139910D317C91A9C
:104EB0000B469B000B445B00D11ACAB2FB7F591C06
:104EC000F9771946BB690B443032D2B21A70BB680D
:104ED000013BBB607B68244A82FB03129210DB1704
:104EE000D31A7B607B68002B02DDBB68002BD8D116
:104EF000FB7D002B0AD0BB68002B07D0FB7F5A1C20
:104F0000FA771A46BB6913442D221A700023BB7727
:104F10001AE0BB7FBA6913441B78BB75FA7FBB7F6D
:104F2000D31A013BBA691A44BB7FB9690B441278A2
:104F30001A70FA7FBB7FD31A013BBA691344BA7D5A
:104F40001A70BB7F0133BB77FB7F5B08DBB2BA7F94
:104F50009A42DED3FB7FBA69134400221A702037CD
:104F6000BD4680BD3C6D01006766666680B489B051
:104F700000AFF860B9607A60FB68BB610023FB7723
:104F8000BB68013BBB607B68002B2BD1BB68002B4F
:104F900028D0FB7F5A1CFA771A46BB69134430228B
:104FA0001A70BB68013BBB601CE07968284BA3FB0F
:104FB0000123DA0813469B0013445B00CA1AD2B2DD
:104FC000FB7F591CF9771946BB690B443032D2B2CA
:104FD0001A70BB68013BBB607B681D4AA2FB0323C0
:104FE000DB087B607B68002B02D0BB68002BDCD128
:104FF0000023BB771AE0BB7FBA6913441B78FB75AB
:10500000FA7FBB7FD31A013BBA691A44BB7FB969E7
:105010000B4412781A70FA7FBB7FD31A013BBA692E
:105020001344FA7D1A70BB7F0133BB77FB7F5B08AB
:10503000DBB2BA7F9A42DED3FB7FBA691344002207
:105040001A7000BF2437BD465DF8047B704700BF6F
:10505000CDCCCCCC80B483B000AF0346FB80FB88C2
:1050600003F003039BB2002B0BD1FB88114AA2FB78
:1050700003125209642101FB02F29B1A9BB2002B1E
:105080000CD1FB880B4AA2FB0312D2094FF4C87162
:1050900001FB02F29B1A9BB2002B01D1012300E01D
:1050A000002303F00103DBB218460C37BD465DF860
:1050B000047B70471F85EB5180B588B000AFF86066
:1050C000B9607A603B600023FB610023BB61002371
:1050D000FB750023BB75FB68002B05D0BB68002B5C
:1050E00004D07B68002B01D11B2380E0FB681B7878
:1050F000222B07D1FB680133FB60BB690133BB6125
:105100000123FB75FB6A002B01D13B4BFB62FB7D4E
:10511000002B14D0FB681B78222B09D1FB680133CC
:10512000FB60BB690133BB61FB681B78222B47D155
:10513000FB681B78002B27D10123BB7541E0FB687E
:105140001B78202B3DD0FB681B78092B39D0FB68DE
:105150001B780A2B35D0FB681B780B2B31D0FB68F2
:105160001B780C2B2DD0FB681B780D2B29D0FB68EE
:105170001B78002B25D0FB681B781946F86A10F0C5
:105180005FFC0346002B1CD1BB68002B11D0FB69D0
:1051900001337A689A4207D9FB681A78BB681A709B
:1051A000BB680133BB6004E0BB6800221A700023B7
:1051B000BB60FB690133FB61FB680133FB60A6E761
:1051C00000BFBB68002B02D0BB6800221A703B688E
:1051D000002B04D0FA69BB691A443B681A60BB6AA9
:1051E000002B03D0FB695A1CBB6A1A60BB7D1846B2
:1051F0002037BD4680BD00BF7869010080B485B00E
:1052000000AF78607B68FB60084B1B68FA6813444A
:10521000FB6000BF054B1B68FA689A42FAD800BFD2
:1052200000BF1437BD465DF8047B7047041000E0F2
:1052300080B485B000AF78607B68FB60084B1B686A
:10524000FA681344FB6000BF054B1B68FA689A427A
:10525000FAD800BF00BF1437BD465DF8047B704725
:10526000041000E080B584B000AF78600A4B1B6882
:105270000A4AA2FB03239B09FB6005E0F868FFF7DD
:10528000D7FF7B68013B7B607B68002BF6D100BFBA
:1052900000BF1037BD4680BD08000020D34D62100E
:1052A00080B400AF094B1B68084A43F08073136059
:1052B000074B00221A60074B1B68064A43F00103A4
:1052C000136000BFBD465DF8047B7047FCED00E055
:1052D000041000E0001000E080B582B000AF7860FC
:1052E000A4220449786810F0A5FB00BF0837BD462A
:1052F00080BD00BF8082010080B584B000AF7860BF
:105300007B68FB60FB681B78002B31D0FB685B6817
:1053100018460BF0A1FB0120FFF7A4FFFB685B68B8
:1053200018460BF0AEFB144B1A6813469B0013444F
:105330005B001A46114B9A421AD90F4B1A68134652
:105340009B0013445B001A460D4B9A4202D20CF0AC
:1053500072FF0DE0084B1A6813469B0013445B0074
:105360001A46084BA3FB02239B0C1846FFF746FF87
:1053700000BF1037BD4680BD080000203F420F002F
:10538000C0D8A70083DE1B4380B584B000AF78602F
:105390000B46FB707B68FB60FB78FA6801331B01EE
:1053A00013441868FB78FA681B0113440D331B780B
:1053B000002B14BF01230023DBB283F00103DBB217
:1053C00003F00103DBB219460BF085FBFB78FA68AA
:1053D0001B0113440C3301221A70144B1A68134634
:1053E0009B0013445B001A46114B9A421AD90F4B8B
:1053F0001A6813469B0013445B001A460D4B9A42F1
:1054000002D20CF018FF0DE0084B1A6813469B00FF
:1054100013445B001A46084BA3FB02239B0C18465F
:10542000FFF7ECFE00BF1037BD4680BD080000202E
:105430003F420F00C0D8A70083DE1B4380B584B075
:1054400000AF78600B46FB707B68FB60FB78FA6806
:1054500001331B0113441868FB78FA681B011344DD
:105460000D331B7819460BF036FBFB78FA681B01ED
:1054700013440C3300221A70144B1A6813469B0015
:1054800013445B001A46124B9A421AD90F4B1A6802
:1054900013469B0013445B001A460E4B9A4202D2FD
:1054A0000CF0C9FE0DE0094B1A6813469B0013442B
:1054B0005B001A46084BA3FB02239B0C1846FFF720
:1054C0009DFE00BF1037BD4680BD00BF0800002014
:1054D0003F420F00C0D8A70083DE1B4380B485B0D5
:1054E00000AF786053E07B6893F85730102B1ED0E4
:1054F000102B28DC022B02D0082B0CD023E07B6879
:105500001B68DBB203F00103FB737B681B685A085E
:105510007B681A602DE07B681B68DBB203F0070331
:10552000FB737B681B68DA087B681A6021E07B6884
:105530001B68DBB203F00F03FB737B681B681A095F
:105540007B681A6015E07B6819681A4BA3FB01237E
:10555000DA0813469B0013445B00CA1A1346FB7318
:105560007B681B68134AA2FB0323DA087B681A6076
:1055700000BFFA7B7B689B68581E796888600E497B
:105580008A5C1A707B68DB695A1C7B68DA617B680D
:105590001B6A591E7A681162002BA4DC7B681B68A9
:1055A000002BA0D100BF00BF1437BD465DF8047BBF
:1055B000704700BFCDCCCCCC3C8301002DE9B0437B
:1055C000A0B002AFF860B9607A603B600023BB63B3
:1055D000002387F86930DCE37B685A1C7A601B780B
:1055E00087F8733097F873301F2B03D997F873300F
:1055F0007A2B02D900237B6707E097F87330203BB2
:10560000C44AD35C03F00F037B677B6FDB0097F822
:1056100069201344BF4AD35C1B09DBB287F86930A9
:1056200097F86930013B062B10D801A252F823F0FD
:1056300061560000115700007D560000915D00008A
:10564000A9560000DD5600009957000097F8732016
:10565000FB681146B8689847BB6B0133BB6398E39E
:1056600000233B633B6B7B637B6B3B643B6CFB626C
:10567000FB6AFB63202387F868308AE397F873306E
:105680002A2B05D13B681A1D3A601B687B6380E3B7
:105690007A6B13469B0013445B001A4697F87330ED
:1056A000303B13447B6374E3FB6B43F00403FB6305
:1056B00097F873302A2B05D13B681A1D3A601B6896
:1056C0003B6366E33A6B13469B0013445B001A4648
:1056D00097F87330303B13443B635AE397F87330C9
:1056E0006C2B0AD07A2B11D1FB6B23F00303FB63E5
:1056F000FB6B43F00203FB6309E0FB6B23F0030346
:10570000FB63FB6B43F00103FB6300E000BF40E37E
:1057100097F87330203B102B3CD801A252F823F0AD
:1057200077570000955700009557000081570000FB
:1057300095570000955700009557000095570000B9
:105740009557000095570000955700008B570000B3
:1057500095570000655700009557000095570000C9
:105760006F570000FB6B43F00803FB6313E030232B
:1057700087F868300FE0FB6B43F01003FB630AE02F
:10578000FB6B43F02003FB6305E0FB6B43F040033E
:10579000FB6300E000BFFCE297F87330423B362B1E
:1057A00070D801A252F823F0635B0000B1590000E9
:1057B0008558000085580000855800008558000075
:1057C0008558000085580000855800008558000065
:1057D0008558000085580000855800008558000055
:1057E0008B58000085580000855800006D59000056
:1057F0008558000085580000855800008558000035
:10580000195900008558000085580000855800008F
:105810008558000085580000855800008558000014
:105820008558000085580000C3580000B959000091
:105830004D59000085580000D559000085580000DA
:10584000855800004D59000085580000855800001B
:10585000855800008558000097590000EF58000057
:1058600093580000855800008558000075590000C5
:10587000855800005D5900008558000085580000DB
:10588000215900000023FB6284E1FB6B43F080039D
:10589000FB63FB6B23F00303FB63FB6B43F40073BD
:1058A00043F00203FB63102387F8673008233B6350
:1058B0002D2387F844303E2387F8453002233B648C
:1058C00068E1FB6B43F40073FB63022387F86730E6
:1058D000FB6B03F02003002B00F05581302387F889
:1058E0004430622387F8453002233B644BE1FB6B75
:1058F00043F40073FB63082387F86730FB6B03F006
:105900002003002B00F04181302387F8443001232D
:105910003B643AE150830100FB6B43F08003FB637F
:10592000FB6B43F40073FB63102387F86730FB6B5A
:1059300003F02003002B00F02A81302387F8443045
:10594000782387F8453002233B6420E1FB6B43F466
:105950004073FB630A2387F867301BE1FB6B43F45A
:105960000073FB630A2387F8673013E1FB6B43F096
:105970008003FB633B681A1D3A601B68BB61BB690F
:10598000002B01D1A24BBB61BB6918460CF035FE60
:105990000346FB62FEE03B681A1D3A601B68BB6170
:1059A000BB69002B00F0F580BA6BBB691A60F0E0B0
:1059B000FB6B43F08003FB6307F110033633BB61DD
:1059C0003B681A1D3A601B68DBB287F8463001233A
:1059D000FB62DFE0FB6B03F00403002B01D1062325
:1059E0003B633B68073323F0070303F108023A6087
:1059F000D3E90023C7E908234FF00002854BC7E92C
:105A0000042300237B670DE0D7E904014FF0000277
:105A1000814B09F063FD02460B46C7E904237B6F07
:105A200001337B673B6B7A6F9A42EDDBD7E9080164
:105A30004FF000024FF0000310F003FA0346002B72
:105A40002DD0FB6B43F48063FB63D7E90801D7E9F2
:105A5000042309F0DBFD02460B46C7E90823D7E91A
:105A600008231046194610F082F90346BB62D7E9B5
:105A70000889BB6A184610F0D8F902460B46404622
:105A8000494609F0C3FD02460B46C7E90823D7E99A
:105A90000823144683F00045C7E9084521E0D7E90B
:105AA0000801D7E9042309F08BFE02460B46C7E93B
:105AB0000823D7E908231046194610F058F9034681
:105AC000BB62D7E90889BB6A184610F0B6F90246EE
:105AD0000B464046494609F099FD02460B46C7E988
:105AE000082300237B670DE0D7E908014FF000028F
:105AF000494B09F075FC02460B46C7E908237B6F4A
:105B000001337B673B6B7A6F9A42EDDBD7E9082361
:105B10001046194610F04CF903463B6107F110039B
:105B200036332033BB610A2387F867303B6B002B89
:105B30000CD007F110031846FFF7D0FCBB695A1EC2
:105B4000BA612E221A70FB6A0133FB62FB6B43F4CD
:105B5000D85343F00103FB6300233B63BB6A3B6103
:105B600018E03B681A1D3A601B68002B02D02B4BD3
:105B7000BB6101E02A4BBB61BB6918460CF03DFDDF
:105B80000346FB6206E000BF04E000BF02E000BF86
:105B900000E000BFFB6B03F40073002B00F0A88053
:105BA0003B6B002B01D101233B63FB6B03F40063D0
:105BB000002B3ED1FB6B03F00303022B06D0022B1C
:105BC00036D8002B19D0012B06D031E03B681A1DC6
:105BD0003A601B683B612CE0FB6B03F48073002B85
:105BE00005D03B681A1D3A601B683B6121E03B68A9
:105BF0001A1D3A601B683B611BE0FB6B03F480736A
:105C0000002B0FD03B681A1D3A601B683B6110E007
:105C1000248301000000E03F000024402C830100A9
:105C2000348301003B681A1D3A601B683B6100E049
:105C300000BFFB6B03F02003002B04D03B69002B5B
:105C400001D100233B64FB6B03F48073002B18D05D
:105C50003B69002B06DA3B695B423B61FB6B43F41B
:105C60008063FB63FB6B03F48063002B09D1FB6B48
:105C700003F01003002B04D0202387F844300123C5
:105C80003B64FB6B03F48053002B04D107F110033A
:105C900036332033BB6107F110031846FFF71EFCB3
:105CA000BB690133BB61FB6B03F48863002B28D015
:105CB000FB6B03F48063002B01D02D2300E02B232A
:105CC00087F8733097F86830302B06D101233B6496
:105CD00097F8733087F8443013E0BB69013BBB6130
:105CE000BB6997F873201A70FB6A0133FB6208E006
:105CF0007B6B002B05D0FA6A7B6B9A4201DD7B6BD4
:105D0000FB627A6BF96A3B6C0B44D31A7B63396C88
:105D1000FB6B03F0800307F11002343200930B4653
:105D2000B968F8680CF080FC0246BB6B1344BB6397
:105D3000FB6B03F00803002B0AD197F868207B6BFC
:105D4000B968F8680CF0A1FC0246BB6B1344BB6356
:105D5000BA69F96AFB6B03F0800300930B46B968DC
:105D6000F8680CF061FC0246BB6B1344BB63FB6B31
:105D700003F00803002B0CD097F868207B6BB96800
:105D8000F8680CF082FC0246BB6B1344BB6300E076
:105D900000BF7B681B78002B7FF41EACBB6B1846E2
:105DA0007837BD46BDE8B08380B500AF064B1B68B1
:105DB0004FF0FF3118460DF06CFC0346012B01D06B
:105DC00000BFFDE700BF80BDB802002080B500AF76
:105DD000054B1B6818460DF027FC0346012B01D02C
:105DE00000BFFDE700BF80BDB802002080B586B0CF
:105DF00000AF78607B685B681A46264926480BF03E
:105E00005EFA07F10803402210211846FFF7AEF8AA
:105E100007F10803214A102118460BF098FB7B6814
:105E20005A6807F1080319461D480BF048FA07F1B4
:105E300008031C4A102118460BF064FB7B685A6863
:105E400007F10803194618480BF039FA07F108035F
:105E5000164A102118460BF055FB7B685A6807F16B
:105E60000803194612480BF02AFA07F10803114AF1
:105E7000102118460BF046FB00BF7B685A6807F1FB
:105E8000080319460C480BF01AFA00231846183775
:105E9000BD4680BD486D0100586D01003C670100A2
:105EA000646D0100706D0100806D0100886D01005E
:105EB000986D0100A06D0100A86D010080B5C8B00B
:105EC00002AF07F58C73A3F58673186007F58C7322
:105ED000A3F58873196007F58C73A3F58A731A60AC
:105EE00007F58C73A3F58673AD4918680FF0B4FD00
:105EF0000346002B0AD007F58C73A3F58673A949D6
:105F000018680FF0A9FD0346002B4AD107F58C73E2
:105F1000A3F58A731B685B681A46A349A3480BF074
:105F2000BCF907F58C73A3F58A731B685B681A4686
:105F30009F49A0480BF0B1F907F58C73A3F58A735C
:105F40001B685B681A469C499C480BF0A6F907F54C
:105F50008C73A3F58A731B685B681A469849994845
:105F60000BF09BF907F58C73A3F58A731B685B68CC
:105F70001A46954995480BF090F907F58C73A3F5EF
:105F80008A731B685B681A46914992480BF085F941
:105F900007F58C73A3F588731B6801221A70002320
:105FA0001DE307F58C73A3F586738B4918680FF012
:105FB00053FD0346002B0AD007F58C73A3F58673B7
:105FC000864918680FF048FD0346002B0FD107F5EE
:105FD0008C73A3F588731B6801221A7007F58C7304
:105FE000A3F58A731868FFF701FF0346F7E207F588
:105FF0008C73A3F586730F22794918680FF097FD0B
:106000000346002B40F0F48007F58C73A3F58873EA
:106010001B6801221A7007F58C73A3F586731B6841
:106020000F33C7F81431D7F8140107F1100307F143
:10603000140100220192002200924022FFF73CF856
:106040000346002B06D107F58C73A3F584731B68F8
:10605000002B01D11B23C2E2D7F8142107F58C7362
:10606000A3F584731B681344C7F8143107F58A73CA
:1060700018460CF0CAF8D7F8140107F1100307F11D
:10608000E40100220192002200923022FFF714F86E
:106090000346002B06D107F58C73A3F584731B68A8
:1060A000002B01D11B239AE2D7F8142107F58C733A
:1060B000A3F584731B681344C7F8143107F58A737A
:1060C00018460CF0A2F8D7F8140107F1100307F1F5
:1060D000B40100220192002200923022FEF7ECFF70
:1060E0000346002B06D107F58C73A3F584731B6858
:1060F000002B01D11B2372E2D7F8142107F58C7312
:10610000A3F584731B681344C7F81431D7F814310E
:106110001B78002B01D01B2361E207F1540207F129
:10612000B40107F1E40007F1140301936023009325
:1061300013462C4A00F0C8FD0346002B01D11B2357
:106140004DE207F58C73A3F58A731B685A6807F153
:10615000B403114618460AF052FE07F58C73A3F5F6
:106160008A731B685B6819461F480AF048FE07F5EA
:106170008C73A3F58A731B685A6807F154031146A0
:1061800018460AF03CFE07F58C73A3F58A731B686A
:106190005B68194615480AF032FE00231FE200BF73
:1061A0008C670100B06D0100C06D0100586D0100E9
:1061B0003460010058600100E06D0100086E0100CC
:1061C0001C6E01004C6E0100646E0100886E0100BF
:1061D000A06E0100C06E01009C670100D46E01003A
:1061E000E86E010078690100F86E01008475010015
:1061F00007F58C73A3F586731022B84918680FF061
:1062000096FC0346002B40F0C28007F58C73A3F583
:1062100088731B6801221A7007F58C73A3F58673C7
:106220001B681033C7F81431D7F8140107F11003B5
:1062300007F1140100220192002200924022FEF791
:106240003BFF0346002B06D107F58C73A3F584733F
:106250001B68002B01D11B23C1E1D7F8142107F5DE
:106260008C73A3F584731B681344C7F8143107F5C6
:106270008A7318460BF0C9FFD7F8140107F1100311
:1062800007F1E40100220192002200923022FEF781
:1062900013FF0346002B06D107F58C73A3F5847317
:1062A0001B68002B01D11B2399E1D7F8142107F5B6
:1062B0008C73A3F584731B681344C7F8143107F576
:1062C0008A7318460BF0A1FFD7F8140107F11003E9
:1062D00007F1B40100220192002200923022FEF761
:1062E000EBFE0346002B06D107F58C73A3F58473F0
:1062F0001B68002B01D11B2371E1D7F8142107F58E
:106300008C73A3F584731B681344C7F8143107F525
:106310008A7318460BF079FFD7F8140107F11003C0
:1063200007F1540100220192002200926022FEF740
:10633000C3FE0346002B06D107F58C73A3F58473C7
:106340001B68002B01D11B2349E1D7F8142107F565
:106350008C73A3F584731B681344C7F81431D7F802
:1063600014311B78002B01D01B2338E107F11403F3
:1063700007F1540207F1B40107F1E40000F00EFE4A
:106380000346002B01D11B2329E1002327E107F558
:106390008C73A3F586731122514918680FF0C7FB5F
:1063A0000346002B40F09E8007F58C73A3F588739D
:1063B0001B6801221A7007F58C73A3F586731B689E
:1063C0001133C7F81431D7F8140107F1100307F19E
:1063D000140100220192002200924022FEF76CFE7E
:1063E0000346002B06D107F58C73A3F584731B6855
:1063F000002B01D11B23F2E0D7F8142107F58C7391
:10640000A3F584731B681344C7F8143107F58A7326
:1064100018460BF0FAFED7F8140107F1100307F144
:10642000E40100220192002200923022FEF744FE95
:106430000346002B06D107F58C73A3F584731B6804
:10644000002B01D11B23CAE0D7F8142107F58C7368
:10645000A3F584731B681344C7F8143107F58A73D6
:1064600018460BF0D2FED7F8140107F1100307F11C
:10647000B40100220192002200923022FEF71CFE9D
:106480000346002B06D107F58C73A3F584731B68B4
:10649000002B01D11B23A2E0D7F8142107F58C7340
:1064A000A3F584731B681344C7F81431D7F814316B
:1064B0001B78002B01D01B2391E007F1140307F197
:1064C000B40107F1E400002200F068FD0346002B50
:1064D00001D11B2383E0002381E000BFFC6E01009B
:1064E000106F010007F58C73A3F5867311223E49E6
:1064F00018680FF01CFB0346002B6FD107F58C7357
:10650000A3F588731B6801221A7007F58C73A3F535
:1065100086731B681133C7F81431D7F8140107F1DB
:10652000100307F114010022019200220092402280
:10653000FEF7C2FD0346002B06D107F58C73A3F5C9
:1065400084731B68002B01D11B2348E0D7F814216A
:1065500007F58C73A3F584731B681344C7F81431D3
:1065600007F58A7318460BF050FED7F8140107F1AF
:10657000100307F1E4010022019200220092302270
:10658000FEF79AFD0346002B06D107F58C73A3F5A1
:1065900084731B68002B01D11B2320E0D7F8142142
:1065A00007F58C73A3F584731B681344C7F8143183
:1065B000D7F814311B78002B01D01B230FE007F113
:1065C000140307F1E4000022002100F0E7FC034679
:1065D000002B01D11B2302E0002300E0002318461A
:1065E00007F58C77BD4680BD246F010080B500AFF4
:1065F00004200DF001F80346094A1360084B1B689C
:10660000002B08D1074B40F2162207490520FCF762
:1066100093F900BFFDE70CF00CF900BF80BD00BF8F
:10662000B8020020386F0100546F010080B582B0BD
:1066300000AF78603960FFF7B7FB1022002138689F
:106640000FF0FAF93B684FF4FC321A603B681B68A4
:1066500003F118023B685A603B681B681B68124ACA
:10666000934203D0FFF7B2FB002318E03B681B689E
:106670000433796818460FF0EFF90346002B03D076
:10668000FFF7A4FB00230AE03B685A683B689A6066
:106690003B6801225A733B6801221A730123184692
:1066A0000837BD4680BD00BFBEBAEDFE80B582B0E2
:1066B00000AF78603960FFF777FB1022002138685F
:1066C0000FF0BAF94FF48072002115480FF0B4F9B9
:1066D0003B68134A1A603B681B6803F118023B6869
:1066E0005A603B681B680F4A1A603B681B6804339A
:1066F0007A68102118460AF005FF3B681B680022E3
:106700005A613B685A683B689A603B6801225A7339
:106710003B6800221A73012318460837BD4680BD26
:10672000BC020020BEBAEDFE80B584B000AF786038
:1067300039603B681B7B002B01D001233AE078686D
:106740000FF0CEF9F8601D4A3B689B68D31ABB6016
:106750003B689B687A68B96818460AF0D3FE3B68C4
:106760009A68FB681A443B689A603B689A683B6881
:106770001B6803F580739A4207D33B681B6803F5D7
:1067800080723B689A60002314E03B689A683B681B
:1067900059683B681B685B690B449A4209D33B68A4
:1067A0009A683B685B68D21A3B681B685A61012390
:1067B00000E0012318461037BD4680BDBC03002011
:1067C00080B584B000AF78603960FFF7EDFA786883
:1067D0000BF078FF0346002B29D0184BFB60FB68B9
:1067E0000433796818460FF037F90346002B03D0BD
:1067F000FFF7ECFA00231DE0FB6804333A68102130
:1068000018460AF07FFE4FF480720C494FF4FC30BA
:1068100009F0F8FF0346002B03D0FFF7D7FA002357
:1068200008E04FF48072002104480FF005F9FFF7EB
:10683000CDFA012318461037BD4680BDBC020020AA
:1068400080B590B000AFF860B9607A601821B86880
:1068500009F08DFF034683F00103DBB2002B0FD05C
:1068600007F110032C4A302118460AF04BFEFB6852
:106870005A6807F11003194678680AF020FD48E0CD
:1068800007F11003254A302118460AF03BFEBB6889
:106890001A6807F11003302118460BF099F807F138
:1068A00010031F4A302118460AF051FEBB681B68CE
:1068B0001C4A934217D1BB681A1D07F110033021FF
:1068C00018460AF044FE07F11003174A3021184613
:1068D0000AF03DFEBB685A6907F1100330211846E3
:1068E0000BF0C4F806E007F11003104A30211846F7
:1068F0000AF02DFE07F110030D4A302118460AF068
:1069000026FEFB685A6807F11003194678680AF0FA
:10691000D6FC4037BD4680BDB46F0100D06F01008A
:10692000DC6F0100BEBAEDFEE06F0100E86F010010
:106930008475010080B594B000AF78607B685B68B7
:106940001A463D493D480AF0BAFC07F120033C4A8B
:10695000302118460AF0D6FD07F120034FF4FC322F
:10696000302118460BF034F807F12003354A302166
:1069700018460AF0ECFD07F120034FF400623021C5
:1069800018460AF0B8FF07F120032F4A30211846B5
:106990000AF0DDFD07F120030122302118460AF03C
:1069A00002FF07F12003294A302118460AF0CFFDE3
:1069B0007B685A6807F12003194625480AF07FFCD6
:1069C00007F120034FF4807230211846FEF7CEFA0B
:1069D00007F120031F4A302118460AF0B8FD7B68F2
:1069E0005A6807F1200319461B480AF068FC07F1B2
:1069F0000803182219464FF4FC3009F0E2FE034662
:106A0000002B07D107F10803144A19467868FFF7ED
:106A100017FF06E07B685B681A4611490F480AF0C9
:106A20004EFC104A10497868FFF70AFF0023184609
:106A30005037BD4680BD00BFF46F010008700100F3
:106A40000C700100187001002470010084750100B1
:106A50002C7001003C67010034700100407001009F
:106A60004870010060700100BC02002080B598B041
:106A700000AF7860FFF798F907F12C031822194648
:106A80004FF4FC3009F09DFE0346002B09D07B68D3
:106A90005B6819463E480AF0B2F9FFF797F91B23E5
:106AA00072E0FB6A3B4A934248D13B6C7B653A4BB0
:106AB0003B6507F12C03394A19467868FFF7C0FE99
:106AC00033E07B6D202B02D92023BB6501E07B6D79
:106AD000BB653B6DBA6D07F10C01184609F071FEFC
:106AE0000346002B06D07B685B68194628480AF0ED
:106AF00086F91DE0BB6D3A6D13443B657A6DBB6D45
:106B0000D31A7B650023FB640BE07B685B6807F1AD
:106B10000C01FA6C0A44127810469847FB6C01335A
:106B2000FB64BB6DFA6C9A42EFD37B6D002BC8DC23
:106B30007B685B6819461A480AF061F9194B7B6457
:106B4000194A796C7868FFF77BFE7B6C1B68114AE9
:106B5000934216D17B6C1833FB650023BB640BE0BA
:106B60007B685B68FA6D127810469847FB6D0133BD
:106B7000FB65BB6C0133BB647B6C5B69BA6C9A428E
:106B8000EED3FFF723F9002318466037BD4680BDDA
:106B900048700100BEBAEDFE18F8010068700100EF
:106BA00084750100BC0200207070010080B584B0C3
:106BB00000AFF860B9607A603549F8680EF04CFFB4
:106BC0000346002B06D03349F8680EF045FF034614
:106BD000002B20D17B685B681A462F492F480AF0AA
:106BE0005CFB7B685B681A462D492E480AF055FB12
:106BF0007B685B681A462C492C480AF04EFB7B6880
:106C00005B681A462A492B480AF047FBBB680122F9
:106C10001A70002337E02849F8680EF01DFF03467C
:106C2000002B06D02549F8680EF016FF0346002B0E
:106C300007D1BB6801221A707868FFF77BFE034614
:106C400021E01F49F8680EF007FF0346002B07D12B
:106C5000BB6801221A707868FFF708FF034612E04C
:106C60001849F8680EF0F8FE0346002B0AD1BB68FD
:106C700001221A704FF400614FF4FC30FBF7E2F987
:106C8000034600E0002318461037BD4680BD00BF14
:106C90008C670100747001005461010008700100EC
:106CA000346001005860010080700100987001009C
:106CB000A0700100BC7001009C670100C47001005D
:106CC000D0700100DC70010080B58EB004AFF860B8
:106CD000B9607A603B6000237B623B68002B05D083
:106CE0003B6B002B02DDBB68002B01D1002331E0A0
:106CF00007F114031946786BFFF798FC0346002B45
:106D000016D007F11400002303933B6B02933B68FA
:106D100001934FF0FF3300934FF0FF33BA68F968E7
:106D20000BF034FF786207F1140318460BF0E5FC12
:106D30007B6A002B0AD17B68002B01D0796800E0C8
:106D400006493A6B002338680BF0F8FD38680EF0FE
:106D5000C7FE034618462837BD4680BD7869010046
:106D600080B598B002AFF860B9607A603B6007F117
:106D700014023B680193402300931346154AB968F7
:106D8000F868FFF7A1FF78657B6D002B1CD07B6D49
:106D9000012B10DD7B7D184608F046FA0346582B80
:106DA00009D107F1140310220021184608F0B8FA9F
:106DB000034600BF09E007F114030A220021184628
:106DC00008F0AEFA034600E07B6818465837BD4627
:106DD00080BD00BF7869010080B586B000AFF86063
:106DE000B9607A60BB68002B24D0B8680EF078FEDA
:106DF0000346002B1ED0FB685B221A70FB68581CF0
:106E000000233C22B9680BF099FD0021F8680EF0D0
:106E100017FE78617B695A1C7A615D221A700749F6
:106E200078690EF03CFE7B68002B03D07968F86827
:106E3000FFF77AFC00BF1837BD4680BD847501009E
:106E400080B586B000AFF860B9607A603B60786862
:106E50000BF0BAFF0346FB7500233D22B968F868C2
:106E60000BF06CFD0021F8680EF0EAFD38613B691B
:106E70005A1C3A613D221A703A69FB68D31AC3F171
:106E80003E031A46FB7D796838690BF057FD0021F7
:106E9000F8680EF0D5FD3861074938690EF0FFFD3E
:106EA0003B68002B03D03968F868FFF73DFC00BF52
:106EB0001837BD4680BD00BF8475010080B588B01D
:106EC00000AFF860B9607A603B6033480EF008FEAE
:106ED00003467B610023FB614FF0FF33BB61B96A5E
:106EE00078680BF083FCFB6800221A701AE0FB69DB
:106EF000BB61FB69FA68D018FB69C3F140037A688B
:106F000019460BF02BFC02E0FB690133FB61BB6807
:106F10001B68FA699A4205DAFB69FA6813441B7820
:106F2000002BF1D1BB681B68FA699A4203DAFA694F
:106F3000BB699A42DBD1FB681B78002B0ED0FB6942
:106F4000402B02D1FB69013BFB61FB69FA681344EA
:106F500000221A703968F868FFF7E6FBB96A7868AA
:106F60000BF030FCBB6800221A60FA697B699A4218
:106F70000DDDFA697B69D31AFA681344064918468D
:106F80000EF06AFD0346002B01D1012300E000232F
:106F900018462037BD4680BD8475010090B5A9B064
:106FA00004AFF860B9607A603B6007F16C03194682
:106FB0003868FFF73BFB0346002B27D1BB68002B4B
:106FC00022D07B68002B1FD007F15C03194638687C
:106FD000FFF76CFB0346002B01D10023FAE207F117
:106FE0005C0207F11403F9681846FFF7F5FE07F194
:106FF0005C0307F114007A68B968FFF721FF07F115
:107000005C0318460BF079FB0123E3E2BB68002B1D
:107010002BD07B68002B28D007F16C0007F15403BC
:1070200003934023029307F1140301934FF0FF33BE
:1070300000934FF0FF33BA68F9680BF0A7FDC7F86B
:107040008800D7F88830002B34D007F11403796812
:1070500018460EF001FD0346002B2BD107F16C03FF
:1070600018460BF04AFB0123B4E2BB68002B22D088
:107070007B68002B1FD107F16C0000230393402392
:10708000029307F1140301934FF0FF3300934FF085
:10709000FF33BA68F9680BF079FDC7F88800D7F8B4
:1070A0008830002B07D107F16C0318460BF025FB45
:1070B00001238FE200BF07F16C0318460BF01DFBA4
:1070C00007F114034022396818460BF064FE07F1FB
:1070D0005C0207F1140311461846FFF7E7FA03466E
:1070E000002B01D1002375E207F16C0319463868C3
:1070F000FFF79CFA0346002B16D107F15C0207F15B
:107100001403F9681846FFF767FE07F15C0307F1FF
:1071100014007A68B968FFF793FE07F15C0318461C
:107120000BF0EBFA012355E207F1580207F16C036B
:10713000114618460BF046FB00233B61FB68002B11
:1071400004D0F8680EF0CCFC034600E00023C7F83A
:107150008430D7F88430002B40F3C28007F16C02F2
:1071600007F11403402118460BF0F8FA0346002BF0
:1071700038D107F15C0407F16C0207F1100107F147
:10718000140007F1580300932346FFF797FEF867B2
:10719000BB68002B1BD07B68002B18D0FB6F002B2B
:1071A00005D107F15C031946C248FFF7BDFA07F1A4
:1071B0005C0207F11403F9681846FFF70DFE07F1AA
:1071C0005C0307F114007A68B968FFF739FE07F12C
:1071D000140307F15C0107F16C003A680BF044FE00
:1071E0000346F7E107F1140318460BF05CFBC7F800
:1071F00080005D21D7F880000EF0F0FCC7F88C000D
:10720000D7F880301B785B2B05D1D7F88C30002B5A
:1072100001D0012300E00023C7F88830D7F8883078
:10722000002B28D0D7F88030013318460BF03BFBF9
:10723000C7F88000D7F88010D7F88C000BF04AFB15
:10724000C7F88C00D7F88C20D7F88030D31AD7F83D
:1072500084209A420CD1D7F884301A46F968D7F8BE
:1072600080000BF0EEFA0346002B01D1012300E071
:107270000023C7F88830D7F88830002B02D0BB68CD
:10728000002B28D007F1100107F114034022184603
:107290000BF0CBFD0346002B1DD107F15C0407F179
:1072A0006C0207F1100107F1140007F15803009375
:1072B0002346FFF703FE07F16C0207F11403402198
:1072C00018460BF04BFA07F1100107F114034022A6
:1072D00018460BF0AAFDD7F88830002B3FF43EAFDC
:1072E00007F15C0407F16C0207F1100107F11400CB
:1072F00007F1580300932346FFF7E0FDBB68002B1E
:107300000FD107F16C0207F11403402118460BF06E
:1073100025FA07F1580207F16C03114618460BF0E5
:1073200051FABB68002B04D0B8680EF0D9FB0346B5
:1073300000E00023C7F8843007F16C0207F1140362
:10734000402118460BF00AFA0346002B30D107F112
:107350005C0407F16C0207F1100107F1140007F15A
:10736000580300932346FFF7A9FDF867BB68002B7D
:1073700013D07B68002B10D0FB6F002B05D107F1D9
:107380005C0319464B48FFF7CFF907F15C0307F19F
:1073900014007A68B968FFF753FD07F1140307F189
:1073A0005C0107F16C003A680BF05EFD034611E1E9
:1073B00007F1140318460BF076FAC7F880003D2158
:1073C000D7F880000EF03CFBC7F88C00D7F88C3063
:1073D000002B06D13A21D7F880000EF031FBC7F818
:1073E0008C00D7F88C30002B1ED0D7F88430002BBF
:1073F0001ADDD7F88010D7F88C000BF06BFA024634
:10740000D7F88030D31AD7F884209A420CD1D7F815
:1074100084301A46B968D7F880000BF012FA034698
:10742000002B01D1012300E00023C7F88830BB689E
:10743000002B03D0D7F88830002B3DD1D7F880300F
:107440001B785B2B38D0BB68002B08D107F15802A2
:1074500007F16C03114618460BF0B4F96CE707F11D
:10746000100107F11403402218460BF0DEFC03461E
:10747000002B7FF461AF07F15C0407F16C0207F1A8
:10748000100107F1140007F1580300932346FFF79A
:1074900015FD07F16C0207F11403402118460BF0AB
:1074A0005DF907F1100107F11403402218460BF0B3
:1074B000BCFC41E784750100D7F880301B785B2B5A
:1074C0000CBF01230023DBB2FB6707F15C0407F16B
:1074D0006C0207F1100107F1140007F15803009343
:1074E0002346FFF7EBFCBB68002B0AD07B68002B20
:1074F00007D007F15C0307F114007A68B968FFF759
:107500009FFC07F16C0207F11403402118460BF0B1
:1075100025F9FB6F002B08D007F1100107F11403C8
:10752000402218460BF081FC31E007F1580207F1C8
:107530006C03114618460BF045F928E007F11001DD
:1075400007F11403402218460BF06FFC0346002B92
:107550001DD107F15C0407F16C0207F1100107F17E
:10756000140007F1580300932346FFF7A7FC07F127
:107570006C0207F11403402118460BF0EFF807F1F5
:10758000100107F11403402218460BF04EFC07F1DE
:107590006C0207F11403402118460BF0DFF8034694
:1075A000002BCBD107F15C0407F16C0207F110014D
:1075B00007F1140007F1580300932346FFF77EFC00
:1075C00007F1140307F15C0107F16C003A680BF056
:1075D0004BFC034618469437BD4690BD80B586B037
:1075E00000AF7860396000237B617B683B617A681B
:1075F000204B83FB02139910D317C91A0B469B002B
:107600000B445B00D31AFB60FB68002B05DAFB68B8
:10761000DBB2C3F13003DBB203E0FB68DBB2303333
:10762000DBB27A69511C796111463A680A441370D9
:107630007B68104A82FB03129210DB17D31A7B601F
:107640007B68002BD3D13B69002B07DA7B695A1C7E
:107650007A611A463B6813442D221A707B693A6896
:10766000134400221A7038680BF019FC00BF183759
:10767000BD4680BD6766666680B582B000AF1F4BB1
:107680007B607B6803221A617B6803225A617B68F6
:107690001B4A9A617B681B4ADA617B6820221A6266
:1076A0007B6800229A627B6800225A627B68002213
:1076B000DA627B68124A1A667B68134A5A667B68EC
:1076C00020229A667B6800221A677B680022DA66AD
:1076D0007B6800225A677B6807330C4918460EF016
:1076E000DEF97B680A4918460EF0D9F97B6820223A
:1076F0009A7100BF0837BD4680BD00BFBC030020A3
:10770000E87001006404002084040020F47001008B
:10771000F870010080B58CB000AFF860B9607A6095
:107720003E4B3B623B6A1B78DBB2002B01D1FFF77B
:10773000A3FFFA6813465B001344DB006033374A4B
:107740001344FB61BB687B62FB691B69BB62FB691D
:10775000DB68BB610023FB62BA6ABB699A422BD922
:10776000FB699A68BB6AD31A7B617A697B6893422A
:1077700028BF13467B61FB695A68BB6A13443B61AF
:107780007A693969786A0EF055F9FA6A7B691344A7
:10779000FB627A6A7B6913447B627A687B69D31ADD
:1077A0007B60BA6A7B691344BB62FB699B68BA6AF7
:1077B0009A4201D10023BB62BA69BB6AD31A7B61CA
:1077C0007A697B68934228BF13467B617B69002BF3
:1077D00019D0FB695A68BB6A13443B617A693969FD
:1077E000786A0EF027F9FA6A7B691344FB627A6AB9
:1077F0007B6913447B627A687B69D31A7B60BA6ABF
:107800007B691344BB62FB6A002B02D0FB69BA6A36
:107810001A61FB6A18463037BD4680BDBC030020A4
:1078200080B588B000AFF860B9607A60BB68BB61B2
:10783000FB685A1C13465B001344DB001F4A1344C9
:107840007B617B695B69022B29D0022B2ED8002B30
:1078500002D0012B13D029E078690BF006FC3861C7
:107860003A697B689A4202D20023FB6121E07B687F
:10787000FB617A68B96978690BF0B3FB19E0786944
:107880000BF0F3FB38617A683B69934228BF1346DB
:10789000FB61FA69B96978690BF0A3FB09E07A68C2
:1078A000B96978690BF042FBF86102E00023FB61E3
:1078B00000BFFB6918462037BD4680BDBC030020D1
:1078C00080B588B000AFF860B9607A600E4BFB619C
:1078D000FB691B78DBB2002B01D1FFF7CDFEEFF384
:1078E00011834FF0500181F31188BB617A68B96848
:1078F000F868FFF795FF7861BB6983F311887B69AE
:1079000018462037BD4680BDBC03002080B584B03A
:1079100000AF0E4BBB60BB681B78DBB2002B01D104
:10792000FFF7AAFE0A4B7B607B681B693B607B68A4
:10793000DB683A689A4202D00123FB6001E0002331
:10794000FB60FB6818461037BD4680BDBC030020B5
:107950001C04002080B586B000AF7860114B7B61BD
:107960007B691B78DBB2002B01D1FFF785FEEFF3BB
:1079700011834FF0500181F311883B617B685A1CE1
:1079800013465B001344DB00064A134418460BF011
:107990006CFBF8603B6983F31188FB681846183765
:1079A000BD4680BDBC03002080B58CB000AF7860C0
:1079B000396000237B62704B1B68002B0BD14FF0AA
:1079C000500383F31188BFF36F8FBFF34F8FBB61F9
:1079D00000BF00BFFDE77B68002B22D00823DB43FC
:1079E0007A689A421BD808227B6813447B607B68C4
:1079F00003F00703002B14D07B6803F00703C3F1E7
:107A000008033B623B6ADB437A689A4204D87A688F
:107A10003B6A13447B6004E000237B6001E00023A9
:107A20007B6000F045FE7B68002BC0F288807B689D
:107A3000002B00F08480514B1B687A689A427ED8F4
:107A40004F4BBB624E4B1B68FB6204E0FB6ABB62A0
:107A5000FB6A1B68FB62FB6A5B687A689A4203D91F
:107A6000FB6A1B68002BF1D1434B1B68FA6A9A42F0
:107A700065D0BB6A1B68082213447B62FB6A1A68E4
:107A8000BB6A1A60FB6A5B687A689A420BD94FF04E
:107A9000500383F31188BFF36F8FBFF34F8F7B6168
:107AA00000BF00BFFDE7FB6A5A687B68D21A082353
:107AB0005B009A4224D9FA6A7B681344FB61FB6934
:107AC00003F00703002B0BD04FF0500383F3118812
:107AD000BFF36F8FBFF34F8F3B6100BF00BFFDE768
:107AE000FB6A5A687B68D21AFB695A60FB6A7A683B
:107AF0005A60BB6A1A68FB691A60BB6AFA691A6045
:107B00001E4B1A68FB6A5B68D31A1C4A13601B4B36
:107B10001A681C4B1B689A4203D2184B1B68194AFF
:107B20001360FB6A5B6843F00042FB6A5A60FB6AC1
:107B300000221A60144B1B680133134A136000F0D3
:107B4000C5FD7B6A002B01D10CF035FE7B6A03F08A
:107B50000703002B0BD04FF0500383F31188BFF3C2
:107B60006F8FBFF34F8FFB6000BF00BFFDE77B6AE5
:107B700018463037BD4680BDAC040020B00400205C
:107B8000A4040020B4040020B804002080B586B00E
:107B900000AF78607B687B617B68002B47D008234F
:107BA0005B427A6913447B617B693B613B695B683B
:107BB000002B0BDB4FF0500383F31188BFF36F8F63
:107BC000BFF34F8FFB6000BF00BFFDE73B691B6841
:107BD000002B0BD04FF0500383F31188BFF36F8F4E
:107BE000BFF34F8FBB6000BF00BFFDE73B695B6821
:107BF000002B1CDA3B691B68002B18D13B695B68C2
:107C000023F000423B695A6000F052FD3B695A681C
:107C1000094B1B681344084A1360386900F01CF8CC
:107C2000064B1B680133054A136000F04FFD00BF8F
:107C30001837BD4680BD00BFB0040020BC04002042
:107C400080B400AF034B1B681846BD465DF8047B4B
:107C5000704700BFB004002080B485B000AF7860EA
:107C6000284BFB6002E0FB681B68FB60FB681B683D
:107C70007A689A42F7D8FB68BB60FB685B68BA68B1
:107C800013447A689A4208D1FB685A687B685B683B
:107C90001A44FB685A60FB687B607B68BB607B684A
:107CA0005B68BA681A44FB681B689A4218D1FB6883
:107CB0001A68154B1B689A420DD07B685A68FB689E
:107CC0001B685B681A447B685A60FB681B681A680B
:107CD0007B681A6008E00C4B1A687B681A6003E046
:107CE000FB681A687B681A60FA687B689A4202D05F
:107CF000FB687A681A6000BF1437BD465DF8047BE4
:107D0000704700BFA4040020AC04002080B48FB0F2
:107D100000AF786000233B6200233B630023FB62DB
:107D20005A4B1B68002B0BD04FF0500383F3118884
:107D3000BFF36F8FBFF34F8F7B6100BF00BFFDE7C5
:107D4000FB6ADB007A6813447B627FE07B6A5B68D6
:107D50007B637B6A1B68BB62BB6A03F00703002B73
:107D60000ED0BB6A0733BB62BB6A23F00703BB625A
:107D70007B6A1B681A46BB6AD31A7A6B13447B630F
:107D8000BB6AFB61FB6A002B06D1FB69404A1360AA
:107D90003F4B00225A6021E03C4B1B68002B0BD16B
:107DA0004FF0500383F31188BFF36F8FBFF34F8FF2
:107DB0003B6100BF00BFFDE7344B1B681A46BB6A3E
:107DC00093420BD84FF0500383F31188BFF36F8FAA
:107DD000BFF34F8FFB6000BF00BFFDE72B4B1B685D
:107DE000BB61FA697B6B1344BB620822BB6A9B1AB6
:107DF000BB62BB6A23F00703BB62BB6A234A136002
:107E0000224B1B6800225A60204B1B6800221A601C
:107E1000FB693B623B6ABA6AD21A3B6A5A601B4BE7
:107E20001A683B6A1A60BB69002B02D0BB693A6AC8
:107E30001A603B6A5B683A6B13443B63FB6A01332D
:107E4000FB62FB6ADB007A6813447B627B6A5B68D7
:107E5000002B7FF47BAF0F4A3B6B13600E4A3B6BEA
:107E600013603B6B002B0BD14FF0500383F3118851
:107E7000BFF36F8FBFF34F8FBB6000BF00BFFDE745
:107E800000BF3C37BD465DF8047B7047AC04002062
:107E9000A4040020B4040020B004002080B483B007
:107EA00000AF0346FB7197F90730002B0BDBFB7922
:107EB00003F01F02074997F907305B09012000FA18
:107EC00002F241F8232000BF0C37BD465DF8047B69
:107ED000704700BF00E100E080B483B000AF03460C
:107EE0003960FB7197F90730002B0ADB3B68DAB287
:107EF0000C4997F907301201D2B20B4483F80023E2
:107F00000AE03B68DAB20849FB7903F00F03043B4F
:107F10001201D2B20B441A7600BF0C37BD465DF891
:107F2000047B704700E100E000ED00E080B582B026
:107F300000AF3B46184608F093F93B4619461548F2
:107F4000F9F7CAFA0F213A20FFF7C6FF3A20FFF7E8
:107F5000A5FF10480BF060F91320F8F7D1FB03469A
:107F60000D4AA2FB03239B0919460A480BF02CF982
:107F700008480BF051F9402106480BF0FAF8054883
:107F80000BF032F9402103480BF0DAF800BF083754
:107F9000BD4680BD00000440D34D621080B500AFE7
:107FA00004480BF021F9402102480BF0C9F800BF4A
:107FB00080BD00BF0000044080B500AF02480BF058
:107FC0002BF900BF80BD00BF0000044080B400AFAB
:107FD000054B1B68044A43F47003136000BFBD46A1
:107FE0005DF8047B704700BF88ED00E080B584B089
:107FF00000AF294BFB60FB681B78DBB2BB60FB6802
:10800000FF221A70FB681B78DBB2FB71FB79DBB2D5
:1080100003F05003DAB2214B1A70214B07221A6089
:1080200009E01F4B1B68013B1D4A1360FB79DBB263
:108030005B00DBB2FB71FB79DBB203F08003802BCA
:10804000EFD0174B1B681B02154A1360144B1B68BB
:1080500003F4E063124A1360BB68DAB2FB681A707B
:10806000104B1B680F4A43F4700313600E4B002241
:108070001A60FFF75BFFFFF791FFFFF7A7FF0B4BBE
:108080001B680A4A43F04043136000F097F800234E
:1080900018461037BD4680BD00E400E0620C0020A9
:1080A000C004002020ED00E00C00002034EF00E0D0
:1080B00080B483B000AF4FF0500383F31188BFF357
:1080C0006F8FBFF34F8F7B6000BF124B1B68013374
:1080D000104A13600F4B1B68012B10D10E4B1B680D
:1080E000DBB2002B0BD04FF0500383F31188BFF3AA
:1080F0006F8FBFF34F8F3B6000BF00BFFDE7BFF343
:108100004F8FBFF36F8F00BF0C37BD465DF8047B08
:10811000704700BF0C00002004ED00E080B483B085
:1081200000AF0A4B1B68013B084A1360074B1B68F2
:10813000002B05D100237B607B6883F3118800BF8F
:1081400000BF0C37BD465DF8047B70470C00002073
:1081500080B400AF064B4FF080521A60BFF34F8FD0
:10816000BFF36F8F00BFBD465DF8047B704700BF53
:1081700004ED00E080B582B000AF80210E480BF026
:1081800012F84FF0500383F31188BFF36F8FBFF3E2
:108190004F8F7B6000BF00F0DBFB0346002B01D05C
:1081A000FFF7D6FF00233B603B6883F3118800BFD5
:1081B00000BF0837BD4680BD0000044080B400AF5A
:1081C000114B1B78DBB2002B01D100BFFDE70F4B39
:1081D0001B78642B01D900BFFDE74FF060404FF4DE
:1081E0006D4140EA01004FF0080140EA01000068DB
:1081F000006880F3088862B600DF00BF00BFBD469C
:108200005DF8047B704700BFB083010090840100DB
:10821000054B19680868B0E8F04F80F309884FF003
:10822000000080F311887047C404002000BF00BF25
:10823000EFF30980114B1A681EF0100F08BF20EDF4
:10824000108A20E9F04F10602DE908404FF05000EF
:1082500080F3118800F09CFC4FF0000080F311883F
:10826000BDE8084019680868B0E8F04F1EF0100F2C
:1082700008BFB0EC108A80F309887047C40400205E
:1082800000BF00BF80B485B000AFEFF30583FB6093
:10829000FB680F2B15D9184AFB6813441B78FB7237
:1082A000164B1B78FA7A9A420BD24FF0500383F3A5
:1082B0001188BFF36F8FBFF34F8F7B6000BF00BF8C
:1082C000FDE70F4B1B6803F4E0620E4B1B689A42FC
:1082D0000BD94FF0500383F31188BFF36F8FBFF3B7
:1082E0004F8F3B6000BF00BFFDE700BF1437BD46A6
:1082F0005DF8047B704700BFF0E300E0620C0020F3
:108300000CED00E0C004002080B584B000AF7860C0
:10831000FFF7CEFE3E4B1B6801333D4A13603D4BD9
:108320001B68002B09D13B4A7B681360384B1B68E4
:10833000012B10D100F08CFE0DE0374B1B68002B99
:1083400009D1344B1B68DA6A7B68DB6A9A4202D82F
:10835000304A7B681360314B1B6801332F4A13602E
:108360002E4B1A687B68DA637B68DA6A2C4B1B68D1
:108370009A4203D97B68DB6A294A13607B68DA6A10
:10838000284913469B0013449B000B4404331B688D
:10839000FB607B68FA689A60FB689A687B68DA60C1
:1083A000FB689B687A6804325A607B681A1DFB6818
:1083B0009A607B68DA6A13469B0013449B00194A53
:1083C0001A447B685A617B68DA6A164913469B0037
:1083D00013449B000B441B68591C124813469B0016
:1083E00013449B0003441960FFF798FE0A4B1B6877
:1083F000002B08D0074B1B68DA6A7B68DB6A9A425D
:1084000001D2FFF7A5FE00BF1037BD4680BD00BFFB
:10841000B0050020C4040020BC050020CC050020CD
:10842000B8050020C804002080B584B000AF786093
:108430000023FB607B68002B18D000F039F9104B4B
:108440001B68012B0BD04FF0500383F31188BFF34F
:108450006F8FBFF34F8FBB6000BF00BFFDE70021F0
:10846000786801F02FF900F031F9F860FB68002B13
:1084700001D1FFF76DFE00BF1037BD4680BD00BFC4
:10848000D805002080B58AB000AF78607B68FB61BA
:10849000FB69002B0BD14FF0500383F31188BFF31E
:1084A0006F8FBFF34F8FBB6000BF00BFFDE7334B43
:1084B0001B68FA699A4203D1002387F8273056E0F7
:1084C000FFF7F6FDFB695B69BB61FB699B6A7B613A
:1084D0002B4B1B683B612B4B1B68FB60FFF71EFEA1
:1084E0007B69294A934203D1012387F827303EE074
:1084F000BA693B699A4203D0BA69FB689A4203D1D0
:10850000022387F8273032E0BB69204A934220D10A
:10851000FB699B6A002B18D1032387F827300023BF
:108520003B620EE0FA693B6A134450331B78DBB2BE
:10853000012B03D1022387F8273018E03B6A01336F
:108540003B623B6A002BEDDD11E0022387F8273008
:108550000DE0BB690E4A934202D0BB69002B03D1E8
:10856000042387F8273002E0012387F8273097F8A3
:10857000273018462837BD4680BD00BFC404002000
:10858000680500206C050020700500209C05002077
:108590008405002080B588B002AF01237B610023F1
:1085A000BB600023FB6011E01C4AFB681344197890
:1085B0003A1DFB6813440A461A703A1DFB681344BF
:1085C0001B78002B06D0FB680133FB60FB68032B94
:1085D000EADD00E000BF00233B6115E0104BBB600B
:1085E0003B699B000F4A1344391D019300230093FC
:1085F00000232022B8680BF00BFF78617B69002B09
:1086000006D03B6901333B613B69002BE6DD00E0AE
:1086100000BF7B6918461837BD4680BD0071010058
:108620002D900000D405002080B584B000AFFFF786
:10863000B1FFF860FB68012B02D101F02FF9F8605F
:10864000FB68012B16D14FF0500383F31188BFF361
:108650006F8FBFF34F8FBB6000BF114B4FF0FF32E6
:108660001A60104B01221A600F4B00221A60FFF7AC
:10867000BDFC0FE0FB68B3F1FF3F0BD14FF050039F
:1086800083F31188BFF36F8FBFF34F8F7B6000BF01
:1086900000BFFDE7054B1B6800BF1037BD4680BD1E
:1086A000D0050020BC050020B4050020AC830100EB
:1086B00080B400AF044B1B680133034A136000BF52
:1086C000BD465DF8047B7047D805002080B588B0B2
:1086D00000AF0023FB610023BB61FFF7E9FC00232F
:1086E0003B61724B1B68002B0BD14FF0500383F39F
:1086F0001188BFF36F8FBFF34F8F3B6000BF00BF88
:10870000FDE76A4B1B68013B684A1360674B1B68B7
:10871000002B40F0C380664B1B68002B00F0BE802E
:108720008DE0644BDB68DB68FB61FB699B6AFB6087
:10873000FB69DB69FA69126A9A60FB691B6AFA696C
:10874000D2695A60FB685A68FB6918339A4203D1B0
:10875000FB691A6AFB685A60FB6900229A62FB682F
:108760001B685A1EFB681A60FB695B69BB60FB698A
:108770009B68FA69D2689A60FB69DB68FA6992685B
:108780005A60BB685A68FB6904339A4203D1FB699B
:10879000DA68BB685A60FB6900225A61BB681B68D3
:1087A0005A1EBB681A60FB69DA6A434B1B689A421F
:1087B00003D9FB69DB6A404A1360FB69DA6A3F4907
:1087C00013469B0013449B000B4404331B687B60DF
:1087D000FB697A689A607B689A68FB69DA607B68F3
:1087E0009B68FA6904325A60FB691A1D7B689A60BB
:1087F000FB69DA6A13469B0013449B002F4A1A4414
:10880000FB695A61FB69DA6A2C4913469B001344E1
:108810009B000B441B68591C284813469B001344BB
:108820009B0003441960FB69DA6A254B1B68DB6A0D
:108830009A4204D9234A3B69012142F823101D4B77
:108840001B68002B7FF46DAFFB69002B01D000F09B
:10885000FFFC1D4B1B687B617B69002B12D000F075
:1088600077F80346002B04D0164A3B69012142F8F1
:1088700023107B69013B7B617B69002BEFD1124B9D
:1088800000221A600F4A3B6952F82330002B05D0B2
:108890000123BB610A4B1B68FFF75AFCFFF73EFC44
:1088A000BB6918462037BD4680BD00BFD8050020F3
:1088B000B005002070050020B8050020C804002085
:1088C000C4040020C4050020C005002080B483B08B
:1088D00000AF054B1B687B607B6818460C37BD46B4
:1088E0005DF8047B704700BFB405002080B400AF82
:1088F000034B1B681846BD465DF8047B704700BFFC
:10890000B005002080B485B000AF78607B68002B94
:1089100002D10E4B1B6800E07B68FB60FB68002BFC
:108920000BD14FF0500383F31188BFF36F8FBFF368
:108930004F8FBB6000BF00BFFDE7FB6834331846B4
:108940001437BD465DF8047B704700BFC4040020A7
:1089500080B58AB000AF00237B62824B1B68002B7E
:1089600040F0F480804B1B6801333B627E4A3B6AD7
:1089700013603B6A002B21D17C4B1B681B68002BCA
:108980000BD04FF0500383F31188BFF36F8FBFF309
:108990004F8F7B6000BF00BFFDE7744B1B68FB611E
:1089A000734B1B68714A1360714AFB691360714B0A
:1089B0001B6801336F4A136000F04AFC6E4B1B6862
:1089C0003A6A9A42C0F0A780684B1B681B68002B6C
:1089D00004D1694B4FF0FF321A609CE0634B1B6877
:1089E000DB68DB68BB61BB695B687B613A6A7B699A
:1089F0009A4203D2604A7B6913608CE0BB695B6971
:108A00003B61BB699B68BA69D2689A60BB69DB68E5
:108A1000BA6992685A603B695A68BB6904339A42E2
:108A200003D1BB69DA683B695A60BB6900225A61AD
:108A30003B691B685A1E3B691A60BB699B6A002B25
:108A40001ED0BB699B6AFB60BB69DB69BA69126AAD
:108A50009A60BB691B6ABA69D2695A60FB685A6836
:108A6000BB6918339A4203D1BB691A6AFB685A6022
:108A7000BB6900229A62FB681B685A1EFB681A6079
:108A8000BB69DA6A3D4B1B689A4203D9BB69DB6A52
:108A90003A4A1360BB69DA6A394913469B001344AA
:108AA0009B000B4404331B68BB60BB69BA689A60C7
:108AB000BB689A68BB69DA60BB689B68BA690432B4
:108AC0005A60BB691A1DBB689A60BB69DA6A1346B3
:108AD0009B0013449B002A4A1A44BB695A61BB6934
:108AE000DA6A274913469B0013449B000B441B681A
:108AF000591C234813469B0013449B0003441960F0
:108B0000BB69DA6A1F4B1B68DB6A9A427FF65CAF6F
:108B100001237B6258E71B4B1B68DA6A184913462E
:108B20009B0013449B000B441B68012B01D90123BC
:108B30007B62154B1B68002B01D101F049F9134BE7
:108B40001B68002B09D001237B6206E00E4B1B68DB
:108B500001330D4A136001F03BF97B6A1846283750
:108B6000BD4680BDD8050020B40500206805002062
:108B70006C050020C8050020D0050020B8050020A5
:108B8000C8040020C4040020C0050020C405002043
:108B900080B584B000AF314B1B68002B03D0304B45
:108BA00001221A6055E02E4B00221A602D4B1B68E3
:108BB0001A682C4B1B681B6B9A4209D8294B1B68FF
:108BC0003433BB60274B1B68B96818460BF0E1FDD6
:108BD000254B1B68FB6011E0FB68002B0BD14FF0AD
:108BE000500383F31188BFF36F8FBFF34F8F3B6048
:108BF00000BF00BFFDE7FB68013BFB601B49FA6853
:108C000013469B0013449B000B441B68002BE3D0CE
:108C1000FA6813469B0013449B00144A13447B607C
:108C20007B685B685A687B685A607B685A687B68B7
:108C300008339A4203D17B68DA687B685A607B68A4
:108C40005B68DB68074A1360074AFB681360054BE3
:108C50001B6800BF1037BD4680BD00BFD80500208F
:108C6000C4050020C4040020B8050020C80400206A
:108C700080B584B000AF786039607B68002B0BD181
:108C80004FF0500383F31188BFF36F8FBFF34F8F03
:108C9000FB6000BF00BFFDE7074B1B681833194698
:108CA00078680AF02EFB0121386800F00BFD00BF48
:108CB0001037BD4680BD00BFC404002080B586B01B
:108CC00000AFF860B9607A60FB68002B0BD14FF001
:108CD000500383F31188BFF36F8FBFF34F8F3B6156
:108CE00000BF00BFFDE7FB685B687B61154B1B683D
:108CF0007A69DA61134B1B687A6992681A62114BC0
:108D00001A687B699B6818325A600E4B1B6803F126
:108D100018027B699A600B4B1B68FA689A62FB68C1
:108D20001B685A1CFB681A607B68002B02D04FF04E
:108D3000FF33BB607968B86800F0C4FC00BF183727
:108D4000BD4680BDC404002080B48BB000AF786005
:108D50007B68DB68DB683B623B6A002B0BD14FF022
:108D6000500383F31188BFF36F8FBFF34F8FFB6006
:108D700000BF00BFFDE73B6A9B6AFB613B6ADB69A2
:108D80003A6A126A9A603B6A1B6A3A6AD2695A6006
:108D9000FB695A683B6A18339A4203D13B6A1A6AE4
:108DA000FB695A603B6A00229A62FB691B685A1E83
:108DB000FB691A604A4B1B68002B5FD13B6A5B69F9
:108DC0007B613B6A9B683A6AD2689A603B6ADB685F
:108DD0003A6A92685A607B695A683B6A04339A42DD
:108DE00003D13B6ADA687B695A603B6A00225A61A8
:108DF0007B691B685A1E7B691A603B6ADA6A394BC9
:108E00001B689A4203D93B6ADB6A364A13603B6AA5
:108E1000DA6A354913469B0013449B000B44043324
:108E20001B683B613B6A3A699A603B699A683B6A96
:108E3000DA603B699B683A6A04325A603B6A1A1DE1
:108E40003B699A603B6ADA6A13469B0013449B00B5
:108E5000254A1A443B6A5A613B6ADA6A2249134638
:108E60009B0013449B000B441B68591C1E4813466F
:108E70009B0013449B00034419601BE01B4B5B6881
:108E8000BB613B6ABA69DA61BB699A683B6A1A627C
:108E9000BB699B683A6A18325A603B6A03F1180250
:108EA000BB699A603B6A114A9A62104B1B68013396
:108EB0000E4A13603B6ADA6A0D4B1B68DB6A9A4202
:108EC00005D901237B620B4B01221A6001E00023CC
:108ED0007B627B6A18462C37BD465DF8047B704781
:108EE000D8050020B8050020C80400207005002027
:108EF000C4040020C405002080B483B000AF7860B3
:108F0000064B1A687B681A60054B1A687B685A60C2
:108F100000BF0C37BD465DF8047B7047C8050020D4
:108F2000B405002080B588B000AF786039607B68F8
:108F3000002B0BD14FF0500383F31188BFF36F8FD9
:108F4000BFF34F8F3B6100BF00BFFDE73B68002BC5
:108F50000BD14FF0500383F31188BFF36F8FBFF332
:108F60004F8FFB6000BF00BFFDE7FFF7A1F8264B66
:108F70001B68BB617B685B68BA69D31A7B61234B52
:108F80001B6893F85130002B07D0204B1B68002240
:108F900083F851200123FB612EE03B681B68B3F18D
:108FA000FF3F02D10023FB6126E07B681A68184B63
:108FB0001B689A420AD07B685B68BA699A4205D3FB
:108FC0000123FB613B6800221A6015E03B681B68C7
:108FD0007A699A420BD23B681A687B69D21A3B685D
:108FE0001A607868FFF788FF0023FB6104E03B68A4
:108FF00000221A600123FB61FFF790F8FB69184615
:109000002037BD4680BD00BFB4050020C404002049
:10901000C805002080B400AF034B01221A6000BFD6
:10902000BD465DF8047B7047C405002080B582B062
:1090300000AF786000F04CF8044B1B68012B01D99D
:10904000FFF786F80BF0C7FBF4E700BFC804002069
:1090500080B582B000AF00237B600CE07A681346D5
:109060009B0013449B00124A134418460AF01CF953
:109070007B6801337B607B68052BEFD90D480AF0D4
:1090800013F90D480AF010F90C480AF00DF90C48D4
:109090000AF00AF90B480AF007F90B4B054A1A6067
:1090A0000A4B054A1A6000BF0837BD4680BD00BFA5
:1090B000C804002040050020540500207005002051
:1090C000840500209C050020680500206C05002018
:1090D00080B582B000AF19E0FEF7EAFF104BDB6805
:1090E000DB687B607B68043318460AF043F90D4B5C
:1090F0001B68013B0B4A13600B4B1B68013B0A4A80
:109100001360FFF70BF878680BF055FA064B1B68F5
:10911000002BE1D100BF00BF0837BD4680BD00BFB6
:1091200084050020B00500209805002080B586B099
:1091300000AFF860B9607A60FB70FB68002B02D169
:10914000414B1B6800E0FB683B61BB683A691A60F1
:109150003B6903F13402BB685A603B69DA6ABB6859
:109160001A613B691A6BBB68DA613B691A68BB68B4
:109170001A623B699A6BBB685A623B69DA6BBB68DF
:109180009A603B695A6CBB685A61BB6800229A615D
:10919000FB78052B3CD02C4B1B683A699A4203D1D3
:1091A000BB6800221A733AE0BB68FA781A73FB783E
:1091B000032B20D1FFF77CFA3B699B6A002B03D07D
:1091C000BB6802221A7314E000237B610EE03A6947
:1091D0007B69134450331B78DBB2012B03D1BB688E
:1091E00002221A7305E07B6901337B617B69002BE6
:1091F000EDDDFFF76BFAFEF75BFF3B699B6A134AF5
:10920000934202D1BB6801221A73FEF787FF06E082
:109210003869FFF737F903461A46BB681A737B684B
:10922000002B09D03B691B6B18460BF0A8F90346CD
:109230001A46BB681A8502E0BB6800221A8500BF87
:109240001837BD4680BD00BFC40400207005002053
:1092500080B400AF0A4B1B681B68002B04D1094B7C
:109260004FF0FF321A6005E0054B1B68DB681B6896
:10927000044A136000BFBD465DF8047B704700BF21
:1092800068050020D005002080B483B000AF054BF6
:109290001B687B607B6818460C37BD465DF8047B15
:1092A000704700BFC404002080B483B000AF0B4BF4
:1092B0001B68002B02D101237B6008E0084B1B6870
:1092C000002B02D102237B6001E000237B607B68DE
:1092D00018460C37BD465DF8047B7047BC0500207E
:1092E000D805002080B586B000AF78607B683B6110
:1092F00000237B617B68002B7BD03B69DA6A3F4BA4
:109300001B68DB6A9A426BD23B699B6903F400439A
:10931000002B06D1394B1B68DB6AC3F106023B699F
:109320009A613B6959693B69DA6A13469B001344A9
:109330009B00334A134499424AD13B69043318468F
:109340000AF018F82D4B1B68DA6A3B69DA623B6950
:10935000DA6A2C4B1B689A4203D93B69DB6A294ABB
:1093600013603B69DA6A264913469B0013449B004D
:109370000B4404331B68FB603B69FA689A60FB6826
:109380009A683B69DA60FB689B683A6904325A6004
:109390003B691A1DFB689A603B69DA6A13469B00B9
:1093A00013449B00164A1A443B695A613B69DA6AC6
:1093B000134913469B0013449B000B441B68591C24
:1093C0000F4813469B0013449B000344196004E0BC
:1093D0000A4B1B68DA6A3B69DA6201237B6108E0A9
:1093E0003B695A6C054B1B68DB6A9A4201D2012328
:1093F0007B617B6918461837BD4680BDC4040020D8
:10940000C8040020B805002080B588B000AF78609F
:109410007B68BB610023FB617B68002B00F08180CF
:10942000424B1B68BA699A420BD04FF0500383F34A
:109430001188BFF36F8FBFF34F8F3B6100BF00BF39
:10944000FDE7BB699B6C002B0BD14FF0500383F3FE
:109450001188BFF36F8FBFF34F8FFB6000BF00BF5A
:10946000FDE7BB699B6C5A1EBB699A64BB69DA6AEB
:10947000BB695B6C9A4254D0BB699B6C002B50D18A
:10948000BB690433184609F075FFBB695A6CBB69A8
:10949000DA62BB69DB6AC3F10602BB699A61BB6928
:1094A000DA6A234B1B689A4203D9BB69DB6A204AFC
:1094B0001360BB69DA6A1F4913469B0013449B0083
:1094C0000B4404331B687B61BB697A699A607B69D2
:1094D0009A68BB69DA607B699B68BA6904325A6032
:1094E000BB691A1D7B699A60BB69DA6A13469B00E7
:1094F00013449B000F4A1A44BB695A61BB69DA6A7C
:109500000C4913469B0013449B000B441B68591CD9
:10951000084813469B0013449B0003441960012331
:10952000FB61FB6918462037BD4680BDC40400209E
:10953000B8050020C804002080B58AB000AF78606C
:1095400039607B683B620123FB617B68002B00F084
:1095500097803B6A9B6C002B0BD14FF0500383F339
:109560001188BFF36F8FBFF34F8F3B6100BF00BF08
:10957000FDE73B6A5B6C3A689A4202D93B687B62C2
:1095800002E03B6A5B6C7B623B6ADB6A7A6A9A4206
:1095900076D03B6A9B6CFA699A4271D13A4B1B6850
:1095A0003A6A9A420BD14FF0500383F31188BFF30C
:1095B0006F8FBFF34F8FFB6000BF00BFFDE73B6ABB
:1095C000DB6ABB613B6A7A6ADA623B6A9B6903F4D5
:1095D0000043002B04D17B6AC3F106023B6A9A6107
:1095E0003B6A5969BA6913469B0013449B00274A9A
:1095F0001344994244D13B6A0433184609F0BAFE39
:109600003B6ADA6A224B1B689A4203D93B6ADB6ADF
:109610001F4A13603B6ADA6A1C4913469B001344D5
:109620009B000B4404331B687B613B6A7A699A6038
:109630007B699A683B6ADA607B699B683A6A0432A4
:109640005A603B6A1A1D7B699A603B6ADA6A134664
:109650009B0013449B000D4A1A443B6A5A613B6AC3
:10966000DA6A0A4913469B0013449B000B441B68AB
:10967000591C064813469B0013449B000344196081
:1096800000BF2837BD4680BDC4040020C8040020A8
:10969000B805002080B483B000AF094B1B687B6025
:1096A0007B68002B04D07B689B6C5A1C7B689A6497
:1096B0007B6818460C37BD465DF8047B704700BFD9
:1096C000C404002080B588B000AF78603960324BA8
:1096D0001B68FB61314B1B68BB61314B1B687B61B5
:1096E000304B1B68002283F851202E4B1B6804333B
:1096F000184609F03FFE7B68B3F1FF3F24D13B6879
:10970000002B21D0284B5B683B61264B1B683A69D4
:109710009A60244B1B683A699268DA60214B1A6898
:109720003B699B6804325A601E4B1B681A1D3B69DB
:109730009A601C4B1B681C4A5A611B4B1B68013307
:10974000194A136000BF22E0FA697B681344FB608A
:10975000144B1B68FA685A60FA68FB699A4207D290
:10976000104B1B6804331946786909F0CAFD0EE0F6
:109770000C4B1B6804331946B86909F0C2FD0B4B4A
:109780001B68FA689A4202D2084AFB68136000BF5D
:109790002037BD4680BD00BFB4050020680500200D
:1097A0006C050020C40400209C050020D00500208A
:1097B00080B584B000AF786039600623FB60002379
:1097C000BB60FEF775FFFB68013BFB60FA68134660
:1097D0009B0013449B00184A981807F108033A6845
:1097E00079680AF0F8FEFB68002BECD1134B18687F
:1097F00007F108033A6879680AF0EDFE104B186823
:1098000007F108033A6879680AF0E5FE07F10803F2
:109810003A6879680B480AF0DEFE07F108033A68F7
:10982000796809480AF0D7FEFEF750FFBB68184672
:109830001037BD4680BD00BFC80400206805002069
:109840006C0500209C0500208405002080B586B0B2
:1098500000AFF860B9607A603B60FEF729FCFB68F6
:10986000002B02D10C4B1B6800E0FB687B617B691D
:109870009A6BBB681A607B691A6B7B681A607B699C
:109880001A683B681A603B6A00221A70FEF746FCB1
:1098900000BF1837BD4680BDC404002080B584B029
:1098A00002AF00237B6000F069FA114B1B68002BAC
:1098B0000AD0104B019305230093002364220E4924
:1098C0000E480AF0A5FD78607B68002B0BD14FF0A5
:1098D000500383F31188BFF36F8FBFF34F8F3B604B
:1098E00000BF00BFFDE77B6818460837BD4680BD56
:1098F0000C06002010060020087101006D470100D1
:1099000080B58AB000AFF860B9607A603B60002330
:109910007B62FB68002B0BD14FF0500383F311885F
:10992000BFF36F8FBFF34F8F3B6200BF00BFFDE7F8
:109930001C4B1B68002B2FD0BB683B617B687B6195
:10994000FB68BB61BB68052B0BDD4FF0500383F355
:109950001188BFF36F8FBFF34F8FFB6100BF00BF54
:10996000FDE7BB68052B17DCFFF79EFC0346022BC7
:1099700009D10C4B186807F1100100233A6B09F06C
:10998000BFFE786208E0074B186807F1100100235A
:10999000002209F0B5FE78627B6A18462837BD467A
:1099A00080BD00BF0C06002080B584B000AF786099
:1099B0003960144B1B68DB68DB68FB60FB680433B1
:1099C000184609F0D7FCFB6893F8283003F004032D
:1099D000002B05D03A687968F8680AF0A6FE08E01E
:1099E000FB6893F8283023F00103DAB2FB6883F8B0
:1099F0002820FB681B6AF868984700BF1037BD46EF
:109A000080BD00BF0406002080B584B000AF786040
:109A10003960FEF74DFE07F10803184600F05EF8C6
:109A2000F860BB68002B2AD13B68002B0AD17A680A
:109A3000FB689A4206D8FEF749FEF9687868FFF796
:109A4000B3FF1EE03B68002B08D0104B1B681B685F
:109A5000002B01D1012300E000233B600C4B186870
:109A60007A68FB68D31A3A6819460AF0EDFBFEF7EC
:109A70002DFE0346002B04D1FEF76AFB01E0FEF742
:109A800025FE00BF1037BD4680BD00BF0806002080
:109A90000C06002080B485B000AF78600E4B1B68C8
:109AA0001B68002B01D1012200E000227B681A60B4
:109AB0007B681B68002B05D1074B1B68DB681B68A4
:109AC000FB6001E00023FB60FB6818461437BD46CD
:109AD0005DF8047B704700BF0406002080B584B0A9
:109AE00000AF7860FEF7F2FEF8600B4B1B68FA6877
:109AF0009A4205D200F01CF97B6801221A6002E04C
:109B00007B6800221A60044AFB681360FB681846F1
:109B10001037BD4680BD00BF1406002080B586B05A
:109B200000AFF860B9607A603B6000237B61FB683E
:109B3000BA685A60FB68FA681A61BA687B689A4228
:109B400012D87A683B68D21AFB689B699A4202D3A2
:109B500001237B611BE0104B1A68FB680433194634
:109B6000104609F0CEFB12E07A683B689A4206D2B2
:109B7000BA683B689A4202D301237B6107E0074B36
:109B80001A68FB6804331946104609F0BAFB7B6972
:109B900018461837BD4680BD080600200406002080
:109BA00080B588B000AF07F1080300221A605A6040
:109BB0009A60A9E0BB68002BC0F2A6803B69FB61FC
:109BC000FB695B69002B04D0FB690433184609F07C
:109BD000D1FB3B1D1846FFF781FFB861BB68013B15
:109BE000082B00F28E8001A252F823F0119C000095
:109BF000119C0000799C00008D9C0000D99C000005
:109C0000119C0000119C0000799C00008D9C0000BC
:109C1000FB6993F8283043F00103DAB2FB6983F85B
:109C20002820FA68FB699B69D118FB68BA69F86952
:109C3000FFF774FF0346002B65D0FB6993F82830CB
:109C400003F00403002B09D0FA68FB699B691344F5
:109C5000BA691946F8690AF068FD08E0FB6993F8EB
:109C6000283023F00103DAB2FB6983F82820FB696E
:109C70001B6AF869984746E0FB6993F8283023F09F
:109C80000103DAB2FB6983F828203DE0FB6993F811
:109C9000283043F00103DAB2FB6983F82820FA6820
:109CA000FB699A61FB699B69002B0BD14FF0500354
:109CB00083F31188BFF36F8FBFF34F8F7B6100BFBA
:109CC00000BFFDE7FB699A69BB69D118BB69BA6936
:109CD000F869FFF723FF17E0FB6993F8283003F0DA
:109CE0000203002B03D1F869FDF750FF0CE0FB697C
:109CF00093F8283023F00103DAB2FB6983F82820B7
:109D000002E000BF00E000BF084B1B6807F108013C
:109D10000022184609F07EFF0346002B7FF44AAF6D
:109D200000BF00BF2037BD4680BD00BF0C0600202D
:109D300080B582B000AF09E00E4B1B68DB681B6882
:109D40003B604FF0FF313868FFF72EFE094B1B6870
:109D50001B68002BF0D1074B1B687B60064B1B6810
:109D6000044A1360044A7B68136000BF0837BD468D
:109D700080BD00BF040600200806002080B500AFAB
:109D8000FEF796F90D4B1B68002B13D10C4809F018
:109D90008BFA0C4809F088FA0B4B094A1A600B4BF6
:109DA000084A1A6000220C210A2009F096FB03469B
:109DB000024A1360FEF7B2F900BF80BD0C06002016
:109DC000DC050020F0050020040600200806002025
:109DD00080B500AF074B1B680133064A1360054B83
:109DE0001B68092B04DDFAF7A9FA024B00221A605E
:109DF00000BF80BD1806002090B583B002AFAA2135
:109E000012480AF0EEFC124B00930023002241F2AC
:109E1000883110480AF02FFC03460F4A13600E4B9E
:109E20001B68002B01D100BFFDE70B4B1C68FEF740
:109E30004DFD024664230093002301212046FFF7D5
:109E40005FFD00BF0437BD4690BD00BF00E0074086
:109E500001480100107101001C06002080B485B08B
:109E600000AF78600B46FB707B681B0CFB737B6854
:109E70001B0ABB737B687B73FB7BFA7802FB03F3E3
:109E8000124AA2FB0323DB09FB73BB7BFA7802FBBC
:109E900003F30E4AA2FB0323DB09BB737B7BFA7837
:109EA00002FB03F3094AA2FB0323DB097B73FB7B61
:109EB0001A04BB7B1B021A437B7B13437B607B68CA
:109EC00018461437BD465DF8047B7047818080805A
:109ED00080B487B000AFF860B96011461A460B46EF
:109EE000FB711346BB71FB68042B05D9FB68062B7D
:109EF00002D8BB68272B01D90223B6E0BA68134603
:109F00005B001344DB007B6100233B6133E097F986
:109F10000630002B12DA584A7B6913441B785AB278
:109F20000121FB6801FA03F35BB213435BB2D9B2C0
:109F3000514A7B6913440A461A7013E04E4A7B6902
:109F400013441B785AB20121FB6801FA03F35BB298
:109F5000DB435BB213405BB2D9B2474A7B6913441F
:109F60000A461A70BB795B00BB717B6901337B6168
:109F70003B6901333B613B69072BC8DD00233B6133
:109F800033E097F90730002B12DA3B4A7B69134420
:109F90001B785AB20121FB6801FA03F35BB2134349
:109FA0005BB2D9B2344A7B6913440A461A7013E093
:109FB000314A7B6913441B785AB20121FB6801FACC
:109FC00003F35BB2DB435BB213405BB2D9B22A4A04
:109FD0007B6913440A461A70FB795B00FB717B694D
:109FE00001337B613B6901333B613B69072BC8DD72
:109FF00000233B6135E097F92030002B12DA1E4A2E
:10A000007B6913441B785AB20121FB6801FA03F300
:10A010005BB213435BB2D9B2174A7B6913440A4659
:10A020001A7013E0144A7B6913441B785AB2012159
:10A03000FB6801FA03F35BB2DB435BB213405BB234
:10A04000D9B20D4A7B6913440A461A7097F820303A
:10A050005B0087F820307B6901337B613B6901330A
:10A060003B613B69072BC6DD002318461C37BD4604
:10A070005DF8047B704700BF2006002080B489B0E3
:10A0800000AFF860B9607A603B60FB68042B05D9CB
:10A09000FB68062B02D8BB68272B01D9022372E08C
:10A0A00000237B767B7EBB76BB7EFB76BA6813464D
:10A0B0005B001344DB00FB6100237B6118E0BB7E87
:10A0C0005B00BB76334AFB6913441B781A46FB6876
:10A0D00042FA03F303F00103002B03D0BB7E43F0ED
:10A0E0000103BB76FB690133FB617B6901337B6153
:10A0F0007B69072BE3DD00237B6118E0FB7E5B00BF
:10A10000FB76244AFB6913441B781A46FB6842FA23
:10A1100003F303F00103002B03D0FB7E43F00103A4
:10A12000FB76FB690133FB617B6901337B617B69F2
:10A13000072BE3DD00237B6118E07B7E5B007B76F1
:10A14000144AFB6913441B781A46FB6842FA03F36E
:10A1500003F00103002B03D07B7E43F001037B76E9
:10A16000FB690133FB617B6901337B617B69072BF1
:10A17000E3DD7B68FA7E1A703B68BA7E1A70BB6AB0
:10A180007A7E1A70002318462437BD465DF8047B9A
:10A19000704700BF2006002080B500AF4FF47072FA
:10A1A000002103480BF048FC0023184680BD00BF87
:10A1B0002006002080B500AF044B4FF470711846A4
:10A1C00000F02EFF0346184680BD00BF2006002089
:10A1D00080B58AB000AF78607B685B681A463F49FB
:10A1E0003F4807F06CF807F10803022220211846C7
:10A1F000FAF7BCFE07F108033A4A2021184607F097
:10A20000A6F97B685A6807F108031946364807F033
:10A2100056F807F10803052220211846FAF7A6FE92
:10A2200007F108032F4A2021184607F090F97B68B0
:10A230005A6807F1080319462C4807F040F807F15F
:10A240000803062220211846FAF790FE07F10803BA
:10A25000244A2021184607F07AF97B685A6807F1EA
:10A2600008031946224807F02AF807F108032822B4
:10A2700020211846FAF77AFE07F10803194A20212F
:10A28000184607F064F97B685A6807F10803194615
:10A29000184807F014F807F1080350222021184647
:10A2A000FAF764FE07F108030E4A2021184607F06A
:10A2B0004EF97B685A6807F1080319460E4806F004
:10A2C000FEFF7B685B681A460C490D4806F0F7FFF5
:10A2D000002318462837BD4680BD00BF1C71010011
:10A2E000347101008475010038710100447101006E
:10A2F000507101005C7101006C7101007871010006
:10A300008071010080B58AB000AFF860B9607A60F2
:10A31000002387F827307049F8680BF09DFB03464F
:10A32000002B06D06D49F8680BF096FB0346002B16
:10A3300027D17B685B681A4669496A4806F0ADFF19
:10A340007B685B681A466849684806F0A6FF7B6828
:10A350005B681A466649674806F09FFF7B685B6842
:10A360001A466549654806F098FF7B685B681A469F
:10A370006349644806F091FFBB6801221A7000230C
:10A38000A5E06149F8680BF067FB0346002B06D097
:10A390005E49F8680BF060FB0346002B07D1BB68F1
:10A3A00001221A707868FFF713FF03468FE05849BF
:10A3B000F8680BF051FB0346002B08D1FFF7ECFEC9
:10A3C000FFF7F8FEBB6801221A7000237FE00B2222
:10A3D0005049F8680BF0ABFB0346002B1FD1BB685C
:10A3E00001221A70FB680B33BB6107F1140207F1FD
:10A3F00018031146184607F0E5FE034687F8273094
:10A4000097F82730002B02D097F827305FE07B6960
:10A4100018460AF070FAFFF7CDFE002357E0082235
:10A420003D49F8680BF083FB0346002B4DD1BB6818
:10A4300001221A70FB680833BB6107F1200207F1A3
:10A4400018031146184607F029FB034687F8273002
:10A4500097F82730002B36D13B6A042B33DD3B6A5B
:10A46000062B30DC07F11C0207F1180311461846D1
:10A4700007F014FB034687F8273097F82730002BA6
:10A4800021D1FB69002B1EDBFB69272B1BDC07F1AD
:10A49000140207F118031146184607F093FE03460D
:10A4A00087F8273097F82730002B02D097F827300D
:10A4B0000DE03B6A1846FB6919467B691A460AF0AB
:10A4C000B5F9FFF777FE002301E097F8273018462B
:10A4D0002837BD4680BD00BF8C6701008C7101002C
:10A4E000987101003471010034600100586001006E
:10A4F000B0710100C4710100D0710100F071010060
:10A5000004720100387201009C670100547201005E
:10A5100060720100707201007C72010080B582B02F
:10A5200000AF78601422044978680BF083FA00BF0A
:10A530000837BD4680BD00BFC083010080B489B02C
:10A5400000AFF860B9607A60BB68002B0ADABB68BC
:10A5500003F58753BB607B6803F587537B60FB681B
:10A560002833FB60FB68002B02DAFB682833FB60B2
:10A57000FB686C2202FB03F3BB61BB696B337B613D
:10A58000BA69BB689A4205DBBA697B689A4201DC0A
:10A59000BB69BB607A69BB689A4205DB7A697B68F4
:10A5A0009A4201DC7B697B607A69BB689A4214DB62
:10A5B000BA697B689A4210DC7A68BB68D31A0133A7
:10A5C0003B613A6913461B029B1A084A82FB03123D
:10A5D0005211DB17D31AFB6101E00023FB61FB6919
:10A5E00018462437BD465DF8047B7047F712DA4BF6
:10A5F00090B58DB002AFF860B9607A60FB70FB680F
:10A600003633FB60FB68002B14DAFB685B42FB60AF
:10A61000FB689A4A82FB03121A441113DA178A1A4A
:10A620004FF4875101FB02F29B1AFB60FB68C3F5F4
:10A630008753FB60FB68914A82FB03121A44111393
:10A64000DA178A1A4FF4875101FB02F29B1AFB605A
:10A65000FB688B4A82FB03125211DB17D31A3B6251
:10A660003B6A581EFB68A3F13601FB6835331A4676
:10A67000FFF764FF03463B61FB68A3F13601FB680B
:10A6800035331A46386AFFF759FF03467B613B6A48
:10A69000581CFB68A3F13601FB6835331A46FFF7F7
:10A6A0004DFF0346BB613B69BA6B02FB03F3754A7E
:10A6B00082FB03121A44D211DB17D31AFB773B69D2
:10A6C000FA6B02FB03F36F4A82FB03121A44D211A6
:10A6D000DB17D31ABB773B693A6C02FB03F3694A79
:10A6E00082FB03121A44D211DB17D31A7B773B6A21
:10A6F000013B7B627B6A002B01DA27237B62FB78BC
:10A7000083F00103DBB2002B06D07B6A002B03D061
:10A710007B6AC3F128037B62FB7F002B05D1BB7FE3
:10A72000002B02D17B7F002B0CD0B8687A687B6A43
:10A7300013441C46B97FFA7F7B7F00930B4621466A
:10A74000FFF7C6FB7B69BA6B02FB03F34D4A82FB42
:10A7500003121A44D211DB17D31AFB777B69FA6B09
:10A7600002FB03F3474A82FB03121A44D211DB17A0
:10A77000D31ABB777B693A6C02FB03F3414A82FB35
:10A7800003121A44D211DB17D31A7B773B6A7B6220
:10A79000FB7883F00103DBB2002B06D07B6A002B31
:10A7A00003D07B6AC3F128037B62FB7F002B05D1BA
:10A7B000BB7F002B02D17B7F002B0CD0B8687A685E
:10A7C0007B6A13441C46B97FFA7F7B7F00930B465C
:10A7D0002146FFF77DFBBB69BA6B02FB03F3294AF5
:10A7E00082FB03121A44D211DB17D31AFB77BB6921
:10A7F000FA6B02FB03F3234A82FB03121A44D211C1
:10A80000DB17D31ABB77BB693A6C02FB03F31D4A13
:10A8100082FB03121A44D211DB17D31A7B773B6AEF
:10A8200001337B627B6A272B01DD00237B62FB788F
:10A8300083F00103DBB2002B06D07B6A002B03D030
:10A840007B6AC3F128037B62FB7F002B05D1BB7FB2
:10A85000002B02D17B7F002B0CD0B8687A687B6A12
:10A8600013441C46B97FFA7F7B7F00930B46214639
:10A87000FFF72EFB00BF2C37BD4690BD49D6B9F27D
:10A88000F712DA4B8180808080B586B000AFF86027
:10A89000B9607A60FB687B61294A7968B86806F01C
:10A8A00056FE7B691B7C002B01D0264B00E0264B1B
:10A8B0001A467968B86806F04AFE7B695B7C1A0420
:10A8C0007B699B7C1B0213437A69D27C13433B61F7
:10A8D0001E4A7968B86806F03AFE3A697968B8683D
:10A8E00007F040F81A4A7968B86806F030FE7B69CC
:10A8F0005B681A467968B86807F0B8F8154A79684D
:10A90000B86806F024FE7B699B681A467968B868C7
:10A9100007F0ACF8104A7968B86806F018FE7B6951
:10A920001B78002B01D0074B00E0074B1A467968D3
:10A93000B86806F00CFE00BF1837BD4680BD00BFEA
:10A940008872010094720100987201009C720100EB
:10A95000A8720100B4720100C072010080B586B017
:10A9600000AFF860B9607A60FB687B61144A79686F
:10A97000B86806F0ECFD7B691B7B002B01D0114B06
:10A9800000E0114B1A467968B86806F0E0FD7B6973
:10A990005B7B1A047B699B7B1B0213437A69D27B26
:10A9A00013433B61094A7968B86806F0D0FD3A69FB
:10A9B0007968B86806F0D6FF00BF1837BD4680BD7D
:10A9C0008872010094720100987201009C7201006B
:10A9D00080B483B000AF03463960FB7197F907304C
:10A9E000002B0ADB3B68DAB20C4997F907301201F9
:10A9F000D2B20B4483F800230AE03B68DAB208497C
:10AA0000FB7903F00F03043B1201D2B20B441A7618
:10AA100000BF0C37BD465DF8047B704700E100E0E5
:10AA200000ED00E080B400AF1B4B1B6803F0800317
:10AA3000002B05D0184B1B68174A23F080031360C6
:10AA4000154BDB6803F08003002B05D0124BDB684D
:10AA5000114A23F08003D3600F4B5B6903F080033E
:10AA6000002B05D00C4B5B690B4A23F0800353612C
:10AA7000094BDB6903F08003002B05D0064BDB6933
:10AA8000054A23F08003D361BFF34F8F00BF00BF9F
:10AA9000BD465DF8047B70470080034080B500AF81
:10AAA00023480AF08BF8234B00221A60214B1B68C5
:10AAB000204A23F0980313601E4B1B681D4A23F0A5
:10AAC000870313601B4B00225A601A4B3C229A608A
:10AAD000184B1022DA60174B10225A61154B1022C6
:10AAE000DA61144B0A221A61124B1A229A61114B35
:10AAF00033221A620F4BDB6843F040030D4A23F008
:10AB00008003D3600B4B5B6943F04003094A23F099
:10AB100080035361074BDB6943F04003054A23F090
:10AB20008003D36100212A20FFF752FF00BF80BDC0
:10AB300018003C100080034080B400AF134B00228B
:10AB40005A60124BDB6843F04003104A23F0800345
:10AB5000D3600E4B5B6943F040030C4A23F0800343
:10AB600053610A4BDB6943F04003084A23F080033A
:10AB7000D361064B1B6823F09803044A43F0080393
:10AB8000136000BFBD465DF8047B70470080034042
:10AB900080B400AF174B1B68164A23F0980313606C
:10ABA000144BDB68134A23F0C003D360114B5B697D
:10ABB000104A23F0C00353610E4BDB690D4A23F0AA
:10ABC000C003D3610B4BDB680A4A23F08003D360D8
:10ABD000084B5B69074A23F080035361054BDB692F
:10ABE000044A23F08003D36100BFBD465DF8047BB7
:10ABF000704700BF0080034080B582B000AF0023E3
:10AC00007B6061E0B64A7B6880335B0113440022BD
:10AC10001A60B34A7B6880335B011344043300221B
:10AC20001A80AF4A7B6880335B01134406330022ED
:10AC30001A80AB4A7B685B01134403F580530833E9
:10AC400000221A60A64A7B685B01134403F5805317
:10AC50000C3300221A60A24A7B685B01134403F59F
:10AC60008053103300221A609D4A7B685B011344B5
:10AC700003F58053143300221A80994A7B685B01E4
:10AC8000134403F58053163301221A80944A7B68DB
:10AC90005B01134403F58053183300221A60904A75
:10ACA0007B685B01134403F580531C3300221A8038
:10ACB0008B4A7B685B01134403F580531E330122EA
:10ACC0001A807B6801337B607B68022B9ADD844BA2
:10ACD0001B68834A43F080031360814B03F5805364
:10ACE0001A46012393607E4B03F580531A460123D5
:10ACF00093627B4B03F580531A4601239364784B90
:10AD000003F58053DB889BB2754AC3F30A0399B2FB
:10AD100002F580530A46DA80714B03F58053DB8CD1
:10AD20009BB26F4AC3F30A0399B202F580530A46F5
:10AD3000DA846B4B03F58053B3F846309BB2684A14
:10AD4000C3F30A0399B202F580530A46A3F84620DA
:10AD5000634B03F5805300229A80614B03F58053C7
:10AD600001229A845E4B03F580530022A3F844200D
:10AD70005B4B03F58053DB889BB2594A23F4E063B5
:10AD800099B202F580530A46DA80554B03F5805399
:10AD9000DB8C9BB2524A23F4E06399B202F58053F4
:10ADA0000A46DA844E4B03F58053B3F846309BB223
:10ADB0004B4A23F4E06399B202F580530A46A3F8A4
:10ADC0004620484809F0FAFE454B03F580531A46E1
:10ADD000454B1361424B03F580531A46434B1363B3
:10ADE0003F4B03F580531A46414B13653C4B03F52B
:10ADF0008053DB889BB23A4A23F0F80399B202F5FC
:10AE000080530A46DA80364B03F58053DB8C9BB2C5
:10AE1000334A23F0F80399B202F580530A46DA84E4
:10AE20002F4B03F58053B3F846309BB22C4A23F0E6
:10AE3000F80399B202F580530A46A3F84620284B3E
:10AE400003F5805300229A82254B03F5805300229C
:10AE50009A86234B03F580530022A3F85420204BFD
:10AE600003F58053DB889BB21D4A23F0070399B298
:10AE700002F580530A46DA80194B03F58053DB8CC8
:10AE80009BB2174A23F0070399B202F580530A4692
:10AE9000DA84134B03F58053B3F846309BB2104A63
:10AEA00023F0070399B202F580530A46A3F846201F
:10AEB0000B4B03F580539B8B9BB21BB243F00803F3
:10AEC0001AB2074B92B203F580539A83044B03F5F1
:10AED00080539B8F9BB21BB243F008030AE000BF74
:10AEE000008000400C00381084F00F4080F00F40CC
:10AEF00088F00F401AB2484B92B203F580539A87FC
:10AF0000454B03F58053B3F85C309BB21BB243F062
:10AF100008031AB2404B92B203F58053A3F85C20A9
:10AF20003E48F5F70BFE3D4B1B78DBB23B4A03F086
:10AF30007F03DBB21370394B5B78DBB2374A03F027
:10AF40007F03DBB25370354B9B78DBB2334A03F09F
:10AF50007F03DBB29370314B1B78DBB22F4A23F0B7
:10AF60004003DBB213702D4B5B78DBB22B4A23F02E
:10AF70004003DBB25370294B9B78DBB2274A23F0A6
:10AF80004003DBB29370254B1B78DBB25BB223F03E
:10AF90003F035BB243F014035AB2204BD2B21A7093
:10AFA0001E4B5B78DBB25BB223F03F035BB243F036
:10AFB00015035AB2194BD2B25A70184B9B78DBB2B8
:10AFC0005BB223F03F035BB243F016035AB2134B5C
:10AFD000D2B29A70114B1B78DBB25BB263F07F0385
:10AFE0005AB20E4BD2B21A700C4B5B78DBB25BB22A
:10AFF00063F07F035AB2094BD2B25A70074B9B7869
:10B00000DBB25BB263F07F035AB2044BD2B29A70E8
:10B0100000BF0837BD4680BD0080004000100240E0
:10B0200080B586B000AF786039609E4B00221A77F9
:10B030009C4B01221A779B4B02221A77994A9A4B12
:10B0400002F580521360974B03F580531A467B68D4
:10B050001362944A944B02F580521364914B03F5AA
:10B060008053DB8A9BB21BB223F4FF4323F07F03A0
:10B070001AB23B681BB213431AB28A4B92B203F561
:10B080008053DA82874B03F58053DB8E9BB21BB271
:10B0900023F4FF4323F07F031AB23B681BB2134330
:10B0A0001AB2804B92B203F58053DA867D4B03F5DA
:10B0B0008053B3F856309BB21BB223F4FF4323F006
:10B0C0007F031AB23B681BB213431AB2754B92B29C
:10B0D00003F58053A3F85620724B03F58053DB8BA6
:10B0E0009BB21BB223F4FF4323F07F031AB23B68E9
:10B0F0001BB213431AB26B4B92B203F58053DA833F
:10B10000684B03F58053DB8F9BB21BB223F4FF43E4
:10B1100023F07F031AB23B681BB213431AB2614B90
:10B1200092B203F58053DA875E4B03F58053B3F890
:10B130005E309BB21BB223F4FF4323F07F031AB2AD
:10B140003B681BB213431AB2564B92B203F58053BD
:10B15000A3F85E20554B00225A60544BFF221A651B
:10B16000524B1B68514A23F080031360504B1B78ED
:10B17000DBB25BB263F07F035AB24D4BD2B21A70AE
:10B180004B4B5B78DBB25BB263F07F035AB2484B48
:10B19000D2B25A70464B9B78DBB25BB263F07F034E
:10B1A0005AB2434BD2B29A703E4B0222DA763D4BF2
:10B1B0000122DA763B4B0022DA763C4BFF221A65FD
:10B1C0003A4B1B68394A23F080031360374BDB6826
:10B1D00043F00103354A23F08003D360334B5B69AE
:10B1E00043F00103314A23F0800353612F4BDB69A5
:10B1F00043F001032D4A23F08003D361FFF79CFC49
:10B200000023FB750A20F9F713F80346BB75BB7DD5
:10B210001846F9F76FF80346002B02D00123FB759F
:10B2200026E0204B03F580539B8B9BB203F08003F9
:10B230003B611C4B03F580539B8F9BB203F0800353
:10B24000FB60184B03F58053B3F85C309BB203F0FE
:10B250008003BB603B69002B05D0FB68002B02D04C
:10B26000BB68002B03D10120FDF7DEF8CFE700BF5C
:10B27000FFF78EFCBB7D1846F9F718F80D4B1B68DD
:10B28000322202FB03F30C4A934225D9094B1B6877
:10B29000322202FB03F3094A934211D206F0CBFF9C
:10B2A0001AE000BF0080004091840100008003404C
:10B2B00000100240080000203F420F00C0D8A70045
:10B2C0001F4B1B68322202FB03F31E4AA2FB03231F
:10B2D0009B0C1846F9F792FF1B4B1B78DBB21A4AFE
:10B2E00003F07F03DBB21370174B5B78DBB2164AB7
:10B2F00003F07F03DBB25370134B9B78DBB2124A2F
:10B3000003F07F03DBB29370104BDB680F4A23F02E
:10B310008103D3600D4B5B690C4A23F081035361B9
:10B320000A4BDB69094A23F08103D361FB7D002BC3
:10B3300001D0082300E0002318461837BD4680BD21
:10B340000800002083DE1B43001002400080034001
:10B3500080B582B000AF78602422044978680AF092
:10B3600069FB00BF0837BD4680BD00BFD483010024
:10B3700080B400AF034B1B681846BD465DF8047BE4
:10B38000704700BFE009002080B483B000AF786050
:10B39000044A7B68136000BF0C37BD465DF8047B30
:10B3A000704700BFE009002080B582B000AF084BB5
:10B3B0001B683A1D1146184608F073FB7B68012B89
:10B3C0000CBF01230023DBB218460837BD4680BD01
:10B3D000E409002080B500AF044B18680023002268
:10B3E000002108F08DF900BF80BD00BFE4090020F6
:10B3F00080B584B000AF78606420FDF715F8194B74
:10B400004D2219490020F7F797FAFEF7C5FEFEF71F
:10B41000D1FE4FF4FA70FDF707F8012009F06EFF36
:10B4200000F09EF8F860F86809F0B4FF00220021EF
:10B4300001200AF013F8FFF7CDFF0C4B1B684FF00B
:10B44000FF31184608F0BAFCB860BB68012B05D183
:10B45000FEF7A2FE09F0FAFEFEF7ACFE1420FCF7A0
:10B46000E3FFEAE7C8720100DC720100E409002092
:10B4700080B582B002AF1948FCF748FC0023019365
:10B48000022300930023E1221549164808F0C0FF6B
:10B490000346012B01D000BFFDE70322002101205C
:10B4A00008F01BF80346104A13600F4B1B68002B73
:10B4B00007D10E4B9F220E490520F7F73DFA00BF3A
:10B4C000FDE7094B186800230022002108F018F955
:10B4D00002F0DCF9FDF7A8F800BFFDE7F8830100F2
:10B4E0003C730100F1B30000E40900204073010047
:10B4F000DC72010080B586B000AF3B1D1846F7F73F
:10B50000C7F801233B71084BBB60084BFB6002236B
:10B510003B613B1D184605F0A1FB0346044A13603E
:10B5200000BF1837BD4680BD80F00F4000B004401A
:10B53000E809002080B584B000AFF860B960134618
:10B54000FB71064B1868FB79BA68F96809F0BFFB14
:10B55000034618461037BD4680BD00BFEC090020E9
:10B5600080B500AF054B1B68054A12781146184696
:10B57000FEF774FC0346184680BD00BF1000002093
:10B58000F900002080B5AAB000AFF860B9607A6019
:10B590003B607A68B968F86809F0F2FCC7F8A40063
:10B5A0007A68B968F86809F005FD034687F8A330A2
:10B5B000002387F8203007F12003324A8021184603
:10B5C00005F0C5FF97F8A32007F120038021184656
:10B5D00006F062F907F120032B4A8021184605F096
:10B5E000B6FF07F1200380221946D7F8A40003F024
:10B5F0007FFC07F12003254A8021184605F0A7FFAC
:10B6000007F11003224A1021184605F07BFFFB6862
:10B61000DAB207F110031021184606F0ABF807F173
:10B6200010032C221021184605F0C4FFBB68DAB2C3
:10B6300007F110031021184606F09CF807F11003DB
:10B640002C221021184605F0B5FF7B68DAB207F10D
:10B6500010031021184606F08DF807F110030D4A6B
:10B660001021184605F073FF3B685A6807F1200166
:10B6700007F11003184605F022FE00BFA837BD46AB
:10B6800080BD00BF647301006C730100847501000C
:10B69000787301008073010080B5A8B000AFF86036
:10B6A000B9607A603B60002387F8203007F12003FF
:10B6B000364A8021184605F025FF7B68DBB21A4622
:10B6C000B968F868FFF736FF07F1200380221946B2
:10B6D000FFF7DAF807F120032D4A8021184605F01C
:10B6E00036FF7B68DBB21A46B968F868FFF722FFBD
:10B6F00007F1200380221946FFF730F907F12003F4
:10B70000244A8021184605F022FF07F11003224A3F
:10B710001021184605F0F6FEFB68DAB207F11003B7
:10B720001021184606F026F807F110032C221021EC
:10B73000184605F03FFFBB68DAB207F1100310218D
:10B74000184606F017F807F110032C2210211846AE
:10B7500005F030FF7B68DAB207F1100310211846BC
:10B7600006F008F807F110030C4A1021184605F0FE
:10B77000EEFE3B685A6807F1200107F110031846F6
:10B7800005F09DFD00BFA037BD4680BD847301005C
:10B790008C730100847501009473010080730100B3
:10B7A00080B594B000AF78607B685B681A465B49EF
:10B7B0005B4805F084FD07F10C035A4A4021184606
:10B7C00005F0A0FE07F10C0302224021184605F007
:10B7D000D1FF07F10C032A224021184605F0EAFEAA
:10B7E00007F10C0301224021184605F0C3FF07F1C1
:10B7F0000C032A224021184605F0DCFE07F10C0359
:10B8000002224021184605F0B5FF07F10C03464A15
:10B810004021184605F09BFE7B685A6807F10C032F
:10B820001946424805F04BFD414B5B68184606F04F
:10B83000BBFDF864FB6C002B07D007F10C03402222
:10B840001946F86CF6F71CFE06E007F10C03394ABE
:10B850004021184605F056FE07F10C03324A4021FC
:10B86000184605F074FE7B685A6807F10C03194608
:10B87000314805F024FD07F10C03304A40211846F9
:10B8800005F040FE2E4B1A6807F10C0340211846C4
:10B8900006F068F807F10C03234A4021184605F02A
:10B8A00056FE7B685A6807F10C031946254805F0D7
:10B8B00006FD07F10C03214A4021184605F022FE3F
:10B8C000214B1A7807F10C034021184605F0E4FFDC
:10B8D00007F10C03144A4021184605F038FE7B6836
:10B8E0005A6807F10C031946184805F0E8FCFFF701
:10B8F0003FFD0346184609F0AAFA0346002B01D083
:10B90000134900E013497B685B681A46124805F04A
:10B91000D6FC002318465037BD4680BD9C730100FD
:10B92000B0730100B873010084750100C073010099
:10B93000F4090020CC73010084600100D47301007D
:10B940001000002040640100F9000020E0730100B5
:10B95000F4630100FC630100F073010080B58AB05C
:10B9600000AFF860B9607A603B6007F124031946C4
:10B97000F86806F093F80346002B40F0BD817B6A1F
:10B98000002BC0F2B9817B6A012B00F3B58107F16E
:10B9900020031946F86806F081F80346002B40F0B2
:10B9A000AB813B6A002BC0F2A7813B6A002B00F3FE
:10B9B000A38107F11C031946F86806F06FF80346E7
:10B9C000002B40F09981FB69002BC0F29581FB6947
:10B9D000012B00F3918107F118031946F86806F06E
:10B9E0005DF80346002B40F0878107F114031946E8
:10B9F000F86806F053F80346002B40F07D817B6920
:10BA0000002BC0F27981FB681B681B78202B04D1C6
:10BA1000FB681B685A1CFB681A60FB681B681B7874
:10BA2000002B0AD1BB6B00221A703B6C01221A70EA
:10BA30003B6C1A78FB6B1A7033E1FB681B680222BF
:10BA4000A14918460AF073F80346002B0FD1FB6892
:10BA50001B689A1CFB681A60BB6B01221A703B6C56
:10BA600001221A703B6C1A78FB6B1A7019E1FB68A3
:10BA70001B680222954918460AF059F80346002B24
:10BA80000ED1FB681B689A1CFB681A60BB6B012215
:10BA90001A70FB6B00221A703B6C01221A7000E1D5
:10BAA000FB681B6802228A4918460AF040F80346E0
:10BAB000002B0ED1FB681B689A1CFB681A60BB6BDD
:10BAC00001221A70FB6B01221A703B6C00221A7063
:10BAD000E7E0FB681B6802227E4918460AF027F857
:10BAE0000346002B0FD1FB681B689A1CFB681A6089
:10BAF000BB6B01221A703B6C00221A703B6C1A78E7
:10BB0000FB6B1A70CDE0FB681B6802227249184675
:10BB10000AF00DF80346002B0FD1FB681B689A1C36
:10BB2000FB681A60BB6B02221A703B6C01221A7010
:10BB30003B6C1A78FB6B1A70B3E0FB681B6802223F
:10BB40006649184609F0F3FF0346002B0ED1FB6847
:10BB50001B689A1CFB681A60BB6B02221A70FB6B95
:10BB600000221A703B6C01221A709AE0FB681B6875
:10BB700002225B49184609F0DAFF0346002B0ED17A
:10BB8000FB681B689A1CFB681A60BB6B02221A7068
:10BB9000FB6B01221A703B6C00221A7081E0FB687B
:10BBA0001B6802224F49184609F0C1FF0346002BCB
:10BBB0000FD1FB681B689A1CFB681A60BB6B0222E2
:10BBC0001A703B6C00221A703B6C1A78FB6B1A706F
:10BBD00067E0FB681B6802224349184609F0A7FF8B
:10BBE0000346002B0FD1FB681B689A1CFB681A6088
:10BBF000BB6B00221A703B6C01221A703B6C1A78E6
:10BC0000FB6B1A704DE0FB681B680222374918462F
:10BC100009F08DFF0346002B0ED1FB681B689A1CB0
:10BC2000FB681A60BB6B00221A70FB6B00221A7053
:10BC30003B6C01221A7034E0FB681B6802222C491D
:10BC4000184609F074FF0346002B0ED1FB681B68F1
:10BC50009A1CFB681A60BB6B00221A70FB6B0122F6
:10BC60001A703B6C00221A701BE0FB681B680222F2
:10BC70002049184609F05BFF0346002B0FD1FB68F3
:10BC80001B689A1CFB681A60BB6B00221A703B6C25
:10BC900000221A703B6C1A78FB6B1A7001E01B23B0
:10BCA0002BE07A6ABB681A603A6A7B681A60FA69A4
:10BCB0003B681A60BA693B6B1A607B69DAB27B6BCE
:10BCC0001A70002319E000BFFC730100007401002A
:10BCD00004740100087401000C7401001074010068
:10BCE00014740100187401001C7401002074010018
:10BCF00024740100287401001B2318462837BD4610
:10BD000080BD00BF80B582B000AF78607B685B68A3
:10BD10001A465849584805F0C0FA7B685B681A46CD
:10BD20005649574805F0B9FA7B685B681A46554989
:10BD3000554805F0B2FA7B685B681A465349544887
:10BD400005F0ABFA7B685B681A465249524805F029
:10BD5000A4FA7B685B681A465049514805F09DFA81
:10BD60007B685B681A464F494F4805F096FA7B6836
:10BD70005B681A464D494E4805F08FFA7B685B6850
:10BD80001A464C494C4805F088FA7B685B681A46AD
:10BD90004A494B4805F081FA7B685B681A46494975
:10BDA000494805F07AFA7B685B681A464749484873
:10BDB00005F073FA7B685B681A464649464805F009
:10BDC0006CFA7B685B681A464449454805F065FA99
:10BDD0007B685B681A464349434805F05EFA7B6816
:10BDE0005B681A464149424805F057FA7B685B6830
:10BDF0001A464049404805F050FA7B685B681A468D
:10BE00003E493D4805F049FA7B685B681A463C4963
:10BE10003C4805F042FA7B685B681A463A493B4861
:10BE200005F03BFA7B685B681A463949394805F0EA
:10BE300034FA7B685B681A463749384805F02DFAB2
:10BE40007B685B681A463649364805F026FA7B68F7
:10BE50005B681A463449354805F01FFA7B685B6811
:10BE60001A463349334805F018FA002318460837B4
:10BE7000BD4680BD2C740100B07301003460010028
:10BE800058600100487401008C740100A474010022
:10BE9000C4740100CC740100F47401000475010045
:10BEA00018750100307501004C7501005C750100CA
:10BEB000887501009C750100B4750100C47501000E
:10BEC000F07501000476010024760100347601004B
:10BED000607601007476010094760100A47601007A
:10BEE000D0760100E47601000477010018770100A4
:10BEF000447701005C7701007869010090770100C8
:10BF0000087801003078010048780100707801005D
:10BF100088780100EC780100FC7801001C790100B0
:10BF200024790100507901006479010080790100D1
:10BF300090790100A4790100B0B5B2B006AFF86005
:10BF4000B9607A60002387F8AF309D49F86809F03E
:10BF500083FD0346002B06D09A49F86809F07CFD62
:10BF60000346002B08D1BB6801221A707868FFF7DE
:10BF7000C9FE034600F0B5BE9349F86809F06CFDB0
:10BF80000346002B06D09149F86809F065FD034689
:10BF9000002B08D1BB6801221A707868FFF700FCFB
:10BFA000034600F09EBE8A49F86809F055FD034635
:10BFB000002B0BD1BB6801221A70786809F0AAF82F
:10BFC000786809F0D1F8002300F08BBE1622814971
:10BFD000F86809F0ACFD0346002B5CD10023FB6739
:10BFE000FB6FC7F88030D7F88030C7F88430BB6863
:10BFF00001221A70FB681633C7F8943007F18402E7
:10C0000007F194031146184605F048FD0346002B3E
:10C010003ED1D7F88430002B3ADBD7F88430012B9F
:10C0200036DC07F1800207F194031146184605F04B
:10C0300035FD0346002B2BD1D7F88030002B27DBB2
:10C04000D7F88030002B23DC07F17C0207F1940342
:10C050001146184605F022FD0346002B18D1FB6F50
:10C06000002B15DBFB6F012B12DCD7F88400D7F80F
:10C070008010FA6F7B68FFF785FAD7F88400D7F84D
:10C080008010FA6F7B68FFF707FB002300F029BEE2
:10C090001B2300F026BE0C224F49F86809F047FD2B
:10C0A0000346002B23D1BB6801221A70FB680C33B6
:10C0B000C7F8943007F17B0207F194031146184644
:10C0C00005F09CFD0346002B0ED197F87B300C2B1E
:10C0D0000AD897F87B307A6842F21071184608F057
:10C0E00076FF034600F0FDBD1B2300F0FABD0922D8
:10C0F0003A49F86809F01BFD0346002B70D1BB6874
:10C1000001221A70FB680933C7F89430D7F89430CD
:10C110001B782C2B04D1D7F894300133C7F8943016
:10C1200007F16C0407F1700207F1740107F1940044
:10C1300007F19203049307F19303039307F191032B
:10C14000029307F19003019307F18C0300932346B8
:10C15000FFF704FC034687F8AF3097F8AF30002BA9
:10C160001DD17B6F396FFA6E184608F009FF05463E
:10C17000D7F88C1097F8910097F8904097F8933083
:10C1800097F892200192009323460246284609F030
:10C19000EBFB02F03DFC002387F8AF3002E01B23ED
:10C1A00087F8AF3097F8AF30002B04D1D7F8943030
:10C1B0001B782C2BAAD097F8AF3000F092BD00BFAF
:10C1C0008C670100B47901009C670100C07901000F
:10C1D000D0790100E8790100007A0100107A0100AD
:10C1E0000922C249F86809F0A2FC0346002B5FD17E
:10C1F000BB6801221A70FB680933C7F89430D7F87E
:10C2000094301B782C2B04D1D7F894300133C7F825
:10C21000943007F1600407F1640207F1680107F147
:10C22000940007F19203049307F19303039307F13A
:10C230009103029307F19003019307F18C0300939C
:10C240002346FFF78BFB034687F8AF3097F8AF30F4
:10C25000002B1DD1BB6E796E3A6E184608F090FE29
:10C260000546D7F88C1097F8910097F8904097F80A
:10C27000933097F892200192009323460246284675
:10C2800002F040FD02F0C4FB002387F8AF3002E06B
:10C290001B2387F8AF3097F8AF30002B04D1D7F8C5
:10C2A00094301B782C2BAAD097F8AF3000F019BD32
:10C2B00009228F49F86809F03AFC0346002B40F048
:10C2C000AF80BB6801221A70FB680933C7F894304D
:10C2D000002387F8AF30D7F894301B782C2B04D18B
:10C2E000D7F894300133C7F8943007F1580207F1BA
:10C2F00094031146184605F0D1FB0346002B7ED16E
:10C30000BB6D002B7BDBBB6D012B78DC07F154028E
:10C3100007F194031146184605F0C0FB0346002BB5
:10C320006DD17B6D002B6ADB7B6D002B67DC07F129
:10C33000500207F194031146184605F0AFFB03467F
:10C34000002B5CD13B6D002B59DB3B6D012B56DC88
:10C3500007F19403184605F058FFD7F89430C7F852
:10C360009C300023C7F8A83009E0D7F8A830013383
:10C37000C7F8A830D7F894300133C7F89430D7F80D
:10C3800094301B78002B04D0D7F894301B782C2BDA
:10C39000EBD1D7F8A8300133184606F0C3FE0346A8
:10C3A000FB65FB6D002B03D11B2387F8AF3033E017
:10C3B000BB6D796D3A6D184608F0E2FDC7F898003C
:10C3C000FB6DD7F8A820D7F89C10184609F0DAFBC7
:10C3D000FA6DD7F8A830134400221A70D7F89800E5
:10C3E00009F006FB07F15C010023642207F088F9DD
:10C3F0000346012B06D01B2387F8AF300CE01B232C
:10C4000087F8AF3097F8AF30002B05D1D7F89430CC
:10C410001B782C2B3FF45CAF97F8AF3000F061BC79
:10C420000E223449F86809F082FB0346002B2BD119
:10C43000BB6801221A70FB680E33C7F89430D7F836
:10C4400094302D49184609F007FB0346002B07D10D
:10C45000012008F053FF08F0B1FE002300F041BCBA
:10C46000D7F894302549184609F0F6FA0346002B10
:10C4700007D1002008F042FF08F0A0FE002300F0E2
:10C4800030BC1B2300F02DBC0E221D49F86809F0BA
:10C490004EFB0346002B35D1BB6801221A70FB68A6
:10C4A0000E33C7F89430D7F894301349184609F082
:10C4B000D3FA0346002B07D1012009F01EF808F03B
:10C4C0007DFE002300F00DBCD7F894300B491846D0
:10C4D00009F0C2FA0346002B06D1002009F00DF83E
:10C4E00008F06CFE0023FCE31B23FAE31C7A010036
:10C4F000287A0100347A0100547B0100647B01003A
:10C50000447A01000A22A849F86809F010FB0346A2
:10C51000002B40F08880BB6801221A70FB680A3348
:10C52000C7F89430D7F894301B782C2B04D1D7F867
:10C5300094300133C7F8943007F14C0207F19403AB
:10C540001146184605F0AAFA0346002B5FD1FB6C92
:10C55000002B5CDBFB6C012B59DC07F1480207F177
:10C5600094031146184605F099FA0346002B4ED164
:10C57000BB6C002B4BDBBB6C002B48DC07F144028F
:10C5800007F194031146184605F088FA0346002B7C
:10C590003DD17B6C002B3ADB7B6C012B37DC07F148
:10C5A0009403184605F031FED7F894307F491846B9
:10C5B00009F052FA0346002B0ED1FB6CD8B2BB6CCB
:10C5C000D9B27B6CDAB2012308F079FE08F0F6FDEF
:10C5D000002387F8AF301AE0D7F894307449184632
:10C5E00009F03AFA0346002B0ED1FB6CD8B2BB6CB3
:10C5F000D9B27B6CDAB2002308F061FE08F0DEFDF0
:10C60000002387F8AF3002E01B2387F8AF3097F89C
:10C61000AF30002B04D1D7F894301B782C2B81D06D
:10C6200097F8AF305DE30A226249F86809F07FFAB3
:10C630000346002B40F08880BB6801221A70FB681B
:10C640000A33C7F89430D7F894301B782C2B04D1D8
:10C65000D7F894300133C7F8943007F1400207F15E
:10C6600094031146184605F019FA0346002B5CD1D5
:10C670003B6C002B59DB3B6C012B56DC07F13C0279
:10C6800007F194031146184605F008FA0346002BFB
:10C690004BD1FB6B002B48DBFB6B002B45DC07F120
:10C6A000380207F194031146184605F0F7F90346DE
:10C6B000002B3AD1BB6B002B37DBBB6B012B34DC7F
:10C6C00007F19403184605F0A0FDD7F894303749D8
:10C6D000184609F0C1F90346002B0CD1386CF96BF0
:10C6E000BB6BDAB2012308F0EDFE08F067FD002312
:10C6F00087F8AF301CE0D7F894302D49184609F080
:10C70000ABF90346002B0CD1386CF96BBB6BDAB27A
:10C71000002308F0D7FE08F051FD002387F8AF3062
:10C7200006E01B2387F8AF3002E01B2387F8AF3009
:10C7300097F8AF30002B04D1D7F894301B782C2B0E
:10C7400081D097F8AF30CCE20E221B49F86809F08F
:10C75000EEF90346002B31D1BB6801221A70FB6849
:10C760000E33C7F8943007F1890307F18A0207F105
:10C770008B0107F1940005F09FFC0346002B10D1BC
:10C7800097F88B301A0497F88A301B02134397F8F6
:10C7900089201343184608F0FDFD08F00FFD002323
:10C7A0009FE21B239DE200BF547A0100547B0100ED
:10C7B000647B0100607A01006C7A01000E22AC49B2
:10C7C000F86809F0B4F90346002B22D1BB680122B6
:10C7D0001A70FB680E33C7F8943007F1890307F12C
:10C7E0008A0207F18B0107F1940005F065FC03460E
:10C7F000002B0CD197F88B3097F88A1097F8892086
:10C80000184608F02BFE08F0D9FC002369E21B2330
:10C8100067E20A229749F86809F089F90346002B74
:10C820007DD1BB6801221A70FB680A33C7F89430C7
:10C83000D7F894301B782C2B04D1D7F894300133DF
:10C84000C7F8943007F1340207F1940311461846F3
:10C8500005F024F90346002B4BD17B6B002B48DB02
:10C860007B6B012B45DC07F1300207F19403114685
:10C87000184605F013F90346002B3AD13B6B002B09
:10C8800037DB3B6B002B34DC07F12C0207F1940300
:10C890001146184605F002F90346002B29D1FB6A20
:10C8A000002B26DBFB6A012B23DC07F1890307F150
:10C8B0008A0207F18B0107F1940005F0FDFB0346A6
:10C8C000002B16D17B6BD8B23B6BD9B2FB6ADCB2C2
:10C8D00097F88B301A0497F88A301B02134397F8A5
:10C8E00089201343224608F037FD002387F8AF3034
:10C8F00002E01B2387F8AF3007F19403184605F0D8
:10C9000084FC97F8AF30002B04D1D7F894301B7813
:10C910002C2B8DD008F052FC97F8AF30E1E10A22C1
:10C920005549F86809F003F90346002B79D1BB6833
:10C9300001221A70FB680A33C7F89430D7F8943094
:10C940001B782C2B04D1D7F894300133C7F89430DE
:10C9500007F1280207F194031146184605F09EF8E6
:10C960000346002B47D1BB6A002B44DBBB6A012B7B
:10C9700041DC07F1240207F194031146184605F043
:10C980008DF80346002B36D17B6A002B33DB7B6AA4
:10C99000002B30DC07F1200207F194031146184602
:10C9A00005F07CF80346002B25D13B6A002B22DBE7
:10C9B0007B6A012B1FDC07F1890307F18A0207F16B
:10C9C0008B0107F1940005F077FB0346002B12D191
:10C9D000B86A796A3C6A97F88B5097F88A3097F86A
:10C9E0008920019200932B46224608F020FD002367
:10C9F00087F8AF3002E01B2387F8AF3007F19403CC
:10CA0000184605F002FC97F8AF30002B04D1D7F898
:10CA100094301B782C2B91D008F0D0FB97F8AF30D6
:10CA20005FE112221549F86809F081F80346002BEE
:10CA300028D1BB6801221A70FB681233C7F8943002
:10CA400007F194030E49184605F0BCFB0346002B82
:10CA500001D01B2345E1FEF783FDC7F8A000D7F8FE
:10CA6000A00008F097FC08F0A9FB002339E100BF03
:10CA70007C7A01008C7A0100987A0100A47A010086
:10CA80001000002017229949F86809F050F8034671
:10CA9000002B29D1BB6801221A70FB681733C7F835
:10CAA000943007F11C0207F194031146184604F074
:10CAB000F5FF0346002B15D1FB69002B12DBFB6948
:10CAC000FF2B0FDCFB69DAB2894B1A70FEF748FDC9
:10CAD000C7F8A400D7F8A40008F05CFC08F06EFBCF
:10CAE0000023FEE01B23FCE011228249F86809F0D4
:10CAF0001EF80346002B5CD1BB6801221A70FB684C
:10CB00001133C7F8943007F1180207F19403114666
:10CB1000184604F0C3FF0346002B48D1BB69002B25
:10CB200045DBBB69012B42DC07F1140207F19403DA
:10CB30001146184604F0B2FF0346002B37D17B693B
:10CB4000002B34DB7B69002B31DC07F1100207F18D
:10CB500094031146184604F0A1FF0346002B26D18A
:10CB60003B69002B23DB3B69012B20DC07F18903A8
:10CB700007F18A0207F18B0107F1940005F09CFA96
:10CB80000346002B13D1B86979693B69DCB297F889
:10CB90008B5097F88A3097F88920019200932B46A2
:10CBA000224608F024FC08F009FB002399E01B232F
:10CBB00097E05149F86808F04FFF0346002B0AD16F
:10CBC0004E4B186800230022002106F099FDBB6837
:10CBD00001221A7083E04A49F86808F03DFF0346D5
:10CBE000002B06D1BB6801221A7008F036FA034602
:10CBF00077E04449F86808F02FFF0346002B0AD17C
:10CC0000BB6801221A70404B5B680121184605F091
:10CC1000E2FB002365E03D49F86808F01DFF03468C
:10CC2000002B0AD1BB6801221A70374B5B680021C8
:10CC3000184605F0D0FB002353E03549F86808F0AA
:10CC40000BFF0346002B0BD1BB6801221A70FEF7C5
:10CC50008FFB03460121184608F025F9002340E028
:10CC60002C49F86808F0F8FE0346002B0BD1BB688E
:10CC700001221A70FEF77CFB03460021184608F0DB
:10CC800012F900232DE02449F86808F0E5FE034678
:10CC9000002B11D1BB6801221A707A6842F2107120
:10CCA0000C2008F094F9FEF763FB034600211846B8
:10CCB00008F0F9F8002314E01849F86808F0CCFEF1
:10CCC0000346002B0BD1BB6801221A70FEF750FB04
:10CCD00003460121184608F0E6F8002301E097F822
:10CCE000AF301846B037BD46B0BD00BFB87A0100BE
:10CCF000F9000020D07A0100E47A0100F009002058
:10CD0000F07A0100FC7A0100F4090020107B010098
:10CD1000247B0100347B0100487B0100587B01002B
:10CD200080B5A6B002AFF6F773FE38670023C7F8E8
:10CD30008C30DDE10023C7F88830CFE10023C7F84D
:10CD40008430C1E1D7F88420D7F88810D7F88C0058
:10CD500008F016F9F866F86E08F0EEFD0346002BB1
:10CD600000F0AD81F86E08F043FEB86607F1640389
:10CD700000221946B86E06F04DFF0346012B40F025
:10CD80009E813B1DBF4A6021184604F0BBFB7B6EB1
:10CD90001B78612B03D07B6E1B78722B43D17B6E8B
:10CDA00001331B78202B3ED17B6E1A783B1D60210E
:10CDB000184604F0FFFB3B1D20226021184604F0BA
:10CDC000F9FBD7F88C30DAB23B1D6021184604F02D
:10CDD000D1FC3B1D20226021184604F0EBFBD7F864
:10CDE0008830DAB23B1D6021184604F0C3FC3B1DBD
:10CDF00020226021184604F0DDFBD7F88430DAB237
:10CE00003B1D6021184604F0B5FC3B1D202260212B
:10CE1000184604F0CFFB7B6E9A1C3B1D6021184620
:10CE200004F095FB13E17B6E03229749184608F046
:10CE30007EFE0346002B3CD13B1D934A60211846E1
:10CE400004F085FBD7F88C30DAB23B1D6021184620
:10CE500004F090FC3B1D20226021184604F0AAFB40
:10CE6000D7F88830DAB23B1D6021184604F082FC06
:10CE70003B1D20226021184604F09CFBD7F884302B
:10CE8000DAB23B1D6021184604F074FC3B1D2022E1
:10CE90006021184604F08EFB7B6EDA1C3B1D60217E
:10CEA000184604F054FB3B1D7849184604F0CCFFAB
:10CEB000CDE07B6E03227649184608F038FE034623
:10CEC000002B3CD13B1D724A6021184604F03FFB09
:10CED000D7F88C30DAB23B1D6021184604F04AFCCA
:10CEE0003B1D20226021184604F064FBD7F88830EF
:10CEF000DAB23B1D6021184604F03CFC3B1D2022A9
:10CF00006021184604F056FBD7F88430DAB23B1D96
:10CF10006021184604F02EFC3B1D2022602118469B
:10CF200004F048FB7B6EDA1C3B1D6021184604F0C0
:10CF30000EFB3B1D5549184604F086FF87E07B6ECB
:10CF400003225449184608F0F2FD0346002B37D15E
:10CF50003B1D504A6021184604F0F9FAD7F88C308E
:10CF6000DAB23B1D6021184604F004FC3B1D202270
:10CF70006021184604F01EFBD7F88830DAB23B1D5A
:10CF80006021184604F0F6FB3B1D20226021184664
:10CF900004F010FBD7F88430DAB23B1D602118464C
:10CFA00004F0E8FB3B1D20226021184604F002FB40
:10CFB0007B6EDA1C3B1D6021184604F0C8FA46E07F
:10CFC0007B6E03223449184608F0B1FD0346002B5E
:10CFD00037D13B1D304A6021184604F0B8FAD7F823
:10CFE0008C30DAB23B1D6021184604F0C3FB3B1DB8
:10CFF00020226021184604F0DDFAD7F88830DAB232
:10D000003B1D6021184604F0B5FB3B1D202260212A
:10D01000184604F0CFFAD7F88430DAB23B1D60210D
:10D02000184604F0A7FB3B1D20226021184604F09F
:10D03000C1FA7B6EDA1C3B1D6021184604F087FAAA
:10D0400005E07A6E3B1D6021184604F080FA00234B
:10D05000FB70F91C3B1D3A6F1846FEF76DFF034647
:10D06000002B05D1FB7883F00103DBB2002B19D034
:10D070003B1D0093094B40F6621209490420F5F765
:10D080005BFC18E0687B0100707B010024670100F5
:10D09000747B0100787B01007C7B0100807B0100B8
:10D0A000A87B01003B1D0093324B40F664123249CD
:10D0B0000020F5F741FC7B6E1846FAF767FDD7F8BC
:10D0C00084300133C7F88430D7F88430012B7FF7E0
:10D0D00039AED7F888300133C7F88830D7F88830B0
:10D0E000002B7FF72BAED7F88C300133C7F88C308C
:10D0F000D7F88C30012B7FF71DAE0023C7F88030A6
:10D100000023FB6727E00023BB671EE000237B674B
:10D1100015E07A6FB96FF86F07F032FFF866F86EB6
:10D1200008F066FCB866B86E06F03AFF0246D7F81B
:10D1300080301344C7F880307B6F01337B677B6F8F
:10D14000012BE6DDBB6F0133BB67BB6F002BDDDD61
:10D15000FB6F0133FB67FB6F012BD4DDD7F8803009
:10D16000002B14BF01230023DBB218469037BD46C5
:10D1700080BD00BF047C0100A87B010080B584B0A5
:10D1800000AF78600F4B40F67F120F490020F5F793
:10D19000D3FB0E4B1B684FF0FF31184606F00EFE16
:10D1A000F860FB68012BF4D1FFF7BAFD0346FB7270
:10D1B000FB7A002B02D00A20FBF736F9FB7A002B12
:10D1C000F2D1E6E7247C0100A87B0100F0090020F1
:10D1D00080B5C4B000AF07F168031846F8F77CF8D3
:10D1E00007F15C03184601F0F9FB07F12803184624
:10D1F000FEF7AEF8012387F86830894BFB66894B50
:10D200003B6713237B67884BC7F88030874BC7F891
:10D2100084301123C7F88830834BC7F89030834B94
:10D22000C7F894301023C7F898307F4BC7F8A43064
:10D230007E4BC7F8A8301223C7F8AC307A4BC7F83A
:10D24000B4307A4BC7F8B8301323C7F8BC30784BEA
:10D25000C7F8C830774BC7F8CC300123C7F8D030B7
:10D26000734BC7F8D830734BC7F8DC300023C7F8CE
:10D27000E030714BC7F8EC30704BC7F8F030052345
:10D28000C7F8F4306C4BC7F8FC306C4BC7F8003172
:10D290000423C7F8043107F16803184604F0D0FFEF
:10D2A00003467B667B6E664A5360654B01221A70AB
:10D2B0007B6E634AD360624B00221A727B6E604AB7
:10D2C00053615F4B03221A747B6E5D4AD3615C4BE2
:10D2D00002221A765B4B3B66594BFB6507F15C03F8
:10D2E000184608F09EFA0346FB64574BFB6507F1AE
:10D2F0005C03184608F095FA03463B65534BFB6503
:10D3000007F15C03184608F08CFA03467B65504B26
:10D31000FB6507F15C03184608F083FA0346BB651A
:10D3200008F038F9034687F82830012387F82930B8
:10D33000FB6CFB623B6D3B637B6D7B63BB6DBB63D7
:10D3400007F114031846FDF7E9F80523BB61002334
:10D35000FB6100233B7507F11403184607F0F8FA48
:10D360000346FB6307F11403184607F0F1FA03467E
:10D370003B640623BB6107F11403184607F0E8FA83
:10D3800003467B6407F11403184607F0E1FA0346ED
:10D39000BB6407F12803184607F032FC03462D4A08
:10D3A00013603B461846F5F75BF807F58873A3F55D
:10D3B00088731B4A5A6007F58873A3F58873194A66
:10D3C0009A6007F58873A3F588731222DA6007F56F
:10D3D0008873A3F5887301225A7007F58873A3F543
:10D3E000887300221A703B46184603F0FEFAC7F80D
:10D3F0000C01184B1B68D7F80C11184607F043FDB9
:10D40000144B1B680021184607F04DFD7B6E184633
:10D41000F7F772FF00BF07F58877BD4680BD00BFF4
:10D4200000F00F400090044000F10F4000D0044095
:10D4300040F00F4000A00440C0F00F4000C0044086
:10D44000F40900201F4F0100FC090020040A0020FD
:10D450000C0A0020EC09002080B500AFFFF7B8FEF1
:10D46000034B1B681846FDF78FFF00BF80BD00BF50
:10D47000EC09002080B582B002AF002301930323A2
:10D4800000930023C8220E490E4806F0C1FF034650
:10D49000012B01D000BFFDE703220021012006F08F
:10D4A0001CF80346084A1360074B1B68002B01D188
:10D4B00000BFFDE7FFF7D0FF00BFBD4680BD00BF46
:10D4C000407C01007DD10000F009002080B584B0CF
:10D4D00000AFF860B96011461A460B46FB7113465F
:10D4E000BB710D4AB968F86804F00CF8FB791A466C
:10D4F000B968F86804F03EF9BB791A46B968F8686B
:10D5000004F038F93B7E1A46B968F86804F032F93D
:10D5100000BF1037BD4680BD4C7C010080B582B095
:10D5200000AF7860074B012207490848F9F718FC5B
:10D530000346DAB27B681A70002318460837BD46E6
:10D5400080BD00BF547C0100647C01006C7C010044
:10D5500080B582B000AF0346FB71FA79044B0549F0
:10D56000054805F0CAFC002318460837BD4680BDB3
:10D57000547C0100647C01006C7C010080B582B0A9
:10D5800000AF7860074B002207490848F9F7E8FB2D
:10D5900003461A467B681A60002318460837BD46C2
:10D5A00080BD00BF547C0100747C01007C7C0100C4
:10D5B00080B582B000AF78607A68054B05490648AF
:10D5C00005F09BFC002318460837BD4680BD00BF10
:10D5D000547C0100747C01007C7C010090B589B012
:10D5E00002AF0446084611461A462346FB7103461D
:10D5F000BB710B467B7113463B71B979FA7907F120
:10D6000008007B7900930B461021FFF75FFF3B7901
:10D610001A4607F10800044B044905F06EFC00238C
:10D6200018461C37BD4690BD547C0100807C01002B
:10D6300080B596B000AF78607B685B681A46434956
:10D64000434803F03CFE07F113031846FFF766FF5B
:10D65000034687F8573097F85730002B15D107F15C
:10D6600014033C4A4021184603F04CFFFA7C07F1B2
:10D6700014034021184604F00FF907F11403364A49
:10D680004021184603F063FF06E007F11403334A14
:10D690004021184603F036FF7B685A6807F11403EF
:10D6A00019462F4803F00BFE07F10C031846FFF74D
:10D6B00065FF034687F8573097F85730002B30D175
:10D6C00007F11403234A4021184603F01BFFFA68B0
:10D6D00007F114034021184604F07AF907F1140306
:10D6E000204A4021184603F032FFFB6803F0010393
:10D6F000002B07D007F114031B4A4021184603F002
:10D7000026FF06E007F11403184A4021184603F0EB
:10D710001EFF07F11403104A4021184603F017FFBB
:10D7200006E007F114030D4A4021184603F0EAFE13
:10D730007B685A6807F1140319460D4803F0BFFDD2
:10D74000002318465837BD4680BD00BF887C0100C5
:10D75000B47C01002070010084750100BC7C0100D4
:10D76000C47C0100D47C0100DC7C0100E07C010071
:10D77000306C010080B582B000AF78607B685B6878
:10D780001A460B490B4803F088FD7B685B681A4614
:10D7900009490A4803F081FD7B685B681A4608491D
:10D7A000084803F07AFD002318460837BD4680BDBF
:10D7B000E47C0100B47C0100346001005860010089
:10D7C000007D01000C7D010080B586B000AFF860DF
:10D7D000B9607A602849F86808F03EF90346002BE2
:10D7E00006D02649F86808F037F90346002B07D120
:10D7F000BB6801221A707868FFF7BCFF034637E068
:10D800001F49F86808F028F90346002B06D01D4987
:10D81000F86808F021F90346002B07D1BB68012204
:10D820001A707868FFF704FF034621E00A221649C0
:10D83000F86808F07CF90346002B18D1BB68012278
:10D840001A70FB680B337B6107F1100207F11403B8
:10D850001146184604F022F90346002B05D13B6916
:10D860001846FFF7A5FE034602E01B2300E0002355
:10D8700018461837BD4680BD8C6701001C7D01002D
:10D880009C670100287D0100347D010080B586B0D1
:10D8900000AF2D4807F064FEF5F738FA03F03CFAC4
:10D8A000F5F70EFFF7F7FCFC02F039FF04F0C3FBBD
:10D8B0003B1D184602F0FCFE0346002B05D0234B0F
:10D8C000BC2223490420F5F737F83B791A46134662
:10D8D0001B0213441B041A463B791B0213433A797B
:10D8E00013437B61786904F0ADFB03F00EFA03F09B
:10D8F00097F903F07EFAF6F74BFDF8F777FEFDF7A0
:10D90000F9FD00F0F3FF04F071FE08F08DF807F068
:10D91000F2FA00F0C1FEF7F73FF9FFF7ABFD07F0B1
:10D9200067F907F00FF8FCF767FA07F012FEF4F753
:10D9300075FD4FF400614FF4FC30F4F72BFB00BF92
:10D940001837BD4680BD00BF0A003810407D010079
:10D95000547D010080B582B000AF0346FB71044BDB
:10D960005B68FA791046984700BF0837BD4680BD0E
:10D970007082010080B582B000AF0346FB710C4B92
:10D980001B684FF0FF31184605F083FE0346012B5C
:10D9900009D1084B5B68FA7910469847044B1B681D
:10D9A000184605F041FE00BF0837BD4680BD00BFE8
:10D9B000140A00207082010080B582B000AF786048
:10D9C0000B4B1B684FF0FF31184605F062FE034613
:10D9D000012B08D1074B1B6878689847044B1B68DC
:10D9E000184605F021FE00BF0837BD4680BD00BFC8
:10D9F000140A00207082010080B582B000AF0023BD
:10DA0000FB710C4B1B684FF0FF31184605F041FECF
:10DA10000346012B09D1084BDB6898470346FB718D
:10DA2000044B1B68184605F0FFFDFB7918460837C4
:10DA3000BD4680BD140A00207082010080B582B00E
:10DA400000AF786006E008497B685A1C7A601B7852
:10DA5000184688477B681B78002BF4D100BF00BFB5
:10DA60000837BD4680BD00BF55D9000080B588B0DD
:10DA700000AFF8607A603B600B46FB72FB7A402B8C
:10DA800002D1FB6800221A70FB681B78052B00F29C
:10DA9000F68001A252F823F0B1DA0000D5DA0000D6
:10DAA000DFDA00003DDB000097DB0000E3DB000075
:10DAB0007B6800221A70FB7A402B09D1FB7A1A4648
:10DAC0003968786803F076FDFB6801221A70D7E0A8
:10DAD0000023D6E0FB6802221A700023D1E0FB7A13
:10DAE0001A463968786803F065FDFB7A202B1DD152
:10DAF0007B680133BB6107F1170207F11803114678
:10DB0000184604F02EF90346002B0BD107F042FD16
:10DB100003461A46FB7D9A4204D1FB6803221A7021
:10DB20000023AEE0FB6800221A7005E0FB7A0A2BA6
:10DB300002D1FB6800221A700023A2E0FB7A1A4689
:10DB40003968786803F036FDFB7A202B1BD17B689F
:10DB50000433BB6107F1170207F118031146184699
:10DB600004F0FFF80346002B09D1FB7D97F828202D
:10DB70009A4204D1FB6804221A70002381E0FB68FA
:10DB800000221A7005E0FB7A0A2B02D1FB68002202
:10DB90001A70002375E0FB7A1A463968786803F03A
:10DBA00009FDFB7A202B14D17B680733BB6107F199
:10DBB00018033649184604F0D4F80346002B04D164
:10DBC000FB6805221A7000235BE0FB6800221A70D4
:10DBD00005E0FB7A0A2B02D1FB6800221A700023B1
:10DBE0004FE0FB7A1A463968786803F0E3FCFB7A69
:10DBF0000A2B42D17B680A33BB61BB6924491846B2
:10DC000007F02AFF0346002B14D17B680C33002257
:10DC10001A70786807F031FD0346FB77FB68002235
:10DC20001A701A4B1B78FA7F9A4201D1012328E01F
:10DC3000022326E01749786807F00EFF0346002B01
:10DC400014D17B680D3300221A70786807F015FD37
:10DC50000346FB77FB6800221A700C4B1B78FA7F97
:10DC60009A4201D102230CE002230AE0FB7A0A2B3C
:10DC700003D1FB6800221A7002E0002301E000BF1C
:10DC800002E718462037BD4680BD00BF640C002067
:10DC9000B07D0100B47D010080B58EB002AFF860A8
:10DCA0007A603B600B46FB7207F1140300221A6096
:10DCB0005A609A60DA601A615A610023BB743B684B
:10DCC000002B26D07B68002B23D0284B00221A7013
:10DCD0003B681B6807F1130210469847FB7C002B3A
:10DCE00014D0FB7C1A464FF40071204803F062FC0C
:10DCF000FB7C0A2B0AD11D4B1B78402B03D0796883
:10DD00001A4807F0DBFC194B00221A70FB7C002B31
:10DD1000DED1F6F7B1FB0346FB74FB7C002B17D07A
:10DD2000F97C07F1140207F11200FB7A0093182323
:10DD3000FFF79CFE034687F82F3097F82F30012B12
:10DD400003D097F82F30022BB9D197F82F3009E084
:10DD50003220FAF769FBFB68323BFB60FB68002B63
:10DD6000ADDC032318463037BD4680BD180A0020BD
:10DD700080B598B002AFB9607A603B600346FB7330
:10DD8000002387F857307B6E002B01D16E4B7B66EA
:10DD900007F000FC03461A46FB7B934202D0FB7B54
:10DDA000002B09D10122396EB86800F01BFDFB7B06
:10DDB000002B01D00023C3E007F11403634A402184
:10DDC000184603F09FFBFA7B07F114034021184625
:10DDD00003F062FD07F1140320224021184603F0EE
:10DDE000E9FB07F0D7FB03461A4607F1140340216D
:10DDF000184603F051FD07F1140320224021184674
:10DE000003F0D8FB07F1140300224021184603F069
:10DE100043FD07F114034E4A4021184603F097FBD7
:10DE200007F11403BA684021184603F090FB07F18C
:10DE30001403184607F021FC034687F8563097F87C
:10DE400056301B0987F8553097F85530092B01D803
:10DE5000302200E0372297F855301344DBB2FB76CE
:10DE600097F8563003F00F0387F8553097F8553080
:10DE7000092B01D8302200E0372297F8553013449F
:10DE8000DBB23B77334B1B684FF0FF31184605F090
:10DE900000FC0346012B51D1F6F7E2FA2E4B1B781A
:10DEA000002B09D007F1140300932C4B4FF4B972E7
:10DEB0002B490020F4F740FD07F114031846FFF743
:10DEC000BDFD2848FFF7BAFDFB7B002B03D10023E3
:10DED00087F857302DE06420FAF7A6FAF97B7B6EBD
:10DEE0003A6E7868FFF7D8FE034687F8543097F803
:10DEF0005430012B03D1002387F8573019E097F8ED
:10DF00005430032B03D10C2387F8573006E097F8E1
:10DF10005430022B02D1142387F857303B68002B72
:10DF200003D11B2387F8573003E03B68013B3B607C
:10DF3000B2E7084B1B68184605F076FB97F8573098
:10DF400018465837BD4680BD30840100BC7D0100B5
:10DF5000C07D0100140A0020630C0020C87D010070
:10DF6000D07D0100A069010080B586B000AF786067
:10DF70007B685B681A461B491B4803F0A0F907F150
:10DF800008031A4A1021184603F0BCFA07F002FBF6
:10DF900003461A4607F108031021184603F07CFCDB
:10DFA00007F10803124A1021184603F0D0FA7B68E3
:10DFB0005A6807F1080319460E4803F080F90E4B22
:10DFC0001B78002B01D00D4900E00D497B685B6890
:10DFD0001A460C4803F073F9002318461837BD465B
:10DFE00080BD00BF2C7E0100407E0100207001003A
:10DFF00084750100447E0100630C0020B4700100B0
:10E00000787901004C7E010080B582B000AF786065
:10E010007B685B681A461649164803F03EF97B6830
:10E020005B681A461449154803F037F97B685B684A
:10E030001A461349134803F030F97B685B681A46A7
:10E040001149124803F029F97B685B681A461049A8
:10E05000104803F022F97B685B681A460E490F48A6
:10E0600003F01BF9002318460837BD4680BD00BFEA
:10E07000646C0100407E01003460010058600100C2
:10E08000547E01006C7E01007C7E01009C7E0100BC
:10E09000AC7E0100EC7E0100047F0100287F0100BE
:10E0A00080B598B002AFF860B9607A606D49F868E1
:10E0B00007F0D2FC0346002B06D06B49F86807F046
:10E0C000CBFC0346002B07D1BB6801221A7078688D
:10E0D000FFF79AFF0346C1E06449F86807F0BCFC0B
:10E0E0000346002B06D06249F86807F0B5FC0346EA
:10E0F000002B07D1BB6801221A707868FFF734FF44
:10E100000346ABE007225B49F86807F010FD0346C1
:10E11000002B21D1BB6801221A70FB6807337B6595
:10E120007B6D5549184607F097FC0346002B04D138
:10E13000524B01221A70002390E07B6D5049184623
:10E1400007F08AFC0346002B04D14C4B00221A70C6
:10E15000002383E01B2381E008224A49F86807F086
:10E16000E6FC0346002B1FD1BB6801221A70FB6836
:10E1700008337B6507F1500207F154031146184636
:10E1800003F08CFC0346002B0CD13B6D002B09DB0C
:10E190003B6DFF2B06DC3B6DDBB21846FFF7D8F971
:10E1A00003465BE01B2359E008223749F86807F073
:10E1B000BEFC0346002B0BD1BB6801221A70FB6822
:10E1C00008331846FFF73AFC3048FFF737FC44E0C5
:10E1D0000B222F49F86807F0AAFC0346002B3CD11C
:10E1E000BB6801221A70FB680B337B6507F1500294
:10E1F00007F154031146184603F050FC0346002B68
:10E2000029D102E07B6D01337B657B6D1B78202B70
:10E21000F8D07B6D1B78222B0FD107F1100107F18D
:10E2200054034022184603F05EFE0346002B01D043
:10E230001B2313E007F110037B653B6DD8B2796DAA
:10E24000144B01937B680093002342F21072FFF796
:10E250008FFD034602E01B2300E0002318465837D9
:10E26000BD4680BD8C670100387F01009C670100BE
:10E27000407F01004C7F0100547B0100630C0020B3
:10E28000647B0100547F0100607F0100A0690100F0
:10E290006C7F01003084010080B58CB004AFF86061
:10E2A000B9607A603B607B6800221A703B6800228C
:10E2B0001A70BB68FA681A60FB681B78402B55D14E
:10E2C000FB680133BB6107F1170207F11803114620
:10E2D000184603F046FD0346002B47D107F05AF9D4
:10E2E00003461A46FB7D9A4202D0FB7D002B3DD1AE
:10E2F00007F1160207F118031146184603F031FD25
:10E300000346002B32D1BA7D7B681A70FA7D3B68D8
:10E310001A7007F1150207F118031146184603F0A9
:10E3200020FD0346FB77FB7F002B01D014231EE06A
:10E33000F86807F0A2F90346BB777B7DBA7F9A4263
:10E340000FD07B7D1A46BB7F02930192FB6800933E
:10E35000094B4FF4017209490420F4F7EDFA142334
:10E3600005E0BA69BB681A60002300E01B23184669
:10E370002037BD4680BD00BF787F0100D07D010001
:10E3800080B590B002AF7860B24B4FF40B72B249D7
:10E390000020F4F7D1FAB14B00221A7002E00A20F3
:10E3A000FAF742F8AE4BDB689847034683F0010367
:10E3B000DBB2002BF3D1AB4A4021A84802F0C5FEE6
:10E3C0000346002BEED1002387F83630FF2387F871
:10E3D0002F30FF2387F82E30A04B1B78402B40F0C6
:10E3E000A9809E4807F07CFB03460A2B40F2A280DE
:10E3F0009D4B1B78002B08D0984B00939B4B40F211
:10E400003F2295490020F4F797FA002387F8363029
:10E4100007F12E0307F12F0207F130018F48FFF7B4
:10E420003BFF034687F8373097F83730142B06D177
:10E430008F4B14221A70012387F8363083E097F847
:10E440003730002B7FD11B2387F837303B6B89494E
:10E45000184607F001FB0346002B0AD1012387F879
:10E460003630834B1B7887F83730814B00221A7087
:10E4700069E03B6B8049184607F0EEFA0346002B33
:10E4800013D1012387F83630FCF772FF0346184694
:10E4900006F04FFC0346002B03D0002387F83730EB
:10E4A00051E01B2387F837304DE03B6B0522734961
:10E4B000184607F03CFB0346002B23D1F5F7D0FFAD
:10E4C0003B6B05333B6397F82E30002B09D13B6B38
:10E4D00001226B49184600F085F9034687F837306A
:10E4E00008E03B6B01226749184600F07BF90346C0
:10E4F00087F837305E4A97F837301370012387F872
:10E50000363020E03B6B6049184607F0A5FA034619
:10E51000002B03D1002387F8363014E03B6B5B49B6
:10E52000184607F099FA0346002B0CD1002387F810
:10E53000363008E0564A4021484803F008F847487A
:10E5400000F008F900E000BF444B00221A7097F871
:10E550003630002B3FF426AF97F82E30002B3FF4D7
:10E5600021AF07F10C034B4A2021184602F0CAFFE5
:10E5700097F82F2007F10C032021184603F08CF99F
:10E5800007F10C0320222021184603F013F807F0AE
:10E5900001F803461A4607F10C032021184603F040
:10E5A0007BF907F10C0320222021184603F002F822
:10E5B00007F10C0300222021184603F06DF997F8AB
:10E5C0003730002B07D107F10C032F4A20211846C2
:10E5D00002F0BDFF06E007F10C032C4A202118468B
:10E5E00002F0B5FF07F10C03184607F046F80346A2
:10E5F00087F8353097F835301B0987F8343097F8AD
:10E600003430092B01D8302200E0372297F834301B
:10E610001344DBB2FB7497F8353003F00F0387F82F
:10E62000343097F83430092B01D8302200E03722FB
:10E6300097F834301344DBB23B7507F10C030A2220
:10E640002021184602F0B6FF07F10C031846FFF729
:10E65000F5F9A7E6A07F0100D07D0100180C00208D
:10E660007082010030840100630C0020B47F01003F
:10E67000650C0020BC7F0100CC7F0100C07D010043
:10E680002084010010840100D87F0100DC7F01009C
:10E6900084750100BC7D010080B582B002AF00230B
:10E6A000019304230093002340F2451212491348BA
:10E6B00005F0AEFE0346012B08D0114B40F2952227
:10E6C00010490520F4F738F900BFFDE7042004F0F5
:10E6D00093FF03460C4A13600B4B1B68002B08D1B9
:10E6E0000A4B40F29A2207490520F4F725F900BFAA
:10E6F000FDE700BFBD4680BDE47F010081E300006F
:10E70000EC7F0100D07D0100140A00200880010088
:10E7100080B582B000AF00237B6011E00C497A68BD
:10E7200013465B0013449B000B441B68DB6898474F
:10E730000346002B01D0012306E07B6801337B6098
:10E740007B68002BEAD0002318460837BD4680BD01
:10E750007C84010080B584B000AF78600023FB604A
:10E7600033E01E49FA6813465B0013449B000B44D8
:10E770001B681B4A934218D10020F9F7EBF8B860E8
:10E78000786807F0ADF90246BB6893421AD913497D
:10E79000FA6813465B0013449B000B441B685B68DC
:10E7A0001946786802F02BFB0CE00C49FA68134616
:10E7B0005B0013449B000B441B685B681946786838
:10E7C00002F01DFBFB680133FB60FB68002BC8D027
:10E7D00000BF00BF1037BD4680BD00BF7C84010074
:10E7E0004C82010080B584B000AFF860B960134678
:10E7F000FB71BB68002B01D1064BBB60FB79064A5D
:10E80000B968F86802F0E3FB034618461037BD46C6
:10E8100080BD00BF4C8201004084010090B585B0EE
:10E8200000AF78600023BB604FF47A70F9F7FCFD0D
:10E83000294B40F2231229490020F4F77DF80023E8
:10E84000FB600DE02649FA6813465B0013449B0009
:10E850000B4404331B6800221A70FB680133FB6011
:10E86000FB68002BEED00023FB6018E01C49FA681F
:10E8700013465B0013449B000B4404331868402488
:10E880001749FA6813465B0013449B000B441A684F
:10E89000144B214602F0B1FCFB680133FB60FB68BE
:10E8A000002BE3D0FFF734FF034683F00103DBB214
:10E8B000002BD8D01420F9F7B7FDBB681433BB6028
:10E8C000BB68C72BCFDD084B1B68184602F00EFA59
:10E8D0000023BB60C7E700BF34800100488001000F
:10E8E0007C84010040840100E809002080B582B0EA
:10E8F00002AF0023019302230093002340F2712210
:10E900000D490E4805F084FD0346012B08D00C4B41
:10E910004FF4AD720B490520F4F70EF800BFFDE788
:10E92000094B1846F5F764F800210748F3F7E4FEB1
:10E9300000BFBD4680BD00BFA48001001DE80000EF
:10E94000AC800100488001004C82010080B483B09B
:10E9500000AF0346FB7197F90730002B0BDBFB7907
:10E9600003F01F02074997F907305B09012000FAFD
:10E9700002F241F8232000BF0C37BD465DF8047B4E
:10E98000704700BF00E100E080B483B000AF0346F1
:10E990003960FB7197F90730002B0ADB3B68DAB26C
:10E9A0000C4997F907301201D2B20B4483F80023C7
:10E9B0000AE03B68DAB20849FB7903F00F03043B35
:10E9C0001201D2B20B441A7600BF0C37BD465DF877
:10E9D000047B704700E100E000ED00E080B582B00C
:10E9E00000AF786008220449786807F023F800BF78
:10E9F0000837BD4680BD00BF8884010080B500AFE8
:10EA00000021024806F0F1FE00BF80BD0070034007
:10EA100080B500AF0021024806F0CBFE00BF80BDEC
:10EA20000070034080B586B000AF78607B68FB6003
:10EA3000FB68DB68002B01D1002396E0FB68B3F98B
:10EA40001230002B0AD0FB68B3F912309BB2013BA5
:10EA50009BB21AB2FB685A82012386E0FB68DB682E
:10EA6000002B02DD01237B6102E04FF0FF337B616D
:10EA7000FB689A687B691A44FB689A60FB685B686C
:10EA8000002B06D0FB685B68FA681268796910464B
:10EA90009847FB68DA687B69D21AFB68DA60FB6822
:10EAA000B3F91020FB685A82FB681B7E002B03D150
:10EAB000FB685B7E002B57D0FB68DB683B613B69E2
:10EAC000002B02DA3B695B423B61FB681B7E002B3B
:10EAD00026D03B694FF4B47202FB03F3254A9342FC
:10EAE0001ED9FB685B691A464FF4B47302FB03F34B
:10EAF000204A934204D8FB685B695A1CFB685A6140
:10EB0000FB685B691A464FF4B47302FB03F31A4ABD
:10EB1000A2FB03231B0B1946F86806F0BFFE23E097
:10EB2000FB685B7E002B1FD03B694FF4B47202FB85
:10EB300003F3124A934217D8FB685B69002B04DD8C
:10EB4000FB685B695A1EFB685A61FB685B691A4681
:10EB50004FF4B47302FB03F3074AA2FB03231B0B1E
:10EB60001946F86806F09AFE012318461837BD4684
:10EB700080BD00BFBFB6010049D6B9F2DFA50100D4
:10EB800080B500AF01220021044806F0E9FD06F03F
:10EB90001BFBBFF34F8F00BF00BF80BD0070034061
:10EBA0002DE9B04F88B000AF07F11C03184606F0FE
:10EBB000ADFD00233B7707F11C0319462E48F2F701
:10EBC000E5FC0220F1F79CFD034600229A4693469D
:10EBD00052465B469118B9605B41FB60D7E902235E
:10EBE00012EB0A0443EB0B054FF000024FF0000359
:10EBF000AB0043EA9473A20014461D46B4EB0A0826
:10EC000065EB0B094FF000024FF000034FEA891348
:10EC100043EA98634FEA8812B2EB0801396063EB6C
:10EC200009037B60D7E900120B4613EB0A033B6133
:10EC3000134643EB0B037B61104A4FF00003D7E907
:10EC4000040106F0D9FF02460B4613461A4600217E
:10EC5000094806F09AFD02220021074806F063FDEC
:10EC600006213020FFF790FE302006F039FD00BF6E
:10EC70002037BD46BDE8B08F0070034040420F0012
:10EC800080B487B000AF78607B683B61EFF31080A1
:10EC900072B6F8733B699B687B617B69002B13DA62
:10ECA0007B695B42164A82FB03121A441113DA177E
:10ECB0008A1A4FF4875101FB02F29B1A7B617B6930
:10ECC000C3F587537B610DE07B690D4A82FB03121C
:10ECD0001A441113DA178A1A4FF4875101FB02F212
:10ECE0009B1A7B613B697A699A60F87B80F3108894
:10ECF0007B6918461C37BD465DF8047B704700BF32
:10ED000049D6B9F280B58AB000AFF860B960114653
:10ED10001A460B46FB711346BB7100237B62FB68EE
:10ED2000BB61F868FFF7ACFF78617B696E4A82FBD4
:10ED300003125210DB17D31A3B61BB68002B0EDBAA
:10ED4000BB686A4A82FB03121A441112DA178A1A44
:10ED50004FF4B47101FB02F29B1A3B6210E0BB68F6
:10ED60005B42624A82FB03121A441112DA178A1AB2
:10ED70004FF4B47101FB02F29A1AC2F5B4733B620C
:10ED8000FB79002B18D13A6A3B69D31AFB61FB6906
:10ED9000002B08DBFB69B42B02DC0123FB710BE0C9
:10EDA0000223FB7108E0FB6913F1B30F02DA0123C0
:10EDB000FB7101E00223FB71FB79012B3DD13A6924
:10EDC0003B6A9A4204DC3A6A3B69D31AFB6105E06C
:10EDD0003A693B6AD31AC3F5B473FB61FA69134607
:10EDE0005B0013449B007B62BB68B3F5B47F0FDB11
:10EDF000BB683E4A82FB03121A441212DB17D31A75
:10EE00004FF4875202FB03F37A6A13447B6254E0A7
:10EE1000BB6813F5B47F50DCBB685B42334A82FBAE
:10EE200003121A441212DB17D31A4FF4875202FB53
:10EE300003F37A6A13447B623FE0FB79022B3CD1F7
:10EE40003A6A3B699A4204DC3A693B6AD31AFB612D
:10EE500005E03A6A3B69D31AC3F5B473FB61FA69FA
:10EE6000134692009B1A9B007B62BB68B3F5B47F8C
:10EE70000FDBBB681D4A82FB03121A441212DB1718
:10EE80009B1A4FF4875202FB03F37A6A13447B62A6
:10EE900013E0BB6813F5B47F0FDCBB685B42134A19
:10EEA00082FB03121A441212DB179B1A4FF487528B
:10EEB00002FB03F37A6A13447B62BB697A6ADA6005
:10EEC000BB6900225A61BB791AB2BB691A82BB695D
:10EED00097F830201A76BB6997F834205A7600BF2D
:10EEE0002837BD4680BD00BFABAAAA2AB7600BB6C3
:10EEF00080B588B002AFF860B9607A60FB687B616A
:10EF00001B4A7968B86802F022FB7B699A6805237E
:10EF1000009320237968B86802F0A1FC154A79684B
:10EF2000B86802F014FB7B69B3F910200223009348
:10EF300020237968B86802F070FC7B69DB69002BDC
:10EF400012D00D4A7968B86802F001FB7B69DB6971
:10EF5000184605F025F803461AB202230093202331
:10EF60007968B86802F059FC00BF1837BD4680BD0B
:10EF7000C8800100D0800100DC80010080B5A2B013
:10EF800000AF78607B685B681A462A492A4802F01D
:10EF900096F907F10803294A8021184602F0B2FACF
:10EFA00007F1080340F2B6228021184602F046FD20
:10EFB00007F10803224A8021184602F0C8FA7B684C
:10EFC0005A6807F1080319461E4802F078F907F15C
:10EFD00008031D4A8021184602F094FA07F108033D
:10EFE0004FF487528021184602F028FD07F10803EC
:10EFF000164A8021184602F0AAFA07F1080340F6E3
:10F00000B8328021184602F019FD07F108030C4AB6
:10F010008021184602F09BFA7B685A6807F10803C2
:10F0200019460B4802F04BF9002318468837BD46B5
:10F0300080BD00BFE8800100FC8001000481010068
:10F04000847501001C8101002481010038810100C8
:10F050004C81010080B582B000AF78607B685B684E
:10F060001A460B490B4802F018F97B685B681A4690
:10F0700009490A4802F011F97B685B681A46084999
:10F08000084802F00AF9002318460837BD4680BD3B
:10F0900054810100FC8001003460010058600100CF
:10F0A000708101009081010080B58AB000AFF860E6
:10F0B000B9607A60002387F827305449F86806F071
:10F0C000CBFC0346002B06D05149F86806F0C4FC7F
:10F0D0000346002B07D1BB6801221A707868FFF73E
:10F0E000B9FF03468DE04B49F86806F0B5FC0346CE
:10F0F000002B06D04849F86806F0AEFC0346002B0A
:10F1000007D1BB6801221A707868FFF737FF034602
:10F1100077E00F224149F86806F009FD0346002B0D
:10F120006DD1BB6801221A70FB680F337B6107F158
:10F13000200207F114031146184602F0AFFC034603
:10F14000002B59D13B6A002B56DB3B6A012B53DC69
:10F1500007F11C0207F114031146184602F09EFC49
:10F160000346002B48D1FB69002B45DBFB69002BD4
:10F1700042DC07F1180207F114031146184602F0A9
:10F180008DFC0346002B37D1BB69002B34DBBB69F8
:10F19000012B31DC07F11403184603F036F87B69C4
:10F1A0001F49184606F058FC0346002B0CD13B6A59
:10F1B000D8B2FB69D9B2BB69DAB20123FEF70EFA05
:10F1C000002387F8273017E07B691649184606F0B8
:10F1D00043FC0346002B0CD13B6AD8B2FB69D9B281
:10F1E000BB69DAB20023FEF7F9F9002387F827306C
:10F1F00002E01B2387F8273097F8273001E097F8C3
:10F20000273018462837BD4680BD00BF8C670100F7
:10F21000A48101009C670100B4810100C481010048
:10F22000986601002C6C0100034B034493F8803076
:10F230001B0748BF20387047928401000A4B0344E3
:10F2400093F880309A0605D530388842A8BF4FF031
:10F25000FF3070471A0701D55738F6E7DB064CBF79
:10F2600037384FF0FF30F0E7928401002DE9F04786
:10F270001446294A074689460546294615F8010BD2
:10F28000E0B1131893F88030DB07F6D4302815D19D
:10F29000287800F0DF03582B01F1020209D134F085
:10F2A000100337D16878CA1C1024214615461C4625
:10F2B00007E00123002CF8D10824F6E7B4B1214679
:10F2C00000240026B046B246FFF7B8FF00280FDA48
:10F2D00004B16F1EC9F80070BAF1000F17D00F4BC0
:10F2E00022221A604FF0FF30BDE8F0870A21E8E7DC
:10F2F00006FB01031A0C08FB0128B8F5803F15F83E
:10F30000010B9EB228BF4FF0010A0124DCE746EA58
:10F310000840E9E70123C8E792840100580C002067
:10F32000DFF878C0F7B5034607460E461D4613F8CA
:10F33000011B21B30CEB010090F8804014F0010494
:10F34000F4D12B291DD02D290ABF1D4600244FF4CE
:10F35000007401A92846FFF789FF26B1019BAB4243
:10F3600008BF3B46336074B10028BBBF0A4B222262
:10F3700040421A60B8BF4FF0004003B0F0BD0C46E9
:10F38000E7E71D46E5E70028BFBF034B22221A60CE
:10F390006FF00040F1E700BF580C0020928401009C
:10F3A0000A4B0B49172230B51A600A4B0A4C362219
:10F3B0001A600A4A0023013300EB1045372B42F84C
:10F3C000045B04FB0010F6D130BD00BF1800002024
:10F3D000E119D66614000020CD0D01001C000020AC
:10F3E0002DE9F04381EA0304C1F30A550E469C4619
:10F3F00040F2FF7E04F0004455B1754504D0C3F3DC
:10F400000A570FB1774518D1730013F5001F5DD26D
:10F410004FEA4C0313F5001F55D34FEA4C0313F585
:10F42000001F54D82B4B1E424FF0000050D01CEA56
:10F43000030F4DD044EA03013AE0C1F313063D4403
:10F44000570D46F4801647EAC327D2020021A6FBD7
:10F4500002EC47F000470B46E6FB07C3A2FB006245
:10F46000E7FB002112EB0E0241F1000111EB0C0150
:10F4700043F10000B0F5801F42EA96031AD2491802
:10F4800041EAD371A5F5806540415B00DA0F52185F
:10F4900040F10000B3F1004F40F2FD7308BF22F0CD
:10F4A00001029D4209D844EA000303EB05511046CE
:10F4B000BDE8F083A5F2FF35E8E7002D03DB44F05B
:10F4C000FF4444F4E00400202146F1E7A5D00020E9
:10F4D0000149EDE70000F07F0000F87F2DE9F041E1
:10F4E000C1F30A5E8C461E4640F2FF7883EA0105AE
:10F4F000BEF1000F11D14900700010F5001F18D89F
:10F50000404A46EA0C03134213D01CEA020305F0FA
:10F51000004564D12946184656E0C64504D0C3F3D9
:10F520000A570FB1474506D14FEA4C0111F5001FAC
:10F53000E2D9002064E0430D43EAC123510DC0022B
:10F5400041EAC621D202904243F0004341F000411B
:10F5500073EB0106AEEB070728BF40084FEA5202E3
:10F5600028BF40EAC37042EAC17232BF07F2FD37DA
:10F570005B0807F2FE3749084FF0350C0026904231
:10F5800073EB010E4FEA460604D3801A63EB0103C6
:10F5900046F0010600185B41BCF1210F08BF34465C
:10F5A000BCF1010CEBD1904273EB010102D30136A7
:10F5B00008BF013440F2FD739F4205F0004505D8B5
:10F5C00005EB075529193046BDE8F081002FA4BF8F
:10F5D00045F0FF4545F4E00500202946F4E716EA2A
:10F5E000020302D145EA020195E710F5001F4FF032
:10F5F000000002D045EA0201E6E711F5001FECD158
:10F600000149E1E70000F07F0000F87FF0B5174600
:10F6100093EA01020E4605469E4607D503F10045D2
:10F620003A462B46BDE8F04000F0CAB88B4203D8FA
:10F63000874209D38B4207D102F1004256408EEA3D
:10F64000020E2A463D461746C6F30A5240F2FF7C98
:10F650004FEA1E5062454FEA1654C0EB165104D1D2
:10F66000330300F0A1800020A2E0914204D10029E0
:10F6700000F0A080314689E0C6F31302CEF31303F5
:10F680001F2942F4801243F4801350D8203023FA0B
:10F6900001FC001BA2EB0C0227FA01FC03FA00F1AB
:10F6A00041EA0C01691A38BF02F1FF3217FA00F380
:10F6B0000D4603D05B424D1E01B9013A12F4C01F42
:10F6C00051D1E90FDB0F41EA420243EA450352EA16
:10F6D00003016FD0023C510B23D0510C01BF190F15
:10F6E00041EA02121B01043CD10C01BF990F41EA0F
:10F6F00082029B00023C110D02BFD90F41EA420277
:10F7000004F1FF344FEAD67108BF5B00B1EBD42F90
:10F710004FF0000006BF02EB0451184606F000410E
:10F72000F0BD190E41EA02221B02083CD3E735293D
:10F7300019D8203923FA01F0281AC1F1200638BF60
:10F7400002F1FF3227FA01F1B3403F06054643EAD2
:10F75000010306D043F0FF035B42451E18B9013A8E
:10F7600001E0002BF8D1D10209D4013C66050FD08D
:10F77000E90F41EA4202D90F41EA45055B00002B3F
:10F7800022F480124FEA045405DB11192846C7E71A
:10F7900021053046C4E7013508BF0132B3F1004FFF
:10F7A00008BF25F00105F0E7002000297FF462AFD3
:10F7B0000249B5E700200021B2E700BF0000F87F52
:10F7C000F0B51E4696EA010F1C468E4607461346C4
:10F7D00006D506F100452B46BDE8F040FFF716BF01
:10F7E0008E429EBF0E46A646174640F2FF7CC6F3E9
:10F7F0000A5298BF03464FEA1E5162454FEA16501F
:10F80000C1EB165404D1320306D03249002036E051
:10F81000944203D1002C58D0314654E0C6F3130C67
:10F82000CEF313021F2C4CF4801542F4801227D81B
:10F830002031091A22FA04FC27FA04F48A402243F0
:10F840009A186544134628BF013507FA01F2A90248
:10F850002BD5013308BF01350AB923F002036FF33A
:10F86000130606EB5506720012F5001F2FBF431C4E
:10F87000ED07314645EA530024BF00201905F0BDCD
:10F88000352CE4D8203C22FA04F159180B46C4F177
:10F89000200102FA01F227FA04F428BF01352243BD
:10F8A0003F0618BF42F0FF02D1E7002A00F1FF3403
:10F8B00007DA013308BF0135B2F1004F08BF23F06A
:10F8C000010305EB04511846D9E706F00041204634
:10F8D000D5E700BF0000F87F80B500AFF1F740F931
:10F8E00000BF80BD80B500AFF1F748F900BF80BD13
:10F8F00080B500AFF1F750F900BF80BD80B500AF13
:10F90000F1F758F900BF80BD80B500AFF0F7D2FC29
:10F9100000BF80BD80B500AFF0F7CCFC00BF80BD5C
:10F9200080B500AFF0F7C6FC00BF80BD80B500AF6A
:10F93000F0F7C0FC00BF80BD80B500AFF0F7BAFCA7
:10F9400000BF80BD80B500AFF0F7B4FC00BF80BD44
:10F9500080B500AFF0F7AEFC00BF80BD80B500AF52
:10F96000F0F7A8FC00BF80BD80B500AFF0F7A2FCA7
:10F9700000BF80BD80B500AFF0F79CFC00BF80BD2C
:10F9800080B500AFF0F796FC00BF80BD80B500AF3A
:10F99000F0F790FC00BF80BD80B500AFF0F78AFCA7
:10F9A00000BF80BD80B500AFF0F784FC00BF80BD14
:10F9B00080B500AFF0F77EFC00BF80BD80B500AF22
:10F9C000F0F778FC00BF80BD80B500AFF0F772FCA7
:10F9D00000BF80BD80B500AFF0F76CFC00BF80BDFC
:10F9E00080B500AFF0F766FC00BF80BD80B500AF0A
:10F9F000F0F760FC00BF80BD80B500AFF0F75AFCA7
:10FA000000BF80BD80B500AFF0F754FC00BF80BDE3
:10FA100080B500AFF0F74EFC00BF80BD80B500AFF1
:10FA2000F0F748FC00BF80BD80B500AFF0F742FCA6
:10FA300000BF80BD80B500AFF0F73CFC00BF80BDCB
:10FA400080B500AFF0F736FC00BF80BD80B500AFD9
:10FA500000F09EFD00BF80BD80B500AFF0F72AFC2E
:10FA600000BF80BD80B500AFF0F724FC00BF80BDB3
:10FA700080B500AFF0F71EFC00BF80BD80B500AFC1
:10FA8000F0F718FC00BF80BD80B500AFF0F712FCA6
:10FA900000BF80BD80B500AFF0F70CFC00BF80BD9B
:10FAA00080B500AFF0F706FC00BF80BD80B500AFA9
:10FAB000F0F700FC00BF80BD80B500AFF0F7FAFBA7
:10FAC00000BF80BD80B500AFF0F7F4FB00BF80BD84
:10FAD00080B500AFF0F7EEFB00BF80BD80B500AF92
:10FAE000F0F7E8FB00BF80BD80B500AFF0F7E2FBA8
:10FAF00000BF80BD80B500AFF0F7DCFB00BF80BD6C
:10FB000080B500AFF0F7D6FB00BF80BD80B500AF79
:10FB1000F0F7D0FB00BF80BD80B500AFF0F7CAFBA7
:10FB200000BF80BD80B500AFF0F7C4FB00BF80BD53
:10FB300080B500AFF0F7BEFB00BF80BD80B500AF61
:10FB4000F0F7B8FB00BF80BD80B500AFF0F7B2FBA7
:10FB500000BF80BD80B500AFF0F7ACFB00BF80BD3B
:10FB600080B500AFF0F7A6FB00BF80BD80B500AF49
:10FB7000F0F7A0FB00BF80BD80B500AFF0F79AFBA7
:10FB800000BF80BD80B500AFF0F794FB00BF80BD23
:10FB900080B500AFF0F78EFB00BF80BD80B500AF31
:10FBA000F0F788FB00BF80BD80B500AFF0F782FBA7
:10FBB00000BF80BD80B500AF00F074FD00F028FDEF
:10FBC00000F033FDFBF754FC0023184680BD80B5E0
:10FBD00082B000AFF0F7FCFC7860F0F73BFE034624
:10FBE000DB087A689A4204D87B68002B01D07B68D6
:10FBF00000E0002318460837BD4680BD80B582B0BE
:10FC000000AF03463A60FB710B46BB71B979FB79D3
:10FC10003A681846F0F718FF034618460837BD46FD
:10FC200080BD80B485B000AF78607B681B0C03F1A9
:10FC3000804303F58E23FB60FB6819687B689BB2E9
:10FC400001229A40FB680A431A6000BF1437BD4680
:10FC50005DF8047B704790B589B000AF78607B6831
:10FC60009B687A68127CDA777B689A687B681B7C71
:10FC70005B01134403F580531C331B889BB203F0D4
:10FC80008003002B14BF01230023BB767B68DB6855
:10FC9000002B0CD17B681B68002B7FD07B681C6815
:10FCA0007B685968BA7E00237868A04776E07B6855
:10FCB0009A687B681B7C5B01134403F580531833FF
:10FCC0001B687B617B68DB681A467B699B1A7B61DA
:10FCD0007B695B093B61BB7E002B02D03B69FB76F5
:10FCE0000EE03B69002B04D03B69DBB2013BDBB289
:10FCF00005E07B681B7D5BB2DBB2013BDBB2FB76D0
:10FD00007B685B7C5AB297F91B309A4213D17B68AF
:10FD1000DB7CFB737B681B7DBB7397F90F2097F926
:10FD20000E309A4204D17B68DB7C5BB2FB6112E04F
:10FD30000023FB610FE0FB7E7A68527C52B29B1A73
:10FD4000FB61FB69002B06DA7B681B7D5BB21A4600
:10FD5000FB691344FB6197F91B207B685A747B682D
:10FD6000DB7C5BB2DAB2FB69DBB2D31ADBB25AB22C
:10FD70007B68DA747B681B68002B07D07B681C6883
:10FD80007B685968FB69BA7E7868A047BB7E002B08
:10FD900004D07B689B687A68127C1A7700BF24378E
:10FDA000BD4690BD80B483B000AF78607B68002B07
:10FDB00001D1042326E07A6892F84C3043F0010325
:10FDC00082F84C307A6892F84C3043F0020382F8A3
:10FDD0004C307B681022A3F860207B681322A3F8C4
:10FDE00062207B6800225A657B68082283F85120D4
:10FDF0007B68002283F850207B684FF48072A3F860
:10FE00005220002318460C37BD465DF8047B70472E
:10FE100080B487B000AFF860B9607A60FB70662389
:10FE20007B61FB68002B01D1042323E0FB78013BBD
:10FE3000DBB21A46BB681340002B07D1FB78013BAD
:10FE4000DBB21A467B681340002B01D0652311E01A
:10FE5000FB689B68BA689A420BD3BA687B681A44FD
:10FE6000FB689968FB68DB680B449A4201D8002361
:10FE70007B617B6918461C37BD465DF8047B704783
:10FE800080B487B000AF786000237B617B683B6102
:10FE90003B6903F00303002B03D13B691B687B61C3
:10FEA00015E00023FB600FE03B691B781A46FB68F6
:10FEB000DB0002FA03F37A6913437B613B69013388
:10FEC0003B61FB680133FB60FB68032BECD97B696A
:10FED00018461C37BD465DF8047B704780B586B078
:10FEE00000AFF860B9607A603B6007F113037A688D
:10FEF000B968F86800F0E2F878617B69002B01D0FE
:10FF00007B691DE0FB7C1A46642302FB03F3FA685D
:10FF10001344B968184600F019F978617B69002B21
:10FF200001D07B690CE0FB7C1A46642302FB03F3DF
:10FF3000FA68D0183B687A68B968F0F777FE03462C
:10FF400018461837BD4680BD80B586B000AFF86052
:10FF5000B9607A603B6007F113033A68B968F868E2
:10FF600000F0ACF878617B69002B01D07B691DE063
:10FF7000FB7C1A46642302FB03F3FA681344B96856
:10FF8000184600F0E3F878617B69002B01D07B69AB
:10FF90000CE0FB7C1A46642302FB03F3FA68D018DA
:10FFA0003B687A68B968F0F7A1FE0346184618372F
:10FFB000BD4680BD80B586B000AFF860B9607A609C
:10FFC000FB7007F113037A68B968F86800F076F8F7
:10FFD00078617B69002B01D07B691DE0FB7C1A46B0
:10FFE000642302FB03F3FA681344B968184600F06F
:10FFF000ADF878617B69002B01D07B690CE0FB7C5C
:020000021000EC
:100000001A46642302FB03F3FA68D018FB787A6877
:10001000B968F0F7D5FE034618461837BD4680BDCF
:1000200080B485B000AF78600023FB607B685B78AC
:10003000002B16D17A68137943F0010313717A68A3
:10004000137943F0020313717A68137943F00803BC
:1000500013717A68137943F0200313710023FB6056
:1000600001E00423FB607A68137943F00403137101
:100070007A68137943F010031371FB68184614373C
:10008000BD465DF8047B704780B485B000AF7860F2
:1000900039603B689B027A689A4205D97A683B6866
:1000A000B2FBF3F3FB6002E04FF48063FB60FB689C
:1000B00018461437BD465DF8047B704790B486B08F
:1000C00000AFF860B9607A603B60FB68002B01D13B
:1000D000042336E00023FB752FE0FB7DFA686421E2
:1000E00001FB03F3134408331B68BA689A4221D317
:1000F000BA687B681A44FB7DF968642000FB03F34F
:100100000B4408331968FB7DF868642404FB03F38F
:1001100003440C331B680B449A420BD8FB7DFA68EE
:10012000642101FB03F3134401331A783B681A700E
:10013000002306E0FB7D0133FB75FB7D002BCCD05B
:10014000662318461837BD4690BC704780B483B00C
:1001500000AF786039607B68002B01D1042317E081
:100160007B685B78002B0FD07B681B7903F0010361
:10017000DBB2002B08D07B689B683A68D31A03F582
:1001800000027B681A6302E07B683A681A63002306
:1001900018460C37BD465DF8047B704780B487B0C5
:1001A00000AFF860B9601346FB7101237B61FB79F6
:1001B000002B05D17A69BB689A40FB689A6004E01D
:1001C0007A69BB689A40FB685A6000BF1C37BD461D
:1001D0005DF8047B704780B586B000AFF860B96009
:1001E0007A6001237B617B681B78002B0AD1FB6856
:1001F0005A697969BB6801FA03F3DB431A40FB686B
:100200005A610FE07B685B781A46B968F868FFF7B7
:10021000C5FFFB685A697969BB6801FA03F31A43A1
:10022000FB685A6100BF1837BD4680BD80B485B0F9
:1002300000AF78607B681B0C03F1804303F58E23CD
:10024000FB60FB6819687B689BB201229A40FB68DF
:100250000A431A6000BF1437BD465DF8047B70473F
:1002600080B582B000AF786007220021786805F081
:10027000E3FB7B6800221A707B6800225A707B685F
:1002800000229A707B680022DA707B6801221A7162
:100290007B6801225A717B6800229A7100BF08377F
:1002A000BD4680BD80B485B000AF78607B681B0C14
:1002B00003F1804303F58E23FB60FB6819687B68BC
:1002C0009BB201229A40FB680A431A6000BF1437B0
:1002D000BD465DF8047B704780B485B000AF7860A0
:1002E0007B685B78DBB2FB60FB6823F06003FB603C
:1002F000FB68DAB27B685A70002318461437BD4693
:100300005DF8047B704780B485B000AF78607B688F
:100310005B78DBB2FB60FB6823F06003FB60FB688B
:1003200043F06003FB60FB68DAB27B685A7000231D
:1003300018461437BD465DF8047B704780B485B01D
:1003400000AF78607B681B0C03F1804303F58E23BC
:10035000FB60FB6819687B689BB201229A40FB68CE
:100360000A431A6000BF1437BD465DF8047B70472E
:1003700080B582B000AF78600C220021786805F06B
:100380005BFB7B684FF4E1321A607B6800221A71D4
:100390007B6800225A717B6801229A717B68002277
:1003A000DA717B6800221A727B6800225A727B68BD
:1003B00000229A727B680022DA7200BF0837BD46BD
:1003C00080BD80B485B000AF78607B681B79DBB2FC
:1003D000FB607B685B79DBB21B02FA681343FB604E
:1003E0007B681B7BDBB21B04FA681343FB607B68F2
:1003F0009B7CDBB21B06FA681343FB60FB68184664
:100400001437BD465DF8047B704780B584B000AFFB
:10041000786039607B685B79FB72FB7A03F03F039D
:10042000FB723B681B0ADAB2FB7A1343DAB27B68D1
:100430005A713B681B0EDAB27B689A743B6803F012
:100440001703002B03D07B681B797B68DB793B6843
:1004500003F00803002B0BD07B681B797B68DB79EA
:100460007B685B7CDBB243F04003DAB27B685A7492
:100470007868FFF7A6FF02463B681340002B03D0C5
:1004800040F2EE33FB6001E00023FB60FB6818469E
:100490001037BD4680BD80B485B000AFF860B9604C
:1004A0007A600CE000BFFB681B79DBB25BB2002B0B
:1004B000F9DABB685A1CBA601A78FB68DA717B6893
:1004C0005A1E7A60002BEDD100BFFB681B79DBB2AE
:1004D00003F04003002BF8D000BF00BF1437BD4627
:1004E0005DF8047B704780B485B000AF78600B4640
:1004F000FB700023FB730023BB737B689B7CFB7347
:100500007B68DB78DBB203F00C03BB73FB7B03F08F
:100510004003002B35D07B68DB78DBB223F00C0383
:10052000DAB27B68DA707B685B7CDBB263F03F0336
:10053000DAB27B685A74FB78002B08D07B681B7C8E
:10054000DBB243F00803DAB27B681A7407E07B6819
:100550001B7CDBB223F00803DAB27B681A747B6879
:100560005B7CDBB263F03F03DAB27B685A747B6872
:10057000DB78DAB2BB7B1343DAB27B68DA70002334
:1005800000E0012318461437BD465DF8047B704730
:1005900080B500AFF1F7B4F9BFF34F8F00BF00BFD4
:1005A00080BD80B400AF00BFBD465DF8047B7047DE
:1005B00080B483B000AF78600B46FB707B68FA783C
:1005C0001A7000BF0C37BD465DF8047B704780B4DD
:1005D00083B000AF78607B68DB78DBB218460C37FD
:1005E000BD465DF8047B704780B483B000AF47F22E
:1005F00030537B6000E000BF7B685A1E7A60002B9E
:10060000F9D100BF00BF0C37BD465DF8047B7047D1
:1006100080B500AFF1F7B8F900BF80BD80B400AF7E
:1006200000BFBD465DF8047B704780B500AFFFF7A3
:10063000F5FF00BF80BD80B485B000AF78607B68F7
:100640001B0C03F1804303F58E23FB60FB681968E4
:100650007B689BB201229A40FB680A431A6000BF84
:100660001437BD465DF8047B704780B485B000AF99
:10067000F860B9601346FB71FB68BA6853F8223022
:1006800023F4E062FB791B0203F4E06342EA030116
:10069000FB68BA6843F8221000BF1437BD465DF806
:1006A000047B704780B500AFF1F79EF900BF80BDB5
:1006B00080B588B000AF786007F108031846F0F7FE
:1006C000A7FF0023FB6107E07A68FB69134400225F
:1006D0001A70FB690133FB61FB690F2BF4D900230E
:1006E000FB610023BB610FE007F10802FB691344C3
:1006F00019787A68BB6913440A461A70FB6901339A
:10070000FB61BB690133BB61FB690F2B02D8FB693D
:100710000F2BE9D9002318462037BD4680BD80B491
:1007200000AF00BFBD465DF8047B704780B483B066
:1007300000AFEFF310833B603B687B6072B600BF95
:100740007B6818460C37BD465DF8047B704780B463
:1007500085B000AF78607B68FB60FB6883F310882E
:1007600000BF00BF1437BD465DF8047B704780B4FE
:1007700083B000AF78603960012318460C37BD465E
:100780005DF8047B704780B485B000AF7860396055
:100790007B68FB600BE0FB681B78FF2B01D000231C
:1007A00009E0FB680133FB603B68013B3B603B6851
:1007B000002BF0D1012318461437BD465DF8047BA9
:1007C000704780B584B000AFF860B9607A6079682E
:1007D000F868FFF7CCFF034683F00103DBB2002B80
:1007E00006D07A68FF21B86805F026F9122305E0E3
:1007F0007A68F968B86805F01DF9002318461037C3
:10080000BD4680BD80B584B000AFF860B9607A6045
:100810007A68B968F868F1F7D1FB034618461037D3
:10082000BD4680BD80B584B000AFF860B9607A6025
:100830003B60BB6839681846FFF799FF034683F0B1
:100840000103DBB2002B06D03A68FF21786805F07F
:10085000F3F81B2306E0BB683A681946786805F090
:10086000E9F8002318461037BD4680BD80B483B038
:1008700000AF786039607B683A685A6000BF0C3717
:10088000BD465DF8047B704780B483B000AF7860EC
:1008900039607B683A689A6000BF0C37BD465DF8E6
:1008A000047B704780B483B000AF786039607B68A8
:1008B0003A68DA6000BF0C37BD465DF8047B7047CC
:1008C00080B483B000AF786039607B681A693B6898
:1008D00022FA03F303F0010318460C37BD465DF816
:1008E000047B704780B485B000AFF860B9601346F0
:1008F000FB71FB68BA6853F8223023F4E062FB799D
:100900001B0203F4E06342EA0301FB68BA6843F8A0
:10091000221000BF1437BD465DF8047B704780B5D8
:1009200084B000AF78600B46FB701346BB7007F1D4
:100930000C0302220021184605F07EF8FB78002BFC
:1009400002D000233B7301E001233B73BB787B7330
:100950007B6858687B68DB6807F10C021946FFF773
:100960003AFC00BF1037BD4680BD80B584B000AFF3
:1009700078607B68FB6000220121F868FFF7CFFFF9
:10098000FB6801221A7000BF1037BD4680BD80B5DC
:1009900084B000AF78600B46FB707B68FB60FB782F
:1009A0001A460021F868FFF7BAFFFB6800221A70A8
:1009B00000BF1037BD4680BD80B485B000AF786001
:1009C0007B68FB60FB681B78002B14BF01230023AE
:1009D000DBB283F00103DBB203F00103DBB21846A4
:1009E0001437BD465DF8047B704780B584B000AF16
:1009F0007860142002F096FBF860FB68002B10D0A2
:100A000014220021F86805F017F87B681A78FB6853
:100A10001A70FB68181D7B6804331022194605F014
:100A200009F87B6819787B685B781A46F868FFF7E5
:100A300076FF7B681B7C1946F86800F0A1F87B689C
:100A400098687B68DB6801221946FFF74BFFFB685B
:100A500018461037BD4680BD80B584B000AF7860C1
:100A60007B68FB60FB685A68FB68DB68012101FA60
:100A700003F319461046FFF707FF00BF1037BD46C6
:100A800080BD80B584B000AF78607B68FB60FB6898
:100A90005A68FB68DB68012101FA03F31946104626
:100AA000FFF7E4FE00BF1037BD4680BD80B584B0BF
:100AB00000AF78607B68FB60FB685A68FB68DB68A6
:100AC000012101FA03F319461046FFF7EBFE00BFC0
:100AD0001037BD4680BD80B584B000AF78600B464E
:100AE000FB707B68FB60FB78002B0BD0FB685A68BF
:100AF000FB68DB68012101FA03F319461046FFF792
:100B0000B5FE0AE0FB685A68FB68DB68012101FA60
:100B100003F319461046FFF7B7FE00BF1037BD4676
:100B200080BD80B584B000AF78607B68FB60FB68F7
:100B30005A68FB68DB6819461046FFF7C1FE03469A
:100B4000002B14BF01230023DBB218461037BD462B
:100B500080BD80B582B000AF78607868FFF7E1FFB4
:100B60000346002B14BF01230023DBB283F00103F3
:100B7000DBB203F00103DBB218460837BD4680BD87
:100B800080B485B000AF78600B46FB707B68FB607B
:100B9000FB68FA781A74FB78002B10D1FB689B680D
:100BA000FA68D26853F82230FA689268F968C9681E
:100BB00023F0807323F0030342F821302AE0FB780E
:100BC000012B12D1FB689B68FA68D26853F8223077
:100BD00023F0807323F00303FA689268F968C96808
:100BE00043F0030342F8213014E0FB78022B11D1CB
:100BF000FB689B68FA68D26853F8223023F0807350
:100C000023F00303FA689268F968C96843F00203A5
:100C100042F8213000BF1437BD465DF8047B7047B1
:100C200080B400AF00BFBD465DF8047B7047042070
:100C30007146084202D0EFF3098001E0EFF308802B
:100C400081690A884BF6AB639A4201D0F1F7AEBCDA
:100C50000231816120210160704700BF80B58AB0F8
:100C600000AF786007F10C031846F1F7F9FB002399
:100C70003B737B68191D07F10C03043310221846DF
:100C800004F0D8FE7B681B78002B0ED07B685B7865
:100C9000002B14BF01230023DBB283F00103DBB27E
:100CA00003F00103DBB27B7302E07B685B787B734C
:100CB00007F10C031846FFF798FE7862082002F04F
:100CC00031FA38623B6A002B0BD008220021386AC7
:100CD00004F0B2FE3B6A7A6A1A607B681A783B6A53
:100CE0001A713B6A18462837BD4680BD80B584B06E
:100CF00000AF78607B68FB60FB681B681846FFF7F5
:100D0000D5FE00BF1037BD4680BD80B400AF00BF28
:100D1000BD465DF8047B704780B400AF00BFBD46A0
:100D20005DF8047B704780B584B000AF78600B46F7
:100D3000FB707B68FB60FA78FB681046984700BF41
:100D40001037BD4680BD80B584B000AFF860B96093
:100D50007A6008E0FB681A78BB68114678689847A3
:100D6000FB680133FB60FB681B78002BF2D100BFEE
:100D700000BF1037BD4680BD80B485B000AF78603D
:100D80007B681B0C03F1804303F58E23FB60FB683B
:100D900019687B689BB201229A40FB680A431A607B
:100DA00000BF1437BD465DF8047B704780B500AFC7
:100DB000F6F7ACFD0346002B14BF01230023DBB282
:100DC000184680BD80B584B000AF786002F08BF922
:100DD000F860FB68B3F1FF3F03D17B6800221A7013
:100DE00003E0FB68DAB27B681A7000BF1037BD46BB
:100DF00080BD80B500AF02F08FF900BF80BD80B527
:100E000082B000AF786039603B68002B0CD006E000
:100E10007B685A1C7A601A783B68104698477B6852
:100E20001B78002BF4D100E000BF0837BD4680BD21
:100E300080B586B000AF7860396007F10C037A683E
:100E40000B211846F4F792F807F10C03396818469D
:100E5000FFF7D5FF00BF1837BD4680BD80B584B011
:100E600000AF03463960FB71FA7907F10C030421E6
:100E7000184600F0C8FB07F10C0339681846FFF765
:100E8000BEFF00BF1037BD4680BD80B485B000AF47
:100E9000B9607A603B600346FB733B6800221A70BE
:100EA000002318461437BD465DF8047B704780B5B3
:100EB00086B000AFF860B9607A603B603B68DB6881
:100EC00098470346002B53D00023FB753B681B68F3
:100ED00007F1170210469847FB7D002B40D0FB7DA1
:100EE000082B02D0FB7D7F2B0DD1BA68FB689A429C
:100EF00035D9BB68013BBB60BB6800221A707B68B8
:100F000001337B602BE0F87DBA68FB68D31A1A4680
:100F100007F11603F968FFF7B8FF0346002B0CD062
:100F200007E00023FB753B681B6807F117021046BA
:100F30009847FB7D002BF4D1C6E7FA7DBB681A7099
:100F4000BB680133BB607B68013B7B60FB7D0D2B85
:100F500009D0FB7D0A2B06D07B68012B02D9B3E7B1
:100F600000BF00E000BFBB6800221A70012300E050
:100F7000002318461837BD4680BD80B586B000AF47
:100F8000F860B9607A603B600023FB753B68002B1A
:100F900001D11B2317E07B68002B0FD11B2312E02C
:100FA0003B681B687A68B968F86898470346002B65
:100FB00001D01B23FB753B6804333B603B681B6817
:100FC000002BEDD1FB7D18461837BD4680BD80B59E
:100FD00086B000AFF860B9607A60FB700023FB75E3
:100FE0000023BB75BB68002B01D11B233CE0FB68D1
:100FF0001B78002B01D1002336E0FB681B78232BE4
:101000000CBF01230023BB75BB7D002B02D0FB6806
:101010000133FB6000237B7507F115017B68BA681B
:10102000F868FFF7AAFF0346FB757B7D83F0010399
:10103000DBB2002B02D1FB7D002B05D0B968F8682C
:10104000F2F79EFC1B23FB75BB7D83F00103DBB233
:10105000002B08D0FB7883F00103DBB2002B02D019
:10106000B868F2F7FFFBFB7D18461837BD4680BD18
:1010700080B586B000AFF860B9607A603B6000234D
:10108000FB757B68002B01D11B235AE0F86804F044
:1010900027FD3861FA683B69D118BA683B69D21AF2
:1010A0007B68F868FFF703FF0346002B48D0F86819
:1010B00004F016FD38613B69002B01D11B2340E091
:1010C0003B69012B0AD1FB681B780A2B03D0FB6814
:1010D0001B780D2B02D1FB6800221A70BB68013B04
:1010E0003A699A420CD397F820303A687968F868E0
:1010F000FFF76DFFFB6800221A700423FB751FE0E9
:101100003B69013BFA6813441B780A2B06D03B6904
:10111000013BFA6813441B780D2B11D13B69013B4D
:10112000FA68134400221A7097F820303A687968F8
:10113000F868FFF74CFF0346FB75FB6800221A7046
:10114000FB7D18461837BD4680BD80B586B000AF20
:10115000F860B9607A607B68002B01D11B2348E0FE
:10116000F86804F0BDFC7861FA687B69D118BA6848
:101170007B69D21A7B68F868FFF799FE0346002B5B
:1011800036D0F86804F0ACFC78617B69002B01D1A3
:101190001B232EE07B69012B0AD1FB681B780A2BED
:1011A00003D0FB681B780D2B02D1FB6800221A705C
:1011B000BB68013B7A699A4204D3FB6800221A702B
:1011C000042316E07B69013BFA6813441B780A2B61
:1011D00006D07B69013BFA6813441B780D2B07D1BD
:1011E0007B69013BFA68134400221A70002300E077
:1011F000082318461837BD4680BD80B586B002AFBB
:10120000F860B9607A603B60002300933B687A68BD
:10121000B968F868FFF72CFF034618461037BD463B
:1012200080BD80B584B000AFF860B96011461A4641
:101230000B46FB711346BB71FB68002B18D009E00D
:10124000FB685A1CFA601A78BB6910469847BB794C
:10125000013BBB71FB681B78002B09D0BB79002BCD
:10126000EED105E0BB6920209847BB79013BBB71FB
:10127000BB79002BF6D1FA79BB6910469847BB6958
:1012800020209847BB68002B03D0B969B868FFF7E6
:10129000B6FD00BF1037BD4680BD80B586B002AF39
:1012A000F860B9607A607B6800931A233B22B968C2
:1012B000F868FFF7B6FF00BF1037BD4680BD80B5A8
:1012C00086B002AFF860B9607A607B6800930D2346
:1012D0003A22B968F868FFF7A4FF00BF1037BD468F
:1012E00080BD80B584B000AF7860396039687868B7
:1012F000F2F7C4FC0346FB73FB7B18461037BD4670
:1013000080BD80B586B002AFF8607A603B600B4666
:10131000FB7297F90B1040F2B27300933B687A6846
:10132000F868F2F7B1FD00BF1037BD4680BD80B54B
:1013300084B000AFF860B9601346FB7197F90720DD
:1013400040F2B273B968F868F2F786FE03461846B1
:101350001037BD4680BD80B586B000AF786039607B
:101360003B6818883B6899783B68DB781A46F2F747
:1013700023FD03463B613B68DB781A463B69D31A81
:10138000FB600023FB753B689B78032B05D93B680A
:101390009B78092B01D80123FB753B689B78032BB5
:1013A00011D13B69002B09D1FB68182B0BDD7B6841
:1013B0001B78012B07D90123FB7504E0FB68182B70
:1013C00001DD0123FB753B689B780A2B17D13B6934
:1013D000002B0FD1FB68182B06DD7B681B78012BD7
:1013E00002D80123FB750AE0FB68182B07DC0123F8
:1013F000FB7504E0FB68182B01DC0123FB75FB7D0A
:1014000018461837BD4680BD80B582B000AF786001
:1014100039603B68002B02D07B68002B01D1002390
:1014200004E039687868FFF796FF034618460837E6
:10143000BD4680BD80B584B000AF786039603B6840
:10144000002B02D07B68002B01D11B2323E03968DD
:101450007868FFF746FF0346002B01D01B231AE0F4
:1014600039687868FFF7D0FF0346002B12D07B68FD
:10147000DB78FB73002239687868FFF758FF034672
:10148000BB60B8683B687A680121FFF73AFF7B6868
:10149000FA7BDA70002318461037BD4680BD80B550
:1014A00082B000AF0346FB7197F9073013F1800F4C
:1014B00001D1012305E097F907301846F2F788FFBC
:1014C000002318460837BD4680BD80B483B000AF06
:1014D00078607B68DB79DBB218460C37BD465DF877
:1014E000047B704780B582B000AF7860786804F004
:1014F000F7FA034619467868F2F7D4FF00BF0837B9
:10150000BD4680BD80B485B000AFF860B9607A6038
:10151000BB68013BBB600AE07A68531C7B60FB68D8
:10152000591CF96012781A70BB68013BBB60BB683C
:10153000002B03D07B681B78002BEDD1FB680022C9
:101540001A7000BF1437BD465DF8047B704780B445
:1015500085B000AFF860B9607A60BB68013BBB60E2
:1015600005E0FB680133FB60BB68013BBB60BB6807
:10157000002B0FD0FB681B78002BF2D10AE07A68B1
:10158000531C7B60FB68591CF96012781A70BB68A9
:10159000013BBB60BB68002B03D07B681B78002B32
:1015A000EDD1FB6800221A7000BF1437BD465DF80C
:1015B000047B704780B485B000AFF860B960134613
:1015C000FB71BB68013BBB6005E0FB680133FB605E
:1015D000BB68013BBB60BB68002B03D0FB681B787A
:1015E000002BF2D1BB68002B04D0FB685A1CFA60B8
:1015F000FA791A70FB6800221A7000BF1437BD46D2
:101600005DF8047B704780B584B000AFF860B960C6
:101610001346FB71FB799BB21A46B968F868F3F779
:10162000F7FA00BF1037BD4680BD80B485B000AF6B
:1016300078600B46FB701346BB700023BB7305E05C
:1016400097F90E30DBB20133DBB2BB7397F90E3082
:101650007A6813441B78002BF2D1BB78FB7397F99F
:101660000F2097F90E309A4231D097F90F2097F951
:101670000E309A422BDD15E097F90E307A681A4445
:1016800097F90F3079680B4412781A7097F90F3078
:10169000DBB2013BDBB2FB7397F90E30DBB2013BEF
:1016A000DBB2BB7397F90E30002BE5DA0BE097F94C
:1016B0000F307A681344FA781A7097F90F30DBB25A
:1016C000013BDBB2FB7397F90F30002BEFDA00BF61
:1016D0001437BD465DF8047B704780B584B000AF19
:1016E000F860B96011461A460B46FB8013467B71C1
:1016F000B7F906301A46B968F868F3F7FFFA3A7E88
:101700007B791946F868FFF790FF00BF1037BD4698
:1017100080BD80B584B000AFF860B96011461A464C
:101720000B46FB8013467B71FB881A46B968F86844
:10173000F3F76EFA3A7E7B791946F868FFF775FF82
:1017400000BF1037BD4680BD80B584B000AFF860E3
:10175000B9607A60FB707A68B968F868F3F76EFB75
:101760003A7EFB781946F868FFF75FFF00BF103735
:10177000BD4680BD80B586B000AFF860B960134645
:10178000FB71FA7907F1100305211846FFF73BFFBB
:1017900007F110031A46B968F868FFF7D8FE00BFD2
:1017A0001837BD4680BD80B586B000AFF860B9601F
:1017B0001346FB80FA8807F1100307211846F3F758
:1017C00027FA07F110031A46B968F868FFF7BFFE59
:1017D00000BF1837BD4680BD80B588B002AFF86045
:1017E000B96011461A460B46FB8013467B71797926
:1017F000FA8807F1100097F8203000930B46072174
:10180000FFF787FF07F110031A46B968F868FFF77A
:101810009EFE00BF1837BD4680BD80B588B002AFC0
:10182000F860B96011461A460B46FB8013467B717F
:101830007979B7F9062007F1100097F82030009366
:101840000B460721FFF749FF07F110031A46B96855
:10185000F868FFF77CFE00BF1837BD4680BD80B535
:101860008AB002AFF860B9607A60FB70FA7807F16D
:10187000140097F82830009313467A680C21FFF77C
:1018800063FF07F114031A46B968F868FFF75FFEB3
:1018900000BF2037BD4680BD80B586B000AFF86080
:1018A000B9601346FB710023BB75FB7903F00F038E
:1018B000FB75FB7D092B01D8302200E03722FB7D30
:1018C0001344DBB27B75FB791B09FB75FB7D092B90
:1018D00001D8302200E03722FB7D1344DBB23B7598
:1018E00007F114031A46B968F868FFF730FE00BF25
:1018F0001837BD4680BD80B586B000AFF860B960CE
:101900001346FB8000233B750323FB75FB88DBB28A
:1019100003F00F03BB75BB7D092B01D8302100E01C
:10192000372197F91730BA7D0A44D2B218333B44B5
:1019300003F8082CFB881B09FB8097F91730DBB2F2
:10194000013BDBB2FB7597F91730002BDEDA07F1AC
:1019500010031A46B968F868FFF7F9FD00BF183799
:10196000BD4680BD80B588B000AFF860B9607A60D0
:101970000023BB760523FB777B68DBB203F00F0304
:10198000BB77BB7F092B01D8302100E0372197F9C5
:101990001F30BA7F0A44D2B220333B4403F80C2CE8
:1019A0007B681B097B6097F91F30DBB2013BDBB220
:1019B000FB7797F91F30002BDEDA07F114031A4684
:1019C000B968F868FFF7C3FD00BF2037BD4680BD8A
:1019D00080B588B000AFF860B9607A6000233B77CB
:1019E0000723FB777B68DBB203F00F03BB77BB7F7A
:1019F000092B01D8302100E0372197F91F30BA7F39
:101A00000A44D2B220333B4403F80C2C7B681B09F8
:101A10007B6097F91F30DBB2013BDBB2FB7797F9B4
:101A20001F30002BDEDA07F114031A46B968F86894
:101A3000FFF78DFD00BF2037BD4680BD80B588B063
:101A400000AFF860B9607A6007F114037A680C217E
:101A50001846F3F7F3F907F114031A46B968F86862
:101A6000FFF775FD00BF2037BD4680BD80B588B04B
:101A700000AFF860B9607A6007F114037A680B214F
:101A80001846F3F773FA07F114031A46B968F868B1
:101A9000FFF75DFD00BF2037BD4680BD80B485B037
:101AA00000AF7860396000237B723B6800221A60C7
:101AB00004E07B681B685A1C7B681A607B681B68A3
:101AC0001B78202BF5D07B681B681B78FB72FB7A98
:101AD0002D2B0AD101237B727B681B685A1C7B6803
:101AE0001A607B681B681B78FB72FB7A302B38D13D
:101AF0007B681B685A1C7B681A607B681B681B78B4
:101B0000FB72FB7A622B0DD0782B17D11023BB729E
:101B10007B681B685A1C7B681A607B681B681B7893
:101B2000FB7228E00223BB727B681B685A1C7B682F
:101B30001A607B681B681B78FB721CE0FB7A202B09
:101B400002D9FB7A2E2B01D1002351E0FB7A2F2BF7
:101B500002D9FB7A392B01D91B2349E00823BB7238
:101B600009E0FB7A2F2B02D9FB7A392B01D91B23F1
:101B70003EE00A23BB720023FB6029E0FB7A602B66
:101B800002D9FB7A203BFB72FB7A303BFB72FB7A7B
:101B9000102B07D9FB7A073BFB72FB7A092B01D884
:101BA0001B2325E0FA7ABB7A9A4201D31B231FE05C
:101BB000BB7AFA6803FB02F2FB7A1344FB607B6892
:101BC0001B685A1C7B681A607B681B681B78FB7259
:101BD000FB7A202B02D9FB7A2E2BCFD17B7A002BDC
:101BE00002D0FB685B42FB60FA683B681A60002326
:101BF00018461437BD465DF8047B704780B485B045
:101C000000AF786039600423FB737B681B68BB609E
:101C100002E0BB680133BB60BB681B78202BF8D0A7
:101C20003B6800221A7014E03B681B781A46920049
:101C300013445B00DAB2BB681B781344DBB2303B61
:101C4000DAB23B681A70FB7B013BFB73BB68013364
:101C5000BB60BB681B782F2B06D9BB681B78392B60
:101C600002D8FB7B002BDFD1FB7B002B01D10423AF
:101C700008E0FB7B042B01D11B2303E07B68BA68DF
:101C80001A60002318461437BD465DF8047B704780
:101C900080B483B000AF0346FB71FB792F2B02D9D0
:101CA000FB79392B0BD9FB79602B02D9FB79662B99
:101CB00005D9FB79402B04D9FB79462B01D80123A8
:101CC00000E0002303F00103DBB218460C37BD46E9
:101CD0005DF8047B704780B485B000AF78603960F0
:101CE0007B681B681B78FB73FB7B2F2B0ED9FB7B60
:101CF000392B0BD8FB7B303BDAB23B681A707B6820
:101D00001B685A1C7B681A60002324E0FB7B602B55
:101D10000ED9FB7B662B0BD8FB7B573BDAB23B68BB
:101D20001A707B681B685A1C7B681A60002312E0DB
:101D3000FB7B402B0ED9FB7B462B0BD8FB7B373B29
:101D4000DAB23B681A707B681B685A1C7B681A60A1
:101D5000002300E01B2318461437BD465DF8047BC2
:101D6000704780B586B000AF786039600223FB759C
:101D70007B681B683B613B6800221A7002E03B698C
:101D800001333B613B691B78202BF8D03B691B7802
:101D90001846FFF77DFF034683F00103DBB2002BFB
:101DA0000DD01B231DE03B681B781B01DAB2FB7BC7
:101DB0001344DAB23B681A70FB7D013BFB75FB7D77
:101DC000002B0AD007F10F0207F110031146184645
:101DD000FFF781FF0346002BE5D03A697B681A6064
:101DE000002318461837BD4680BD80B584B000AFCB
:101DF00078603960786803F073FE0346FB603868EA
:101E000003F06EFE0346BB60BA68FB689A420CDDC5
:101E1000012315E0FB68013BFB60BB68013BBB6035
:101E2000BB68002B01DA00230AE0FB687A681344E0
:101E30001A78BB6839680B441B789A42EAD00123B0
:101E400018461037BD4680BD80B584B000AF7860BD
:101E5000396039687868FFF7C8FF0346002B01D066
:101E60001B230FE0386803F03BFEF860786803F04E
:101E700037FEB860BA68FB68D31A7A681344002248
:101E80001A70002318461037BD4680BD80B584B057
:101E900000AF78603960386803F022FE0346BB81EA
:101EA0000023FB8115E0B7F90C301A4639687868D1
:101EB00003F03DFE0346002B02D1B7F90E300EE0D1
:101EC000B7F90E309BB201339BB2FB817B680133C3
:101ED0007B607B681B78002BE5D14FF0FF33184601
:101EE0001037BD4680BD80B487B000AFF860B960E0
:101EF0007A60FB681B687B617B68012B01D11B2327
:101F000038E07B68013BBA68134400221A707B6892
:101F1000013B7B607B691B78222B01D01B2329E0CE
:101F20007B6901337B610AE07A69531C7B61BB6882
:101F3000591CB96012781A707B68013B7B607B6921
:101F40001B78222B06D07B691B78002B02D07B6884
:101F5000002BE9D17B691B78222B01D01B2309E0E0
:101F60007B6901337B61BB6800221A70FB687A6968
:101F70001A60002318461C37BD465DF8047B704785
:101F800080B586B000AFF860B9607A60FB7000235E
:101F90003B61BB68012B4AD9FB687B6105E07B692B
:101FA00001337B613B6901333B617B691B78002B0B
:101FB000F5D1FA683B69D018BA683B69D31A7A68D8
:101FC0001946FFF7C4FABA683B69D31ABB600AE046
:101FD0007B6901337B6197F82030013B87F8203023
:101FE000BB68013BBB607B691B78002B14D097F862
:101FF0002030002B10D0BB68012BE9D80CE07B69A6
:102000005A1C7A61FA781A7097F82030013B87F8E9
:102010002030BB68013BBB6097F82030002B02D01A
:10202000BB68012BEBD87B6900221A7000E000BF6F
:102030001837BD4680BD80B400AF00BFBD465DF817
:10204000047B704780B582B000AF78607868FDF798
:10205000A7F900BF0837BD4680BD80B584B000AF8A
:10206000F860B9607A60FB70FB78012B07D17B6860
:10207000DBB21A46B968F868FFF70EFC18E0FB7887
:10208000022B07D17B689BB21A46B968F868FFF744
:1020900032FC0DE0FB78032B05D17A68B968F8684B
:1020A000FFF760FC04E07A68B968F868FFF790FC15
:1020B00000BF1037BD4680BD80B58AB000AFF86064
:1020C000B9607A603B60FB681B687B6202E07B6AF8
:1020D00001337B627B6A1B78202BF8D07B6A1B78EC
:1020E000302B26D17B6A01331B78782B21D107F165
:1020F000200207F1240311461846FFF7CFFC0346E0
:10210000002B16D13B6AB3F1807F12DA3B6A1B14B5
:10211000DAB2BB681A703B6A1B12DAB27B681A70BB
:102120003B6ADAB23B681A707A6AFB681A6000236D
:1021300044E007F11C0207F1240311461846FFF79B
:10214000ADFC0346002B38D1FB69002B35DBFB6966
:10215000FF2B32DC07F1180207F124031146184661
:10216000FFF79CFC0346002B27D1BB69002B24DB27
:10217000BB69FF2B21DC07F1140207F12403114690
:102180001846FFF78BFC0346002B16D17B69002B0A
:1021900013DB7B69FF2B10DCFB69DAB2BB681A70BA
:1021A000BB69DAB27B681A707B69DAB23B681A7075
:1021B0007A6AFB681A60002300E01B231846283760
:1021C000BD4680BD80B584B000AF7860396007F14E
:1021D0000C0307F10D0207F10E017868FFF76CFFA1
:1021E0000346FB73FB7B002B0AD1BB7B1A047B7B72
:1021F0001B0213433A7B1A433B681A60002300E03A
:102200001B2318461037BD4680BD80B483B000AF95
:10221000786004E07B681B685A1C7B681A607B68E6
:102220001B681B78202BF5D000BF00BF0C37BD46C4
:102230005DF8047B704700BF00BF00BF704700BF60
:1022400090B58BB000AF7860482000F06BFF38622B
:102250003B6A002B00F0A38048220021386A03F07B
:10226000EBFB7B681A783B6A1A7007F10C0318467F
:10227000F0F7F6F87B681B78002B14D000233B7333
:102280007B68191D07F10C0304331022184603F074
:10229000D1FB00237B7307F10C031846FEF7A5FB67
:1022A00002463B6A5A60002387F8273073E0002318
:1022B0003B7397F827201346DB0013449B00203321
:1022C0007A68134403F1080107F10C030433102268
:1022D000184603F0AFFB00237B7397F8274007F104
:1022E0000C031846FEF781FB01463A6A631C1B018A
:1022F00013440433196097F8272097F8271078685B
:102300001346DB0013449B000344143318783A6AE5
:102310000B0113440D3302461A7097F827303A6ABE
:102320001B0113440C3301221A7097F827303A6AC4
:102330001B011344083300221A6000233B7397F8F3
:1023400027201346DB0013449B0010337A681344A4
:1023500003F1080107F10C0304331022184603F0BF
:1023600069FB00237B7397F8274007F10C0318469D
:10237000FEF73BFB01463A6A631C1B0113441960DC
:1023800097F827301946386AF2F7FEFF97F827309A
:10239000013387F8273097F82730032B87D93B6A1A
:1023A00018462C37BD4690BD80B485B000AF78602C
:1023B0007B68FB60FB68002B06D0FB681B78002B5A
:1023C00002D0FB685B6800E0002318461437BD4666
:1023D0005DF8047B704780B584B000AF78600B4631
:1023E000FB707B68FB60FB68002B0AD0FB681B78E6
:1023F000002B06D0FB685B68FA7811461846FEF79A
:102400006AFB00BF1037BD4680BD80B586B000AF07
:10241000F8600B467A60FB72FB687B617B68002B7F
:102420000DDCFB7A7A691B0113440C331B78002BFB
:1024300005D0FB7A19467869F3F700F812E07B685B
:10244000002B0FDDFB7A7A691B0113440C331B78D8
:1024500083F00103DBB2002B04D0FB7A19467869C4
:10246000F2F792FFFB7A7A6901331B0113440433BC
:102470001B681846FEF705FBFB7A7A691B011344BB
:102480000C331B78002B0CD0FB7A79691A010A44B3
:1024900008321268013279691B010B4408331A6053
:1024A0000BE0FB7A79691A010A4408321268013A92
:1024B00079691B010B4408331A60FB7A7A6901338E
:1024C0001B01134404331B681846FEF7C5FA00BF0E
:1024D0001837BD4680BD80B584B000AF78607B689A
:1024E000BB60BB681B78002B04D0BB685B681846D8
:1024F000FEF73BFA0023FB6015E0BA68FB68013386
:102500001B0113441B681846FEF72FFABA68FB68D4
:1025100001331B01134404331B681846FEF725FAE8
:10252000FB680133FB60FB68032BE6DD00BF00BFE7
:102530001037BD4680BD80B584B000AF78607B6841
:10254000BB60BB681B78002B05D0BB685B680121B2
:102550001846FEF71CFA0023FB603FE0BA68FB68F0
:102560001B0113440C331B78002B1AD0BA68FB688C
:1025700001331B0113441868BA68FB681B0113443C
:102580000D331B78002B14BF01230023DBB283F033
:102590000103DBB203F00103DBB21946FEF7F7F9E2
:1025A0000EE0BA68FB6801331B0113441868BA686F
:1025B000FB681B0113440D331B781946FEF7E7F93E
:1025C000BA68FB6801331B01134404331B68002104
:1025D0001846FEF7DCF9FB680133FB60FB68032B50
:1025E000BCDD00BF00BF1037BD4680BD80B400AF6A
:1025F00000BFBD465DF8047B704780B485B000AF76
:1026000078607B68FB6002E0FB680133FB60FB687D
:102610001B78002BF8D1FA687B68D31A1846143758
:10262000BD465DF8047B704780B588B000AFF860A8
:10263000B9607A603B600023FB610023BB611BE053
:10264000BB697A6813441B78FB75BB6A002B08D002
:10265000FB7D602B05D9FB7D7A2B02D8FB7D203BCF
:10266000FB75FA7DFB681146B8689847FB69013332
:10267000FB61BB690133BB61BA693B689A42DFDB2E
:10268000FB6918462037BD4680BD80B586B000AFD7
:10269000F860B9603B601346FB7100237B6107E083
:1026A000FA79FB681146B86898477B6901337B610A
:1026B0003B685A1E3A60002BF2DC7B6918461837DB
:1026C000BD4680BD80B584B000AF7860786803F007
:1026D00007FAF860FB68002B01D1002309E0FB68D2
:1026E000013B7A6813441B787E2B01D1012300E063
:1026F000002318461037BD4680BD80B584B000AFBA
:1027000078600123FB607B6800225A737B681B7B27
:1027100083F00103DBB2002B19D07B681B68043304
:102720001846FFF7CFFF034683F00103DBB2002B0F
:102730000DD07B681B684FF4807219464FF4FC3053
:10274000FEF760F80346002B01D00023FB60F3F78F
:102750003DFBFB6818461037BD4680BD80B586B08E
:1027600000AFF860B9607A60FB6800221A707B687D
:102770009A687B6859687B681B685B690B449A425E
:1027800009D37B685A687B681B685B691A447B685D
:102790009A60002312E07B689B681B78FB757B685E
:1027A0009B685A1C7B689A60FB7D1A46B968F8687A
:1027B000FEF700FFFB7D0A2BD9D1012318461837FD
:1027C000BD4680BD80B483B000AF786039607B685F
:1027D0009A687B685B68D31A1A463B681A600123C3
:1027E00018460C37BD465DF8047B704780B483B053
:1027F00000AF786039607B685A683B681B681A4490
:102800007B689A607B689A687B681B6803F58073B5
:102810009A4207D37B681B6803F580727B689A60D5
:10282000002300E0012318460C37BD465DF8047B09
:10283000704780B400AF00231846BD465DF8047BA6
:102840007047B0B485B000AFF860B9607A6017E047
:10285000FB685A1CFA601B781D46602D02DD7A2D3C
:1028600000DC203DBB685A1CBA601B781C46602CFB
:1028700002DD7A2C00DC203CA54201D02B1B0DE0B0
:102880007B685A1E7A60002B07D0FB681B78002BF0
:10289000DED1BB681B78002BDAD100231846143731
:1028A000BD46B0BC704780B483B000AF786002E032
:1028B0007B6801337B607B681B78002B03D07B68CF
:1028C0001B78202BF4D97B6818460C37BD465DF881
:1028D000047B704780B483B000AF7860396002E059
:1028E0007B68013B7B607A683B689A4209D97B68C8
:1028F000013B1B78002B04D07B68013B1B78202B0D
:10290000EED97B6818460C37BD465DF8047B7047EE
:1029100080B584B000AF78600021786803F090F84B
:10292000034679681846FFF7D5FFF860FB68002278
:102930001A707B6818461037BD4680BD80B487B0DA
:1029400000AFF860B9607A60FB70FB78012B04D1AE
:102950007B68022B01D80023FB70FB78022B6CD024
:10296000022B00F3A480002B02D0012B1FD09EE08D
:1029700000237B610AE0BA687B691A44F9687B69C5
:102980000B4412781A707B6901337B617B68013BD1
:102990007A699A4205D2BA687B6913441B78002B86
:1029A000E9D1FA687B69134400221A707FE00023A2
:1029B0007B617B695A1C7A61FA68134422221A707F
:1029C00000233B611FE0BA683B6913441B78222B4C
:1029D0000BD17B68033B7A699A4220D27B695A1CEF
:1029E0007A61FA6813445C221A70BA683B691A4427
:1029F000F9687B690B4412781A703B6901333B61BB
:102A00007B6901337B61BA683B6913441B78002BF7
:102A100006D07B68023B7A699A42D4D300E000BFBB
:102A20007B695A1C7A61FA68134422221A70FA6888
:102A30007B69134400221A7039E000233B613B6933
:102A40007B6123E0BA683B6913441B78222B05D0D5
:102A5000BA683B6913441B785C2B09D13B6901338D
:102A6000BA6813441B78222B02D13B6901333B61C6
:102A7000BA683B691A44F9687B690B4412781A708A
:102A80003B6901333B617B6901337B61BA683B6918
:102A900013441B78002B04D07B68013B7A699A426F
:102AA000D0D3FA687B69134400221A7000BFFB6818
:102AB00018461C37BD465DF8047B704780B584B06E
:102AC00000AF786039600023FB607B68BB6023E067
:102AD000BB681B78222B10D1BB6801331B78222BDB
:102AE00003D1BB680133BB6013E0FB68002B0CBF54
:102AF00001230023DBB2FB600BE0BB681B785C2B7F
:102B000007D1BB6801331B78222B02D1BB6801338C
:102B1000BB60BB680133BB60BB681B78002B0AD06D
:102B2000BB681B783B2B03D0BB681B78232BCFD112
:102B3000FB68002BCCD1BB6800221A707868FFF7C5
:102B4000E7FE3B6800221A707B681B78222B18D1A5
:102B50000021786802F074FFB860BB68002B10D0C9
:102B6000BB68013B1B78222B0BD17B6801337B6058
:102B7000BB68013BBB60BB6800221A703B68022245
:102B80001A707B6818461037BD4680BD80B59AB074
:102B900000AFF860B9607A603B60BB68002B04D07E
:102BA000B86802F09DFF034600E00023FB65FB6D63
:102BB000002B02DC3B68002B58DB4FF0FF333B66F9
:102BC00007F11403FA6840211846FFF7C7FD0346D2
:102BD000002B01D10023DAE007F114031846FFF7B8
:102BE00062FEB8655D21B86D02F0F8FF7866BB6DD6
:102BF0001B785B2BE4D17B6E002BE1D0BB6D0133E6
:102C00001846FFF750FEB865B96D786EFFF762FEA3
:102C100078667A6EBB6DD31AFA6D9A420BD1BB6897
:102C2000002B08D0FB6D1A46B968B86DFFF709FE96
:102C30000346002B06D03B6E01333B663A6E3B6881
:102C40009A42BDD13B68002B10DB3A6E3B689A423A
:102C50000AD17B6E00221A70BA6F0023B96D786FAB
:102C6000FFF76CFE012392E0002390E07B68002BCD
:102C700004D0786802F034FF034600E00023FB65CF
:102C80004FF0FF333B66FB6F002B03D0F96FF86802
:102C9000FFF798FD07F11403FA6840211846FFF783
:102CA0005DFD0346002B09D007F114031846FFF71A
:102CB000FAFDB865BB6D1B785B2B01D1002366E084
:102CC00007F114031846FFF7EEFDB8653D21B86D16
:102CD00002F0B6FE78667B6E002B04D13A21B86D07
:102CE00002F0AEFE7866BB6D1B783B2BCBD0BB6D84
:102CF0001B78232BC7D07B6E002BC4D0FB6D002B21
:102D000012D0B96D786EFFF7E5FD0246BB6DD31AA0
:102D1000FA6D9A4208D1FB6D1A467968B86DFFF7D3
:102D200090FD0346002B06D03B6E01333B663A6EA6
:102D30003B6F9A42A7D13B6F002B13DB3A6E3B6F80
:102D40009A420DD17B6E00221A70B86DFFF7E0FD3C
:102D5000BA6F0023B96D786FFFF7F0FD012316E01D
:102D6000002314E07B6E01331846FFF79CFDB86525
:102D700007F157031946B86DFFF7A0FEB865BA6FA3
:102D800097F85730B96D786FFFF7D8FD01231846D3
:102D90006837BD4680BD80B586B000AFF860B960C9
:102DA0007A607A680023B968F868FFF7C7FD0021E8
:102DB000F86802F045FE78617B69013B7E221A705B
:102DC00000BF1837BD4680BD80B485B000AF7860C5
:102DD0007B68FB6002E0FB680133FB60FB681B78EB
:102DE000002B0BD0FB681B78222B07D0FB681B78CD
:102DF0003B2B03D0FB681B78232BECD1FB681B78A3
:102E0000002B08D1FA687B689A4206D9FB68013B1F
:102E10001B78202B01D1012300E00023DBB21846F0
:102E20001437BD465DF8047B704780B586B000AFAF
:102E3000F860B9607A60F86802F052FE03467B6180
:102E4000BB681A687B6913447A689A4201DC0023E4
:102E500006E0BB681A687B691A44BB681A600123E4
:102E600018461837BD4680BD80B584B000AFF86005
:102E7000B9607A603B60F868FFF73FFCB868FFF71D
:102E80003CFC402279683868FFF785FF796838682C
:102E9000F3F796FC012318461037BD4680BD80B578
:102EA00086B000AF786000237B61786802F018FE7E
:102EB0000346013B3B6117E07B697A6813441B784A
:102EC000FB733B697A681A447B6979680B44127812
:102ED0001A703B697A681344FA7B1A707B69013374
:102EE0007B613B69013B3B617A693B699A42E3DB69
:102EF00000BF00BF1837BD4680BD80B58CB000AFA5
:102F0000F860B9607A603B6007F110031946786891
:102F1000F4F764FB07F110023B68B968F868F4F74E
:102F20003DF8034618463037BD4680BD80B58AB0AF
:102F300000AFF860B9607A6000233B62FB68DB6831
:102F4000FB61FB681B69BB61BA69FB699A4205D9E1
:102F5000BA69FB69D31A013B7B6207E0FB689A6898
:102F6000B969FB69CB1A1344013B7B62FB689A6821
:102F7000FB69D31A7A6A934228BF13467B627A6A46
:102F80007B68934228BF13467B62FB685A68FB69E3
:102F900013447B617A6AB968786902F04BFD3A6A3A
:102FA0007B6A13443B62BA687B6A1344BB607A68ED
:102FB0007B6AD31A7B60FA697B6A1344FB61FB6806
:102FC0009B68FA699A4201D10023FB61FB68FA69A8
:102FD000DA607B68002BB4D13B6A18462837BD46BF
:102FE00080BD80B588B000AFF860B9607A60FB68DA
:102FF000DB68FB61FB689A68FB69D31ABB61BA693D
:103000007B689A420FD9FB685A68FB6913443B619D
:103010007A68B968386902F00DFDFA697B681A446C
:10302000FB68DA601DE0BB697B61FB685A68FB697D
:1030300013443B617A69B968386902F0FBFC7A682D
:10304000BB69D31A7B61FB685B683B61BA68BB698B
:1030500013447A691946386902F0ECFCFB687A6916
:10306000DA6000BF2037BD4680BD80B487B000AFB6
:1030700078607B681B693B617B68DB68FB603A6951
:10308000FB689A4208D87B689A68FB68D21A3B6949
:103090001344013B7B6104E03A69FB68D31A013BAE
:1030A0007B617B6918461C37BD465DF8047B704721
:1030B00080B586B000AFF860B9607A60EFF3118335
:1030C0004FF0500181F311887B617A68B968F86824
:1030D000F4F720FB38617B6983F311883B6918465C
:1030E0001837BD4680BD80B582B000AFFB1C012201
:1030F00019460020FFF7DCFF03467B607B68012B4D
:1031000002D1FB787B6002E04FF0FF337B607B688D
:1031100018460837BD4680BD80B500AFF4F7ACFA5D
:1031200000BF80BD80B582B000AF78604FF0FF3146
:103130007868F4F739FC034618460837BD4680BD69
:1031400080B485B000AF786039607B681B68FB6035
:10315000FB6823F08003FB60FA683B681343FB6065
:103160007B68FA681A6000BF1437BD465DF8047BBF
:10317000704780B485B000AF786039607B681B68A9
:10318000FB60FB6823F08003FB603B68DB43FA686D
:103190001340FB607B68FA681A6000BF1437BD46B5
:1031A0005DF8047B704780B483B000AF786039600D
:1031B0007B681A683B681A437B681A6000BF0C374B
:1031C000BD465DF8047B704780B483B000AF786083
:1031D00039603B68013B9AB27B689A6000BF0C374C
:1031E000BD465DF8047B704780B485B000AF786061
:1031F0007B681B68FB60FB6823F08003FB60FB6857
:1032000043F00103FB607B68FA681A6000BF143763
:10321000BD465DF8047B704780B485B000AF786030
:103220007B681B68FB60FB6823F08003FB60FB6826
:1032300023F00103FB607B68FA681A6000BF143753
:10324000BD465DF8047B704780B485B000AFF86080
:10325000B9607A60FB68043BFB60FB684FF08072EA
:103260001A60FB68043BFB60BA68FB681A60FB6885
:10327000043BFB60FB6800221A60FB68143BFB60A8
:103280007A68FB681A60FB68043BFB60FB686FF0C0
:1032900002021A60FB68203BFB60FB68184614378B
:1032A000BD465DF8047B704780B483B000AF7860A2
:1032B0007B6803F108027B685A607B684FF0FF323D
:1032C0009A607B6803F108027B68DA607B6803F12F
:1032D00008027B681A617B6800221A6000BF0C3705
:1032E000BD465DF8047B704780B483B000AF786062
:1032F0007B6800221A6100BF0C37BD465DF8047B75
:10330000704780B485B000AF786039603B681B6857
:10331000BB60BB68B3F1FF3F03D17B681B69FB60F7
:103320000CE07B680833FB6002E0FB685B68FB60D5
:10333000FB685B681B68BA689A42F6D2FB685A68F9
:103340003B685A603B685B683A689A603B68FA6819
:103350009A60FB683A685A603B687A681A617B68D1
:103360001B685A1C7B681A6000BF1437BD465DF8A5
:10337000047B704780B485B000AF78607B681B69C0
:10338000FB607B685B687A6892689A607B689B6880
:103390007A6852685A60FB685B687A689A4203D11F
:1033A0007B689A68FB685A607B6800221A61FB6838
:1033B0001B685A1EFB681A60FB681B6818461437A6
:1033C000BD465DF8047B704780B586B000AF78607D
:1033D000396001237B617B683B613B69002B0BD12A
:1033E0004FF0500383F31188BFF36F8FBFF34F8FFC
:1033F000FB6000BF00BFFDE73B69002B57D03B6976
:10340000DB6B002B53D03B691A6C3B69DB6B0021F3
:10341000A3FB0223002B00D001210B46002B46D139
:10342000F4F746FE3B691A683B69DB6B3969096C46
:1034300001FB03F31A443B699A603B6900229A63DB
:103440003B691A683B695A603B691A683B69DB6BE8
:10345000013B3969096C01FB03F31A443B69DA60EB
:103460003B69FF2283F844203B69FF2283F8452013
:103470003B68002B0ED13B691B69002B14D03B69C4
:1034800010331846F5F760FC0346002B0CD0F4F718
:103490005FFE09E03B6910331846FFF705FF3B6903
:1034A00024331846FFF700FFF4F738FE01E000234D
:1034B0007B617B69002B0BD14FF0500383F31188A4
:1034C000BFF36F8FBFF34F8FBB6000BF00BFFDE73F
:1034D0007B6918461837BD4680BD80B58AB002AFFB
:1034E000F860B9601346FB710023FB61FB68002B99
:1034F0002ED00021BA68FB68A3FB0223002B00D06A
:1035000001210B46002B23D1FB68BA6802FB03F3B1
:1035100013F1550F1CD8FB68BA6802FB03F3BB61BB
:10352000BB6954331846FFF7FDFDF861FB69002BBA
:103530001DD0FB697B617B6954337B61FA79FB6940
:10354000009313467A69B968F86800F015F80EE040
:10355000FB69002B0BD14FF0500383F31188BFF3AD
:103560006F8FBFF34F8F3B6100BF00BFFDE7FB696B
:1035700018462037BD4680BD80B584B000AFF860E6
:10358000B9607A60FB70BB68002B03D1BB69BA6974
:103590001A6002E0BB697A681A60BB69FA68DA638C
:1035A000BB69BA681A640121B869FFF70DFFBB69EE
:1035B000FA7883F85020BB6900229A6400BF103764
:1035C000BD4680BD80B582B000AF78607B68002BBF
:1035D0000ED07B6800229A607B6800221A607B68AC
:1035E0000022DA60002300220021786800F088F8C9
:1035F00000BF0837BD4680BD80B586B000AF03462A
:10360000FB7101237B6100233B61FB791A46396919
:103610007869FFF762FFF860F868FFF7D3FFFB688F
:1036200018461837BD4680BD90B587B000AF7860AA
:103630007B683B613B69002B0BD14FF0500383F358
:103640001188BFF36F8FBFF34F8FFB6000BF00BFC8
:10365000FDE73B699C68F5F717FE03469C4211D1D4
:103660003B69DB685A1E3B69DA603B69DB68002B0B
:1036700005D1002300220021386900F041F8012320
:103680007B6101E000237B617B6918461C37BD46E6
:1036900090BD90B587B000AF786039607B683B61C2
:1036A0003B69002B0BD14FF0500383F31188BFF31C
:1036B0006F8FBFF34F8FFB6000BF00BFFDE73B691B
:1036C0009C68F5F7E1FD03469C4207D13B69DB6846
:1036D0005A1C3B69DA6001237B610CE03968386968
:1036E00000F06CFB78617B69002B04D03B69DB68E0
:1036F0005A1C3B69DA607B6918461C37BD4690BD91
:1037000080B58EB000AFF860B9607A603B6000238E
:103710007B63FB683B633B6B002B0BD14FF050038B
:1037200083F31188BFF36F8FBFF34F8F7B6200BFAE
:1037300000BFFDE7BB68002B03D13B6B1B6C002B6C
:1037400001D1012300E00023002B0BD14FF05003E7
:1037500083F31188BFF36F8FBFF34F8F3B6200BFBE
:1037600000BFFDE73B68022B03D13B6BDB6B012BFA
:1037700001D1012300E00023002B0BD14FF05003B7
:1037800083F31188BFF36F8FBFF34F8FFB6100BFCF
:1037900000BFFDE7F5F788FD0346002B02D17B68EB
:1037A000002B01D1012300E00023002B0BD14FF0AF
:1037B000500383F31188BFF36F8FBFF34F8FBB614B
:1037C00000BF00BFFDE7F4F773FC3B6B9A6B3B6BEC
:1037D000DB6B9A4202D33B68022B33D13B6B9B6B72
:1037E000FB623A68B968386B00F011FCB8623B6B59
:1037F0009B6C002B0ED03B68022B02D1FB6A002B86
:103800001CD1386B00F054FD0346002B16D0F4F7A2
:103810009FFC13E03B6B5B6A002B0AD03B6B2433AD
:103820001846F5F791FA0346002B07D0F4F790FC01
:1038300004E0BB6A002B01D0F4F78AFCF4F76EFCBD
:1038400001235DE07B68002B03D1F4F767FC0023C4
:1038500056E07B6B002B06D107F110031846F5F7F5
:103860004BFB01237B63F4F759FCF4F721FFF4F7DA
:103870001FFC3B6B93F844305BB2B3F1FF3F03D1C5
:103880003B6B002283F844203B6B93F845305BB2DE
:10389000B3F1FF3F03D13B6B002283F84520F4F7DF
:1038A0003DFC3A1D07F1100311461846F5F73AFBA7
:1038B0000346002B1ED1386B00F0AEFC0346002BF4
:1038C00012D03B6B10337A6811461846F5F7D0F9E1
:1038D000386B00F02CFCF4F7F9FE0346002B7FF464
:1038E00072AFF4F735FC6EE7386B00F020FCF4F7AC
:1038F000EDFE68E7386B00F01AFCF4F7E7FE0023F2
:1039000018463837BD4680BD80B592B000AFF8602C
:10391000B9607A603B60FB683B643B6C002B0BD169
:103920004FF0500383F31188BFF36F8FBFF34F8FB6
:10393000FB6200BF00BFFDE7BB68002B03D13B6CFF
:103940001B6C002B01D1012300E00023002B0BD1C5
:103950004FF0500383F31188BFF36F8FBFF34F8F86
:10396000BB6200BF00BFFDE73B68022B03D13B6C8D
:10397000DB6B012B01D1012300E00023002B0BD1D5
:103980004FF0500383F31188BFF36F8FBFF34F8F56
:103990007B6200BF00BFFDE7F4F774FCEFF3118218
:1039A0004FF0500383F31188BFF36F8FBFF34F8F36
:1039B0003A62FB613B6AFB633B6C9A6B3B6CDB6B73
:1039C0009A4202D33B68022B5ED13B6C93F84530A0
:1039D00087F83B303B6C9B6B7B633A68B968386C0B
:1039E00000F015FB97F93B30B3F1FF3F29D13B6C59
:1039F0009B6C002B12D03B68022B02D17B6B002BFF
:103A00003FD1386C00F054FC0346002B39D07B6862
:103A1000002B36D07B6801221A6032E03B6C5B6A77
:103A2000002B2ED03B6C24331846F5F78DF9034656
:103A3000002B26D07B68002B23D07B6801221A60E4
:103A40001FE0F4F753FF386397F93B303A6B9A4223
:103A500017D997F93B307F2B0BD14FF0500383F3ED
:103A60001188BFF36F8FBFF34F8FBB6100BF00BFE3
:103A7000FDE797F83B300133DBB25AB23B6C83F879
:103A8000452001237B6401E000237B64FB6B7B61A9
:103A90007B6983F3118800BF7B6C18464837BD46AD
:103AA00080BD80B590B000AF786039607B68BB6343
:103AB000BB6B002B0BD14FF0500383F31188BFF386
:103AC0006F8FBFF34F8F7B6200BF00BFFDE7BB6B03
:103AD0001B6C002B0BD04FF0500383F31188BFF306
:103AE0006F8FBFF34F8F3B6200BF00BFFDE7BB6B23
:103AF0001B68002B03D1BB6B9B68002B01D10123FA
:103B000000E00023002B0BD14FF0500383F311880A
:103B1000BFF36F8FBFF34F8FFB6100BF00BFFDE7A7
:103B2000F4F7B0FBEFF311824FF0500383F31188E9
:103B3000BFF36F8FBFF34F8FBA617B61BB697B634C
:103B4000BB6B9B6B3B63BB6BDB6B3A6B9A4254D298
:103B5000BB6B93F8453087F82F303B6B5A1CBB6B1F
:103B60009A6397F92F30B3F1FF3F23D1BB6B9B6C66
:103B7000002B0CD0B86B00F09BFB0346002B39D018
:103B80003B68002B36D03B6801221A6032E0BB6BE9
:103B90005B6A002B2ED0BB6B24331846F5F7D4F8A4
:103BA0000346002B26D03B68002B23D03B68012224
:103BB0001A601FE0F4F79AFEB86297F92F30BA6ADC
:103BC0009A4217D997F92F307F2B0BD14FF0500322
:103BD00083F31188BFF36F8FBFF34F8F3B6100BF3B
:103BE00000BFFDE797F82F300133DBB25AB2BB6B51
:103BF00083F845200123FB6301E00023FB637B6B1B
:103C0000FB60FB6883F3118800BFFB6B18464037ED
:103C1000BD4680BD80B58CB000AFF860B9607A60F9
:103C20000023FB62FB68BB62BB6A002B0BD14FF029
:103C3000500383F31188BFF36F8FBFF34F8F3B6245
:103C400000BF00BFFDE7BB68002B03D1BB6A1B6C44
:103C5000002B01D1012300E00023002B0BD14FF0FA
:103C6000500383F31188BFF36F8FBFF34F8FFB6156
:103C700000BF00BFFDE7F5F717FB0346002B02D19D
:103C80007B68002B01D1012300E00023002B0BD126
:103C90004FF0500383F31188BFF36F8FBFF34F8F43
:103CA000BB6100BF00BFFDE7F4F702FABB6A9B6B84
:103CB0007B627B6A002B19D0B968B86A00F011FAF0
:103CC0007B6A5A1EBB6A9A63BB6A1B69002B09D0C8
:103CD000BB6A10331846F5F737F80346002B01D0BE
:103CE000F4F736FAF4F71AFA012363E07B68002B45
:103CF00003D1F4F713FA00235CE0FB6A002B06D132
:103D000007F110031846F5F7F7F80123FB62F4F703
:103D100005FAF4F7CDFCF4F7CBF9BB6A93F844301D
:103D20005BB2B3F1FF3F03D1BB6A002283F84420AA
:103D3000BB6A93F845305BB2B3F1FF3F03D1BB6A76
:103D4000002283F84520F4F7E9F93A1D07F1100342
:103D500011461846F5F7E6F80346002B1DD1B86A60
:103D600000F044FA0346002B11D0BB6A24337A6872
:103D700011461846F4F77CFFB86A00F0D8F9F4F75A
:103D8000A5FC0346002B8FD1F4F7E2F98CE7B86A63
:103D900000F0CDF9F4F79AFC86E7B86A00F0C7F9AD
:103DA000F4F794FCB86A00F021FA0346002B3FF4C4
:103DB0007BAF002318463037BD4680BD80B58CB040
:103DC00000AF786039600023FB627B687B62002370
:103DD000BB627B6A002B0BD14FF0500383F3118839
:103DE000BFF36F8FBFF34F8FBB6100BF00BFFDE715
:103DF0007B6A1B6C002B0BD04FF0500383F31188B0
:103E0000BFF36F8FBFF34F8F7B6100BF00BFFDE734
:103E1000F5F74AFA0346002B02D13B68002B01D18B
:103E2000012300E00023002B0BD14FF0500383F35C
:103E30001188BFF36F8FBFF34F8F3B6100BF00BF8F
:103E4000FDE7F4F735F97B6A9B6B3B623B6A002B1D
:103E50001ED03B6A5A1E7B6A9A637B6A1B68002BE2
:103E600004D1F5F717FC02467B6A9A607B6A1B69EE
:103E7000002B09D07B6A10331846F4F765FF034620
:103E8000002B01D0F4F764F9F4F748F9012383E03B
:103E90003B68002B03D1F4F741F900237CE0FB6A77
:103EA000002B06D107F108031846F5F725F8012382
:103EB000FB62F4F733F9F4F7FBFBF4F7F9F87B6AEC
:103EC00093F844305BB2B3F1FF3F03D17B6A002229
:103ED00083F844207B6A93F845305BB2B3F1FF3F2F
:103EE00003D17B6A002283F84520F4F717F93A469C
:103EF00007F1080311461846F5F714F80346002B9E
:103F00002CD1786A00F072F90346002B20D07B6A2E
:103F10001B68002B09D1F4F7CBF87B6A9B68184625
:103F2000F5F7E0F9B862F4F7F9F87B6A24333A68F8
:103F300011461846F4F79CFE786A00F0F8F8F4F79A
:103F4000C5FB0346002B7FF47CAFF4F701F978E75B
:103F5000786A00F0ECF8F4F7B9FB72E7786A00F0E1
:103F6000E6F8F4F7B3FB786A00F040F90346002B5B
:103F70003FF467AFBB6A002B0DD0F4F799F8786A6D
:103F800000F02DF8F8617B6A9B68F9691846F5F72F
:103F9000D3FAF4F7C3F8002318463037BD4680BD86
:103FA00080B584B000AF78607B68002B0BD14FF0F8
:103FB000500383F31188BFF36F8FBFF34F8FBB6044
:103FC00000BF00BFFDE7F4F773F87B689B6BFB60F5
:103FD000F4F7A4F8FB6818461037BD4680BD80B4DE
:103FE00085B000AF78607B685B6A002B06D07B6889
:103FF0001B6B1B68C3F10603FB6001E00023FB6041
:10400000FB6818461437BD465DF8047B704780B5E1
:1040100086B000AFF860B9607A6000237B61FB680E
:104020009B6B3B61FB681B6C002B0DD1FB681B6815
:10403000002B4DD1FB689B681846F5F7E5F97861D0
:10404000FB6800229A6043E07B68002B19D1FB6873
:104050005868FB681B6C1A46B96801F0EBFCFB68FA
:104060005A68FB681B6C1A44FB685A60FB685A6804
:10407000FB689B689A422BD3FB681A68FB685A60FE
:1040800026E0FB68D868FB681B6C1A46B96801F02B
:10409000D1FCFB68DA68FB681B6C5B421A44FB6866
:1040A000DA60FB68DA68FB681B689A4207D2FB6833
:1040B0009A68FB681B6C5B421A44FB68DA607B6899
:1040C000022B05D13B69002B02D03B69013B3B61D0
:1040D0003B695A1CFB689A637B6918461837BD46D2
:1040E00080BD80B582B000AF786039607B681B6CA2
:1040F000002B18D07B68DA687B681B6C1A447B68DD
:10410000DA607B68DA687B689B689A4203D37B68D5
:104110001A687B68DA607B68D9687B681B6C1A4612
:10412000386801F087FC00BF0837BD4680BD80B508
:1041300084B000AF7860F3F7BBFF7B6893F845303D
:10414000FB731EE07B689B6C002B08D0786800F046
:10415000AFF80346002B10D0F4F75CFF0DE07B684E
:104160005B6A002B12D07B6824331846F4F7ECFD11
:104170000346002B01D0F4F74DFFFB7B013BDBB284
:10418000FB7397F90F30002BDCDC00E000BF7B688D
:10419000FF2283F84520F3F7C1FFF3F789FF7B681F
:1041A00093F84430BB7311E07B681B69002B12D07D
:1041B0007B6810331846F4F7C7FD0346002B01D087
:1041C000F4F728FFBB7B013BDBB2BB7397F90E30E2
:1041D000002BE9DC00E000BF7B68FF2283F844206D
:1041E000F3F79CFF00BF1037BD4680BD80B584B09B
:1041F00000AF7860F3F75CFF7B689B6B002B02D10C
:104200000123FB6001E00023FB60F3F787FFFB68FD
:1042100018461037BD4680BD80B584B000AF7860C9
:10422000F3F746FF7B689A6B7B68DB6B9A4202D19F
:104230000123FB6001E00023FB60F3F76FFFFB68E5
:1042400018461037BD4680BD80B586B000AFF86017
:10425000B9607A60FB687B61F3F72AFF7B6993F8AA
:1042600044305BB2B3F1FF3F03D17B69002283F896
:1042700044207B6993F845305BB2B3F1FF3F03D133
:104280007B69002283F84520F3F748FF7B699B6B2D
:10429000002B06D17B6924337A68B9681846F4F795
:1042A0000DFD7869FFF743FF00BF1837BD4680BD9D
:1042B00080B58AB000AF78607B689B6C3B6200235E
:1042C0007B623B6A002B0BD14FF0500383F31188C4
:1042D000BFF36F8FBFF34F8F7B6100BF00BFFDE760
:1042E0003B6A9A6B3B6ADB6B9A420BD34FF05003ED
:1042F00083F31188BFF36F8FBFF34F8F3B6100BF14
:1043000000BFFDE73B6A9A6B3B6ADB6B9A423DD28A
:104310003B6A93F84530FB773B1D00221946386A0B
:10432000FFF775FE786297F91F30B3F1FF3F0ED1AA
:104330003B6A5B6A002B29D03B6A24331846F4F7AA
:1043400003FD0346002B21D001237B621EE0F4F71E
:10435000CDFAB86197F91F30BA699A4216D997F920
:104360001F307F2B0BD14FF0500383F31188BFF325
:104370006F8FBFF34F8FFB6000BF00BFFDE7FB7F78
:104380000133DBB25AB23B6A83F845207B6A184698
:104390002837BD4680BD80B58AB004AFF860B960EB
:1043A0003B601346FB80FB889B001846FEF7BAFE75
:1043B00038613B69002B13D05420FEF7B3FE7861BF
:1043C0007B69002B08D054220021786901F034FB6E
:1043D0007B693A691A6305E03869F3F7D7FB01E0B6
:1043E00000237B617B69002B0DD0FA8800230393A7
:1043F0007B6902937B6A01933B6A00933B68B968CF
:10440000F86800F029F87B6918461837BD4680BD6A
:1044100080B588B002AFF860B9603B601346FB809E
:10442000FA887B6A01933B6A00933B68B968F86835
:10443000FFF7B1FF38613B69002B05D03869F3F70E
:1044400063FF01237B6102E04FF0FF337B617B69F7
:1044500018461837BD4680BD80B588B000AFF860FB
:10446000B9607A603B603B6B186B7B689B001A46B7
:10447000A52101F0E1FA3B6B1A6B7B6803F18043E5
:10448000013B9B001344BB61BB6923F00703BB6185
:10449000BB6903F00703002B0BD04FF0500383F3ED
:1044A0001188BFF36F8FBFF34F8F7B6100BF00BFD9
:1044B000FDE73B6BBA699A63BB68002B1ED00023F3
:1044C000FB6112E0BA68FB69134419783A6BFB6927
:1044D000134434330A461A70BA68FB6913441B78D4
:1044E000002B06D0FB690133FB61FB69032BE9D983
:1044F00000E000BF3B6B002283F83720BB6A052B2E
:104500000BD94FF0500383F31188BFF36F8FBFF3C4
:104510004F8F3B6100BF00BFFDE7BB6A052B01D990
:104520000523BB623B6BBA6ADA623B6BBA6A5A64B8
:104530003B6B04331846FEF7D7FE3B6B1833184627
:10454000FEF7D2FE3B6B3A6B1A61BB6AC3F10602FF
:104550003B6B9A613B6B3A6B5A623A68F968B8698F
:10456000FEF772FE02463B6B1A60FB6A002B02D01C
:10457000FB6A3A6B1A6000BF2037BD4680BD80B42D
:1045800085B000AF78600023FB6005E07B680133F5
:104590007B60FB680133FB607B681B78A52BF5D043
:1045A000FB689B08FB60FB689BB218461437BD464E
:1045B0005DF8047B704780B582B000AF78607B689F
:1045C0001B6B1846F3F7E2FA7868F3F7DFFA00BFDF
:1045D0000837BD4680BD80B489B000AFF860B960CF
:1045E0007A603B60FB681B68002B3ED0FB68FB6178
:1045F000FB695B685A68FB695A60FB695A68FB692A
:1046000008339A4203D1FB69DA68FB695A60FB6997
:104610005B68DB68BB61FB687B617B695B685A68D0
:104620007B695A607B695A687B6908339A4203D177
:104630007B69DA687B695A607B695B68DB683B6130
:104640003B681B687A689A4206D93B681B689B00E6
:10465000BA6813443A691A603B681B685A1C3B6885
:104660001A603A69BB699A42D5D100BF2437BD466A
:104670005DF8047B704780B588B002AFF860B96020
:104680007A603B602C20FEF74DFD78617B69002B42
:104690000DD07B69002283F828207B6901933B6A57
:1046A00000933B687A68B968F86800F005F87B69A0
:1046B00018461837BD4680BD80B586B000AFF8609B
:1046C000B9607A603B60BB68002B0BD14FF05003A0
:1046D00083F31188BFF36F8FBFF34F8F7B6100BFF0
:1046E00000BFFDE7F5F74AFB7B6AFA681A607B6A50
:1046F000BA689A617B6A3A68DA617B6A3A6A1A62D6
:104700007B6A04331846FEF7EFFD7B68002B08D068
:104710007B6A93F8283043F00403DAB27B6A83F8AB
:10472000282000BF1837BD4680BD80B584B000AFDB
:10473000F860B9607A6008E0FB689B69BA68134466
:10474000BB60FB681B6AF8689847FB689A69BB689E
:10475000D118BB687A68F868F5F7E0F90346002BD2
:10476000EAD100BF00BF1037BD4680BD80B584B020
:1047700000AF786007F108031846F5F78BF9F86089
:10478000BB681946F868F5F73FF9F5F709FA00BF75
:10479000F0E780B485B000AF786039604FF0500327
:1047A00083F31188BFF36F8FBFF34F8FFB6000BFA0
:1047B00000BE00BFFDE780B483B000AF4FF05003F0
:1047C00083F31188BFF36F8FBFF34F8F7B6000BF00
:1047D00000BE00BFFDE780B500AF00F01BF800BFD2
:1047E00080BD80B483B000AF78600B46FB707B68FF
:1047F000FA781A7000BF0C37BD465DF8047B70472D
:1048000080B483B000AF786000BF0C37BD465DF860
:10481000047B704780B400AFBFF34F8F30BFBFF34E
:104820006F8F00BFBD465DF8047B704780B586B0D2
:1048300002AFF860B9607A607B681B0CDAB27B6803
:104840001B0AD9B27B68DBB200930B46B968F868E3
:10485000F5F73EFB034618461037BD4680BD80B5D0
:1048600088B002AFF860B96011461A460B46FB717A
:104870001346BB71FB68042B05D9FB68062B02D8D5
:10488000BB68272B01D9022331E0FB79002B08D12B
:10489000BB79002B05D197F82030002B01D10023E4
:1048A00025E007F1160107F1170207F11503009340
:1048B0000B46B968F868F5F7E1FBFA7DFB7913431D
:1048C000DBB2FB75BA7DBB791343DBB2BB757A7D76
:1048D00097F820301343DBB27B75FA7DB97D7B7D81
:1048E00000930B46B968F868F5F7F2FA002318460A
:1048F0001837BD4680BD80B586B000AF7860002314
:104900003B6117E005237B610EE07A6839697869BD
:10491000FFF78CFF0346FB73FB7B002B01D0FB7B77
:104920000CE07B6901337B617B69062BEDD93B6928
:1049300001333B613B69272BE4D900231846183724
:10494000BD4680BD80B500AFF5F726FC00BF80BD39
:1049500080B584B000AF78601420FEF7E3FBF86008
:10496000FB68002B30D014220021F86801F064F8B5
:104970007B681A78FB681A707B685A68FB685A6013
:104980007B689A68FB689A607B681A7BFB681A737D
:104990007B685A7BFB685A737B689A7BFB689A73C7
:1049A0007B68DA7BFB68DA737B681A7CFB681A74B5
:1049B0007B685A7CFB685A747B689A7CFB689A74A3
:1049C0007B68DA7CFB68DA74FB6818461037BD46F2
:1049D00080BD90B587B002AF7860084611461A4690
:1049E0000346FB700B46BB7013467B707B68FB6015
:1049F000FB685B681846FB689A68FB7813441C46A2
:104A00007978BA7897F8203000930B462146F5F76D
:104A10005FFA00BF1437BD4690BD90B587B002AFB6
:104A20007860084611461A460346FB700B46BB7079
:104A300013467B707B68FB60FB685B681846FB680D
:104A40009A68FB7813441C467978BA7897F8203036
:104A500000930B462146FFF702FF00BF1437BD4607
:104A600090BD80B485B000AF7860084611461A4604
:104A70000346FB700B46BB7013467B707B68FB6084
:104A8000FB68FA785A74FB68BA789A74FB687A788B
:104A9000DA7400BF1437BD465DF8047B7047B0B5CB
:104AA0008AB004AF786039607B683B613B691B7CEE
:104AB000002B20D03B695B7C002B07D13B699B7CA2
:104AC000002B03D13B69DB7C002B14D00023FB754A
:104AD0000EE03B695A7C3B69987C3B69DB7CF97D45
:104AE000009303467868FFF798FFFB7D0133FB7561
:104AF000FB7D272BEDD93B691B7B002B1AD03B6933
:104B00005B7BFB733B699B7BBB733B69DB7B7B7391
:104B10003B6958683B699C683B691D78FB7BBA7BA5
:104B2000797B0291019200932B4622460146386818
:104B3000F5F75EFD00BF1837BD46B0BD80B485B047
:104B400000AF7860084611461A460346FB700B46D4
:104B5000BB7013467B707B68FB60FB68FA785A7306
:104B6000FB68BA789A73FB687A78DA7300BF1437F7
:104B7000BD465DF8047B704780B485B000AF7860B7
:104B80000B46FB707B68FB60FB68FA781A7300BF0A
:104B90001437BD465DF8047B704780B485B000AF24
:104BA00078600B46FB707B68FB60FB68FA781A74D0
:104BB00000BF1437BD465DF8047B704780B485B0F4
:104BC00000AF78607B681B0C03F1804303F58E23F4
:104BD000FB60FB6819687B689BB201229A40FB6806
:104BE0000A431A6000BF1437BD465DF8047B704766
:104BF00080B500AFF5F752FFF5F7FEFF00BF80BDAF
:104C000080B586B000AF78602820FEF78BFAB860D8
:104C1000BB68002B54D028220021B86800F00CFF9C
:104C20007B681A78BB681A707B685A78BB685A70C0
:104C300000237B613DE000233B6134E00023FB6007
:104C40002BE07A6879693B690B445900FB680B4497
:104C50009B0013445968BB6878693A690244500064
:104C6000FA680244023243F822107A6879693B6993
:104C70000B445900FB680B4404339B0013445968F0
:104C8000BB6878693A6902445000FA680244063207
:104C900043F82210FB680133FB60FB68012BD0DD79
:104CA0003B6901333B613B69002BC7DD7B69013305
:104CB0007B617B69012BBEDDBB6800225A6001E08D
:104CC00000BFFDE7BB6818461837BD4680BD80B4FD
:104CD00087B000AFF860B9607A603B60FB687B61C9
:104CE0007B69B9687A680A4451003A680A44063216
:104CF00053F8223018461C37BD465DF8047B7047D8
:104D000080B487B000AFF860B9607A603B60FB6840
:104D10007B617B69B9687A680A4451003A680A4441
:104D2000023253F8223018461C37BD465DF8047B2A
:104D3000704780B586B000AF78607B68BB600023A9
:104D40007B6129E000233B6120E00023FB6017E04A
:104D5000BB6879693A690A445100FA680A44023228
:104D600053F82230184600F0E7FD034683F00103B4
:104D7000DBB2002B01D0002312E0FB680133FB60A3
:104D8000FB68012BE4DD3B6901333B613B69002B90
:104D9000DBDD7B6901337B617B69012BD2DD012384
:104DA00018461837BD4680BD2DE9B04F82B000AF20
:104DB00078603960F9F72CFE3B68002298469146EE
:104DC00042464B464FF000004FF00001590141EAC6
:104DD000D261500102460B46B2EB080463EB0905B1
:104DE0004FF000024FF00003AB0043EA9473A200BF
:104DF00014461D4614EB080A45EB090B4FF0000260
:104E00004FF000034FEACB0343EA5A734FEACA025A
:104E100092469B46504659464FF47A724FF0000333
:104E200000F0EAFE02460B4613461846F3F7FCFA7A
:104E30007868FFF77EFF034683F00103DBB2002BA7
:104E4000BAD100BF00BF0837BD46BDE8B08F80B5FE
:104E500084B000AF78607B68FB60FB685B68002B08
:104E600009D0FB685B681846FBF773FE0346002B0E
:104E700001D0012300E0002303F00103DBB2184658
:104E80001037BD4680BD80B485B000AF7860396012
:104E90007B68FB60FB683A685A6000BF1437BD4608
:104EA0005DF8047B704780B584B000AF78600B4636
:104EB000FB707B68FB60FB689B68184600F08AFD0E
:104EC000B860FB78002B09D0B86800F03BF8FB68AD
:104ED0005B6800211846FBF7FEFD08E0B86800F0AB
:104EE00040F8FB685B6801211846FBF7F4FD00BF42
:104EF0001037BD4680BD80B400AF00BFBD465DF831
:104F0000047B704780B485B000AFF860B9607A6008
:104F1000002318461437BD465DF8047B704780B502
:104F200084B000AF786039607B68FB60FB685868CC
:104F3000FB681B783A681946FDF767FA00BF10371F
:104F4000BD4680BD80B584B000AF78607B68FB60F3
:104F5000FB685B681846FDF7EEFA00BF1037BD46E8
:104F600080BD80B584B000AF78607B68FB60FB6873
:104F70005B681846FDF7AFFA00BF1037BD4680BD2D
:104F800080B586B000AFF860B9607A60F6F7F0F9E6
:104F900078617B69002B01D1002307E07B68BA6848
:104FA000F9687869FFF7ACFE38613B691846183735
:104FB000BD4680BD80B584B000AFF860B9607A604E
:104FC00000F0E8FA034618461037BD4680BD80B5AC
:104FD0008AB002AF0346B9607A60FB73FB7B0B2B90
:104FE00001D90023FB730023FB6127E00023BB6191
:104FF0001EE000237B6115E07A69B969F869FFF763
:10500000BFFFFA7B13461B019B1A5B001946012365
:1050100001930123009304230122F9F773FE7B69B6
:1050200001337B617B69012BE6DDBB690133BB6129
:10503000BB69002BDDDDFB690133FB61FB69012BE3
:10504000D4DDF6F795F903460A211846FFF7ACFEC2
:10505000002318462037BD4680BD80B586B002AF1C
:105060000023FB70F6F784F9034601211846FFF789
:105070001AFF0023FB603EE00023BB6035E0002305
:105080007B602CE07A68F968B868FFF779FFFB78F5
:1050900001220192012200920122B42100F064FC5D
:1050A000F6F766F9034632211846FFF77DFE7A6867
:1050B000F968B868FFF764FFFB78012201920122CA
:1050C00000920222B42100F04FFCF6F751F903469A
:1050D00032211846FFF768FE7B6801337B607B68EE
:1050E000012BCFDDBB680133BB60BB68012BC6DD84
:1050F000FB680133FB60FB68002BBDDDF6F738F978
:10510000034600211846FFF7CEFE0023184610374D
:10511000BD4680BD80B586B000AF786000237B615E
:105120001AE000233B6111E00023FB6008E07B688C
:10513000FA6839697869F6F725FAFB680133FB608C
:10514000FB68012BF3DD3B6901333B613B69002BBD
:10515000EADD7B6901337B617B69012BE1DD0023A3
:1051600018461837BD4680BD80B586B000AF786060
:1051700000237B611AE000233B6111E00023FB6008
:1051800008E07B68FA6839697869F6F785FAFB68A0
:105190000133FB60FB68012BF3DD3B6901333B61AD
:1051A0003B69002BEADD7B6901337B617B69012B65
:1051B000E1DD002318461837BD4680BD80B500AF3D
:1051C000F6F708F900BF80BD80B586B000AF0023B8
:1051D000FB7500233B6127E00023FB601EE00023FA
:1051E000BB6015E0BA68F9683869FFF7C9FE7860F6
:1051F0007868F9F717FC03461A46FB7D1343DBB2C8
:10520000002B14BF01230023FB75BB680133BB6077
:10521000BB68012BE6DDFB680133FB60FB68002BFC
:10522000DDDD3B6901333B613B69012BD4DDFB7D57
:1052300083F00103DBB2002B02D0F9F7DFFB01E0C2
:10524000F6F7B2F800BF1837BD4680BD80B586B00E
:1052500000AF00237B612AE000233B6121E00023B3
:10526000FB6018E0FA6839697869FFF789FEB86071
:10527000B86800F0CBFB7860FB68DBB21A4639698E
:105280007869F6F757F9386079683868FFF707FCEE
:10529000FB680133FB60FB68012BE3DD3B690133F5
:1052A0003B613B69002BDADD7B6901337B617B6904
:1052B000012BD1DD00BF00BF1837BD4680BD90B5C2
:1052C00083B000AF0446084611461A462346FB71D8
:1052D0000346BB710B467B7113463B71FB79B97971
:1052E0007A791846F6F726F902463B7919461046B0
:1052F000FFF742FC00BF0C37BD4690BD80B586B0BD
:1053000000AF0346FB7100237B611DE000233B617E
:1053100014E00023FB600BE03B69D8B27B69D9B293
:10532000FB68DAB2FB79FFF7CAFFFB680133FB6069
:10533000FB68012BF0DD3B6901333B613B69012BCD
:10534000E7DD7B6901337B617B69002BDEDD00BF1C
:1053500000BF1837BD4680BD80B582B000AF3B604E
:105360000346FB710B46BB7113467B71FB79B97920
:105370007A791846F6F7DEF83B681B0CD9B23B6821
:105380001B0ADAB23B68DBB2FFF7D8FB00BF083775
:10539000BD4680BD80B586B000AF786000237B61DC
:1053A0001DE000233B6114E00023FB600BE03B6940
:1053B000D8B27B69D9B2FB68DAB27B68FFF7CCFF61
:1053C000FB680133FB60FB68012BF0DD3B690133B7
:1053D0003B613B69012BE7DD7B6901337B617B69C5
:1053E000002BDEDD00BF00BF1837BD4680BD90B585
:1053F00087B002AFF860B96011461A460B46FB71E0
:105400001346BB710022B968F868F6F793F80446B2
:1054100097F82000BA79F97997F824300093034679
:105420002046FFF7D6FA00BF1437BD4690BD80B5C1
:1054300084B000AFF860B9607A60FB707B68DBB263
:105440001A46B968F868F6F775F83B7F3A7EF9783E
:10545000FFF707FB00BF1037BD4680BD80B588B0A1
:1054600002AF0346FB710B46BB7113467B710023F1
:105470007B611FE000233B6116E00023FB600DE031
:10548000FA797B790193BB7900931346FA687969BD
:105490003869FFF7CCFFFB680133FB60FB68012B29
:1054A000EEDD3B6901333B613B69012BE5DD7B6947
:1054B00001337B617B69002BDCDD00BF00BF183747
:1054C000BD4680BD80B584B000AFF860B9601146BC
:1054D0001A460B46FB711346BB71FB791A46B96835
:1054E000F868F6F727F80246BB7919461046FFF729
:1054F00054FB00BF1037BD4680BD80B586B000AFFD
:105500000346FB7100237B611BE000233B6112E03B
:105510000023FB6009E0FB68DAB2FB79796938693E
:10552000FFF7D0FFFB680133FB60FB68012BF2DD66
:105530003B6901333B613B69012BE9DD7B69013349
:105540007B617B69002BE0DD00BF00BF1837BD46E3
:1055500080BD80B400AF00BFBD465DF8047B7047DE
:1055600080B485B000AF78607B681B0C03F180438A
:1055700003F58E23FB60FB6819687B689BB20122F0
:105580009A40FB680A431A6000BF1437BD465DF8B5
:10559000047B704780B582B000AF0023FB71FB1D18
:1055A0001846F7F7BBFF0346002B01D1FB7900E05B
:1055B000002318460837BD4680BD80B483B000AFD5
:1055C0000346FB7100BF0C37BD465DF8047B704796
:1055D00080B483B000AF78607B6800221A7000BF8F
:1055E0000C37BD465DF8047B704780B400AF0023E4
:1055F0001846BD465DF8047B704780B485B000AFA7
:1056000078600B46FB701346BB70BB78FB730023BE
:105610007B7327E07B7B7A6813441B783B73002302
:10562000BB7319E0FA7B3B7B5340DBB203F0010311
:10563000002B08D0FB7B5B08FB73FB7B83F07303C1
:10564000DB43FB7302E0FB7B5B08FB733B7B5B088C
:105650003B73BB7B0133BB73BB7B072BE2D97B7BEB
:1056600001337B737A7BFB789A42D3D3FB7B18465A
:105670001437BD465DF8047B704790B585B000AF28
:105680007860002207217868FFF7B7FF0346FB73B5
:105690007B6803F109047B680933184600F020FA9F
:1056A0000346DBB2FA7B19462046FFF7A6FF034606
:1056B000FB73FB7B18461437BD4690BD80B582B0A6
:1056C00000AF786039603B68002B05D03B685B68B1
:1056D00019467868FBF793FB00BF0837BD4680BDCD
:1056E00080B582B000AF0346FB7197F9073013F124
:1056F000800F01D1012305E097F907301846F9F72B
:1057000025F9002318460837BD4680BD80B483B014
:1057100000AF78607B6800221A7000BF0C37BD466E
:105720005DF8047B704780B485B000AFF8600B462D
:105730007A60FB72FB7AFA681B01134403F58473E9
:105740001968FB7A7A680A43F9681B010B4403F570
:1057500084731A6000BF1437BD465DF8047B704740
:1057600080B485B000AFF8600B467A60FB72FB7ABC
:10577000FA681B01134403F586737A681A6000BF48
:105780001437BD465DF8047B704780B485B000AF28
:10579000F8600B467A60FB72FB7AFA6810331B01E3
:1057A00013447A681A6000BF1437BD465DF8047B65
:1057B000704780B483B000AF78600B46FB70FB7815
:1057C0007A681B01134403F584731A68FB7842F06E
:1057D000010279681B010B4403F584731A6000BF52
:1057E0000C37BD465DF8047B704780B483B000AFD2
:1057F00078600B46FB70FB787A681B01134403F555
:1058000084731A68FB7822F0010279681B010B444B
:1058100003F584731A6000BF0C37BD465DF8047B46
:10582000704780B584B000AF78602020FDF77AFC27
:10583000F860FB68002B2CD020220021F86800F0D3
:10584000FBF87B681A68FB681A607B685A68FB681B
:105850005A60FB6800229A60FB680022DA60FB68ED
:1058600000221A82FB6800225A82FB6800221A7604
:10587000FB6800225A76002204210820FDF72DFE45
:105880000246FB68DA61FB68DB69002B01D100BFCF
:10589000FDE7FB6818461037BD4680BD80B483B075
:1058A00000AF786039603B68192B3FDC3B68022B06
:1058B00009DC7B68B3F912309BB20A339BB21AB28F
:1058C0007B685A8232E03B68052B09DC7B68B3F9C0
:1058D00012309BB207339BB21AB27B685A8225E022
:1058E0003B680A2B09DC7B68B3F912309BB20533A5
:1058F0009BB21AB27B685A8218E03B680F2B09DC16
:105900007B68B3F912309BB203339BB21AB27B6847
:105910005A820BE03B68192B08DC7B68B3F9123024
:105920009BB201339BB21AB27B685A8200BF0C371C
:10593000BD465DF8047B704780B485B000AF7860E9
:105940007B68002B01D1002308E07B68FB60FB68CB
:10595000DB68002B0CBF01230023DBB21846143791
:10596000BD465DF8047B704780B586B000AFF86037
:10597000B96011461A460B46FB711346BB71FB68B2
:105980003B61F868F9F77CF9BA6813465B00134489
:105990009B007B61FB79022B02D17B695B427B61BF
:1059A0003B697A69DA603B6900225A61BB791AB2B5
:1059B0003B691A82BB791AB23B695A823B6997F8F4
:1059C00020201A763B6997F824205A7600BF1837B2
:1059D000BD4680BD80B485B000AF78607B68FB6059
:1059E000FB681B6818461437BD465DF8047B70479A
:1059F00080B485B000AF78607B68FB60FB68DB69D2
:105A000018461437BD465DF8047B704780B485B0F6
:105A100000AF78607B68FB60FB689B6818461437B2
:105A2000BD465DF8047B704780B500AFF9F7B8F864
:105A300000BF80BD00F030BA00F048BAFAF7BAB83B
:105A40000346C9B21A788A42184603F1010302D00C
:105A5000002AF7D11046704740EA01039B0730B592
:105A600011D105460C46214628460A6855F8043BE4
:105A70009A4204F1040406D1A2F1013323EA02039D
:105A800013F0803FEFD010F8013B11F8012B934247
:105A900001D0981A30BD002BF5D11846FAE740EA3C
:105AA00001039B0710B513D10439024651F8043F96
:105AB000A3F1013424EA030414F0803F05D0D9B2E5
:105AC00002F8011B59B11B12F9E742F8043BEDE75C
:105AD000421E11F8013B02F8013F002BF9D110BD25
:105AE00010B503469A071C4615D1234654F8042BDB
:105AF000A2F1013121EA020111F0803FF5D0D1B2CB
:105B000099B112F47F4F0ED012F47F0F14BF2346C9
:105B10000333013003E01A4612F8011B09B9181AC1
:105B200010BD1346DEE70233F3E70133F1E7034626
:105B30000843800770B513D11D460E46032A31462F
:105B40002B460DD955F8040B0C68844206F1040667
:105B500006D1A4F1013020EA040010F0803F01D00A
:105B60001A440BE0043AE9E713F8010B11F8014B72
:105B7000A04201D0001B70BD0028FCD09342F3D19D
:105B80000020F8E740EA010370B59D0722D10E46D8
:105B90000346032A314608D956F8045BA5F10134BF
:105BA00024EA050414F0803F0DD0013A0139541C59
:105BB00008D011F8014F03F8014B551E64B91A447F
:105BC000934204D170BD43F8045B043AE1E703F863
:105BD000014BF5E70346E8E72A46E8E7034610F8F5
:105BE000012B002AFBD1C9B210F8012D8A4202D044
:105BF0008342F9D1002070475FF0000C30B51C00E3
:105C000022D112006FD0914206D3054608460021EA
:105C100000F06FF80446284600F06BF80A4621466B
:105C2000BDE830401CF0404F08BF704703D54942E3
:105C3000404261F100015FEA8C0C38BF70475B4263
:105C4000524263F10003704742D41C0C04BF1B0492
:105C50000CF1100C13F07F4F04BF1B020CF1080C69
:105C600013F0704F04BF1B010CF1040C13F0404FF4
:105C700004BF0CF1020C5FEA83035CBF0CF1010C62
:105C80005B00CCF1200E22FA0EF4234302FA0CF250
:105C900000FA0CF520FA0EF001FA0CF4204321FA78
:105CA0000EF114461A4600F024F8A4FB0023AA1AA9
:105CB00071EB03033CBF1B190138CCF1200E22FA13
:105CC0000CF203FA0EF4224323FA0CF30021A7E7A7
:105CD000821A71EB03033CBF02460B464FF00001F2
:105CE00041F100009CE700200021BDE8304000F0B9
:105CF0003DB80423B1EB122F09D2090241EA106129
:105D00000002013B08BF7047B1EB122FF5D300181A
:105D1000494134BF9142891A4041494134BF9142BF
:105D2000891A4041494134BF9142891A4041494151
:105D300034BF9142891A4041494134BF9142891A86
:105D40004041494134BF9142891A4041494134BFE1
:105D50009142891A4041494134BF9142891A4041D8
:105D6000A3F1010313F00F0FD2D170477047024621
:105D7000C80240EA525040F21E42A2EB115240F0DB
:105D80000040FF2A20FA02F011D912F4E06F01D18D
:105D90004042704711F0804009D04A0012F5001FC0
:105DA00004D86FF0004000EBD170704700207047BE
:105DB00010B540F21E44A4EB1154FF2C07D8024644
:105DC000C80240EA525040F00040E04010BD01F1EE
:105DD000404000F58010B0F1804F4FF0FF3088BF99
:105DE0000020F3E7F0B1030C0CBF000401F1807157
:105DF000030E0CBF000201F50001030F0CBF0001F0
:105E000001F58001830F0CBF800001F5001100280F
:105E1000ACBF400001F5801101EBE02342051046C4
:105E20001946704700200021704710F0004118BF4C
:105E3000404201F18041FFF7D5BF4FF08041FFF7AD
:105E4000D1BF30B50D461C4655EA040301460BD4BC
:105E5000630013F5001F1DD8A54219D31AD1904233
:105E60002CBF0020012030BD680010F5001F11D8A4
:105E7000630013F5001F0DD80B4313431843F2D0F2
:105E8000A54205D806D1914294BF00200120EAE73F
:105E90000120E8E70020E6E740EA0103DB070346CC
:105EA0000CD40346043A22BF51F804CB43F804CB88
:105EB000B2F10402F7D2043208BF7047013A24BF9E
:105EC00011F801CB03F801CBF8D87047034613F063
:105ED000030F0ED101F0FF0141EA012141EA014126
:105EE000043A24BF43F8041BB2F10402F9D202F1D0
:105EF0000402013A24BF03F8011BFAE77047FFFFD1
:105F00008002DC020005B80580079508000A710BC5
:105F10008021017002780A42FCD07047080010000E
:105F2000180020003000400060008000C000000128
:105F300080010002000300040006FFFF00A00640ED
:105F400000B006400A0034100B00341003000000BB
:105F5000000003010101FFFF4B3130206F72204B25
:105F600031322046616D696C790000004B3230207F
:105F70006F72204B32322046616D696C79000000EF
:105F80004B33302C204B3131206F72204B36312077
:105F900046616D696C7900004B3430206F72204B84
:105FA00032312046616D696C790000004B3630203B
:105FB0006F72204B36322046616D696C79000000AB
:105FC0004B37302046616D696C790000526573650E
:105FD00072766564000000004861726477617265E2
:105FE000207374617475730D0A0000004D63754170
:105FF000726D546F6F6C73004552524F5200000027
:106000002020554944000000202046616D696C79CC
:106010000000000047726F7570206F66204D637539
:1060200041726D546F6F6C7320636F6D6D616E6440
:10603000730D0A005072696E742068656C70206F71
:10604000722073746174757320696E666F726D610E
:1060500074696F6E0D0A0000202068656C707C7397
:106060007461747573000000506572666F726D73B1
:10607000206120736F667477617265207265736545
:10608000740D0A0020207265736574007B000000A7
:106090002C0000007D0000004D637541726D546F4F
:1060A0006F6C732068656C70000000004D63754173
:1060B000726D546F6F6C732073746174757300002C
:1060C0004D637541726D546F6F6C732072657365AB
:1060D000740000004D342046616D696C792049449C
:1060E000206F7574206F6620626F756E6473210077
:1060F0004D6375466C617368207374617475730DBC
:106100000A0000004D6375466C6173680000000072
:1061100073697A65203078002020626C6F636B00B1
:1061200061646472203078002C2073697A652030B5
:106130007800000020207265676973746572656479
:10614000000000004D6375466C6173682068656CE3
:106150007000000047726F7570206F6620666C617A
:10616000736820696E6920636F6D6D616E64730D75
:106170000A00000044756D70206D656D6F727920A6
:10618000646174610D0A0000202064756D70203C0C
:1061900073746172743E203C73697A653E0000003E
:1061A0004572617365206D656D6F72792061742031
:1061B000616464726573730D0A00000020206572CB
:1061C000617365203C616464723E203C73697A654A
:1061D0003E0000004D6375466C6173682073746106
:1061E000747573004D6375466C6173682064756DDA
:1061F000702000002A2A2A206D656D6F7279206E4A
:106200006F742061636365737369626C650D0A0066
:106210002A2A2A2077726F6E6720656E6420616477
:1062200064726573730D0A002A2A2A2077726F6ED2
:106230006720737461727420616464726573730D96
:106240000A0000004D6375466C61736820657261D9
:10625000736520002A2A2A206164647265737320A2
:106260006973206E6F7420666C61736820626C6F56
:10627000636B20616C69676E65640D0A0000000045
:106280002A2A2A206661696C6564207363616E6ED8
:10629000696E672073697A650D0A00004D63754663
:1062A0006C6173685F496E69742829206661696C46
:1062B00065642100433A2F55736572732F457269E7
:1062C0006368205374796765722E4E3030303731F1
:1062D00033392F446174612F4769745265706F734D
:1062E0002F4D657461436C6F636B436C6F636B2FF1
:1062F0004669726D776172652F4D63754C69622FC7
:106300007372632F4D6375466C6173682E63000072
:106310004F75743A00000000496E703A00000000AA
:10632000206770696F3A30780000000020706F724B
:10633000743A3078000000002070696E3A00000066
:106340002070756C6C3A00006469730075702000F1
:1063500064776E003F3F3F005452414345000000C8
:106360004445425547000000494E464F000000009A
:106370005741524E00000000464154414C0000007D
:106380001B5B313B33346D001B5B313B33326D00A3
:106390001B5B313B33366D001B5B313B33336D0090
:1063A0001B5B313B33316D001B5B313B33356D0083
:1063B00068683A6D6D3A73732C6363001B5B306DD4
:1063C000000000004C6F67207374617475730D0AD0
:1063D000000000004D63754C6F670000206368612A
:1063E0006E6E656C0D0A00002020636F6E736F6C1B
:1063F000650000007965730D0A0000006E6F0D0ADC
:106400000000000020206C6F636B000020206C6592
:1064100076656C0020280000292C206C6F67676966
:106420006E6720666F722074686973206C6576658C
:106430006C20616E64206869676865720D0A0000EF
:106440002020636F6C6F720047726F7570206F66EB
:10645000204D63754C6F6720636F6D6D616E647363
:106460000D0A0000536574206C6F67206C657665BB
:106470006C2C203020285452414345292C203120B7
:10648000284445425547292C20322028494E464F62
:10649000292C203320285741524E292C20342028E3
:1064A0004552524F52292C20352028464154414C08
:1064B000290D0A0020206C6576656C203C6C6576A1
:1064C000656C3E00536574207175696574206D6F4D
:1064D000646520666F7220636F6E736F6C650D0A62
:1064E0000000000020207175696574203C6F6E7C8F
:1064F0006F66663E0000000053657420636F6C6F2A
:1065000072206D6F64650D0A000000002020636F2B
:106510006C6F72203C6F6E7C6F66663E0000000000
:106520004D63754C6F672068656C70004D63754CEA
:106530006F67207374617475730000004D63754C50
:106540006F67207175696574206F6E004D63754CBF
:106550006F67207175696574206F666600000000C2
:106560004D63754C6F6720636F6C6F72206F6E00A8
:106570004D63754C6F6720636F6C6F72206F66663A
:10658000000000004D63754C6F67206C6576656C8C
:1065900020000000496E666F3A20456E61626C65AE
:1065A00020636F6E66696747454E45524154455FAB
:1065B00052554E5F54494D455F53544154532066E4
:1065C0006F722072756E74696D6520737461746981
:1065D00073746963732E0D0A000000005443420077
:1065E000537461746963000048616E646C650000F7
:1065F0004E616D6500000000537461746500000019
:106600005072696F00000000537461636B20426533
:1066100067000000537461636B20456E64000000E6
:1066200053697A6500000000537461636B20546FF6
:1066300070000000556E7573656400005741524E3E
:10664000494E473A206D6F7265207461736B7320F9
:106650007468616E205368656C6C206D6178696D3B
:10666000756D206E756D626572206F662074617342
:106670006B732E0D0A0000006E6F20283029000079
:1066800079657328000000002900000052756E6EC5
:10669000696E67005265616479000000537573701C
:1066A000656E646564000000426C6F636B65640036
:1066B00044656C6574656400496E76616C6964005C
:1066C000554E4B4E4F574E21000000002042000017
:1066D000204229004672656552544F5320737461FD
:1066E00074757320696E666F726D6174696F6E0D7B
:1066F0000A0000004D637552544F53005631312E3D
:10670000302E3000202056657273696F6E000000D5
:10671000202052544F53207469636B7300000000B3
:1067200020487A2C20000000206D730D0A00000024
:10673000202046726565206865617000206279746A
:1067400065730D0A0000000047726F7570206F6658
:10675000204D637552544F5320636F6D6D616E64AD
:10676000730D0A005072696E74207461736B6C69EA
:1067700073740D0A0000000020207461736B6C6953
:10678000737400004D637552544F532068656C70EC
:10679000000000004D637552544F532073746174B0
:1067A000757300004D637552544F53207461736BC1
:1067B0006C697374000000004D63755368656C6C00
:1067C0002068656C700000002D2D2D2D2D2D2D2D98
:1067D0002D2D2D2D2D2D2D2D2D2D2D2D2D2D2D2DE9
:1067E0002D2D2D2D2D2D2D2D2D2D2D2D2D2D2D2DD9
:1067F0002D2D2D2D2D2D2D2D2D2D2D2D2D2D2D2DC9
:106800002D2D2D2D2D2D00004B3032204C65645345
:10681000746570706572000047726F7570206F66E6
:10682000204D63755368656C6C20636F6D6D616E90
:1068300064730D0A000000004D63755368656C6C4D
:10684000000000004D63755368656C6C20737461C3
:1068500074757300434D443E20000000436F6D6D1E
:10686000616E646C696E65207368656C6C2073740E
:10687000617475730D0A00004A616E203236203251
:106880003032360020204275696C640031353A3070
:10689000323A303400000000202073696C656E7459
:1068A0000000000020206D756C7469436D64000069
:1068B0002062797465732064656661756C742073F9
:1068C000697A650D0A000000202073697A6500006E
:1068D0002A2A2A204661696C6564206F7220756ED1
:1068E0006B6E6F776E20636F6D6D616E643A200022
:1068F0002A2A2A20547970652000000020746F2015
:106900006765742061206C697374206F66206176FE
:1069100061696C61626C6520636F6D6D616E64733B
:106920000D0A00000D0A2A2A2A20456E642061649F
:106930006472657373206D757374206265206C6179
:1069400072676572206F7220657175616C20746862
:10695000616E207374617274206164647265737314
:106960000D0A00000D0A2A2A2A2052656164206659
:1069700061696C6564210D0A000000000D0A2A2A75
:106980002A204661696C7572652072656164696E62
:1069900067206D656D6F727920626C6F636B210D7E
:1069A0000A0000002D2D20003A6D6D003A7373002F
:1069B0006661696C656420696E697469616C697A85
:1069C000696E67205541525400000000433A2F552C
:1069D000736572732F4572696368205374796765B4
:1069E000722E4E303030373133392F446174612F7D
:1069F0004769745265706F732F4D657461436C6F96
:106A0000636B436C6F636B2F4669726D7761726560
:106A10002F4D63754C69622F7372632F4D637555EB
:106A20006172743438352E63000000006B5541529A
:106A3000545F547844617461526567456D70747930
:106A4000466C61670D0A00006B554152545F5472E9
:106A5000616E736D697373696F6E436F6D706C6592
:106A60007465466C61670D0A000000006B55415269
:106A7000545F52784461746152656746756C6C4628
:106A80006C61670D0A0000006B554152545F496408
:106A90006C654C696E65466C61670D0A000000000C
:106AA0006B554152545F52784F76657272756E46DF
:106AB0006C61670D0A0000006B554152545F4E6FC8
:106AC0006973654572726F72466C61670D0A0000EA
:106AD0006B554152545F4672616D696E67457272C3
:106AE0006F72466C61670D0A000000006B554152E1
:106AF000545F5061726974794572726F72466C614D
:106B0000670D0A006B554152545F4C696E427265C5
:106B1000616B466C61670D0A000000006B554152C5
:106B2000545F527841637469766545646765466C65
:106B300061670D0A000000006B554152545F5278A6
:106B4000416374697665466C61670D0A0000000058
:106B50006B554152545F4E6F6973654572726F7227
:106B6000496E527844617461526567466C61670D85
:106B70000A0000006B554152545F5061726974798C
:106B80004572726F72496E527844617461526567E2
:106B9000466C61670D0A00006B554152545F547892
:106BA0004669666F456D707479466C61670D0A00C1
:106BB0006B554152545F52784669666F456D7074EB
:106BC00079466C61670D0A006B554152545F5478E9
:106BD0004669666F4F766572666C6F77466C616763
:106BE0000D0A00006B554152545F52784669666F3A
:106BF0004F766572666C6F77466C61670D0A0000B0
:106C000052532D34383520554152542073657474D5
:106C1000696E67730D0A00004D63755561727434B7
:106C20003835000020204857205478456E00000079
:106C30002020666C6167730020206261756400002B
:106C400052783A20000000002C20526573706F6E5D
:106C500073653A200000000020207175657565732A
:106C60000000000047726F7570206F662052532D30
:106C700034383520636F6D6D616E64730D0A0000EA
:106C8000436C65617220554152542049535220662D
:106C90006C6167730D0A00002020636C65617220CF
:106CA0003C666C6167733E004D6375556172743468
:106CB00038352068656C70004D63755561727434A9
:106CC0003835207374617475730000004D63755519
:106CD00061727434383520636C6561722000000085
:106CE0007374617475733A20000000006661696C0A
:106CF0006564206372656174696E672052532D3438
:106D00003835205278207175657565006661696C4B
:106D10006564206372656174696E672052532D3417
:106D2000383520726573706F6E7365207175657587
:106D3000650000002D333237363800002D323134F3
:106D400037343833363438004D696E494E49207334
:106D500074617475730D0A004D63754D696E494E0B
:106D60004900000020206275666665720000000020
:106D70006E6F7420737570706F727465640D0A00A5
:106D800020207265616C0000726561642D77726904
:106D900074650D0A0000000020206D6F646500001E
:106DA000464C4153480D0A00202046530000000085
:106DB0004D63754D696E494E492068656C700000E1
:106DC00047726F7570206F66204D63754D696E490F
:106DD0004E4920636F6D6D616E64730D0A00000093
:106DE000526561642061206B65792066726F6D2049
:106DF000612073656374696F6E20696E206120661F
:106E0000696C650D0A000000202072656164203CF9
:106E1000663E203C733E203C6B3E00005772697416
:106E2000652061206B657920776974682076616CD4
:106E3000756520746F20612073656374696F6E20BF
:106E4000696E20612066696C650D0A0020207772EA
:106E5000697465203C663E203C733E203C6B3E20BE
:106E60003C763E0044656C6574652061206B6579F5
:106E700020696E20612073656374696F6E206F6690
:106E80002066696C650D0A00202064656C6B65796D
:106E9000203C663E203C733E203C6B3E00000000E0
:106EA00044656C65746520612073656374696F6EF9
:106EB00020696E20612066696C650D0A0000000083
:106EC000202064656C736563203C663E203C733E05
:106ED000000000004D63754D696E494E4920737482
:106EE00061747573000000004D63754D696E494E05
:106EF00049207265616420003D0000004D63754DBE
:106F0000696E494E4920777269746520000000005F
:106F10004D63754D696E494E492064656C6B6579AA
:106F2000200000004D63754D696E494E492064652F
:106F30006C736563200000004661696C65642063C2
:106F400072656174696E6720696E69206D7574651C
:106F500078000000433A2F55736572732F457269AC
:106F60006368205374796765722E4E303030373144
:106F700033392F446174612F4769745265706F73A0
:106F80002F4D657461436C6F636B436C6F636B2F44
:106F90004669726D776172652F4D63754C69622F1A
:106FA0006D696E496E692F4D63754D696E494E4925
:106FB0002E6300004552415345442C206E6F7420CF
:106FC00061636365737369626C650D0A000000009C
:106FD0006D61676963203078000000002C2000009C
:106FE0002C2073697A6520003C6E6F742076616C8A
:106FF00069643E00696E6920666C61736820737411
:10700000617475730D0A0000696E690073746172B2
:1070100074203078000000002C20626C6F636B20BD
:10702000307800002C206E6F662000002020666CF7
:107030006173680020206D617820646174610000D4
:1070400020206461746100003C6572726F7220726E
:10705000656164696E6720646174613E0D0A0000B9
:10706000202072616D000000464C41534800000032
:1070700052414D00696E692068656C700000000027
:1070800044756D70206461746120696E666F726D05
:107090006174696F6E0D0A00202064756D700000C8
:1070A0004572617365206461746120696E666F72F8
:1070B0006D6174696F6E0D0A00000000202065721A
:1070C00061736500696E6920737461747573000083
:1070D000696E692064756D7000000000696E69203A
:1070E00065726173650000005465726D696E616C54
:1070F00000000000525454005345474745520000D9
:1071000049444C4500000000546D722053766300E2
:10711000746D724C6F77506F776572005374617441
:107120007573206F66204E656F506978656C730DBE
:107130000A0000006E656F0020206E6F664C616E65
:107140006573000020206C616E6553746172740079
:1071500020206C616E65456E6400000020204C4567
:107160004420696E206C616E6573000020205069B8
:1071700078656C73000000005247420D0A00000061
:107180002020436F6C6F7273000000006E656F20EB
:1071900068656C700000000047726F7570206F6644
:1071A000206E656F20636F6D6D616E64730D0A00F4
:1071B000436C65617220616C6C20706978656C73DA
:1071C0000D0A00002020636C65617220616C6C0008
:1071D00053657420616C6C20706978656C207769E8
:1071E0007468205247422076616C75650D0A000074
:1071F000202073657420616C6C2030783C7267626B
:107200003E00000053657420706978656C20696EDB
:107210002061206C616E6520616E6420706F7369FF
:1072200074696F6E207769746820524742207661D6
:107230006C75650D0A0000002020736574203C6C9D
:10724000616E653E203C706F733E2030783C726703
:10725000623E00006E656F20737461747573000088
:107260006E656F20636C65617220616C6C0000005C
:107270006E656F2073657420616C6C006E656F20A5
:107280007365742000000000656E61626C65643A8D
:1072900020000000796573006E6F20002C2072675B
:1072A000623A2030780000002C206C616E653A2034
:1072B000000000002C2073746172743A20000000FA
:1072C0002C2063773A2000005374617274696E67F2
:1072D000204E656F205461736B000000433A2F55B8
:1072E000736572732F45726963682053747967659B
:1072F000722E4E303030373133392F446174612F64
:107300004769745265706F732F4D657461436C6F7C
:10731000636B436C6F636B2F4669726D7761726547
:107320002F436C6F636B436F6D6D6F6E2F61707069
:107330006C69636174696F6E2E6300004E656F0047
:107340004661696C6564206372656174696E67206B
:1073500062696E6172792073656D6170686F7265C4
:107360002E000000616464723A3078002C2053745F
:10737000657070657220000020204D5B00000000E9
:107380005D00000052696E67200000002C204861FB
:107390006E6420002020525B000000004D6174727A
:1073A00069782073657474696E67730D0A00000054
:1073B0006D61747269780000782A792A7A3A20001F
:1073C0002020737465707065720000004E554C4C3F
:1073D0000000000068616E643A2030780000000010
:1073E00020206272696768746E6573730000000024
:1073F00020206D6F746F72206F6E00006377000045
:1074000043770000635700004357000063630000A8
:1074100043630000634300004343000073680000BF
:1074200053680000734800005348000047726F75AE
:1074300070206F66206D617472697820636F6D6D66
:10744000616E64732E0D0A005072696E7420616C57
:107450006C207374657070657220737461747573D9
:1074600020696E666F726D6174696F6E2C206F7229
:1074700020666F7220612073696E676C6520636F90
:107480006F7264696E6174650D0A00002020737468
:10749000657070657220737461747573205B7879A0
:1074A0007A5D000054657374207468652073746598
:1074B00070706572206F6E2074686520626F6172F3
:1074C000640D0A00202074657374000053657420F5
:1074D0006D617472697820746F20686F75722028EE
:1074E000312D31322920706F736974696F6E0D0A06
:1074F000000000002020686F7572203C686F757274
:107500003E00000053657420706978656C20636FDD
:107510006C6F720D0A000000202072676220706993
:1075200078656C203C78797A3E203C7267623E0038
:10753000456E61626C696E6720616C6C2068616E7B
:1075400064204C4544730D0A00000000202068654B
:1075500020616C6C206F6E7C6F666600456E6162A8
:107560006C652073696E676C652068616E64204C81
:1075700045442028636F6D6D612073657061726191
:10758000746564290D0A000020206865203C787924
:107590007A3E206F6E7C6F6666000000456E616209
:1075A0006C696E672072696E67204C4544730D0AE2
:1075B000000000002020726520616C6C206F6E7CE2
:1075C0006F666600456E61626C652073696E676CFC
:1075D000652072696E67204C45442028636F6D6D8D
:1075E0006120736570617261746564290D0A000021
:1075F00020207265203C78797A3E206F6E7C6F6621
:10760000660000005365742068616E6420636F6CCF
:107610006F7220666F7220616C6C2068616E64739B
:107620000D0A00002020686320616C6C203C7267AA
:10763000623E00005365742073696E676C65206854
:10764000616E6420636F6C6F722028636F6D6D6173
:1076500020736570617261746564290D0A00000011
:1076600020206863203C78797A3E203C7267623E35
:10767000000000005365742072696E6720636F6CB0
:107680006F7220666F7220616C6C2072696E677316
:107690000D0A00002020726320616C6C203C726730
:1076A000623E00005365742073696E676C652072DA
:1076B000696E6720636F6C6F722028636F6D6D61F8
:1076C00020736570617261746564290D0A000000A1
:1076D00020207263203C78797A3E203C7267623EBB
:1076E000000000005365742064656661756C742049
:1076F00068616E64206C656420636F6C6F720D0A44
:1077000000000000202068616E6420636F6C6F725F
:10771000203C7267623E00005365742064656661B8
:10772000756C742068616E64206C65642062726997
:107730006768746E6573732028302D323535290DD6
:107740000A000000202068616E6420627269676828
:10775000746E657373203C76616C3E003C78797A78
:107760003E3A20636F6F7264696E6174652C20739A
:107770006570617261746564206279207370616301
:10778000652C20652E672E2030203020310D0A0018
:107790003C6D643E3A206D6F6465202863632C2045
:1077A00063772C207368292C206C6F776572636176
:1077B0007365206D6F6465206C65747465722069F3
:1077C00073207769746820616363656C65726174A6
:1077D000696F6E20636F6E74726F6C20666F7220BB
:1077E00073746172742F73746F702C206F7468657A
:1077F000727769736520652E67204377206F72204A
:1078000043570D0A0000000052656C61746976658B
:1078100020616E676C65206D6F76652028636F6DE3
:107820006D6120736570617261746564290D0A0071
:10783000202072203C78797A3E203C613E203C64D6
:107840003E203C6D643E00004162736F6C75746550
:1078500020616E676C65206D6F76652028636F6DA3
:107860006D6120736570617261746564290D0A0031
:10787000202061203C78797A3E203C613E203C64A7
:107880003E203C6D643E00005175657565206120A9
:10789000277227206F722027612720636F6D6D612B
:1078A0006E642C20652E672E20276D6174726978B6
:1078B00020712030203020302072203930203820B4
:1078C00063632C302030203120612034352030207B
:1078D0004343272C2028636F6D6D612073657061B1
:1078E0007261746564290D0A000000002020712077
:1078F0003C78797A3E203C636D643E004578656350
:1079000075746520636F6D6D616E647320696E20A0
:107910007175657565730D0A00000000202065789B
:1079200071000000536574206D6F746F7220647273
:1079300069766572207265736574206C696E652066
:10794000284C4F5720616374697665290D0A000041
:107950002020726573657420686967687C6C6F7736
:1079600000000000537769746368206D6F746F7254
:1079700073206F6E206F72206F66660D0A00000024
:1079800020206D6F746F72206F6E7C6F66660000D2
:107990005061726B20746865206D6F746F7228730C
:1079A000290D0A0020207061726B206F6E7C6F665B
:1079B000660000006D61747269782068656C700003
:1079C0006D6174726978207374617475730000005E
:1079D0006D6174726978207374657070657220735C
:1079E00074617475730000006D617472697820733E
:1079F0007465707065722073746174757320000013
:107A00006D617472697820686F75722000000000E3
:107A10006D61747269782072200000006D6174726B
:107A200069782061200000006D61747269782071AE
:107A3000200000006D617472697820686520616CB7
:107A40006C2000006D617472697820726520616C31
:107A50006C2000006D6174726978206865200000F8
:107A60006D61747269782072652000006D617472B6
:107A7000697820686320616C6C2000006D6174720D
:107A8000697820726320616C6C2000006D617472F3
:107A900069782068632000006D61747269782072D3
:107AA000632000006D61747269782068616E6420E3
:107AB000636F6C6F722000006D617472697820686A
:107AC000616E64206272696768746E65737320000A
:107AD0006D61747269782072676220706978656C74
:107AE000200000006D617472697820657871000073
:107AF0006D61747269782074657374006D6174725D
:107B00006978207265736574206869676800000091
:107B10006D6174726978207265736574206C6F771B
:107B2000000000006D6174726978206D6F746F726F
:107B3000206F6E006D6174726978206D6F746F7262
:107B4000206F6666000000006D61747269782070B5
:107B500061726B206F6E00006D61747269782070C5
:107B600061726B206F6666006D61747269782000C7
:107B70006863200072632000686520007265200041
:107B80004661696C656420657865637574696E67C4
:107B90002071756575656420636F6D6D616E64201D
:107BA0002725732700000000433A2F557365727331
:107BB0002F4572696368205374796765722E4E3061
:107BC0003030373133392F446174612F4769745233
:107BD00065706F732F4D657461436C6F636B436C9D
:107BE0006F636B2F4669726D776172652F436C6F9F
:107BF000636B436F6D6D6F6E2F6D61747269782E5C
:107C0000630000004578656375746564207175656F
:107C100075656420636F6D6D616E64202725732721
:107C2000000000005374617274696E67204D6174C6
:107C30007269785175657565205461736B00000039
:107C40004D61747269785175657565006D6F746FFB
:107C50007200000073657474696E67732E696E69D3
:107C60000000000061646472000000007273343828
:107C700035000000666C6167730000006170700081
:107C8000656E61626C6564004E6F6E2D766F6C611F
:107C900074696C65206D656D6F727920636F6E66B7
:107CA000696775726174696F6E20617265610D0A32
:107CB000000000006E766D63000000004552524FD8
:107CC000520D0A00202052532D343835206164644F
:107CD00072000000206D61673A2000003100000052
:107CE0003000000047726F7570206F66204E564D51
:107CF0004320636F6D6D616E64730D0A00000000B8
:107D000053657420666C6167730D0A002020666CF1
:107D1000616773203C76616C3E0000006E766D6397
:107D20002068656C700000006E766D63207374616E
:107D3000747573006E766D6320666C616773000006
:107D40006661696C65642067657474696E67205547
:107D500049440000433A2F55736572732F45726989
:107D60006368205374796765722E4E303030373136
:107D700033392F446174612F4769745265706F7392
:107D80002F4D657461436C6F636B436C6F636B2F36
:107D90004669726D776172652F436C6F636B436FD9
:107DA0006D6D6F6E2F706C6174666F726D2E6300F7
:107DB0004F4B0A004E4F4B0A0000000040000000ED
:107DC00020636D642000000054783A202573000081
:107DD000433A2F55736572732F4572696368205358
:107DE00074796765722E4E303030373133392F4415
:107DF0006174612F4769745265706F732F4D65749C
:107E000061436C6F636B436C6F636B2F4669726D7C
:107E1000776172652F436C6F636B436F6D6D6F6E2F
:107E20002F72733438352E630000000052532D3406
:107E300038352073657474696E67730D0A0000002D
:107E400072730000202061646472000020206C6F57
:107E5000670000005365742052532D34383520617B
:107E60006464726573730D0A000000002020616471
:107E70006472203C616464723E00000053656E646D
:107E80002061207465787420746F207468652052B6
:107E9000532D343835206275730D0A002020736528
:107EA0006E64203C746578743E00000053656E6417
:107EB0002061207368656C6C20636F6D6D616E640A
:107EC00020746F207468652052532D34383520613A
:107ED00064647265737320616E6420636865636BAC
:107EE00020726573706F6E73650D0A0020207365D4
:107EF0006E64636D64203C616464723E203C636D1B
:107F0000643E00004C6F672052532D343835206298
:107F1000757320616374697669747920746F204D7C
:107F200063754C6F670D0A0020206C6F67206F6EC1
:107F30007C6F66660000000072732068656C7000DC
:107F40007273207374617475730000007273206C17
:107F50006F6720007273206164647220000000006B
:107F600072732073656E64200000000072732073CA
:107F7000656E64636D642000435243206572726FC6
:107F8000722C206D736720602573602C20637263F0
:107F900020253032782C206578702025303278000A
:107FA0005374617274696E672052533438352054AB
:107FB00061736B0052783A202573000020636D6472
:107FC000206C6173744572726F72000020636D647F
:107FD0002069646C65000000204F4B00204E4F4B21
:107FE0000000000052532D34383500004661696CA2
:107FF0006564206372656174696E672052532D3425
:108000003835207461736B004661696C6564206368
:1080100072656174696E672052532D343835205370
:1080200074616E6461726420492F4F206D757465B0
:10803000780000005374617274696E67205368653C
:108040006C6C205461736B00433A2F5573657273E7
:108050002F4572696368205374796765722E4E30BC
:108060003030373133392F446174612F476974528E
:1080700065706F732F4D657461436C6F636B436CF8
:108080006F636B2F4669726D776172652F436C6FFA
:10809000636B436F6D6D6F6E2F7368656C6C2E63D1
:1080A000000000005368656C6C0000004661696C5C
:1080B0006564206372656174696E67205368656CDE
:1080C0006C207461736B2E00706F733A00000000B7
:1080D0002C2064656C61793A000000002C2023712B
:1080E0004974656D3A0000005374657070657220C4
:1080F00073657474696E67730D0A0000737465703C
:108100007065720048572074696D65722C20706527
:1081100072696F6420287573293A200020207469E1
:108120006D65720033363020646567726565207353
:10813000746570733A2000002C2066756C6C207298
:108140006F756E6420286D73293A200020207374A7
:108150006570730047726F7570206F662073746569
:108160007070657220636F6D6D616E64730D0A00CF
:10817000456E61626C65206F722064697361626C28
:1081800065206120737465707065720D0A000000CF
:108190002020656E61626C65203C78797A3E20799A
:1081A0007C6E0000737465707065722068656C7019
:1081B00000000000737465707065722073746174E0
:1081C000757300007374657070657220656E61620E
:1081D0006C652000585F01006C5F0100805F01004A
:1081E000985F0100AC5F0100C05F0100CC5F01003F
:1081F000CC5F010001000000000000000000000052
:10820000000000000000000000000000000000006E
:1082100000000000000000000000000058630100A2
:10822000606301006863010070630100F85F010092
:10823000786301008063010088630100906301009E
:1082400098630100A0630100A8630100C50D01004F
:10825000D9360000D9360000AD0D0100D00701016C
:10826000001F1C1F1E1F1E1F1F1E1F1E1FFFFFFFA4
:1082700019450000C5440000C544000051450000F8
:1082800000000000000000000000000000000000EE
:1082900000000000000000000000000000000000DE
:1082A00000000000000000000000000000000000CE
:1082B00000000000000000000000000000000000BE
:1082C00000000000000000000000000000000000AE
:1082D000000000000000000000000000000000009E
:1082E000000000000000000000000000000000008E
:1082F000000000000000000000000000000000007E
:10830000000000000000000000000000000000006D
:10831000000000000000000000000000000000005D
:1083200000000000286E756C6C2900FF54727565A2
:1083300000FFFFFF46616C736500FFFF3031323391
:1083400034353637383961626364656600FFFFFF94
:1083500006000006000100001000030600060210DF
:1083600004454545450505050535300050600000CC
:1083700000202838505000000030303050500000AD
:1083800008202028202020000860606060606000D5
:1083900000707878787078000708000007002808D7
:1083A0000800000800080000080007FF05000000A2
:1083B00001020B00000500041830343C40040600A4
:1083C00001000000000000000000000000000000AC
:1083D000000000000001000000000000000000009C
:1083E000000000000000000000000000000000008D
:1083F000000000000000000000E0FF1F002000005F
:10840000680C0020840F0000000000000000000045
:10841000D155010055D9000055D90000EB55010098
:10842000D1550100BB550100BB550100EB550100C2
:10843000B9D9000075D9000075D90000F9D900003C
:108440006137000021360000AD1E0000A9F00000D9
:10845000C9D70000BD5E0000AD6B0000F521000033
:10846000A1E000009D4A000039BF000005A3000004
:10847000C52B0000054F0100000000004C820100E8
:108480001C0200204000000000000000000000006E
:1084900005FF0000000000000000000000000000D8
:1084A00000000000000000000000000000000000CC
:1084B00000000000000000000000000000000000BC
:1084C00000000000000000000000000000000000AC
:1084D000000000000000000000000000000000009C
:1084E000000000000000000000000000000000008C
:1084F000000000000000000000000000000000007C
:10850000000000000000000000000000000000006B
:1085100000004040404040404040404141414141D6
:10852000404040404040404040404040404040404B
:10853000404005020202020202020202020202029C
:1085400002022020202020202020202002020202DF
:108550000202029090909090901010101010101045
:108560001010101010101010101010101002020235
:10857000020202888888888888080808080808088D
:10858000080808080808080808080808080202027D
:108590000240000000000000000000000000000099
:1085A00000000000000000000000000000000000CB
:1085B00000000000000000000000000000000000BB
:1085C00000000000000000000000000000000000AB
:1085D000000000000000000000000000000000009B
:1085E000000000000000000000000000000000008B
:1085F000000000000000000000000000000000007B
:10860000000000000000000000000000000000006A
:048610000000FFFF68
:108614000080000000093D0000004001AAAAAAAAA7
:10862400FF000000360000001700000001000000F9
:10863400858ED766098CD3D5F5D8090AFB871FBF69
:1086440067F78DCB6907F7BD34123D50C8844F7F5F
:10865400A302DE61AE8D40A7E8BD247AEAA21551DB
:10866400572EE6BBFF7FD5F67A832A63771D8613E0
:108674007C2E9FE105575F692E6B93876E9AA150FC
:10868400940E8B72AE55CCC5B18A0AB1D7726F8580
:10869400175C22D0A3FDC4516198ED899F82DBF160
:1086A4009DC5FBBC89C1EE8359B15963305C50CC84
:1086B400C95ABC9CF930E22F425EF639D27B15755B
:1086C400FB58C1403E9AEB27D9A282C5C2D66905A0
:1086D400B3308EEDD2DD831041A41D1F15E2605628
:1086E400C52FF30499EF8EE10832594A4CED7B5BB8
:1086F40040FC0281D9415351FA3DFFACB56C096D80
:0C8704001DCCB32BFF153D250A10FFFF14
:040000030000016D8B
:00000001FF
