S01500004B30325F3132385F436C6F636B322E733139BB
S214000000002000206D0100006D0200002F0C010092
S2140000107D020000850200008D0200000000000046
S2140000200000000000000000000000001182000038
S2140000309D0200000000000031820000AD020000BA
S214000040D9F80000E5F80000F1F80000FDF800001F
S21400005009F9000015F9000021F900002DF900004B
S21400006039F9000045F9000051F900005DF900007B
S21400007069F9000075F9000081F900008DF90000AB
S21400008099F90000A5F90000B1F90000BDF90000DB
S214000090C9F90000D5F90000E1F90000EDF900000B
S2140000A0F9F9000005FA000011FA00001DFA000038
S2140000B029FA000035FA000041FA00004DFA000067
S2140000C059FA00007545000065FA000071FA000054
S2140000D07DFA000089FA000095FA0000A1FA0000F7
S2140000E0ADFA0000B9FA000025AA0000C5FA000023
S2140000F0D1FA0000DDFA0000E9FA0000F5FA000087
S21400010081EB000001FB00000DFB000019FB000066
S21400011025FB000031FB00003DFB000049FB000012
S21400012055FB000061FB0000758100006DFB0000C0
S21400013079FB000085FB000091FB00009DFB0000A2
S214000140A9FB00001486010000000020FC0000004F
S2140001501486010000E0FF1F00000000FC000020E5
S2140001606C0B000000E0FF1F0000000080B584B0AC
S21400017000AF72B601F0D8FB194BFB6013E0FB68CA
S2140001801A1DFA601B683B60FB681A1DFA601B6844
S214000190BB60FB681A1DFA601B687B607A68B968EA
S2140001A0386800F023F8FB680E4A9342E7D30DE068
S2140001B0FB681A1DFA601B68BB60FB681A1DFA60B4
S2140001C01B687B607968B86800F033F8FB68064AFD
S2140001D09342EDD362B615F031FC00BFFDE700BFD9
S2140001E0440100005C0100006C01000080B489B08E
S2140001F000AFF860B9607A60BB68FB61FB68BB6102
S21400020000237B610AE0BA69131DBB61FB69191DF7
S214000210F96112681A607B6904337B617A697B68CE
S2140002209A42F0D300BF00BF2437BD465DF8047B7A
S214000230704780B485B000AF786039607B68FB603B
S2140002400023BB6007E0FB681A1DFA6000221A60F4
S214000250BB680433BB60BA683B689A42F3D300BFFE
S21400026000BF1437BD465DF8047B704780B400AF0E
S21400027000BFFDE780B400AF00BFFDE780B400AF6D
S21400028000BFFDE780B400AF00BFFDE780B400AF5D
S21400029000BFFDE780B400AF00BFFDE780B400AF4D
S2140002A000BFFDE780B400AF00BFFDE780B400AF3D
S2140002B000BFFDE780B400AF00BFFDE7FFFFFFFF14
S2140002C0FFFFFFFFFFFFFFFFFFFFFFFFFFFFFFFF39
S2140002D0FFFFFFFFFFFFFFFFFFFFFFFFFFFFFFFF29
S2140002E0FFFFFFFFFFFFFFFFFFFFFFFFFFFFFFFF19
S2140002F0FFFFFFFFFFFFFFFFFFFFFFFFFFFFFFFF09
S214000300FFFFFFFFFFFFFFFFFFFFFFFFFFFFFFFFF8
S214000310FFFFFFFFFFFFFFFFFFFFFFFFFFFFFFFFE8
S214000320FFFFFFFFFFFFFFFFFFFFFFFFFFFFFFFFD8
S214000330FFFFFFFFFFFFFFFFFFFFFFFFFFFFFFFFC8
S214000340FFFFFFFFFFFFFFFFFFFFFFFFFFFFFFFFB8
S214000350FFFFFFFFFFFFFFFFFFFFFFFFFFFFFFFFA8
S214000360FFFFFFFFFFFFFFFFFFFFFFFFFFFFFFFF98
S214000370FFFFFFFFFFFFFFFFFFFFFFFFFFFFFFFF88
S214000380FFFFFFFFFFFFFFFFFFFFFFFFFFFFFFFF78
S214000390FFFFFFFFFFFFFFFFFFFFFFFFFFFFFFFF68
S2140003A0FFFFFFFFFFFFFFFFFFFFFFFFFFFFFFFF58
S2140003B0FFFFFFFFFFFFFFFFFFFFFFFFFFFFFFFF48
S2140003C0FFFFFFFFFFFFFFFFFFFFFFFFFFFFFFFF38
S2140003D0FFFFFFFFFFFFFFFFFFFFFFFFFFFFFFFF28
S2140003E0FFFFFFFFFFFFFFFFFFFFFFFFFFFFFFFF18
S2140003F0FFFFFFFFFFFFFFFFFFFFFFFFFFFFFFFF08
S214000400FFFFFFFFFFFFFFFFFFFFFFFFFEFFFFFFF8
S21400041080B483B000AF7860084B1B6823F440229A
S2140004207B689B0403F44023044913430B6000BF1E
S2140004300C37BD465DF8047B704700BF0070044073
S21400044080B483B000AF78600A4B03F580535B68D6
S21400045023F440327B681B0403F4403305491343FE
S21400046001F58052536000BF0C37BD465DF8047B33
S214000470704700BF0070044080B483B000AF114BDB
S2140004801B7BDBB203F00303022B0ED0022B0FD82C
S214000490002B02D0012B04D00AE00B4B1B687B60BC
S2140004A009E00A4B1B687B6005E0094B7B6002E0B5
S2140004B000237B6000BF7B6818460C37BD465DF89E
S2140004C0047B704700400640FC000020000100202E
S2140004D0006CDC0280B582B000AFFFF7CDFF78601D
S2140004E07B68002B01D17B6846E0254B1B78DBB28E
S2140004F0DB08DBB203F00703FB70FB787A6822FAAE
S21400050003F37B601E4B5B78DBB21B09DBB203F0A8
S2140005100303BB701A4B1B7BDBB203F003037B7039
S214000520BB78002B02D07B78002B02D07B78022B86
S21400053021D1FB78072B14D0072B19DC052B02DC06
S214000540002B03DA14E0062B04D011E07B685B096D
S2140005507B6010E07B680B4AA2FB03231B097B60D1
S21400056009E07B68084AA2FB0323DB087B6002E005
S21400057000237B6000BF7B6818460837BD4680BDF9
S21400058000400640CDCCCCCCABAAAAAA80B400AF23
S2140005900C4B9B79DBB203F00103002B02D10A4B14
S2140005A01B6809E0094B1A68064B1B7ADBB25B082E
S2140005B003F0070322FA03F31846BD465DF8047BF2
S2140005C0704700BF004006400000002004000020E6
S2140005D080B500AF074B9B79DBB203F01003002B0E
S2140005E003D1FFF777FF034601E0034B1B6818466D
S2140005F080BD00BF004006400000002080B400AF71
S214000600074B1B78DBB25BB2002B02DA054B1B688C
S21400061000E000231846BD465DF8047B704700BF27
S21400062000500640FC00002080B483B000AF0D4BA5
S2140006301B78DBB25BB2002B0CDA0A4B9B78DBB282
S21400064023F03F03FB71084B1B68FA799209D2B27C
S214000650D34000E0002318460C37BD465DF8047B07
S214000660704700BF00500640FC00002080B582B0F6
S21400067000AF114B1B689B0C03F00303002B02D04A
S214000680032B0CD00FE0FFF7B9FF0346B3F5004F7E
S21400069002D14FF4004300E000237B6006E04FF4F5
S2140006A07A737B6002E000237B6000BF7B6818469D
S2140006B00837BD4680BD00BF0070044080B582B0DC
S2140006C000AF0D4B03F580535B681B0C03F0030370
S2140006D0002B02D0032B04D006E000F0E9F8786087
S2140006E005E0064B7B6002E000237B6000BF7B6872
S2140006F018460837BD4680BD00700440006CDC021A
S21400070080B584B000AF0346FB71FB79132B7BD812
S21400071001A252F823F000BF690700006907000035
S2140007208707000009080000A50700000908000068
S214000730C3070000CB0700000108000009080000FE
S214000740F9070000D3070000DB070000E3070000FE
S2140007500908000009080000090800000908000050
S214000760EB070000F107000000F074F802462A4B81
S21400077003F580535B6C1B0F03F00F030133B2FBD2
S214000780F3F3FB6043E000F065F80246224B03F506
S21400079080535B6C1B0E03F00F030133B2FBF3F3C5
S2140007A0FB6034E000F056F802461B4B03F580531E
S2140007B05B6C1B0C03F00F030133B2FBF3F3FB601F
S2140007C025E0FFF77BFFF86021E0FFF74FFFF860BA
S2140007D01DE00FF0FCF9F86019E000F0A1F8F860F1
S2140007E015E000F065F8F86011E00C4BFB600EE0D9
S2140007F04FF47A73FB600AE0FFF700FFF86006E04C
S214000800FFF712FFF86002E00023FB6000BFFB6802
S21400081018461037BD4680BD00700440006CDC02F0
S21400082080B582B000AF7860094A7B685B6802F5E5
S214000830805253647B681B781846FFF701FE7B687E
S2140008405B781846FFF7E4FD00BF0837BD4680BD5D
S2140008500070044080B582B000AF144B9B79DBB2C9
S2140008609B0803F003033B603B68022B11D03B68F8
S214000870022B12D83B68002B03D03B68012B04D018
S2140008800BE000F015F878600AE0FFF77FFE78606E
S21400089006E0FFF7F1FD786002E000237B6000BF12
S2140008A07B6818460837BD4680BD00BF004006403E
S2140008B080B582B000AF184B5B78DBB203F0020362
S2140008C0002B01D0002322E0FFF782FE78607B68D1
S2140008D0002B01D17B681AE00F4BDB78DBB25B099B
S2140008E0DBB203F00303FB700B4BDB78DBB2DB09F8
S2140008F0DBB203F00103BB70FA78BB7807495200FD
S214000900134431F813301A467B6802FB03F318468B
S2140009100837BD4680BD00BF00400640005F0100AE
S21400092080B500AF064B1B78DBB203F00203002B4A
S21400093001D1002302E0FFF729FE0346184680BDDA
S2140009400040064080B485B000AF0346FB710B46FE
S214000950BB7113467B713B4B9B79DBB29B0803F064
S2140009600303FB60374B9B79DBB203F00103FB729A
S214000970344B1B7ADBB25B08DBB203F00703BB72B7
S2140009807A79BB7A9A422CD02E4B1B78DBB203F0D6
S2140009900203002B02D1FB68012B12D1FB7A012B3C
S2140009A00FD1284B5B78DBB2264A23F00103DBB27B
S2140009B0537000BF234B9B79DBB203F00103002B7F
S2140009C0F8D1204B1B7ADBB223F02F03DAB27B7907
S2140009D05B00DBB203F00E03DBB21A491343DBB253
S2140009E00B72184B5B78DBB223F00103DAB2BB79EB
S2140009F003F00103DBB213491343DBB24B70114B18
S214000A001B78DBB223F00303DAB20E49FB791343FB
S214000A10DBB20B70FB68012B04D0FB7903F00203FA
S214000A20002B08D000BF074B9B79DBB203F0010216
S214000A30BB799A42F7D1002318461437BD465DF8B5
S214000A40047B70470040064080B584B000AF034684
S214000A503A60FB710B46BB710023FB73284BDB78B7
S214000A60BB73274B9B79DBB203F01003002B09D135
S214000A700123FB73224BDB78DBB2214A83F0200391
S214000A80DBB2D3701E4B1B78DBB203F03B03DBB24A
S214000A901B4A43F00403DBB2137000BF184B9B796C
S214000AA0DBB203F01003102BF8D1FB7B002B02D037
S214000AB0134ABB7BD370BB7B03F01F03DAB2FB7910
S214000AC0DB01D9B2BB795B01DBB203F06003DBB2BA
S214000AD00B43DBB20A491343DBB2CB7000BF084BB3
S214000AE09B79DBB203F00C03002BF8D13B68002B9C
S214000AF001D03B689847002318461037BD4680BD96
S214000B000040064080B485B000AF78600023FB60EC
S214000B1006E0094A7B68934206D0FB680133FB6017
S214000B20FB68002BF5D000E000BFFB6818461437C2
S214000B30BD465DF8047B70470010024080B582B069
S214000B4000AF78607868FFF7DDFF044B18460FF0BB
S214000B5068F800BF0837BD4680BD00BF01003C10E6
S214000B6080B500AF044B1B6818460FF074F8BFF34F
S214000B704F8F00BF00BF80BD0401002080B500AFCE
S214000B80044B5B6818460FF066F8BFF34F8F00BF44
S214000B9000BF80BD0401002080B500AF044B9B68F9
S214000BA018460FF058F8BFF34F8F00BF00BF80BD48
S214000BB00401002080B500AF044BDB6818460FF038
S214000BC04AF8BFF34F8F00BF00BF80BD040100206E
S214000BD080B584B000AF78607B68002B01D1042319
S214000BE01EE07B6800229A647B680022DA637B68DA
S214000BF000221A647B689B6C002B02D10A4A7B6831
S214000C009A647B689B6C184600F04EF978680FF083
S214000C10C9F8F860FB68002B01D0FB6800E00023F1
S214000C2018461037BD4680BD1401002080B58AB036
S214000C3000AFF860B9607A603B60FB6893F83430C8
S214000C407A68B968F8680FF0E3F838623B6A002BF8
S214000C5001D03B6A43E0386800F06CF938623B6AC2
S214000C60002B01D03B6A3AE0FB681B6BFB61FB681C
S214000C701B69BB61FA697B681344013B7B627B6A34
S214000C80BA69B3FBF2F2B96901FB02F29B1A002BB8
S214000C901ED07A6ABB69B2FBF3F301337B617B69D2
S214000CA0BA6902FB03F3013B7B6211E0FB6923F0A8
S214000CB07F430D4A43F010631360F86800F004F9B0
S214000CC038623B6A002B08D1FA69BB691344FB61A2
S214000CD0FA697B6A9A42E9D900E000BF3B6A184687
S214000CE02837BD4680BD00BF0400024090B589B0DD
S214000CF000AFF860B9607A603B60FB6893F8393003
S214000D00FB747B68002B01D1042353E0FB7C3A681C
S214000D10B968F8680FF07CF8F861FB69002B01D021
S214000D20FB6947E0FB681B6BBB613B687B613BE094
S214000D30224B1C1D78680FF0A3F8034623607B68DF
S214000D4004337B60FB7C042B07D1BB6923F07F4315
S214000D501A4A43F0C063136017E0FB7C082B12D1DD
S214000D60164B03F1080478680FF08AF803462360F0
S214000D707B6804337B60BB6923F07F430F4A43F0F4
S214000D80E063136001E0042314E0F86800F09CF8C8
S214000D90F861FB69002B0BD1FB7CBA691344BB617D
S214000DA0FB7C7A69D31A7B617B69002BC0D100E09B
S214000DB000BFFB6918462437BD4690BD04000240BC
S214000DC080B58CB000AFF860B9607A60FB70FB68E5
S214000DD093F83530FB77FB7F7A68B968F8680FF0D0
S214000DE017F8B861BB69002B01D0BB6955E0FB68FA
S214000DF01B6B7B62FB68DA68FB685B69B2FBF3F32C
S214000E007B617A6A7B6913445A1E7B695B42134096
S214000E10FB62FA6A7B6A9A4203D1FA6A7B691344D8
S214000E20FB627B68BB6234E0FA6A7B6AD31A3B6279
S214000E303A6ABB6A9A4201D9BB6A3B62FB7F3A6A4E
S214000E40B2FBF3F33B617B6A23F07F43154A43F022
S214000E50807313603B691A04FB781B021A43114B1C
S214000E60043342F0FF021A60F86800F02DF8B8610B
S214000E70BB69002B01D0BB690FE0BA6A3B6AD31A84
S214000E80BB627A6A3B6A13447B62FA6A7B691344E4
S214000E90FB62BB6A002BC7D1002318463037BD461D
S214000EA080BD00BF0400024080B582B000AF78600D
S214000EB00C220449786814F0BDFD00BF0837BD4613
S214000EC080BD00BF105F010080B584B000AF7860C1
S214000ED0174B70221A707B689B6C5A1C7B689A644E
S214000EE07B689B6CFB60FB68114898477B689B6C33
S214000EF05A1E7B689A640E4B1B78FB72FB7A03F0D3
S214000F002003002B01D067230EE0FB7A03F01003CA
S214000F10002B01D0682307E0FB7A03F00103002BC7
S214000F2001D0692300E0002318461037BD4680BD77
S214000F300000024080B483B000AF78607B68064A49
S214000F40934201D06B2300E0002318460C37BD46C1
S214000F505DF8047B704700BF6B66656B90B597B015
S214000F6000AF78607B68002B01D10423C8E1002322
S214000F7087F85730BEE197F857307A68642101FB4E
S214000F8003F3134400221A7097F857307A686421E6
S214000F9001FB03F31344013397F857201A7097F8B0
S214000FA05730642202FB03F37A68134418460FF0A6
S214000FB037F8B864BB6C002B01D0BB6CA0E10023F3
S214000FC07B644FF400333B640123FB634FF4006300
S214000FD0BB6320237B6304233B630823FB62082355
S214000FE0BB624FF070637B6218233B628D4B93F8B5
S214000FF02830DBB2FB618B4B93F82B30DBB2BB6146
S21400100097F857307A68642101FB03F313440833DA
S2140010107A6C1A6097F857307A68642101FB03F3FC
S21400102013441433FA6B1A6097F857307A686421C1
S21400103001FB03F313441033BA6B1A6097F857306A
S2140010407A68642101FB03F313441B79C3F300039E
S214001050DBB2002B1DD097F857307A68642101FB6D
S21400106003F313441B79C3F34003DBB2002B10D009
S21400107097F857403B6A7A6A396CF86B00F0E4F9E7
S21400108001467A68642304FB03F313440C331960A7
S2140010900CE097F85730FA6B396C01FB02F279686E
S2140010A0642000FB03F30B440C331A6097F85730A8
S2140010B07A68642101FB03F313441B79C3F300131E
S2140010C0DBB2002B40D097F85730642202FB03F3C4
S2140010D018337A6813447B6197F857307A6864212E
S2140010E001FB03F313441B79C3F34013DBB2002B5D
S2140010F014D097F857307A68642101FB03F3134441
S21400110008331A687B691A604FF48072FB699A404C
S2140011107B695A607B69BA699A6015E07B689A6851
S2140011207B691A603F4B93F82830DBB21A464FF4BF
S214001130807303FA02F27B695A603A4B93F82B30BD
S214001140DBB21A467B699A6097F857307A68642152
S21400115001FB03F313441B79C3F38003DBB2002BBC
S21400116071D097F85730642202FB03F320337A6875
S214001170134404333B6197F857307A68642101FBC7
S21400118003F313441B79C3F3C003DBB2002B20D058
S21400119097F857307A68642101FB03F31344083349
S2140011A01A683B691A603B697A6B9A6097F8573001
S2140011B07A68642101FB03F313440C331A683B6915
S2140011C09B68194610460EF05FFF02463B695A6060
S2140011D039E00023FB647B689A683B691A603B69C8
S2140011E020229A6000233B650EE097F857307A6815
S2140011F0642101FB03F313440C331B68FA6C13449D
S214001200FB643B6D01333B653B6D002BEDD03B69CA
S2140012109B681946F86C0EF037FFF86000233B65B4
S2140012200EE000BF000002407A683B6D642101FBBF
S21400123003F313442833FA681A603B6D01333B65A9
S2140012403B6D002BF0D097F857303A6BD0B27A68E7
S214001250642101FB03F31344393302461A7097F8EE
S2140012605730FA6AD0B27A68642101FB03F313445C
S214001270343302461A7097F85730BA6AD0B27A6892
S214001280642101FB03F31344353302461A7097F8C2
S21400129057307A68642101FB03F313443633042283
S2140012A01A7097F857307A68642101FB03F31344E9
S2140012B0373304221A7097F857307A68642101FB96
S2140012C003F31344383300221A7097F85730642219
S2140012D002FB03F37A6813441846FFF779FCB864F8
S2140012E0BB6C002B01D0BB6C0AE097F8573001337B
S2140012F087F8573097F85730002B3FF43CAE002362
S21400130018465C37BD4690BD80B487B000AFF86025
S2140013100B467A60FB72FB68002B02D07B68002BC2
S21400132001D104238AE000237B61FB7A212B00F2A3
S214001330818001A252F823F0C1130000CB130000F5
S214001340D5130000E7130000F1130000FB130000A4
S2140013500D140000171400003514000035140000AA
S2140013603514000035140000351400003514000054
S2140013703514000035140000351400003514000044
S2140013803514000035140000351400003514000034
S2140013903514000035140000351400003514000024
S2140013A03514000035140000351400003514000014
S2140013B03514000035140000211400002B14000022
S2140013C0FB681A697B681A6037E0FB68DA687B6836
S2140013D01A6032E0FB68DA68FB685B69B2FBF3F21E
S2140013E07B681A6029E0FB685A697B681A6024E00B
S2140013F0FB689A687B681A601FE0FB681B79C3F37A
S2140014000013DBB21A467B681A6016E0FB68DA69DE
S2140014107B681A6011E0FB681A6A7B681A600CE049
S214001420FB68DA6B7B681A6007E0FB681A6C7B68FF
S2140014301A6002E06A237B6100BF7B6918461C378E
S214001440BD465DF8047B704780B487B000AFF86097
S214001450B9607A603B60104B03F58053DA6C7B68AA
S2140014601A403B6822FA03F3FB74FB7C0F2B05D172
S214001470FB68BA6802FB03F37B6105E0FB7C074A66
S21400148032F813309B027B617B6918461C37BD46D9
S2140014905DF8047B704700BF007004401C5F0100CD
S2140014A080B485B000AF78600023FB6006E0094A90
S2140014B07B68934206D0FB680133FB60FB68002B19
S2140014C0F5D000E000BFFB6818461437BD465DF84F
S2140014D0047B70470000044080B584B000AF78609D
S2140014E039607868FFF7DCFFF860194B18460EF095
S2140014F09DFE3B681B785B0003F002023B68DB78CE
S2140015009B0003F004031A433B689B78DB0003F060
S21400151008031A433B685B781B0103F030031A4349
S2140015207B681A603B689B79DB0003F078023B68B7
S2140015301B799B0003F004031A433B685B7903F0B6
S21400154003031A437B685A6000BF1037BD4680BD50
S2140015500000381080B485B000AF78600023FB60D0
S21400156006E0094A7B68934206D0FB680133FB60BD
S214001570FB68002BF5D000E000BFFB681846143768
S214001580BD465DF8047B70470070034080B584B0AC
S21400159000AF786039607868FFF7DCFF1B4B1846B1
S2140015A00EF080FE7B681B6823F002027B681A60E0
S2140015B00023FB7312E0FB7B7A681B01134403F5E0
S2140015C084731A68FB7B22F0010279681B010B44C6
S2140015D003F584731A60FB7B0133FB73FB7B032BE1
S2140015E0E9D93B681B78002B06D07B681B6823F084
S2140015F001027B681A6005E07B681B6843F0010205
S2140016007B681A6000BF1037BD4680BD17003C10CF
S21400161080B483B000AF78600E4B03F580535A6DEC
S2140016207B681A600B4B03F580539A6D7B685A6093
S214001630084B03F58053DA6D7B689A60054B03F51B
S21400164080531A6E7B68DA6000BF0C37BD465DF8C3
S214001650047B70470070044080B485B000AF7860AB
S2140016600223BB600023FB6009E00B4AFB6852F8CC
S21400167023307A689A4207D0FB680133FB60FA6829
S214001680BB689A42F1D300E000BFFB6818461437E7
S214001690BD465DF8047B70473C5F010080B58AB0AC
S2140016A000AFF860B9607A6000237B62002387F899
S2140016B023300023FB61BB681B681B017A68B2FB02
S2140016C0F3F37B627B6A002B01D101237B6200234C
S2140016D0BB617B685A00BB681B68B2FBF3F27B6A8F
S2140016E05B01D31A7B617B685A007B6A59017B6970
S2140016F00B44B2FBF3F3BB61BB681B68BA699A4242
S21400170004D9BB681B68BA69D31A03E0BB681A68B9
S214001710BB69D31AFB61BB681B685B4AA2FB032349
S2140017205A0913465B001344FA699A4202D940F2FA
S214001730F533A5E0F868FFF78FFF0346534A52F8E3
S214001740233018460EF0FAFDFB68DB78DBB223F098
S2140017500C03DAB2FB68DA70FB681B78DBB25BB2AC
S21400176023F01F035AB27B6A1B0A5BB213435BB2B9
S214001770DAB2FB681A707B6ADAB2FB685A70FB68EA
S2140017809B7ADBB223F01F03DAB27B69DBB203F08D
S2140017901F03DBB21343DAB2FB689A72FB689B78CE
S2140017A0DBB223F0170387F82330BB685B7A9B0015
S2140017B0DBB203F00403DAB297F82330134387F85A
S2140017C02330BB681B79002B09D0BB681A7997F8C1
S2140017D023301343DBB243F0100387F82330FB6853
S2140017E097F823209A70BB685A79FB68DA74BB684E
S2140017F09A79FB685A75FB681B7CDBB263F077034B
S214001800DAB2FB681A74FB685B7CDBB263F03F03FA
S214001810DAB2FB685A74BB68DB79002B07D0FB682A
S2140018205B7BDBB243F00803DAB2FB685A73BB6833
S2140018301B7A002B07D0FB685B7BDBB243F001030F
S214001840DAB2FB685A73FB68DB7887F82330BB682C
S2140018509B7A002B05D097F8233043F0080387F8CF
S2140018602330BB68DB7A002B05D097F8233043F093
S214001870040387F82330FB6897F82320DA700023E8
S21400188018462837BD4680BD1F85EB51445F0100D2
S21400189080B483B000AF786039603A68174B134065
S2140018A03B607B681B78DAB23B68DBB21343DAB284
S2140018B07B681A707B68DB78DAB23B681B0ADBB29F
S2140018C01343DAB27B68DA707B689B79DAB23B68DE
S2140018D01B0CDBB21343DAB27B689A717B685B7CC5
S2140018E0DAB23B681B0EDBB21343DAB27B685A747B
S2140018F000BF0C37BD465DF8047B7047C0F00F078D
S21400190080B500AF054B1B68054A126811460548AE
S2140019109847BFF34F8F00BF00BF80BD5C0100201B
S2140019205401002000A0064080B500AF0B4BD3F852
S21400193088300A4A43F47003C2F88830084B4CF2E9
S2140019402052DA81064B4DF62812DA81044B4FF40A
S214001950E9721A800EF025FE00BF80BD00ED00E0A3
S2140019600020054080B400AF054B03F580531A46AF
S214001970044B536400BFBD465DF8047B704700BF50
S214001980007004400000071180B500AFAA2111487E
S2140019900EF00EFE0F480EF0B6FC00BF0D480EF01F
S2140019A016FE0346802BF9D1FFF7DCFF0123032147
S2140019B0094A18460EF022F9022301210022184691
S2140019C0FEF7C0FF0548FEF72BFF054B054A1A60D9
S2140019D000BF80BD00E00740E90501004C5F010044
S2140019E0080000200080B80580B590B000AFB7486A
S2140019F00EF021FEB6480EF01EFEB6480EF01BFE98
S214001A00B5480EF018FEB5480EF015FE002387F810
S214001A103C30002387F83D3007F13C031A4601218D
S214001A20AF480EF0D8FB002387F83830002387F83D
S214001A30393007F138031A460221A9480EF0CBFBCD
S214001A40A84B1B88BB8607F134031A461221A4480C
S214001A500EF0C1FB012387F83030002387F83130C1
S214001A6007F130031A4613219D480EF0B4FB0123FC
S214001A7087F82C30002387F82D3007F12C031A4600
S214001A80002199480EF0A7FB012387F82830002391
S214001A9087F8293007F128031A46012192480EF0EC
S214001AA09AFB012387F82430002387F8253007F1B6
S214001AB024031A4605218D480EF08DFB012387F876
S214001AC02030002387F8213007F120031A4606212C
S214001AD086480EF080FB01233B7700237B7707F1D7
S214001AE01C031A46042182480EF075FB01233B7640
S214001AF000237B7607F118031A4605217C480EF072
S214001B006AFB00233B7500237B7507F114031A4616
S214001B10062177480EF05FFB00233B7400237B749E
S214001B2007F110031A46072171480EF054FB0123F3
S214001B303B7300237B7307F10C031A4610216D4894
S214001B400EF049FB01233B7200237B7207F108036A
S214001B501A46112167480EF03EFB01233B71002315
S214001B607B713B1D1A46122162480EF034FB01239E
S214001B703B7000237B703B461A4613215D480EF0EF
S214001B802AFB012201215C480EF06FFD0122122182
S214001B9059480EF06AFD0122132157480EF065FDE4
S214001BA00122022154480EF060FD01220021534814
S214001BB00EF05BFD0122012150480EF056FD032277
S214001BC001214F480EF051FD4D4B5B6823F08073AA
S214001BD023F003034A4A43F0030353600122022121
S214001BE047480EF042FD0322032145480EF03DFD16
S214001BF0434BDB6823F0807323F00303404A43F033
S214001C000303D360032204213D480EF02EFD3C4B17
S214001C101B6923F0807323F00303394A43F0030360
S214001C2013610122052136480EF01FFD0122062110
S214001C3033480EF01AFD0122042132480EF015FD3D
S214001C40012205212F480EF010FD012206212D4805
S214001C500EF00BFD2B4B9B6923F0807323F00303E0
S214001C60284A43F0030393610122072125480EF01A
S214001C70FCFC244BDB6923F0807323F00303214A2A
S214001C8043F00303D361012210211F480EF0EDFC40
S214001C90012211211C480EF0E8FC012212211A48EC
S214001CA00EF0E3FC0122132117480EF0DEFC174B62
S214001CB003F580531B69154A23F0300302F5805262
S214001CC0136100BF4037BD4680BD00BF0900381015
S214001CD00A0038100B0038100C0038100D003810B1
S214001CE000F00F40545F010040F00F4080F00F40BE
S214001CF0C0F00F4000F10F400090044000A00440E8
S214001D0000B0044000C0044000D00440007004400E
S214001D1080B59CB000AF78607B685B681A46244943
S214001D2024480FF0CCFA07F10C0318460EF0C0FC5E
S214001D30034687F86F3097F86F30002B0AD107F10B
S214001D401C0107F10C035322184600F073F80346F3
S214001D5087F86F3097F86F30002B06D007F11C031A
S214001D60154A532118460FF0CDFB7B685A6807F1D9
S214001D701C03194611480FF0A2FA7B685B681946E7
S214001D800F480FF03CF800F0E1F801467B685B680E
S214001D901A460C480FF093FA7B685B6819460848A9
S214001DA00FF02DF8002318467037BD4680BD00BFE3
S214001DB0D85F0100EC5F0100F85F010000600100E1
S214001DC0847501000860010080B582B000AF7860BD
S214001DD07B685B681A460B490B480FF05EFA7B6817
S214001DE05B681A4609490A480FF057FA7B685B6831
S214001DF01A46084908480FF050FA002318460837D4
S214001E00BD4680BD14600100EC5F01003460010037
S214001E1058600100686001008460010080B400AF73
S214001E20024B034ADA6000BFFDE700BF00ED00E0AA
S214001E300400FA0580B586B000AFF860B9607A6035
S214001E40164A7968B8680FF05DFB00237B6118E0DE
S214001E50134A7968B8680FF07AFBFA687B6913440E
S214001E601B781A467968B8680FF016FD7B690E2B4A
S214001E7004D80C4A7968B8680FF069FB7B690133AF
S214001E807B617B690F2BE3D9074A7968B8680FF046
S214001E905EFB002318461837BD4680BD8C600100E7
S214001EA020700100906001009460010080B586B04B
S214001EB000AFF860B9607A600023FB751E49F868C9
S214001EC013F0CAFD0346002B06D01C49F86813F031
S214001ED0C3FD0346002B07D1BB6801221A70786841
S214001EE0FFF772FF034623E01549F86813F0B4FDC8
S214001EF00346002B06D01349F86813F0ADFD0346E1
S214001F00002B08D1BB6801221A707868FFF700FF23
S214001F100346FB750BE00C49F86813F09DFD03467D
S214001F20002B04D1BB6801221A70FFF777FFFB7DF8
S214001F3018461837BD4680BD8C67010098600100C2
S214001F409C670100AC600100C060010080B483B0F3
S214001F5000AF0D4B03F580535B6A1B0903F00303C8
S214001F607B607B68002B07DB7B68082B04DC074A5A
S214001F707B6852F8233000E0054B18460C37BD4608
S214001F805DF8047B704700BF00700440D4810100F8
S214001F90D460010080B483B000AF786039607B689D
S214001FA0054A1360044A3B68536000BF0C37BD46C1
S214001FB05DF8047B704700BF6001002080B588B0E4
S214001FC000AFF860B9607A600023FB777968F8683C
S214001FD000F038F80346002B01D01B2329E01748F1
S214001FE00EF07AF9B861BB69002B01D01B2320E004
S214001FF0012003F037F90EF099FB7861F9687B68E9
S214002000BA680F480DF0A0FFB861BB69002B02D07C
S2140020101B23FB7700E000BF78690EF098FB0748AB
S2140020200EF071F9B861BB69002B01D01B23FB775A
S214002030FB7F18462037BD4680BD00BF00E0074046
S2140020406801002080B586B000AF78603960002354
S214002050BB600023FB75396878680EF094FB034676
S214002060002B01D000234CE028480EF035F93861EB
S2140020703B69002B01D01B2343E0012003F0F2F85C
S21400208007F108031A4600212148FFF73DF9386199
S2140020903B69002B01D01B2333E0BB68B3F5006F10
S2140020A001D01B232DE00EF041FBF8607968194B38
S2140020B03A6817480DF012FF38613B69002B05D0CF
S2140020C01B23FB75F8680EF042FB10E0F8680EF074
S2140020D03EFB796801233A680D480DF06BFF3861C6
S2140020E03B69002B02D01B23FB7500E000BF0748AE
S2140020F00EF009F938613B69002B01D01B23FB75F4
S214002100FB7D18461837BD4680BD00BF00E007407F
S214002110680100206B66656B80B58EB000AF786096
S2140021207B685B681A462A492A480FF0C8F807F108
S2140021300803294A302118460FF0E4F907F108038E
S2140021404FF40062302118460FF0D5FB07F1080364
S214002150224A302118460FF0FAF97B685A6807F1D0
S214002160080319461E480FF0AAF807F108031D4A8F
S214002170302118460FF0C6F91B4B1A6807F1080302
S214002180302118460FF024FC07F10803174A3021C7
S21400219018460FF0DCF9144B5A6807F10803302193
S2140021A018460FF015FC07F108030C4A30211846B4
S2140021B00FF0CDF97B685A6807F1080319460C48FA
S2140021C00FF07DF8002318463837BD4680BD00BFA7
S2140021D0F0600100046101001061010084750100D7
S2140021E018610100206101006001002028610100E3
S2140021F03461010080B58CB004AFF860B9607A60D5
S2140022007249F86813F028FC0346002B06D0704984
S214002210F86813F021FC0346002B20D17B685B682E
S2140022201A466C496C480FF038F87B685B681A46AB
S2140022306A496B480FF031F87B685B681A46694953
S21400224069480FF02AF87B685B681A466749684851
S2140022500FF023F8BB6801221A700023B1E065492D
S214002260F86813F0F9FB0346002B06D06249F868BD
S21400227013F0F2FB0346002B07D1BB6801221A704D
S2140022807868FFF749FF03469BE00E225B49F86833
S21400229013F04DFC0346002B50D1BB6801221A7088
S2140022A0FB680E33FB6107F1180207F11C031146A9
S2140022B018460FF0F3FB0346002B37D107F1140244
S2140022C007F11C03114618460FF0E8FB0346002BE7
S2140022D024D17B69002B21DDBB691A467B69194630
S2140022E010460EF044FA0346002B0FD0B969BB69BE
S2140022F07A6913445A1E7B680293414B019310235C
S21400230000930423002001F08FFB59E07B689B6854
S21400231019463C480EF073FD1B2352E07B689B6811
S214002320194639480EF06BFD1B234AE07B689B6814
S214002330194636480EF063FD1B2342E00F2234494F
S214002340F86813F0F4FB0346002B39D1BB68012272
S2140023501A70FB680F33FB6107F1180207F11C03C4
S214002360114618460FF09AFB0346002B28D1BB698E
S214002370C3F30A03002B07D07B689B6819462548E1
S2140023800EF03DFD1B231CE007F1140207F11C03B1
S214002390114618460FF082FB0346002B08D1BB6996
S2140023A01A467B6919461046FFF74CFE034608E0BE
S2140023B07B689B68194618480EF021FD1B2300E039
S2140023C0002318462037BD4680BD00BF8C6701003D
S2140023D044610100546101000461010034600100A1
S2140023E0586001007461010088610100A06101006D
S2140023F0BC6101009C670100D4610100E46101003A
S21400240025080100F4610100106201002862010045
S21400241044620100546201008062010080B582B00F
S21400242000AF642200210B4813F006FB0948FEF7B4
S21400243095FD78607B68002B08D0074B40F2A722FA
S2140024400649052000F078FA00BFFDE700BF083710
S214002450BD4680BD680100209C620100B462010098
S21400246080B582B000AF786014220449786813F013
S214002470E1FA00BF0837BD4680BD00BFF481010009
S21400248080B586B000AFF860B9607A60FB687B61A3
S214002490BB6800221A70F8680EF08EFA0346002B0E
S2140024A005D0364A7968B8680FF051F804E0344A27
S2140024B07968B8680FF04BF8F8680EF032FB034600
S2140024C0002B05D02F4A7968B8680FF040F804E072
S2140024D02D4A7968B8680FF03AF82C4A7968B868D7
S2140024E00FF035F87B695B681A467968B8680FF0B4
S2140024F06FFA274A7968B8680FF029F87B699B68F5
S2140025001A467968B8680FF063FA224A7968B8689C
S2140025100FF01DF87B69DB681A467968B8680FF01B
S214002520A5FA1D4A7968B8680FF011F87B691B7C1C
S214002530022B12D0022B16DC002B02D0012B06D069
S21400254011E0164A7968B8680FF001F811E0144AED
S2140025507968B8680EF0FBFF0BE0124A7968B86835
S2140025600EF0F5FF05E0104A7968B8680EF0EFFF48
S21400257000BF00BF1837BD4680BD00BF1063010016
S214002580186301006C7001007C6301002063010089
S2140025902C630100386301004063010048630100BA
S2140025A04C630100506301005463010080B483B0A3
S2140025B000AF78607B681B68214A13607B68043331
S2140025C01B68204A13607B6808331B681E4A13602A
S2140025D07B680C331B681D4A13607B6810331B68CE
S2140025E01B4A13607B6814331B681A4A13607B68A7
S2140025F018331B68184A13607B681C331B68174A1D
S2140026001360174B1B68174A1360174B1B68174A53
S2140026101360174B1B68174A1360174B1B68174A43
S2140026201360174B1B68174A1360174B1B68174A33
S214002630136000BE00BF0C37BD465DF8047B7047D4
S214002640CC010020D0010020D4010020D8010020B9
S214002650DC010020E0010020E4010020E801002069
S21400266028ED00E0EC0100202CED00E0F001002059
S21400267030ED00E0F40100203CED00E0F801002021
S21400268034ED00E0FC01002038ED00E00002002000
S21400269080B582B000AF786014220449786813F0E1
S2140026A0C9F900BF0837BD4680BD00BF08820100DB
S2140026B080B500AF064B9B68002B06D0044B9B688A
S2140026C0034AD26801211046984700BF80BD00BF6C
S2140026D00402002080B500AF064B9B68002B06D096
S2140026E0044B9B68034AD26800211046984700BFF7
S2140026F080BD00BF0402002080B483B000AF7860C5
S2140027000B46FB70FB78054904337A6841F82320B2
S21400271000BF0C37BD465DF8047B704704020020FE
S21400272080B483B000AF7860044A7B68936000BFD3
S2140027300C37BD465DF8047B704700BF04020020DE
S21400274080B483B000AF0346FB71044AFB79137074
S21400275000BF0C37BD465DF8047B704704020020BE
S21400276080B483B000AF0346FB71044AFB7913754F
S21400277000BF0C37BD465DF8047B7047040200209E
S21400278080B483B000AF0346FB71044AFB795375EF
S21400279000BF0C37BD465DF8047B7047040200207E
S2140027A080B590B002AFF860B96011461A460B4685
S2140027B0FB711346BB7100233B7407F11000594BA5
S2140027C0FA68202101F0D6FC07F110032022202110
S2140027D018460EF0EFFE07F11003FA6CB96C1846B7
S2140027E00EF0B1FA00233B74BB79002B0DD04E4B94
S2140027F05B7D002B09D0FB794C4A52F8232007F169
S2140028001003202118460EF0A2FEFB79484A52F823
S214002810232007F1100006230093202320210FF029
S214002820AFFBBB79002B0AD03F4B5B7D002B06D05D
S21400283007F110033F4A202118460EF088FE07F1E4
S2140028401003FA6CB96C18460EF07DFA3B6C7B638D
S2140028507B6B1B782E2B0CD102E07B6B01337B63EA
S2140028607B6B1B78202BF8D07B6B1B782E2BF4D041
S21400287031E0386C13F034F90346013B3B6302E069
S2140028803B6B013B3B633B6B012B0DD93B6B013B29
S2140028903A6C13441B782F2B06D03B6B013B3A6CEB
S2140028A013441B785C2BEBD13B6B012B0FD13B6B9E
S2140028B0013B3A6C13441B782F2B08D03B6B013B33
S2140028C03A6C13441B785C2B01D000233B633A6CB4
S2140028D03B6B13447B63FA6CB96C786B0EF033FA7F
S2140028E000233B7407F110033A22202118460EF00D
S2140028F061FE7A6C07F11003202118460FF0B6F837
S21400290007F110032022202118460EF053FE07F18F
S2140029101003FA6CB96C18460EF015FA00BF38377B
S214002920BD4680BDB0630100040200203482010071
S2140029301C820100BC63010008B480B58DB004AFF2
S2140029400346B9607A60FB732E4B1B78FA7B9A427B
S21400295051D3FFF7ADFE07F1180207F11403114635
S21400296018460EF067FD274B1B7D83F00103DBB294
S214002970002B3DD00023FB6137E0224AFB6904337D
S21400298052F82330002B2DD01E4AFB69043352F830
S21400299023309B68FA7B07F1180107F114000393B4
S2140029A0194B02937B680193BB6800930123FFF7E2
S2140029B0F7FE07F130033B61124AFB69043352F815
S2140029C0233099683B69FA6A0F4802F0F7FD0D4A12
S2140029D0FB69043352F823309B681A460A490B48B1
S2140029E00EF0B1F9FB690133FB61FB69002BC4DD16
S2140029F0FFF770FE00E000BF2437BD46BDE880400C
S214002A0001B0704704020020270D0100A0690100F4
S214002A1080B582B000AF78600B46FB70FB78002B69
S214002A2007D0084B5B684FF0FF31184610F031FEB8
S214002A3004E0044B5B68184610F0F6FD00BF08374C
S214002A40BD4680BD0402002080B586B000AF786029
S214002A507B685B681A462C492C480EF030FC07F160
S214002A6008030122102118460EF0CDFD07F10803D9
S214002A70274A102118460EF06AFD7B685A6807F14F
S214002A800803194623480EF01AFC234B9B68002BBC
S214002A9001D0224900E022497B685B681A4621483B
S214002AA00EF00DFC1C4B1B781A461F4B53F82210D9
S214002AB07B685B681A461D480EF001FC7B685B6805
S214002AC019461B480EF09BF9134B1A787B685B6817
S214002AD0194610460EF0C2F97B685B681946154821
S214002AE00EF08DF90C4B5B7D002B01D0124900E0F7
S214002AF012497B685B681A4611480EF0E0FB00231B
S214002B0018461837BD4680BDC4630100D463010073
S214002B10DC630100E863010004020020F4630100A6
S214002B20FC630100046401001C8201000C640100C7
S214002B301464010018640100B47001007879010083
S214002B404064010080B582B000AF78607B685B6847
S214002B501A46124912480EF0A0FB7B685B681A46BC
S214002B60104911480EF099FB7B685B681A460F49BE
S214002B700F480EF092FB7B685B681A460D490E48BC
S214002B800EF08BFB7B685B681A460C490C480EF00F
S214002B9084FB002318460837BD4680BD4864010004
S214002BA0D4630100346001005860010064640100D1
S214002BB0B4640100C4640100E4640100F864010028
S214002BC00C65010080B588B000AFF860B9607A6027
S214002BD00023FB774449F86812F03EFF0346002BBB
S214002BE006D04249F86812F037FF0346002B07D19B
S214002BF0BB6801221A707868FFF7A4FF03466FE0EF
S214002C003B49F86812F028FF0346002B06D03949E6
S214002C10F86812F021FF0346002B08D1BB6801229A
S214002C201A707868FFF710FF0346FB7757E03249C3
S214002C30F86812F011FF0346002B06D1BB6801228C
S214002C401A700120FFF78CFD49E02C49F86812F055
S214002C5003FF0346002B06D1BB6801221A70002032
S214002C60FFF77EFD3BE02649F86812F0F5FE0346C6
S214002C70002B06D1BB6801221A700120FFF780FDE9
S214002C802DE02049F86812F0E7FE0346002B06D137
S214002C90BB6801221A700020FFF772FD1FE00D22AC
S214002CA01949F86812F043FF0346002B17D1BB689A
S214002CB001221A70FB680D33BB6107F1170207F19A
S214002CC01803114618460EF099FF0346002B06D14E
S214002CD0FB7D052B03D8FB7D1846FFF731FDFB7FF8
S214002CE018462037BD4680BD8C6701002065010070
S214002CF09C6701002C6501003C6501004C650100E5
S214002D0060650100706501008465010080B582B0D1
S214002D1000AF042010F070FC0346154A5360144BB5
S214002D205B68002B01D100BFFDE71248FFF7F8FCF7
S214002D300120FFF725FD00F06BFE03460C4A1361E9
S214002D400020FFF7FDFC00237B6008E07B68DBB219
S214002D5019460020FFF7D0FC7B6801337B607B6858
S214002D60002BF3DD00BF00BF0837BD4680BD00BFA7
S214002D7004020020112A000090B5B9B002AF7860B6
S214002D80002387F8D3307B685B681946AB480EF0A3
S214002D9036F800233B7307F10C000423009320232E
S214002DA0A74A20210FF0ECF87B685A6807F10C035D
S214002DB0114618460EF023F800233B7307F10C006B
S214002DC00723009320239F4A20210FF0D9F87B6821
S214002DD05A6807F10C03114618460EF010F8002347
S214002DE03B7307F10C000B2300932023964A202107
S214002DF00FF0C6F87B685A6807F10C0311461846B0
S214002E000DF0FDFF00233B7307F10C000523009334
S214002E1020238E4A20210FF0B3F87B685A6807F10A
S214002E200C03114618460DF0EAFF00233B7307F12A
S214002E300C00092300932023854A20210FF0A0F8D8
S214002E407B685A6807F10C03114618460DF0D7FF49
S214002E5000233B7307F10C000823009320237D4AD0
S214002E6020210FF08DF87B685A6807F10C03114695
S214002E7018460DF0C4FF00233B7307F10C000B232C
S214002E8000932023744A20210FF07AF87B685A6852
S214002E9007F10C03114618460DF0B1FF00233B73F3
S214002EA007F10C000B23009320236C4A20210FF01F
S214002EB067F87B685A6807F10C03114618460DF050
S214002EC09EFF00233B7307F10C000823009320238A
S214002ED0634A20210FF054F87B685A6807F10C0308
S214002EE0114618460DF08BFF00233B7307F10C00CC
S214002EF01523009320235B4A20210FF041F87B68BE
S214002F005A6807F10C03114618460DF078FF0023A7
S214002F103B7307F10C00082300932023524A20211C
S214002F200FF02EF87B685A6807F10C031146184616
S214002F300DF065FF7B685B6819464C480DF05FFF37
S214002F4005F0D4FCC7F8CC00D7F8CC30102B11D93C
S214002F5007F10C03464A202118460EF0D3FA7B6888
S214002F609A6807F10C03114618460DF048FF102327
S214002F70C7F8CC3007F188031021184606F018FC75
S214002F80C7F8CC000023C7F8D43081E2D7F8D43095
S214002F909B00D8333B4453F8503C002B00F0738220
S214002FA0D7F8D4309B00D8333B4453F8500C07F185
S214002FB02C010523012206F0B9F8D7F8D4309B007F
S214002FC0D8333B4453F8500C07F17C0407F18002D9
S214002FD007F1840107F17B030093234606F036FCD5
S214002FE0002387F858307A6B07F1580320211846DB
S214002FF00EF03CFD00233B7307F1580207F10C006E
S21400300004230093202320210EF0BAFF7B685A6821
S21400301007F10C03114618460DF0F1FE002387F861
S214003020583097F87B30002B26D107F15803114A09
S214003030202118460EF066FA34E000BF94650100C1
S214003040DC650100E0650100E8650100F06501004F
S214003050F8650100006601000866010014660100BC
S21400306020660100286601003466010084750100B0
S2140030703C6601007866010007F15803584A202193
S21400308018460EF03FFA97F87B2007F158032021E8
S21400309018460EF06FFB07F15803524A20211846D7
S2140030A00EF055FA00233B7307F1580207F10C00A7
S2140030B007230093202320210EF062FF7B685A68C6
S2140030C007F10C03114618460DF099FE07F1580358
S2140030D0454A202118460EF015FAD7F8D4309B0042
S2140030E0D8333B4453F8503C1A4607F15803202186
S2140030F018460EF06DFC00233B7307F1580207F1EB
S2140031000C000B230093202320210EF039FF7B6850
S2140031105A6807F10C03114618460DF070FE00239E
S2140031203B73D7F8D4309B00D8333B4453F8503C1D
S214003130184605F0E7FB024607F10C00052300934E
S214003140202320210EF01CFF7B685A6807F10C0331
S214003150114618460DF053FE97F83830052B51D817
S21400316001A252F823F000BF813100009131000027
S214003170B1310000A1310000C1310000D1310000A2
S21400318007F15803194A202118460EF0BBF941E012
S21400319007F15803164A202118460EF0B3F939E015
S2140031A007F15803134A202118460EF0ABF931E018
S2140031B007F15803104A202118460EF0A3F929E01B
S2140031C007F158030D4A202118460EF09BF921E01E
S2140031D007F158030A4A202118460EF093F919E021
S2140031E08066010088660100207001008C66010080
S2140031F0946601009C660100A8660100B0660100A6
S214003200B866010007F15803A84A202118460EF0B8
S21400321079F900BF00233B7307F1580207F10C0051
S21400322009230093202320210EF0AAFE7B685A680B
S21400323007F10C03114618460DF0E1FD002387F850
S214003240583007F158032822202118460EF0B2F90C
S2140032503A6C07F15803202118460EF007FC07F1D8
S21400326058032C22202118460EF0A4F9FA6B07F119
S2140032705803202118460EF0F9FB07F158032922BF
S214003280202118460EF096F900233B7307F15802EA
S21400329007F10C0008230093202320210EF070FE77
S2140032A07B685A6807F10C03114618460DF0A7FD17
S2140032B007F158037E4A202118460EF023F9D7F866
S2140032C084301A4607F15803202118460EF080FB7A
S2140032D000233B7307F1580207F10C000B23009301
S2140032E0202320210EF04CFE7B685A6807F10C0361
S2140032F0114618460DF083FD07F158036C4A20214D
S21400330018460EF0FFF8D7F880301A4607F1580333
S214003310202118460EF05CFB00233B7307F1580291
S21400332007F10C000B230093202320210EF028FE2B
S2140033307B685A6807F10C03114618460DF05FFDCE
S214003340D7F884301A46D7F88030D31A9BB20833A1
S214003350A7F8CA30002387F85830B7F8CA2007F114
S214003360580005230093202320210EF035FA07F19C
S2140033705803504A202118460EF0E9F800233B7304
S21400338007F1580207F10C000823009320232021A0
S2140033900EF0F6FD7B685A6807F10C0311461846D6
S2140033A00DF02DFD07F15803414A202118460EF076
S2140033B0A9F8FB6F1A4607F15803202118460EF0AD
S2140033C007FB07F158033C4A202118460EF0BFF8C9
S2140033D0D7F884301A46FB6FD31A9BB204339AB2DE
S2140033E007F1580005230093202320210EF0F4F95E
S2140033F007F15803314A202118460EF0A8F800239A
S2140034003B7307F1580207F10C00152300932023A5
S21400341020210EF0B5FD7B685A6807F10C031146B3
S21400342018460DF0ECFC002387F85830B7F85430F7
S2140034309B009AB207F15800052300932023202111
S2140034400EF0CAF907F158031A4A202118460EF062
S2140034507EF800233B7307F1580207F10C0008239F
S2140034600093202320210EF08BFD7B685A6807F11D
S2140034700C03114618460DF0C2FC7B685B681946C3
S2140034800F480DF0BCFCD7F8D4300133C7F8D43061
S214003490D7F8D420D7F8CC309A42FFF477AD97F817
S2140034A0D3301846DC37BD4690BD00BFC06601006D
S2140034B020700100CC66010014640100D066010093
S2140034C08475010080B586B000AF78607B685B6865
S2140034D01A46334933480DF0F2FE7B685B681A469D
S2140034E0314932480DF0EBFE7B685B681946304880
S2140034F00DF085FC7B685B681A462E492E480DF059
S214003500DEFE07F108034FF47A721021184601F028
S214003510F5FB7B685A6807F10803114618460DF05C
S2140035206EFC7B685B68194624480DF068FC07F162
S214003530080301221021184601F0E0FB7B685A6858
S21400354007F10803114618460DF059FC7B685B68C6
S21400355019461B480DF053FC7B685B681A461549F4
S21400356018480DF0ACFE04F06BFB024607F10803AA
S2140035701021184601F0FAFC7B685A6807F1080328
S214003580114618460DF03BFC7B685B6819460E48F2
S2140035900DF035FC002318461837BD4680BD00BF29
S2140035A0D4660100F4660100FC66010004670100B1
S2140035B0847501007869010010670100206701002A
S2140035C028670100306701003C67010080B582B0C3
S2140035D000AF78607B685B681A460B490B480DF0B5
S2140035E05CFE7B685B681A4609490A480DF055FE82
S2140035F07B685B681A46084908480DF04EFE0023B3
S21400360018460837BD4680BD48670100F4660100CD
S21400361034600100586001006467010078670100AB
S21400362080B584B000AFF860B9607A601F49F8686A
S21400363012F012FA0346002B06D01D49F86812F065
S2140036400BFA0346002B07D1BB6801221A70786874
S214003650FFF7BCFF034625E01649F86812F0FCF9B0
S2140036600346002B06D01449F86812F0F5F9034615
S214003670002B07D1BB6801221A707868FFF722FF7B
S21400368003460FE00D49F86812F0E6F90346002BF2
S21400369007D1BB6801221A707868FFF76DFB0346F6
S2140036A000E0002318461037BD4680BD8C67010039
S2140036B0846701009C67010094670100A46701000D
S2140036C080B500AF72B603480DF056FB04F074FCEC
S2140036D000BF80BD0000381080B584B000AF034640
S2140036E0FB710A23FB60FB1D01221946002004F033
S2140036F0E7F80346012B0AD1184B1B78002B27D07E
S214003700164B1B78013BDAB2144B1A7020E0134BB1
S2140037101B780133DAB2114B1A70104B1B78632BEF
S21400372003D90E4B64221A7015E005F0BDFD034662
S214003730022B03D1052004F077FE02E0052001F0FD
S21400374091FDFB68002B05DDFB68053BFB60CAE7C7
S21400375000BF00E000BF1037BD4680BD5E0C0020F5
S21400376080B584B000AFF860B9607A603249F86816
S21400377012F072F90346002B06D03049F86812F0B2
S2140037806BF90346002B3CD17B685B6819462C48D6
S2140037900DF035FB7B685B6819462A480DF02FFB59
S2140037A07B685B68194626480DF029FB7B685B68DA
S2140037B0194625480DF023FB7B685B6819462048B0
S2140037C00DF01DFB7B685B6819461E480DF017FB65
S2140037D07B685B6819461A480DF011FB7B685B68CE
S2140037E01A461A491A480DF058FD7B685B681A4657
S2140037F0184919480DF051FDBB6801221A700023C4
S21400380016E01649F86812F027F90346002B06D092
S2140038101349F86812F020F90346002B07D1BB685D
S21400382001221A70786800F035F8034600E000239D
S21400383018461037BD4680BD8C670100B86701008A
S21400384084750100C8670100086801001868010057
S2140038503868010034600100586001009C67010070
S2140038604468010080B582B000AF78607B685B6812
S214003870194606480DF0C3FA7B685B68194604488B
S2140038800DF0BDFA00BF0837BD4680BD8475010047
S2140038905468010080B58AB000AF78607B685B68CA
S2140038A01A462B492B480DF00AFD7B685B681A46C2
S2140038B029492A480DF003FD7B685B6819462848AD
S2140038C00DF09DFA7B685B68194626480DF097FA5E
S2140038D07B685B68194624480DF091FA00233B721A
S2140038E007F108032322202118460DF063FE07F196
S2140038F008031D4A202118460DF029FE7B685A68E9
S21400390007F10803194619480DF0D9FC7B685B6877
S2140039101A46174917480DF0D2FC07F10803402253
S2140039202021184601F022FB07F10803124A202145
S21400393018460DF00CFE7B685A6807F10803194616
S2140039400E480DF0BCFC002318462837BD4680BD47
S2140039505C6801003868010078680100846801002E
S214003960246701008C6801008475010098680100D6
S214003970FC630100A4680100B0680100C86801008B
S21400398080B582B000AF786039603B689B681946A6
S21400399012480DF034FA3B689B68194678680DF0BB
S2140039A02EFA3B689B6819460D480DF028FA3B68CE
S2140039B09B6819460B480DF022FA3B689B6819462F
S2140039C009480DF01CFA3B689B68194607480DF03D
S2140039D016FA00BF0837BD4680BD00BFD06801009C
S2140039E084750100F06801008C670100FC68010026
S2140039F080B483B000AF7860044A7B68136000230D
S214003A0018460C37BD465DF8047B70475C02002004
S214003A1080B400AF034B1B681846BD465DF8047BB8
S214003A20704700BF5C02002090B5A9B000AFF860F8
S214003A30B9607A60FB70002387F899307A68BB68B3
S214003A409A4208D2D7F8B8309B68194685480DF0D8
S214003A50D6F9022301E1BB68C7F89C30F6E07A6825
S214003A60D7F89C30D31A5A1C97F8B0309A4204D331
S214003A7097F8B03087F89A3009E07B68DAB2D7F862
S214003A809C30DBB2D31ADBB2013387F89A3097F852
S214003A909A3007F17802D7F8B440D7F89C10F86847
S214003AA0A0470346002B08D0D7F8B8309B681946C5
S214003AB06D480DF0A4F91B23CFE097F89930002B42
S214003AC008D0D7F8B8309B68194668480DF097F9C3
S214003AD01223C2E007F11003654A652118460DF06F
S214003AE011FDFB7807F11000D7F89C2065210EF039
S214003AF0B4FA07F110033A22652118460DF05AFD74
S214003B00D7F8B8305A6807F11003114618460DF07A
S214003B1076F900233B74002387F89B3022E097F861
S214003B209B30002B06D107F1100320226521184692
S214003B300DF040FD97F89B30A0333B4413F8282C3B
S214003B4007F11003652118460DF0A6FE07F11003D5
S214003B502022652118460DF02DFD97F89B30013385
S214003B6087F89B3097F89B2097F89A309A42D6D3DE
S214003B700BE007F110033F4A652118460DF0E7FCFD
S214003B8097F89B30013387F89B3097F89B2097F87F
S214003B90B0309A42EDD3D7F8B8305A6807F1100320
S214003BA0114618460DF02BF9D7F8B8305B68202080
S214003BB09847002387F89B3021E097F89B30A03386
S214003BC03B4413F8283C87F8983097F898301F2B1A
S214003BD00BD997F99830002B07DBD7F8B8305B681D
S214003BE097F898201046984704E0D7F8B8305B68F6
S214003BF02E20984797F89B30013387F89B3097F82C
S214003C009B2097F89A309A42D7D30BE007F110031F
S214003C10184A652118460DF09AFC97F89B30013338
S214003C2087F89B3097F89B2097F8B0309A42EDD3F0
S214003C30D7F8B8305B6819460F480DF0E0F897F8EB
S214003C40B030D7F89C201344C7F89C30D7F89C2097
S214003C507B689A427FF603AF00231846A437BD461A
S214003C6090BD00BF24690100646901007C69010001
S214003C7020700100A46901008475010080B586B03B
S214003C8000AF786039600023FB757B68002B14D08A
S214003C90EFF3108072B6B873184B1B683B61B87BA5
S214003CA080F310887968386900F030F80346FB73B3
S214003CB0FB7B002B01D00123FB753B68002B12D049
S214003CC0EFF3108072B6B8730D4B1A883B681A80F3
S214003CD00C4B1A783B689A700B4B1A783B68DA7074
S214003CE0B87B80F31088FB7D002B01D01B2300E0FF
S214003CF0002318461837BD4680BD00BF600200206E
S214003D005C0C0020600C00205F0C002080B483B0A8
S214003D1000AF786039607B68224AA2FB03235B0D04
S214003D20DAB23B681A707B681E4AA2FB0312520D79
S214003D301D4901FB02F29B1A7B607B681B4AA2FBB3
S214003D4003239B0BDAB23B685A707B68174AA2FBC8
S214003D500312920B4EF6602101FB02F29B1A7B6067
S214003D607B68134AA2FB03239B09DAB23B689A706E
S214003D707B680F4AA2FB031292094FF47A7101FB8B
S214003D8002F29B1A7B607B680A4AA2FB0323DB08CD
S214003D90DAB23B68DA70002318460C37BD465DF889
S214003DA0047B7047B17C219580EE360073B2E74500
S214003DB0D34D6210CDCCCCCC80B48BB000AF0346D4
S214003DC0FB800B467B7113463B71FB882B4AA2FB9C
S214003DD003235B099BB27B62FA88FB882749A1FB19
S214003DE003135B099BB219466FF0630301FB03F3F1
S214003DF013443B627B6A002B00DA03339B101A469F
S214003E007B6A5B00D31A013BFB613A6A13469B0050
S214003E101344002B00DA03339B10BB617B7901331C
S214003E201A2202FB03F3164A82FB03129210DB17D8
S214003E30D31A7B613B793B61FB69DAB2BB69DBB2C3
S214003E401344DAB27B69DBB21344DAB23B69DBB205
S214003E501344DAB20B4BA3FB0213D11A49080B44E6
S214003E6099080B46DB005B1AD31AFB73FB7B1846DC
S214003E702C37BD465DF8047B704700BF1F85EB51AD
S214003E80676666662549922490B58DB000AFF860E7
S214003E907A603B600B46FB72684B07F114040FCB4D
S214003EA007C4237097F90B304FF4616202FB03F3EB
S214003EB0FA681344FB60B7F84030FB84FB8C184666
S214003EC001F0C8F80346002B02D05D4BFB6215E0FC
S214003ED05C4BFB6212E0FA68FB6AD31AFB60FB8C51
S214003EE00133FB84FB8C184601F0B4F80346002B24
S214003EF002D0534BFB6201E0524BFB62FA68FB6A4E
S214003F009A42E8DAFB8C184601F0A4F80346002B28
S214003F1002D01D23BB7501E01C23BB75012387F867
S214003F2025307B7D1A46484B02FB03F3BB6213E049
S214003F30FA68BB6AD31AFB6097F82530013387F816
S214003F40253097F8253030333B4413F81C3C1A468E
S214003F503D4B02FB03F3BB62FA68BB6A9A42E7DAA0
S214003F60FB683A4A82FB03121A441214DB17D31A70
S214003F70DBB2013387F82430FB68344A82FB031235
S214003F801A441114DA178A1A2F4901FB02F29B1AF7
S214003F90FB60FB682E4A82FB03121A44D212DB1720
S214003FA0D31A87F82330FB68294A82FB03121A4487
S214003FB0D112DA178A1A4FF4616101FB02F29B1ADA
S214003FC0FB60FB68234A82FB03121A445211DB177C
S214003FD0D31A87F82230FA681E4B83FB0213134469
S214003FE05911D317C91A0B461B015B1A9B00D31A2B
S214003FF0FB603B68002B0AD03B6897F82420DA70F9
S2140040003B6897F825209A703B68FA8C1A807B6884
S214004010002B0ED07B6897F823201A707B6897F8E1
S21400402022205A70FB68DAB27B689A707B6800229E
S214004030DA7000BF3437BD4690BD00BF6082010015
S2140040400085E2018033E1018051010007452EC260
S214004050C5B3A2918988888890B58BB000AFF86008
S214004060B96011461A460B46FB711346BB803E4BA1
S21400407007F114040FCB07C42370FB689B787B62A0
S214004080FB685B781A4613461B019B1A9B001A4670
S2140040907B6A13447B62FB681B781A464FF46163A5
S2140040A002FB03F37A6A13447B6297F907304FF4F6
S2140040B0616202FB03F37A6A13447B62BB68DB78B7
S2140040C0013B2A4A02FB03F37A6A13447B62BB680D
S2140040D01B88184600F0BEFF0346002B02D01D23A7
S2140040E0BB7501E01C23BB75BB689B78013B87F85A
S2140040F0213011E097F8213028333B4413F8143C64
S2140041001A461A4B02FB03F37A6A13447B6297F84B
S2140041102130013B87F8213097F82130002BE9D178
S214004120BB681B88013B7B8414E07B8C184600F040
S21400413091FF0346002B06D07B6A03F1F17303F56B
S21400414005437B6203E07A6A094B13447B627B8CEF
S214004150013B7B847A8CBB889A42E6D27B6A1846FF
S2140041602C37BD4690BD00BF608201008051010023
S2140041708033E10180B586B002AFF860B9607A603E
S2140041803B607B681B781AB2022300933023B96821
S214004190F8680DF042FB234938680DF077FE0346B9
S2140041A0002B3ADB3A22B968F8680DF003FA7B6810
S2140041B05B781AB2022300933023B968F8680DF0D2
S2140041C02CFB194938680DF061FE0346002B24DBF2
S2140041D03A22B968F8680DF0EDF97B689B781AB258
S2140041E0022300933023B968F8680DF016FB0F49D8
S2140041F038680DF04BFE0346002B0EDB2C22B96808
S214004200F8680DF0D7F97B68DB781AB202230093C2
S2140042103023B968F8680DF000FB00231846103705
S214004220BD4680BDA8690100AC690100B863010005
S21400423080B485B000AF78600023FB737B68002BEA
S21400424001D101237B60EFF3108072B6B87302E0F1
S214004250FB7B0133FB73FB7B002B07D1FB7B114AF7
S214004260D35C83F00103DBB2002BF1D1FB7B002B88
S21400427008D1FB7B0B4A0021D154FB7B0A497A68A4
S21400428041F82320B87B80F31088FB7B012B01D1FB
S214004290FF2300E0FB7B18461437BD465DF8047B21
S2140042A0704700BF680200206402002080B485B01A
S2140042B000AF0346FB71FB79FF2B10D0EFF31080A5
S2140042C072B6F873FB79094A002142F82310FB798D
S2140042D0074A0121D154F87B80F3108800E000BF24
S2140042E01437BD465DF8047B704700BF64020020AB
S2140042F06802002080B485B000AF0346FB71FB79EE
S214004300FF2B01D1012310E0EFF3108072B6B873D3
S214004310FB79094A52F82330002B0CBF01230023F7
S214004320FB73B87B80F31088FB7B18461437BD46BA
S2140043305DF8047B704700BF6402002080B483B041
S21400434000AFEFF3108072B6B8710023FB7110E077
S214004350FB790E4A52F82330002B07D0FB790B4A24
S21400436052F82320013A094941F82320FB7901330A
S214004370FB71FB79002BEBD0B87980F3108800BF77
S2140043800C37BD465DF8047B704700BF6402002012
S21400439080B483B000AF0023FB710BE0FB790A4AC0
S2140043A0002142F82310FB79084A0121D154FB79F9
S2140043B00133FB71FB79002BF0D000BF00BF0C3738
S2140043C0BD465DF8047B704764020020680200204A
S2140043D080B483B000AF0346FB7197F90730002B1B
S2140043E00BDBFB7903F01F02074997F907305B09DF
S2140043F0012000FA02F241F8232000BF0C37BD4628
S2140044005DF8047B704700BF00E100E080B483B035
S21400441000AF03463960FB7197F90730002B0ADBC3
S2140044203B68DAB20C4997F907301201D2B20B4456
S21400443083F800230AE03B68DAB20849FB7903F008
S2140044400F03043B1201D2B20B441A7600BF0C379E
S214004450BD465DF8047B704700E100E000ED00E03B
S21400446080B500AF034B1B68002118460EF0ACFF6A
S21400447000BF80BD7002002080B582B000AF084B40
S2140044801B68F91D002218460FF0C4FB0346012BDB
S21400449001D00023FB71FB7918460837BD4680BD66
S2140044A07002002080B582B000AF786039603A684C
S2140044B0796803480BF0EFFF00BF0837BD4680BDA4
S2140044C000B0064080B582B000AF0346FB71104BCB
S2140044D01B685A1C0E490A600E49FA79CA54FB79C1
S2140044E00A2B03D00A4B1B683F2B0DD1084B1B68C9
S2140044F0084A0021D15407480CF0F4FF054B00226F
S2140045001A70034B00221A6000BF0837BD4680BDF4
S214004510740200207802002080B584B000AF786076
S2140045200A4B1B6807F10F01002218460FF072FBBA
S2140045300346012B03D1FA7B7B681A7002E07B6886
S21400454000221A7000BF1037BD4680BD6C020020E6
S21400455080B500AF064B1B6818460FF021FD0346DA
S214004560002B14BF01230023DBB2184680BD00BF1A
S2140045706C02002080B586B000AF0023BB6000232D
S2140045807B6033480BF01DFF38613B6903F08063A6
S214004590002B01D00023FB753B6903F02803002B9A
S2140045A03DD02B4B9B7DFB7536E029480CF08DFFEC
S2140045B00346FB73FB7B002B2BD0264B1B780A2B6A
S2140045C005D1FB7B402B02D1234B01221A70224BD4
S2140045D01B78002B08D0214B186807F1080207F15A
S2140045E00F0100230FF090F9FA7B1A4B1A701A4B42
S2140045F01B78002B05D0FB7B0A2B02D1164B002222
S2140046001A70174B18683A1D07F10F0100230FF0B8
S2140046107BF9FB7D013BFB75FB7D002BC5D13B6920
S21400462043F0806343F008033B61396908480BF0A8
S214004630ECFEBB68002B02D17B68002B01D003F098
S21400464087FDBFF34F8F00BF00BF1837BD4680BD44
S21400465000B00640F8000020610C00207002002028
S2140046606C02002080B584B000AF3B4618460BF0C5
S2140046707FFE4FF4E1333B6000233B710123FB7266
S2140046800123BB720123FB7100233B720D20FCF754
S21400469037F802463B4619461948FCF7FFFFF86014
S2140046A0FB68002B08D0174B4FF4AF721649052055
S2140046B0FEF742F900BFFDE7114B5B7BDBB2104A09
S2140046C043F00403DBB253730D4B5B7BDBB20C4A47
S2140046D043F00203DBB25373012109480BF003FFDA
S2140046E00A490748FDF7D4F805212120FFF78EFE7A
S2140046F021200CF0D4FE00BF1037BD4680BD00BFA1
S21400470000B00640B0690100CC6901000020080432
S21400471080B582B000AF786039607B6803F08003B4
S214004720002B06D03B685B681A46694969480CF05E
S214004730C6FD7B6803F04003002B06D03B685B6831
S2140047401A46654963480CF0BAFD7B6803F02003FF
S214004750002B06D03B685B681A4660495D480CF043
S214004760AEFD7B6803F01003002B06D03B685B6849
S2140047701A465B4957480CF0A2FD7B6803F0080315
S214004780002B06D03B685B681A46564951480CF029
S21400479096FD7B6803F00403002B06D03B685B683D
S2140047A01A4651494B480CF08AFD7B6803F0020319
S2140047B0002B06D03B685B681A464C4945480CF00F
S2140047C07EFD7B6803F00103002B06D03B685B6828
S2140047D01A4647493F480CF072FD7B6803F40043D5
S2140047E0002B06D03B685B681A46424939480CF0F5
S2140047F066FD7B6803F48043002B06D03B685B684D
S2140048001A463D4933480CF05AFD7B6803F4807322
S214004810002B06D03B685B681A4638492D480CF0DA
S2140048204EFD7B6803F40003002B06D03B685B68F4
S2140048301A46334927480CF042FD7B6803F4800390
S214004840002B06D03B685B681A462E4921480CF0C0
S21400485036FD7B68002B06DA3B685B681A462A49F9
S2140048601C480CF02CFD7B6803F08043002B06D020
S2140048703B685B681A46254916480CF020FD7B68A5
S21400488003F00073002B06D03B685B681A4620498D
S21400489010480CF014FD7B6803F08063002B06D0F4
S2140048A03B685B681A461B490A480CF008FD7B68A3
S2140048B003F08063002B06D03B685B681A461549F8
S2140048C004480CF0FCFC00BF0837BD4680BD00BFA6
S2140048D02C6A010078690100486A01006C6A0100D0
S2140048E0886A0100A06A0100B86A0100D06A010067
S2140048F0EC6A0100046B01001C6B0100386B0100C0
S214004900506B0100746B0100986B0100B06B0100E6
S214004910C86B0100E46B010080B59CB000AF786006
S2140049207B685B681A463C493C480CF0C8FC7B68D0
S2140049305B681A463A493B480CF0C1FC3A480BF013
S21400494040FDF86607F10C03384A602118460CF063
S214004950D9FD07F10C03FA6E602118460DF038F801
S21400496007F10C03324A602118460CF0F0FD7B6814
S2140049705A6807F10C0319462E480CF0A0FC79681B
S214004980F86EFFF7C5FE07F10C034FF4E132602125
S214004990184600F0EBFA07F10C03254A602118468A
S2140049A00CF0D5FD7B685A6807F10C0319462248BF
S2140049B00CF085FC07F10C03204A602118460CF029
S2140049C0A1FD07F10C034FF44062602118460DF07C
S2140049D04DF807F10C031A4A602118460CF0B7FD93
S2140049E007F10C036022602118460DF03FF807F12E
S2140049F00C030F4A602118460CF0A9FD7B685A6824
S214004A0007F10C0319460F480CF059FC0023184612
S214004A107037BD4680BD00BF006C0100186C0100F9
S214004A20F4630100246C010000B006402070010011
S214004A3084750100306C0100386C0100406C010088
S214004A40486C0100586C010080B582B000AF7860F9
S214004A507B685B681A460B490B480CF01EFC7B68AB
S214004A605B681A4609490A480CF017FC7B685B68C5
S214004A701A46084908480CF010FC00231846083768
S214004A80BD4680BD646C0100186C010034600100F6
S214004A9058600100806C0100986C010080B588B0F9
S214004AA000AFF860B9607A603349F86810F0D4FF58
S214004AB00346002B06D03149F86810F0CDFF0346B8
S214004AC0002B07D1BB6801221A707868FFF7BCFF7D
S214004AD003464CE02A49F86810F0BEFF0346002B58
S214004AE006D02849F86810F0B7FF0346002B07D118
S214004AF0BB6801221A707868FFF70EFF034636E09F
S214004B0011222149F86811F012F80346002B2DD126
S214004B10BB6801221A70FB6811337B6107F118022B
S214004B2007F11403114618460CF0B8FF0346002B95
S214004B301AD1BB69194615480BF067FCF8617B680B
S214004B405B68194612480CF05AF9FA697B685B688C
S214004B50194610460CF06CF97B685B6819460D48E0
S214004B600CF04DF9002302E01B2300E0002318465A
S214004B702037BD4680BD00BF8C670100A86C0100D1
S214004B809C670100B86C0100CC6C010000B00640C8
S214004B90E06C01008475010080B500AFFFF762FD90
S214004BA0002201214FF440600EF097FC0346134AA2
S214004BB01360124B1B68002B08D1114B40F2952254
S214004BC010490520FDF7B8FE00BFFDE700220121D1
S214004BD060200EF082FC03460B4A13600A4B1B68EB
S214004BE0002B08D1094B4FF4277206490520FDF724
S214004BF0A3FE00BFFDE700BF80BD00BF6C02002023
S214004C00EC6C0100CC690100700200200C6D010004
S214004C1080B489B000AFF860B9601346FB80FB68CB
S214004C20BB610023FB77BB68013BBB60FB88002BA6
S214004C302CD1BB68002B29D0FB7F5A1CFA771A466A
S214004C40BB69134430221A70BB68013BBB601DE091
S214004C50FA88294BA3FB0213D9080B469B000B448A
S214004C605B00D31A9BB2DAB2FB7F591CF977194660
S214004C70BB690B443032D2B21A70BB68013BBB60D2
S214004C80FB881D4AA2FB0323DB08FB80FB88002B66
S214004C9002D0BB68002BDBD10023BB771AE0BB7FBA
S214004CA0BA6913441B78FB75FA7FBB7FD31A013BA6
S214004CB0BA691A44BB7FB9690B4412781A70FA7F36
S214004CC0BB7FD31A013BBA691344FA7D1A70BB7FC7
S214004CD00133BB77FB7F5B08DBB2BA7F9A42DED339
S214004CE0FB7FBA69134400221A7000BF2437BD4602
S214004CF05DF8047B704700BFCDCCCCCC80B588B0C7
S214004D0000AFF860B9601346FB80FB68BB61002308
S214004D10FB77FB88DB0BDBB2FB75B7F9063013F5C8
S214004D20004F05D1434AB968F8680CF0EBFB7EE00B
S214004D30BB68013BBB60FB7D002B03D0FB885B425E
S214004D409BB2FB80B7F90630002B32D1BB68002B34
S214004D502FD0FB7F5A1CFA771A46BB6913443022C1
S214004D601A70BB68013BBB6023E0B7F90620324BE4
S214004D7083FB02139910D317C91A0B469B000B44EA
S214004D805B00D31A1BB2DAB2FB7F591CF9771946BF
S214004D90BB690B443032D2B21A70BB68013BBB60B1
S214004DA0B7F90630244A82FB03129210DB17D31A97
S214004DB0FB80B7F90630002B02DDBB68002BD4D190
S214004DC0FB7D002B0AD0BB68002B07D0FB7F5A1C4C
S214004DD0FA771A46BB6913442D221A700023BB7754
S214004DE01AE0BB7FBA6913441B78BB75FA7FBB7F9A
S214004DF0D31A013BBA691A44BB7FB9690B441278CF
S214004E001A70FA7FBB7FD31A013BBA691344BA7D86
S214004E101A70BB7F0133BB77FB7F5B08DBB2BA7FC0
S214004E209A42DED3FB7FBA69134400221A702037F9
S214004E30BD4680BD346D01006766666680B588B085
S214004E4000AFF860B9607A60FB68BB610023FB774F
S214004E507B68DB0FDBB2FB757B68B3F1004F05D1D7
S214004E60404AB968F8680CF04DFB78E0BB68013B37
S214004E70BB60FB7D002B02D07B685B427B607B685F
S214004E80002B2FD1BB68002B2CD0FB7F5A1CFA7747
S214004E901A46BB69134430221A70BB68013BBB60DC
S214004EA020E07A68304B83FB02139910D317C91A97
S214004EB00B469B000B445B00D11ACAB2FB7F591C01
S214004EC0F9771946BB690B443032D2B21A70BB6808
S214004ED0013BBB607B68244A82FB03129210DB17FF
S214004EE0D31A7B607B68002B02DDBB68002BD8D111
S214004EF0FB7D002B0AD0BB68002B07D0FB7F5A1C1B
S214004F00FA771A46BB6913442D221A700023BB7722
S214004F101AE0BB7FBA6913441B78BB75FA7FBB7F68
S214004F20D31A013BBA691A44BB7FB9690B4412789D
S214004F301A70FA7FBB7FD31A013BBA691344BA7D55
S214004F401A70BB7F0133BB77FB7F5B08DBB2BA7F8F
S214004F509A42DED3FB7FBA69134400221A702037C8
S214004F60BD4680BD3C6D01006766666680B489B04C
S214004F7000AFF860B9607A60FB68BB610023FB771E
S214004F80BB68013BBB607B68002B2BD1BB68002B4A
S214004F9028D0FB7F5A1CFA771A46BB691344302286
S214004FA01A70BB68013BBB601CE07968284BA3FB0A
S214004FB00123DA0813469B0013445B00CA1AD2B2D8
S214004FC0FB7F591CF9771946BB690B443032D2B2C5
S214004FD01A70BB68013BBB607B681D4AA2FB0323BB
S214004FE0DB087B607B68002B02D0BB68002BDCD123
S214004FF00023BB771AE0BB7FBA6913441B78FB75A6
S214005000FA7FBB7FD31A013BBA691A44BB7FB969E2
S2140050100B4412781A70FA7FBB7FD31A013BBA6929
S2140050201344FA7D1A70BB7F0133BB77FB7F5B08A6
S214005030DBB2BA7F9A42DED3FB7FBA691344002202
S2140050401A7000BF2437BD465DF8047B704700BF6A
S214005050CDCCCCCC80B483B000AF0346FB80FB88BD
S21400506003F003039BB2002B0BD1FB88114AA2FB73
S21400507003125209642101FB02F29B1A9BB2002B19
S2140050800CD1FB880B4AA2FB0312D2094FF4C8715D
S21400509001FB02F29B1A9BB2002B01D1012300E018
S2140050A0002303F00103DBB218460C37BD465DF85B
S2140050B0047B70471F85EB5180B588B000AFF86061
S2140050C0B9607A603B600023FB610023BB6100236C
S2140050D0FB750023BB75FB68002B05D0BB68002B57
S2140050E004D07B68002B01D11B2380E0FB681B7873
S2140050F0222B07D1FB680133FB60BB690133BB6120
S2140051000123FB75FB6A002B01D13B4BFB62FB7D49
S214005110002B14D0FB681B78222B09D1FB680133C7
S214005120FB60BB690133BB61FB681B78222B47D150
S214005130FB681B78002B27D10123BB7541E0FB6879
S2140051401B78202B3DD0FB681B78092B39D0FB68D9
S2140051501B780A2B35D0FB681B780B2B31D0FB68ED
S2140051601B780C2B2DD0FB681B780D2B29D0FB68E9
S2140051701B78002B25D0FB681B781946F86A10F0C0
S2140051805FFC0346002B1CD1BB68002B11D0FB69CB
S21400519001337A689A4207D9FB681A78BB681A7096
S2140051A0BB680133BB6004E0BB6800221A700023B2
S2140051B0BB60FB690133FB61FB680133FB60A6E75C
S2140051C000BFBB68002B02D0BB6800221A703B6889
S2140051D0002B04D0FA69BB691A443B681A60BB6AA4
S2140051E0002B03D0FB695A1CBB6A1A60BB7D1846AD
S2140051F02037BD4680BD00BF7869010080B485B009
S21400520000AF78607B68FB60084B1B68FA68134445
S214005210FB6000BF054B1B68FA689A42FAD800BFCD
S21400522000BF1437BD465DF8047B7047041000E0ED
S21400523080B485B000AF78607B68FB60084B1B6865
S214005240FA681344FB6000BF054B1B68FA689A4275
S214005250FAD800BF00BF1437BD465DF8047B704720
S214005260041000E080B584B000AF78600A4B1B687D
S2140052700A4AA2FB03239B09FB6005E0F868FFF7D8
S214005280D7FF7B68013B7B607B68002BF6D100BFB5
S21400529000BF1037BD4680BD08000020D34D621009
S2140052A080B400AF094B1B68084A43F08073136054
S2140052B0074B00221A60074B1B68064A43F001039F
S2140052C0136000BFBD465DF8047B7047FCED00E050
S2140052D0041000E0001000E080B582B000AF7860F7
S2140052E0A4220449786810F0A5FB00BF0837BD4625
S2140052F080BD00BF8082010080B584B000AF7860BA
S2140053007B68FB60FB681B78002B31D0FB685B6812
S21400531018460BF0A1FB0120FFF7A4FFFB685B68B3
S21400532018460BF0AEFB144B1A6813469B0013444A
S2140053305B001A46114B9A421AD90F4B1A6813464D
S2140053409B0013445B001A460D4B9A4202D20CF0A7
S21400535072FF0DE0084B1A6813469B0013445B006F
S2140053601A46084BA3FB02239B0C1846FFF746FF82
S21400537000BF1037BD4680BD080000203F420F002A
S214005380C0D8A70083DE1B4380B584B000AF78602A
S2140053900B46FB707B68FB60FB78FA6801331B01E9
S2140053A013441868FB78FA681B0113440D331B7806
S2140053B0002B14BF01230023DBB283F00103DBB212
S2140053C003F00103DBB219460BF085FBFB78FA68A5
S2140053D01B0113440C3301221A70144B1A6813462F
S2140053E09B0013445B001A46114B9A421AD90F4B86
S2140053F01A6813469B0013445B001A460D4B9A42EC
S21400540002D20CF018FF0DE0084B1A6813469B00FA
S21400541013445B001A46084BA3FB02239B0C18465A
S214005420FFF7ECFE00BF1037BD4680BD0800002029
S2140054303F420F00C0D8A70083DE1B4380B584B070
S21400544000AF78600B46FB707B68FB60FB78FA6801
S21400545001331B0113441868FB78FA681B011344D8
S2140054600D331B7819460BF036FBFB78FA681B01E8
S21400547013440C3300221A70144B1A6813469B0010
S21400548013445B001A46124B9A421AD90F4B1A68FD
S21400549013469B0013445B001A460E4B9A4202D2F8
S2140054A00CF0C9FE0DE0094B1A6813469B00134426
S2140054B05B001A46084BA3FB02239B0C1846FFF71B
S2140054C09DFE00BF1037BD4680BD00BF080000200F
S2140054D03F420F00C0D8A70083DE1B4380B485B0D0
S2140054E000AF786053E07B6893F85730102B1ED0DF
S2140054F0102B28DC022B02D0082B0CD023E07B6874
S2140055001B68DBB203F00103FB737B681B685A0859
S2140055107B681A602DE07B681B68DBB203F007032C
S214005520FB737B681B68DA087B681A6021E07B687F
S2140055301B68DBB203F00F03FB737B681B681A095A
S2140055407B681A6015E07B6819681A4BA3FB012379
S214005550DA0813469B0013445B00CA1A1346FB7313
S2140055607B681B68134AA2FB0323DA087B681A6071
S21400557000BFFA7B7B689B68581E796888600E4976
S2140055808A5C1A707B68DB695A1C7B68DA617B6808
S2140055901B6A591E7A681162002BA4DC7B681B68A4
S2140055A0002BA0D100BF00BF1437BD465DF8047BBA
S2140055B0704700BFCDCCCCCC3C8301002DE9B04376
S2140055C0A0B002AFF860B9607A603B600023BB63AE
S2140055D0002387F86930DCE37B685A1C7A601B7806
S2140055E087F8733097F873301F2B03D997F873300A
S2140055F07A2B02D900237B6707E097F87330203BAD
S214005600C44AD35C03F00F037B677B6FDB0097F81D
S21400561069201344BF4AD35C1B09DBB287F86930A4
S21400562097F86930013B062B10D801A252F823F0F8
S21400563061560000115700007D560000915D000085
S214005640A9560000DD5600009957000097F8732011
S214005650FB681146B8689847BB6B0133BB6398E399
S21400566000233B633B6B7B637B6B3B643B6CFB6267
S214005670FB6AFB63202387F868308AE397F8733069
S2140056802A2B05D13B681A1D3A601B687B6380E3B2
S2140056907A6B13469B0013445B001A4697F87330E8
S2140056A0303B13447B6374E3FB6B43F00403FB6300
S2140056B097F873302A2B05D13B681A1D3A601B6891
S2140056C03B6366E33A6B13469B0013445B001A4643
S2140056D097F87330303B13443B635AE397F87330C4
S2140056E06C2B0AD07A2B11D1FB6B23F00303FB63E0
S2140056F0FB6B43F00203FB6309E0FB6B23F0030341
S214005700FB63FB6B43F00103FB6300E000BF40E379
S21400571097F87330203B102B3CD801A252F823F0A8
S21400572077570000955700009557000081570000F6
S21400573095570000955700009557000095570000B4
S2140057409557000095570000955700008B570000AE
S21400575095570000655700009557000095570000C4
S2140057606F570000FB6B43F00803FB6313E0302326
S21400577087F868300FE0FB6B43F01003FB630AE02A
S214005780FB6B43F02003FB6305E0FB6B43F0400339
S214005790FB6300E000BFFCE297F87330423B362B19
S2140057A070D801A252F823F0635B0000B1590000E4
S2140057B08558000085580000855800008558000070
S2140057C08558000085580000855800008558000060
S2140057D08558000085580000855800008558000050
S2140057E08B58000085580000855800006D59000051
S2140057F08558000085580000855800008558000030
S214005800195900008558000085580000855800008A
S214005810855800008558000085580000855800000F
S2140058208558000085580000C3580000B95900008C
S2140058304D59000085580000D559000085580000D5
S214005840855800004D590000855800008558000016
S214005850855800008558000097590000EF58000052
S21400586093580000855800008558000075590000C0
S214005870855800005D5900008558000085580000D6
S214005880215900000023FB6284E1FB6B43F0800398
S214005890FB63FB6B23F00303FB63FB6B43F40073B8
S2140058A043F00203FB63102387F8673008233B634B
S2140058B02D2387F844303E2387F8453002233B6487
S2140058C068E1FB6B43F40073FB63022387F86730E1
S2140058D0FB6B03F02003002B00F05581302387F884
S2140058E04430622387F8453002233B644BE1FB6B70
S2140058F043F40073FB63082387F86730FB6B03F001
S2140059002003002B00F04181302387F84430012328
S2140059103B643AE150830100FB6B43F08003FB637A
S214005920FB6B43F40073FB63102387F86730FB6B55
S21400593003F02003002B00F02A81302387F8443040
S214005940782387F8453002233B6420E1FB6B43F461
S2140059504073FB630A2387F867301BE1FB6B43F455
S2140059600073FB630A2387F8673013E1FB6B43F091
S2140059708003FB633B681A1D3A601B68BB61BB690A
S214005980002B01D1A24BBB61BB6918460CF035FE5B
S2140059900346FB62FEE03B681A1D3A601B68BB616B
S2140059A0BB69002B00F0F580BA6BBB691A60F0E0AB
S2140059B0FB6B43F08003FB6307F110033633BB61D8
S2140059C03B681A1D3A601B68DBB287F84630012335
S2140059D0FB62DFE0FB6B03F00403002B01D1062320
S2140059E03B633B68073323F0070303F108023A6082
S2140059F0D3E90023C7E908234FF00002854BC7E927
S214005A00042300237B670DE0D7E904014FF0000272
S214005A10814B09F063FD02460B46C7E904237B6F02
S214005A2001337B673B6B7A6F9A42EDDBD7E908015F
S214005A304FF000024FF0000310F003FA0346002B6D
S214005A402DD0FB6B43F48063FB63D7E90801D7E9ED
S214005A50042309F0DBFD02460B46C7E90823D7E915
S214005A6008231046194610F082F90346BB62D7E9B0
S214005A700889BB6A184610F0D8F902460B4640461D
S214005A80494609F0C3FD02460B46C7E90823D7E995
S214005A900823144683F00045C7E9084521E0D7E906
S214005AA00801D7E9042309F08BFE02460B46C7E936
S214005AB00823D7E908231046194610F058F903467C
S214005AC0BB62D7E90889BB6A184610F0B6F90246E9
S214005AD00B464046494609F099FD02460B46C7E983
S214005AE0082300237B670DE0D7E908014FF000028A
S214005AF0494B09F075FC02460B46C7E908237B6F45
S214005B0001337B673B6B7A6F9A42EDDBD7E908235C
S214005B101046194610F04CF903463B6107F1100396
S214005B2036332033BB610A2387F867303B6B002B84
S214005B300CD007F110031846FFF7D0FCBB695A1EBD
S214005B40BA612E221A70FB6A0133FB62FB6B43F4C8
S214005B50D85343F00103FB6300233B63BB6A3B61FE
S214005B6018E03B681A1D3A601B68002B02D02B4BCE
S214005B70BB6101E02A4BBB61BB6918460CF03DFDDA
S214005B800346FB6206E000BF04E000BF02E000BF81
S214005B9000E000BFFB6B03F40073002B00F0A8804E
S214005BA03B6B002B01D101233B63FB6B03F40063CB
S214005BB0002B3ED1FB6B03F00303022B06D0022B17
S214005BC036D8002B19D0012B06D031E03B681A1DC1
S214005BD03A601B683B612CE0FB6B03F48073002B80
S214005BE005D03B681A1D3A601B683B6121E03B68A4
S214005BF01A1D3A601B683B611BE0FB6B03F4807365
S214005C00002B0FD03B681A1D3A601B683B6110E002
S214005C10248301000000E03F000024402C830100A4
S214005C20348301003B681A1D3A601B683B6100E044
S214005C3000BFFB6B03F02003002B04D03B69002B56
S214005C4001D100233B64FB6B03F48073002B18D058
S214005C503B69002B06DA3B695B423B61FB6B43F416
S214005C608063FB63FB6B03F48063002B09D1FB6B43
S214005C7003F01003002B04D0202387F844300123C0
S214005C803B64FB6B03F48053002B04D107F1100335
S214005C9036332033BB6107F110031846FFF71EFCAE
S214005CA0BB690133BB61FB6B03F48863002B28D010
S214005CB0FB6B03F48063002B01D02D2300E02B2325
S214005CC087F8733097F86830302B06D101233B6491
S214005CD097F8733087F8443013E0BB69013BBB612B
S214005CE0BB6997F873201A70FB6A0133FB6208E001
S214005CF07B6B002B05D0FA6A7B6B9A4201DD7B6BCF
S214005D00FB627A6BF96A3B6C0B44D31A7B63396C83
S214005D10FB6B03F0800307F11002343200930B464E
S214005D20B968F8680CF080FC0246BB6B1344BB6392
S214005D30FB6B03F00803002B0AD197F868207B6BF7
S214005D40B968F8680CF0A1FC0246BB6B1344BB6351
S214005D50BA69F96AFB6B03F0800300930B46B968D7
S214005D60F8680CF061FC0246BB6B1344BB63FB6B2C
S214005D7003F00803002B0CD097F868207B6BB968FB
S214005D80F8680CF082FC0246BB6B1344BB6300E071
S214005D9000BF7B681B78002B7FF41EACBB6B1846DD
S214005DA07837BD46BDE8B08380B500AF064B1B68AC
S214005DB04FF0FF3118460DF06CFC0346012B01D066
S214005DC000BFFDE700BF80BDB802002080B500AF71
S214005DD0054B1B6818460DF027FC0346012B01D027
S214005DE000BFFDE700BF80BDB802002080B586B0CA
S214005DF000AF78607B685B681A46264926480BF039
S214005E005EFA07F10803402210211846FFF7AEF8A5
S214005E1007F10803214A102118460BF098FB7B680F
S214005E205A6807F1080319461D480BF048FA07F1AF
S214005E3008031C4A102118460BF064FB7B685A685E
S214005E4007F10803194618480BF039FA07F108035A
S214005E50164A102118460BF055FB7B685A6807F166
S214005E600803194612480BF02AFA07F10803114AEC
S214005E70102118460BF046FB00BF7B685A6807F1F6
S214005E80080319460C480BF01AFA00231846183770
S214005E90BD4680BD486D0100586D01003C6701009D
S214005EA0646D0100706D0100806D0100886D010059
S214005EB0986D0100A06D0100A86D010080B5C8B006
S214005EC002AF07F58C73A3F58673186007F58C731D
S214005ED0A3F58873196007F58C73A3F58A731A60A7
S214005EE007F58C73A3F58673AD4918680FF0B4FDFB
S214005EF00346002B0AD007F58C73A3F58673A949D1
S214005F0018680FF0A9FD0346002B4AD107F58C73DD
S214005F10A3F58A731B685B681A46A349A3480BF06F
S214005F20BCF907F58C73A3F58A731B685B681A4681
S214005F309F49A0480BF0B1F907F58C73A3F58A7357
S214005F401B685B681A469C499C480BF0A6F907F547
S214005F508C73A3F58A731B685B681A469849994840
S214005F600BF09BF907F58C73A3F58A731B685B68C7
S214005F701A46954995480BF090F907F58C73A3F5EA
S214005F808A731B685B681A46914992480BF085F93C
S214005F9007F58C73A3F588731B6801221A7000231B
S214005FA01DE307F58C73A3F586738B4918680FF00D
S214005FB053FD0346002B0AD007F58C73A3F58673B2
S214005FC0864918680FF048FD0346002B0FD107F5E9
S214005FD08C73A3F588731B6801221A7007F58C73FF
S214005FE0A3F58A731868FFF701FF0346F7E207F583
S214005FF08C73A3F586730F22794918680FF097FD06
S2140060000346002B40F0F48007F58C73A3F58873E5
S2140060101B6801221A7007F58C73A3F586731B683C
S2140060200F33C7F81431D7F8140107F1100307F13E
S214006030140100220192002200924022FFF73CF851
S2140060400346002B06D107F58C73A3F584731B68F3
S214006050002B01D11B23C2E2D7F8142107F58C735D
S214006060A3F584731B681344C7F8143107F58A73C5
S21400607018460CF0CAF8D7F8140107F1100307F118
S214006080E40100220192002200923022FFF714F869
S2140060900346002B06D107F58C73A3F584731B68A3
S2140060A0002B01D11B239AE2D7F8142107F58C7335
S2140060B0A3F584731B681344C7F8143107F58A7375
S2140060C018460CF0A2F8D7F8140107F1100307F1F0
S2140060D0B40100220192002200923022FEF7ECFF6B
S2140060E00346002B06D107F58C73A3F584731B6853
S2140060F0002B01D11B2372E2D7F8142107F58C730D
S214006100A3F584731B681344C7F81431D7F8143109
S2140061101B78002B01D01B2361E207F1540207F124
S214006120B40107F1E40007F1140301936023009320
S21400613013462C4A00F0C8FD0346002B01D11B2352
S2140061404DE207F58C73A3F58A731B685A6807F14E
S214006150B403114618460AF052FE07F58C73A3F5F1
S2140061608A731B685B6819461F480AF048FE07F5E5
S2140061708C73A3F58A731B685A6807F1540311469B
S21400618018460AF03CFE07F58C73A3F58A731B6865
S2140061905B68194615480AF032FE00231FE200BF6E
S2140061A08C670100B06D0100C06D0100586D0100E4
S2140061B03460010058600100E06D0100086E0100C7
S2140061C01C6E01004C6E0100646E0100886E0100BA
S2140061D0A06E0100C06E01009C670100D46E010035
S2140061E0E86E010078690100F86E01008475010010
S2140061F007F58C73A3F586731022B84918680FF05C
S21400620096FC0346002B40F0C28007F58C73A3F57E
S21400621088731B6801221A7007F58C73A3F58673C2
S2140062201B681033C7F81431D7F8140107F11003B0
S21400623007F1140100220192002200924022FEF78C
S2140062403BFF0346002B06D107F58C73A3F584733A
S2140062501B68002B01D11B23C1E1D7F8142107F5D9
S2140062608C73A3F584731B681344C7F8143107F5C1
S2140062708A7318460BF0C9FFD7F8140107F110030C
S21400628007F1E40100220192002200923022FEF77C
S21400629013FF0346002B06D107F58C73A3F5847312
S2140062A01B68002B01D11B2399E1D7F8142107F5B1
S2140062B08C73A3F584731B681344C7F8143107F571
S2140062C08A7318460BF0A1FFD7F8140107F11003E4
S2140062D007F1B40100220192002200923022FEF75C
S2140062E0EBFE0346002B06D107F58C73A3F58473EB
S2140062F01B68002B01D11B2371E1D7F8142107F589
S2140063008C73A3F584731B681344C7F8143107F520
S2140063108A7318460BF079FFD7F8140107F11003BB
S21400632007F1540100220192002200926022FEF73B
S214006330C3FE0346002B06D107F58C73A3F58473C2
S2140063401B68002B01D11B2349E1D7F8142107F560
S2140063508C73A3F584731B681344C7F81431D7F8FD
S21400636014311B78002B01D01B2338E107F11403EE
S21400637007F1540207F1B40107F1E40000F00EFE45
S2140063800346002B01D11B2329E1002327E107F553
S2140063908C73A3F586731122514918680FF0C7FB5A
S2140063A00346002B40F09E8007F58C73A3F5887398
S2140063B01B6801221A7007F58C73A3F586731B6899
S2140063C01133C7F81431D7F8140107F1100307F199
S2140063D0140100220192002200924022FEF76CFE79
S2140063E00346002B06D107F58C73A3F584731B6850
S2140063F0002B01D11B23F2E0D7F8142107F58C738C
S214006400A3F584731B681344C7F8143107F58A7321
S21400641018460BF0FAFED7F8140107F1100307F13F
S214006420E40100220192002200923022FEF744FE90
S2140064300346002B06D107F58C73A3F584731B68FF
S214006440002B01D11B23CAE0D7F8142107F58C7363
S214006450A3F584731B681344C7F8143107F58A73D1
S21400646018460BF0D2FED7F8140107F1100307F117
S214006470B40100220192002200923022FEF71CFE98
S2140064800346002B06D107F58C73A3F584731B68AF
S214006490002B01D11B23A2E0D7F8142107F58C733B
S2140064A0A3F584731B681344C7F81431D7F8143166
S2140064B01B78002B01D01B2391E007F1140307F192
S2140064C0B40107F1E400002200F068FD0346002B4B
S2140064D001D11B2383E0002381E000BFFC6E010096
S2140064E0106F010007F58C73A3F5867311223E49E1
S2140064F018680FF01CFB0346002B6FD107F58C7352
S214006500A3F588731B6801221A7007F58C73A3F530
S21400651086731B681133C7F81431D7F8140107F1D6
S214006520100307F11401002201920022009240227B
S214006530FEF7C2FD0346002B06D107F58C73A3F5C4
S21400654084731B68002B01D11B2348E0D7F8142165
S21400655007F58C73A3F584731B681344C7F81431CE
S21400656007F58A7318460BF050FED7F8140107F1AA
S214006570100307F1E401002201920022009230226B
S214006580FEF79AFD0346002B06D107F58C73A3F59C
S21400659084731B68002B01D11B2320E0D7F814213D
S2140065A007F58C73A3F584731B681344C7F814317E
S2140065B0D7F814311B78002B01D01B230FE007F10E
S2140065C0140307F1E4000022002100F0E7FC034674
S2140065D0002B01D11B2302E0002300E00023184615
S2140065E007F58C77BD4680BD246F010080B500AFEF
S2140065F004200DF001F80346094A1360084B1B6897
S214006600002B08D1074B40F2162207490520FCF75D
S21400661093F900BFFDE70CF00CF900BF80BD00BF8A
S214006620B8020020386F0100546F010080B582B0B8
S21400663000AF78603960FFF7B7FB1022002138689A
S2140066400FF0FAF93B684FF4FC321A603B681B689F
S21400665003F118023B685A603B681B681B68124AC5
S214006660934203D0FFF7B2FB002318E03B681B6899
S2140066700433796818460FF0EFF90346002B03D071
S214006680FFF7A4FB00230AE03B685A683B689A6061
S2140066903B6801225A733B6801221A73012318468D
S2140066A00837BD4680BD00BFBEBAEDFE80B582B0DD
S2140066B000AF78603960FFF777FB1022002138685A
S2140066C00FF0BAF94FF48072002115480FF0B4F9B4
S2140066D03B68134A1A603B681B6803F118023B6864
S2140066E05A603B681B680F4A1A603B681B68043395
S2140066F07A68102118460AF005FF3B681B680022DE
S2140067005A613B685A683B689A603B6801225A7334
S2140067103B6800221A73012318460837BD4680BD21
S214006720BC020020BEBAEDFE80B584B000AF786033
S21400673039603B681B7B002B01D001233AE0786868
S2140067400FF0CEF9F8601D4A3B689B68D31ABB6011
S2140067503B689B687A68B96818460AF0D3FE3B68BF
S2140067609A68FB681A443B689A603B689A683B687C
S2140067701B6803F580739A4207D33B681B6803F5D2
S21400678080723B689A60002314E03B689A683B6816
S21400679059683B681B685B690B449A4209D33B689F
S2140067A09A683B685B68D21A3B681B685A6101238B
S2140067B000E0012318461037BD4680BDBC0300200C
S2140067C080B584B000AF78603960FFF7EDFA78687E
S2140067D00BF078FF0346002B29D0184BFB60FB68B4
S2140067E00433796818460FF037F90346002B03D0B8
S2140067F0FFF7ECFA00231DE0FB6804333A6810212B
S21400680018460AF07FFE4FF480720C494FF4FC30B5
S21400681009F0F8FF0346002B03D0FFF7D7FA002352
S21400682008E04FF48072002104480FF005F9FFF7E6
S214006830CDFA012318461037BD4680BDBC020020A5
S21400684080B590B000AFF860B9607A601821B8687B
S21400685009F08DFF034683F00103DBB2002B0FD057
S21400686007F110032C4A302118460AF04BFEFB684D
S2140068705A6807F11003194678680AF020FD48E0C8
S21400688007F11003254A302118460AF03BFEBB6884
S2140068901A6807F11003302118460BF099F807F133
S2140068A010031F4A302118460AF051FEBB681B68C9
S2140068B01C4A934217D1BB681A1D07F110033021FA
S2140068C018460AF044FE07F11003174A302118460E
S2140068D00AF03DFEBB685A6907F1100330211846DE
S2140068E00BF0C4F806E007F11003104A30211846F2
S2140068F00AF02DFE07F110030D4A302118460AF063
S21400690026FEFB685A6807F11003194678680AF0F5
S214006910D6FC4037BD4680BDB46F0100D06F010085
S214006920DC6F0100BEBAEDFEE06F0100E86F01000B
S2140069308475010080B594B000AF78607B685B68B2
S2140069401A463D493D480AF0BAFC07F120033C4A86
S214006950302118460AF0D6FD07F120034FF4FC322A
S214006960302118460BF034F807F12003354A302161
S21400697018460AF0ECFD07F120034FF400623021C0
S21400698018460AF0B8FF07F120032F4A30211846B0
S2140069900AF0DDFD07F120030122302118460AF037
S2140069A002FF07F12003294A302118460AF0CFFDDE
S2140069B07B685A6807F12003194625480AF07FFCD1
S2140069C007F120034FF4807230211846FEF7CEFA06
S2140069D007F120031F4A302118460AF0B8FD7B68ED
S2140069E05A6807F1200319461B480AF068FC07F1AD
S2140069F00803182219464FF4FC3009F0E2FE03465D
S214006A00002B07D107F10803144A19467868FFF7E8
S214006A1017FF06E07B685B681A4611490F480AF0C4
S214006A204EFC104A10497868FFF70AFF0023184604
S214006A305037BD4680BD00BFF46F010008700100EE
S214006A400C700100187001002470010084750100AC
S214006A502C7001003C67010034700100407001009A
S214006A604870010060700100BC02002080B598B03C
S214006A7000AF7860FFF798F907F12C031822194643
S214006A804FF4FC3009F09DFE0346002B09D07B68CE
S214006A905B6819463E480AF0B2F9FFF797F91B23E0
S214006AA072E0FB6A3B4A934248D13B6C7B653A4BAB
S214006AB03B6507F12C03394A19467868FFF7C0FE94
S214006AC033E07B6D202B02D92023BB6501E07B6D74
S214006AD0BB653B6DBA6D07F10C01184609F071FEF7
S214006AE00346002B06D07B685B68194628480AF0E8
S214006AF086F91DE0BB6D3A6D13443B657A6DBB6D40
S214006B00D31A7B650023FB640BE07B685B6807F1A8
S214006B100C01FA6C0A44127810469847FB6C013355
S214006B20FB64BB6DFA6C9A42EFD37B6D002BC8DC1E
S214006B307B685B6819461A480AF061F9194B7B6452
S214006B40194A796C7868FFF77BFE7B6C1B68114AE4
S214006B50934216D17B6C1833FB650023BB640BE0B5
S214006B607B685B68FA6D127810469847FB6D0133B8
S214006B70FB65BB6C0133BB647B6C5B69BA6C9A4289
S214006B80EED3FFF723F9002318466037BD4680BDD5
S214006B9048700100BEBAEDFE18F8010068700100EA
S214006BA084750100BC0200207070010080B584B0BE
S214006BB000AFF860B9607A603549F8680EF04CFFAF
S214006BC00346002B06D03349F8680EF045FF03460F
S214006BD0002B20D17B685B681A462F492F480AF0A5
S214006BE05CFB7B685B681A462D492E480AF055FB0D
S214006BF07B685B681A462C492C480AF04EFB7B687B
S214006C005B681A462A492B480AF047FBBB680122F4
S214006C101A70002337E02849F8680EF01DFF034677
S214006C20002B06D02549F8680EF016FF0346002B09
S214006C3007D1BB6801221A707868FFF77BFE03460F
S214006C4021E01F49F8680EF007FF0346002B07D126
S214006C50BB6801221A707868FFF708FF034612E047
S214006C601849F8680EF0F8FE0346002B0AD1BB68F8
S214006C7001221A704FF400614FF4FC30FBF7E2F982
S214006C80034600E0002318461037BD4680BD00BF0F
S214006C908C670100747001005461010008700100E7
S214006CA03460010058600100807001009870010097
S214006CB0A0700100BC7001009C670100C470010058
S214006CC0D0700100DC70010080B58EB004AFF860B3
S214006CD0B9607A603B6000237B623B68002B05D07E
S214006CE03B6B002B02DDBB68002B01D1002331E09B
S214006CF007F114031946786BFFF798FC0346002B40
S214006D0016D007F11400002303933B6B02933B68F5
S214006D1001934FF0FF3300934FF0FF33BA68F968E2
S214006D200BF034FF786207F1140318460BF0E5FC0D
S214006D307B6A002B0AD17B68002B01D0796800E0C3
S214006D4006493A6B002338680BF0F8FD38680EF0F9
S214006D50C7FE034618462837BD4680BD7869010041
S214006D6080B598B002AFF860B9607A603B6007F112
S214006D7014023B680193402300931346154AB968F2
S214006D80F868FFF7A1FF78657B6D002B1CD07B6D44
S214006D90012B10DD7B7D184608F046FA0346582B7B
S214006DA009D107F1140310220021184608F0B8FA9A
S214006DB0034600BF09E007F114030A220021184623
S214006DC008F0AEFA034600E07B6818465837BD4622
S214006DD080BD00BF7869010080B586B000AFF8605E
S214006DE0B9607A60BB68002B24D0B8680EF078FED5
S214006DF00346002B1ED0FB685B221A70FB68581CEB
S214006E0000233C22B9680BF099FD0021F8680EF0CB
S214006E1017FE78617B695A1C7A615D221A700749F1
S214006E2078690EF03CFE7B68002B03D07968F86822
S214006E30FFF77AFC00BF1837BD4680BD8475010099
S214006E4080B586B000AFF860B9607A603B6078685D
S214006E500BF0BAFF0346FB7500233D22B968F868BD
S214006E600BF06CFD0021F8680EF0EAFD38613B6916
S214006E705A1C3A613D221A703A69FB68D31AC3F16C
S214006E803E031A46FB7D796838690BF057FD0021F2
S214006E90F8680EF0D5FD3861074938690EF0FFFD39
S214006EA03B68002B03D03968F868FFF73DFC00BF4D
S214006EB01837BD4680BD00BF8475010080B588B018
S214006EC000AFF860B9607A603B6033480EF008FEA9
S214006ED003467B610023FB614FF0FF33BB61B96A59
S214006EE078680BF083FCFB6800221A701AE0FB69D6
S214006EF0BB61FB69FA68D018FB69C3F140037A6886
S214006F0019460BF02BFC02E0FB690133FB61BB6802
S214006F101B68FA699A4205DAFB69FA6813441B781B
S214006F20002BF1D1BB681B68FA699A4203DAFA694A
S214006F30BB699A42DBD1FB681B78002B0ED0FB693D
S214006F40402B02D1FB69013BFB61FB69FA681344E5
S214006F5000221A703968F868FFF7E6FBB96A7868A5
S214006F600BF030FCBB6800221A60FA697B699A4213
S214006F700DDDFA697B69D31AFA6813440649184688
S214006F800EF06AFD0346002B01D1012300E000232A
S214006F9018462037BD4680BD8475010090B5A9B05F
S214006FA004AFF860B9607A603B6007F16C0319467D
S214006FB03868FFF73BFB0346002B27D1BB68002B46
S214006FC022D07B68002B1FD007F15C031946386877
S214006FD0FFF76CFB0346002B01D10023FAE207F112
S214006FE05C0207F11403F9681846FFF7F5FE07F18F
S214006FF05C0307F114007A68B968FFF721FF07F110
S2140070005C0318460BF079FB0123E3E2BB68002B18
S2140070102BD07B68002B28D007F16C0007F15403B7
S21400702003934023029307F1140301934FF0FF33B9
S21400703000934FF0FF33BA68F9680BF0A7FDC7F866
S2140070408800D7F88830002B34D007F1140379680D
S21400705018460EF001FD0346002B2BD107F16C03FA
S21400706018460BF04AFB0123B4E2BB68002B22D083
S2140070707B68002B1FD107F16C000023039340238D
S214007080029307F1140301934FF0FF3300934FF080
S214007090FF33BA68F9680BF079FDC7F88800D7F8AF
S2140070A08830002B07D107F16C0318460BF025FB40
S2140070B001238FE200BF07F16C0318460BF01DFB9F
S2140070C007F114034022396818460BF064FE07F1F6
S2140070D05C0207F1140311461846FFF7E7FA034669
S2140070E0002B01D1002375E207F16C0319463868BE
S2140070F0FFF79CFA0346002B16D107F15C0207F156
S2140071001403F9681846FFF767FE07F15C0307F1FA
S21400711014007A68B968FFF793FE07F15C03184617
S2140071200BF0EBFA012355E207F1580207F16C0366
S214007130114618460BF046FB00233B61FB68002B0C
S21400714004D0F8680EF0CCFC034600E00023C7F835
S2140071508430D7F88430002B40F3C28007F16C02ED
S21400716007F11403402118460BF0F8FA0346002BEB
S21400717038D107F15C0407F16C0207F1100107F142
S214007180140007F1580300932346FFF797FEF867AD
S214007190BB68002B1BD07B68002B18D0FB6F002B26
S2140071A005D107F15C031946C248FFF7BDFA07F19F
S2140071B05C0207F11403F9681846FFF70DFE07F1A5
S2140071C05C0307F114007A68B968FFF739FE07F127
S2140071D0140307F15C0107F16C003A680BF044FEFB
S2140071E00346F7E107F1140318460BF05CFBC7F8FB
S2140071F080005D21D7F880000EF0F0FCC7F88C0008
S214007200D7F880301B785B2B05D1D7F88C30002B55
S21400721001D0012300E00023C7F88830D7F8883073
S214007220002B28D0D7F88030013318460BF03BFBF4
S214007230C7F88000D7F88010D7F88C000BF04AFB10
S214007240C7F88C00D7F88C20D7F88030D31AD7F838
S21400725084209A420CD1D7F884301A46F968D7F8B9
S21400726080000BF0EEFA0346002B01D1012300E06C
S2140072700023C7F88830D7F88830002B02D0BB68C8
S214007280002B28D007F1100107F1140340221846FE
S2140072900BF0CBFD0346002B1DD107F15C0407F174
S2140072A06C0207F1100107F1140007F15803009370
S2140072B02346FFF703FE07F16C0207F11403402193
S2140072C018460BF04BFA07F1100107F114034022A1
S2140072D018460BF0AAFDD7F88830002B3FF43EAFD7
S2140072E007F15C0407F16C0207F1100107F11400C6
S2140072F007F1580300932346FFF7E0FDBB68002B19
S2140073000FD107F16C0207F11403402118460BF069
S21400731025FA07F1580207F16C03114618460BF0E0
S21400732051FABB68002B04D0B8680EF0D9FB0346B0
S21400733000E00023C7F8843007F16C0207F114035D
S214007340402118460BF00AFA0346002B30D107F10D
S2140073505C0407F16C0207F1100107F1140007F155
S214007360580300932346FFF7A9FDF867BB68002B78
S21400737013D07B68002B10D0FB6F002B05D107F1D4
S2140073805C0319464B48FFF7CFF907F15C0307F19A
S21400739014007A68B968FFF753FD07F1140307F184
S2140073A05C0107F16C003A680BF05EFD034611E1E4
S2140073B007F1140318460BF076FAC7F880003D2153
S2140073C0D7F880000EF03CFBC7F88C00D7F88C305E
S2140073D0002B06D13A21D7F880000EF031FBC7F813
S2140073E08C00D7F88C30002B1ED0D7F88430002BBA
S2140073F01ADDD7F88010D7F88C000BF06BFA02462F
S214007400D7F88030D31AD7F884209A420CD1D7F810
S21400741084301A46B968D7F880000BF012FA034693
S214007420002B01D1012300E00023C7F88830BB6899
S214007430002B03D0D7F88830002B3DD1D7F880300A
S2140074401B785B2B38D0BB68002B08D107F158029D
S21400745007F16C03114618460BF0B4F96CE707F118
S214007460100107F11403402218460BF0DEFC034619
S214007470002B7FF461AF07F15C0407F16C0207F1A3
S214007480100107F1140007F1580300932346FFF795
S21400749015FD07F16C0207F11403402118460BF0A6
S2140074A05DF907F1100107F11403402218460BF0AE
S2140074B0BCFC41E784750100D7F880301B785B2B55
S2140074C00CBF01230023DBB2FB6707F15C0407F166
S2140074D06C0207F1100107F1140007F1580300933E
S2140074E02346FFF7EBFCBB68002B0AD07B68002B1B
S2140074F007D007F15C0307F114007A68B968FFF754
S2140075009FFC07F16C0207F11403402118460BF0AC
S21400751025F9FB6F002B08D007F1100107F11403C3
S214007520402218460BF081FC31E007F1580207F1C3
S2140075306C03114618460BF045F928E007F11001D8
S21400754007F11403402218460BF06FFC0346002B8D
S2140075501DD107F15C0407F16C0207F1100107F179
S214007560140007F1580300932346FFF7A7FC07F122
S2140075706C0207F11403402118460BF0EFF807F1F0
S214007580100107F11403402218460BF04EFC07F1D9
S2140075906C0207F11403402118460BF0DFF803468F
S2140075A0002BCBD107F15C0407F16C0207F1100148
S2140075B007F1140007F1580300932346FFF77EFCFB
S2140075C007F1140307F15C0107F16C003A680BF051
S2140075D04BFC034618469437BD4690BD80B586B032
S2140075E000AF7860396000237B617B683B617A6816
S2140075F0204B83FB02139910D317C91A0B469B0026
S2140076000B445B00D31AFB60FB68002B05DAFB68B3
S214007610DBB2C3F13003DBB203E0FB68DBB230332E
S214007620DBB27A69511C796111463A680A441370D4
S2140076307B68104A82FB03129210DB17D31A7B601A
S2140076407B68002BD3D13B69002B07DA7B695A1C79
S2140076507A611A463B6813442D221A707B693A6891
S214007660134400221A7038680BF019FC00BF183754
S214007670BD4680BD6766666680B582B000AF1F4BAC
S2140076807B607B6803221A617B6803225A617B68F1
S2140076901B4A9A617B681B4ADA617B6820221A6261
S2140076A07B6800229A627B6800225A627B6800220E
S2140076B0DA627B68124A1A667B68134A5A667B68E7
S2140076C020229A667B6800221A677B680022DA66A8
S2140076D07B6800225A677B6807330C4918460EF011
S2140076E0DEF97B680A4918460EF0D9F97B68202235
S2140076F09A7100BF0837BD4680BD00BFBC0300209E
S214007700E87001006404002084040020F470010086
S214007710F870010080B58CB000AFF860B9607A6090
S2140077203E4B3B623B6A1B78DBB2002B01D1FFF776
S214007730A3FFFA6813465B001344DB006033374A46
S2140077401344FB61BB687B62FB691B69BB62FB6918
S214007750DB68BB610023FB62BA6ABB699A422BD91D
S214007760FB699A68BB6AD31A7B617A697B68934225
S21400777028BF13467B61FB695A68BB6A13443B61AA
S2140077807A693969786A0EF055F9FA6A7B691344A2
S214007790FB627A6A7B6913447B627A687B69D31AD8
S2140077A07B60BA6A7B691344BB62FB699B68BA6AF2
S2140077B09A4201D10023BB62BA69BB6AD31A7B61C5
S2140077C07A697B68934228BF13467B617B69002BEE
S2140077D019D0FB695A68BB6A13443B617A693969F8
S2140077E0786A0EF027F9FA6A7B691344FB627A6AB4
S2140077F07B6913447B627A687B69D31A7B60BA6ABA
S2140078007B691344BB62FB6A002B02D0FB69BA6A31
S2140078101A61FB6A18463037BD4680BDBC0300209F
S21400782080B588B000AFF860B9607A60BB68BB61AD
S214007830FB685A1C13465B001344DB001F4A1344C4
S2140078407B617B695B69022B29D0022B2ED8002B2B
S21400785002D0012B13D029E078690BF006FC3861C2
S2140078603A697B689A4202D20023FB6121E07B687A
S214007870FB617A68B96978690BF0B3FB19E078693F
S2140078800BF0F3FB38617A683B69934228BF1346D6
S214007890FB61FA69B96978690BF0A3FB09E07A68BD
S2140078A0B96978690BF042FBF86102E00023FB61DE
S2140078B000BFFB6918462037BD4680BDBC030020CC
S2140078C080B588B000AFF860B9607A600E4BFB6197
S2140078D0FB691B78DBB2002B01D1FFF7CDFEEFF37F
S2140078E011834FF0500181F31188BB617A68B96843
S2140078F0F868FFF795FF7861BB6983F311887B69A9
S21400790018462037BD4680BDBC03002080B584B035
S21400791000AF0E4BBB60BB681B78DBB2002B01D1FF
S214007920FFF7AAFE0A4B7B607B681B693B607B689F
S214007930DB683A689A4202D00123FB6001E000232C
S214007940FB60FB6818461037BD4680BDBC030020B0
S2140079501C04002080B586B000AF7860114B7B61B8
S2140079607B691B78DBB2002B01D1FFF785FEEFF3B6
S21400797011834FF0500181F311883B617B685A1CDC
S21400798013465B001344DB00064A134418460BF00C
S2140079906CFBF8603B6983F31188FB681846183760
S2140079A0BD4680BDBC03002080B58CB000AF7860BB
S2140079B0396000237B62704B1B68002B0BD14FF0A5
S2140079C0500383F31188BFF36F8FBFF34F8FBB61F4
S2140079D000BF00BFFDE77B68002B22D00823DB43F7
S2140079E07A689A421BD808227B6813447B607B68BF
S2140079F003F00703002B14D07B6803F00703C3F1E2
S214007A0008033B623B6ADB437A689A4204D87A688A
S214007A103B6A13447B6004E000237B6001E00023A4
S214007A207B6000F045FE7B68002BC0F288807B6898
S214007A30002B00F08480514B1B687A689A427ED8EF
S214007A404F4BBB624E4B1B68FB6204E0FB6ABB629B
S214007A50FB6A1B68FB62FB6A5B687A689A4203D91A
S214007A60FB6A1B68002BF1D1434B1B68FA6A9A42EB
S214007A7065D0BB6A1B68082213447B62FB6A1A68DF
S214007A80BB6A1A60FB6A5B687A689A420BD94FF049
S214007A90500383F31188BFF36F8FBFF34F8F7B6163
S214007AA000BF00BFFDE7FB6A5A687B68D21A08234E
S214007AB05B009A4224D9FA6A7B681344FB61FB692F
S214007AC003F00703002B0BD04FF0500383F311880D
S214007AD0BFF36F8FBFF34F8F3B6100BF00BFFDE763
S214007AE0FB6A5A687B68D21AFB695A60FB6A7A6836
S214007AF05A60BB6A1A68FB691A60BB6AFA691A6040
S214007B001E4B1A68FB6A5B68D31A1C4A13601B4B31
S214007B101A681C4B1B689A4203D2184B1B68194AFA
S214007B201360FB6A5B6843F00042FB6A5A60FB6ABC
S214007B3000221A60144B1B680133134A136000F0CE
S214007B40C5FD7B6A002B01D10CF035FE7B6A03F085
S214007B500703002B0BD04FF0500383F31188BFF3BD
S214007B606F8FBFF34F8FFB6000BF00BFFDE77B6AE0
S214007B7018463037BD4680BDAC040020B004002057
S214007B80A4040020B4040020B804002080B586B009
S214007B9000AF78607B687B617B68002B47D008234A
S214007BA05B427A6913447B617B693B613B695B6836
S214007BB0002B0BDB4FF0500383F31188BFF36F8F5E
S214007BC0BFF34F8FFB6000BF00BFFDE73B691B683C
S214007BD0002B0BD04FF0500383F31188BFF36F8F49
S214007BE0BFF34F8FBB6000BF00BFFDE73B695B681C
S214007BF0002B1CDA3B691B68002B18D13B695B68BD
S214007C0023F000423B695A6000F052FD3B695A6817
S214007C10094B1B681344084A1360386900F01CF8C7
S214007C20064B1B680133054A136000F04FFD00BF8A
S214007C301837BD4680BD00BFB0040020BC0400203D
S214007C4080B400AF034B1B681846BD465DF8047B46
S214007C50704700BFB004002080B485B000AF7860E5
S214007C60284BFB6002E0FB681B68FB60FB681B6838
S214007C707A689A42F7D8FB68BB60FB685B68BA68AC
S214007C8013447A689A4208D1FB685A687B685B6836
S214007C901A44FB685A60FB687B607B68BB607B6845
S214007CA05B68BA681A44FB681B689A4218D1FB687E
S214007CB01A68154B1B689A420DD07B685A68FB6899
S214007CC01B685B681A447B685A60FB681B681A6806
S214007CD07B681A6008E00C4B1A687B681A6003E041
S214007CE0FB681A687B681A60FA687B689A4202D05A
S214007CF0FB687A681A6000BF1437BD465DF8047BDF
S214007D00704700BFA4040020AC04002080B48FB0ED
S214007D1000AF786000233B6200233B630023FB62D6
S214007D205A4B1B68002B0BD04FF0500383F311887F
S214007D30BFF36F8FBFF34F8F7B6100BF00BFFDE7C0
S214007D40FB6ADB007A6813447B627FE07B6A5B68D1
S214007D507B637B6A1B68BB62BB6A03F00703002B6E
S214007D600ED0BB6A0733BB62BB6A23F00703BB6255
S214007D707B6A1B681A46BB6AD31A7A6B13447B630A
S214007D80BB6AFB61FB6A002B06D1FB69404A1360A5
S214007D903F4B00225A6021E03C4B1B68002B0BD166
S214007DA04FF0500383F31188BFF36F8FBFF34F8FED
S214007DB03B6100BF00BFFDE7344B1B681A46BB6A39
S214007DC093420BD84FF0500383F31188BFF36F8FA5
S214007DD0BFF34F8FFB6000BF00BFFDE72B4B1B6858
S214007DE0BB61FA697B6B1344BB620822BB6A9B1AB1
S214007DF0BB62BB6A23F00703BB62BB6A234A1360FD
S214007E00224B1B6800225A60204B1B6800221A6017
S214007E10FB693B623B6ABA6AD21A3B6A5A601B4BE2
S214007E201A683B6A1A60BB69002B02D0BB693A6AC3
S214007E301A603B6A5B683A6B13443B63FB6A013328
S214007E40FB62FB6ADB007A6813447B627B6A5B68D2
S214007E50002B7FF47BAF0F4A3B6B13600E4A3B6BE5
S214007E6013603B6B002B0BD14FF0500383F311884C
S214007E70BFF36F8FBFF34F8FBB6000BF00BFFDE740
S214007E8000BF3C37BD465DF8047B7047AC0400205D
S214007E90A4040020B4040020B004002080B483B002
S214007EA000AF0346FB7197F90730002B0BDBFB791D
S214007EB003F01F02074997F907305B09012000FA13
S214007EC002F241F8232000BF0C37BD465DF8047B64
S214007ED0704700BF00E100E080B483B000AF034607
S214007EE03960FB7197F90730002B0ADB3B68DAB282
S214007EF00C4997F907301201D2B20B4483F80023DD
S214007F000AE03B68DAB20849FB7903F00F03043B4A
S214007F101201D2B20B441A7600BF0C37BD465DF88C
S214007F20047B704700E100E000ED00E080B582B021
S214007F3000AF3B46184608F093F93B4619461548ED
S214007F40F9F7CAFA0F213A20FFF7C6FF3A20FFF7E3
S214007F50A5FF10480BF060F91320F8F7D1FB034695
S214007F600D4AA2FB03239B0919460A480BF02CF97D
S214007F7008480BF051F9402106480BF0FAF805487E
S214007F800BF032F9402103480BF0DAF800BF08374F
S214007F90BD4680BD00000440D34D621080B500AFE2
S214007FA004480BF021F9402102480BF0C9F800BF45
S214007FB080BD00BF0000044080B500AF02480BF053
S214007FC02BF900BF80BD00BF0000044080B400AFA6
S214007FD0054B1B68044A43F47003136000BFBD469C
S214007FE05DF8047B704700BF88ED00E080B584B084
S214007FF000AF294BFB60FB681B78DBB2BB60FB68FD
S214008000FF221A70FB681B78DBB2FB71FB79DBB2D0
S21400801003F05003DAB2214B1A70214B07221A6084
S21400802009E01F4B1B68013B1D4A1360FB79DBB25E
S2140080305B00DBB2FB71FB79DBB203F08003802BC5
S214008040EFD0174B1B681B02154A1360144B1B68B6
S21400805003F4E063124A1360BB68DAB2FB681A7076
S214008060104B1B680F4A43F4700313600E4B00223C
S2140080701A60FFF75BFFFFF791FFFFF7A7FF0B4BB9
S2140080801B680A4A43F04043136000F097F8002349
S21400809018461037BD4680BD00E400E0620C0020A4
S2140080A0C004002020ED00E00C00002034EF00E0CB
S2140080B080B483B000AF4FF0500383F31188BFF352
S2140080C06F8FBFF34F8F7B6000BF124B1B6801336F
S2140080D0104A13600F4B1B68012B10D10E4B1B6808
S2140080E0DBB2002B0BD04FF0500383F31188BFF3A5
S2140080F06F8FBFF34F8F3B6000BF00BFFDE7BFF33E
S2140081004F8FBFF36F8F00BF0C37BD465DF8047B03
S214008110704700BF0C00002004ED00E080B483B080
S21400812000AF0A4B1B68013B084A1360074B1B68ED
S214008130002B05D100237B607B6883F3118800BF8A
S21400814000BF0C37BD465DF8047B70470C0000206E
S21400815080B400AF064B4FF080521A60BFF34F8FCB
S214008160BFF36F8F00BFBD465DF8047B704700BF4E
S21400817004ED00E080B582B000AF80210E480BF021
S21400818012F84FF0500383F31188BFF36F8FBFF3DD
S2140081904F8F7B6000BF00F0DBFB0346002B01D057
S2140081A0FFF7D6FF00233B603B6883F3118800BFD0
S2140081B000BF0837BD4680BD0000044080B400AF55
S2140081C0114B1B78DBB2002B01D100BFFDE70F4B34
S2140081D01B78642B01D900BFFDE74FF060404FF4D9
S2140081E06D4140EA01004FF0080140EA01000068D6
S2140081F0006880F3088862B600DF00BF00BFBD4697
S2140082005DF8047B704700BFB083010090840100D6
S214008210054B19680868B0E8F04F80F309884FF0FE
S214008220000080F311887047C404002000BF00BF20
S214008230EFF30980114B1A681EF0100F08BF20EDEF
S214008240108A20E9F04F10602DE908404FF05000EA
S21400825080F3118800F09CFC4FF0000080F311883A
S214008260BDE8084019680868B0E8F04F1EF0100F27
S21400827008BFB0EC108A80F309887047C404002059
S21400828000BF00BF80B485B000AFEFF30583FB608E
S214008290FB680F2B15D9184AFB6813441B78FB7232
S2140082A0164B1B78FA7A9A420BD24FF0500383F3A0
S2140082B01188BFF36F8FBFF34F8F7B6000BF00BF87
S2140082C0FDE70F4B1B6803F4E0620E4B1B689A42F7
S2140082D00BD94FF0500383F31188BFF36F8FBFF3B2
S2140082E04F8F3B6000BF00BFFDE700BF1437BD46A1
S2140082F05DF8047B704700BFF0E300E0620C0020EE
S2140083000CED00E0C004002080B584B000AF7860BB
S214008310FFF7CEFE3E4B1B6801333D4A13603D4BD4
S2140083201B68002B09D13B4A7B681360384B1B68DF
S214008330012B10D100F08CFE0DE0374B1B68002B94
S21400834009D1344B1B68DA6A7B68DB6A9A4202D82A
S214008350304A7B681360314B1B6801332F4A136029
S2140083602E4B1A687B68DA637B68DA6A2C4B1B68CC
S2140083709A4203D97B68DB6A294A13607B68DA6A0B
S214008380284913469B0013449B000B4404331B6888
S214008390FB607B68FA689A60FB689A687B68DA60BC
S2140083A0FB689B687A6804325A607B681A1DFB6813
S2140083B09A607B68DA6A13469B0013449B00194A4E
S2140083C01A447B685A617B68DA6A164913469B0032
S2140083D013449B000B441B68591C124813469B0011
S2140083E013449B0003441960FFF798FE0A4B1B6872
S2140083F0002B08D0074B1B68DA6A7B68DB6A9A4258
S21400840001D2FFF7A5FE00BF1037BD4680BD00BFF6
S214008410B0050020C4040020BC050020CC050020C8
S214008420B8050020C804002080B584B000AF78608E
S2140084300023FB607B68002B18D000F039F9104B46
S2140084401B68012B0BD04FF0500383F31188BFF34A
S2140084506F8FBFF34F8FBB6000BF00BFFDE70021EB
S214008460786801F02FF900F031F9F860FB68002B0E
S21400847001D1FFF76DFE00BF1037BD4680BD00BFBF
S214008480D805002080B58AB000AF78607B68FB61B5
S214008490FB69002B0BD14FF0500383F31188BFF319
S2140084A06F8FBFF34F8FBB6000BF00BFFDE7334B3E
S2140084B01B68FA699A4203D1002387F8273056E0F2
S2140084C0FFF7F6FDFB695B69BB61FB699B6A7B6135
S2140084D02B4B1B683B612B4B1B68FB60FFF71EFE9C
S2140084E07B69294A934203D1012387F827303EE06F
S2140084F0BA693B699A4203D0BA69FB689A4203D1CB
S214008500022387F8273032E0BB69204A934220D105
S214008510FB699B6A002B18D1032387F827300023BA
S2140085203B620EE0FA693B6A134450331B78DBB2B9
S214008530012B03D1022387F8273018E03B6A01336A
S2140085403B623B6A002BEDDD11E0022387F8273003
S2140085500DE0BB690E4A934202D0BB69002B03D1E3
S214008560042387F8273002E0012387F8273097F89E
S214008570273018462837BD4680BD00BFC4040020FB
S214008580680500206C050020700500209C05002072
S2140085908405002080B588B002AF01237B610023EC
S2140085A0BB600023FB6011E01C4AFB68134419788B
S2140085B03A1DFB6813440A461A703A1DFB681344BA
S2140085C01B78002B06D0FB680133FB60FB68032B8F
S2140085D0EADD00E000BF00233B6115E0104BBB6006
S2140085E03B699B000F4A1344391D019300230093F7
S2140085F000232022B8680BF00BFF78617B69002B04
S21400860006D03B6901333B613B69002BE6DD00E0A9
S21400861000BF7B6918461837BD4680BD0071010053
S2140086202D900000D405002080B584B000AFFFF781
S214008630B1FFF860FB68012B02D101F02FF9F8605A
S214008640FB68012B16D14FF0500383F31188BFF35C
S2140086506F8FBFF34F8FBB6000BF114B4FF0FF32E1
S2140086601A60104B01221A600F4B00221A60FFF7A7
S214008670BDFC0FE0FB68B3F1FF3F0BD14FF050039A
S21400868083F31188BFF36F8FBFF34F8F7B6000BFFC
S21400869000BFFDE7054B1B6800BF1037BD4680BD19
S2140086A0D0050020BC050020B4050020AC830100E6
S2140086B080B400AF044B1B680133034A136000BF4D
S2140086C0BD465DF8047B7047D805002080B588B0AD
S2140086D000AF0023FB610023BB61FFF7E9FC00232A
S2140086E03B61724B1B68002B0BD14FF0500383F39A
S2140086F01188BFF36F8FBFF34F8F3B6000BF00BF83
S214008700FDE76A4B1B68013B684A1360674B1B68B2
S214008710002B40F0C380664B1B68002B00F0BE8029
S2140087208DE0644BDB68DB68FB61FB699B6AFB6082
S214008730FB69DB69FA69126A9A60FB691B6AFA6967
S214008740D2695A60FB685A68FB6918339A4203D1AB
S214008750FB691A6AFB685A60FB6900229A62FB682A
S2140087601B685A1EFB681A60FB695B69BB60FB6985
S2140087709B68FA69D2689A60FB69DB68FA69926856
S2140087805A60BB685A68FB6904339A4203D1FB6996
S214008790DA68BB685A60FB6900225A61BB681B68CE
S2140087A05A1EBB681A60FB69DA6A434B1B689A421A
S2140087B003D9FB69DB6A404A1360FB69DA6A3F4902
S2140087C013469B0013449B000B4404331B687B60DA
S2140087D0FB697A689A607B689A68FB69DA607B68EE
S2140087E09B68FA6904325A60FB691A1D7B689A60B6
S2140087F0FB69DA6A13469B0013449B002F4A1A440F
S214008800FB695A61FB69DA6A2C4913469B001344DC
S2140088109B000B441B68591C284813469B001344B6
S2140088209B0003441960FB69DA6A254B1B68DB6A08
S2140088309A4204D9234A3B69012142F823101D4B72
S2140088401B68002B7FF46DAFFB69002B01D000F096
S214008850FFFC1D4B1B687B617B69002B12D000F070
S21400886077F80346002B04D0164A3B69012142F8EC
S21400887023107B69013B7B617B69002BEFD1124B98
S21400888000221A600F4A3B6952F82330002B05D0AD
S2140088900123BB610A4B1B68FFF75AFCFFF73EFC3F
S2140088A0BB6918462037BD4680BD00BFD8050020EE
S2140088B0B005002070050020B8050020C804002080
S2140088C0C4040020C4050020C005002080B483B086
S2140088D000AF054B1B687B607B6818460C37BD46AF
S2140088E05DF8047B704700BFB405002080B400AF7D
S2140088F0034B1B681846BD465DF8047B704700BFF7
S214008900B005002080B485B000AF78607B68002B8F
S21400891002D10E4B1B6800E07B68FB60FB68002BF7
S2140089200BD14FF0500383F31188BFF36F8FBFF363
S2140089304F8FBB6000BF00BFFDE7FB6834331846AF
S2140089401437BD465DF8047B704700BFC4040020A2
S21400895080B58AB000AF00237B62824B1B68002B79
S21400896040F0F480804B1B6801333B627E4A3B6AD2
S21400897013603B6A002B21D17C4B1B681B68002BC5
S2140089800BD04FF0500383F31188BFF36F8FBFF304
S2140089904F8F7B6000BF00BFFDE7744B1B68FB6119
S2140089A0734B1B68714A1360714AFB691360714B05
S2140089B01B6801336F4A136000F04AFC6E4B1B685D
S2140089C03A6A9A42C0F0A780684B1B681B68002B67
S2140089D004D1694B4FF0FF321A609CE0634B1B6872
S2140089E0DB68DB68BB61BB695B687B613A6A7B6995
S2140089F09A4203D2604A7B6913608CE0BB695B696C
S214008A003B61BB699B68BA69D2689A60BB69DB68E0
S214008A10BA6992685A603B695A68BB6904339A42DD
S214008A2003D1BB69DA683B695A60BB6900225A61A8
S214008A303B691B685A1E3B691A60BB699B6A002B20
S214008A401ED0BB699B6AFB60BB69DB69BA69126AA8
S214008A509A60BB691B6ABA69D2695A60FB685A6831
S214008A60BB6918339A4203D1BB691A6AFB685A601D
S214008A70BB6900229A62FB681B685A1EFB681A6074
S214008A80BB69DA6A3D4B1B689A4203D9BB69DB6A4D
S214008A903A4A1360BB69DA6A394913469B001344A5
S214008AA09B000B4404331B68BB60BB69BA689A60C2
S214008AB0BB689A68BB69DA60BB689B68BA690432AF
S214008AC05A60BB691A1DBB689A60BB69DA6A1346AE
S214008AD09B0013449B002A4A1A44BB695A61BB692F
S214008AE0DA6A274913469B0013449B000B441B6815
S214008AF0591C234813469B0013449B0003441960EB
S214008B00BB69DA6A1F4B1B68DB6A9A427FF65CAF6A
S214008B1001237B6258E71B4B1B68DA6A1849134629
S214008B209B0013449B000B441B68012B01D90123B7
S214008B307B62154B1B68002B01D101F049F9134BE2
S214008B401B68002B09D001237B6206E00E4B1B68D6
S214008B5001330D4A136001F03BF97B6A184628374B
S214008B60BD4680BDD8050020B4050020680500205D
S214008B706C050020C8050020D0050020B8050020A0
S214008B80C8040020C4040020C0050020C40500203E
S214008B9080B584B000AF314B1B68002B03D0304B40
S214008BA001221A6055E02E4B00221A602D4B1B68DE
S214008BB01A682C4B1B681B6B9A4209D8294B1B68FA
S214008BC03433BB60274B1B68B96818460BF0E1FDD1
S214008BD0254B1B68FB6011E0FB68002B0BD14FF0A8
S214008BE0500383F31188BFF36F8FBFF34F8F3B6043
S214008BF000BF00BFFDE7FB68013BFB601B49FA684E
S214008C0013469B0013449B000B441B68002BE3D0C9
S214008C10FA6813469B0013449B00144A13447B6077
S214008C207B685B685A687B685A607B685A687B68B2
S214008C3008339A4203D17B68DA687B685A607B689F
S214008C405B68DB68074A1360074AFB681360054BDE
S214008C501B6800BF1037BD4680BD00BFD80500208A
S214008C60C4050020C4040020B8050020C804002065
S214008C7080B584B000AF786039607B68002B0BD17C
S214008C804FF0500383F31188BFF36F8FBFF34F8FFE
S214008C90FB6000BF00BFFDE7074B1B681833194693
S214008CA078680AF02EFB0121386800F00BFD00BF43
S214008CB01037BD4680BD00BFC404002080B586B016
S214008CC000AFF860B9607A60FB68002B0BD14FF0FC
S214008CD0500383F31188BFF36F8FBFF34F8F3B6151
S214008CE000BF00BFFDE7FB685B687B61154B1B6838
S214008CF07A69DA61134B1B687A6992681A62114BBB
S214008D001A687B699B6818325A600E4B1B6803F121
S214008D1018027B699A600B4B1B68FA689A62FB68BC
S214008D201B685A1CFB681A607B68002B02D04FF049
S214008D30FF33BB607968B86800F0C4FC00BF183722
S214008D40BD4680BDC404002080B48BB000AF786000
S214008D507B68DB68DB683B623B6A002B0BD14FF01D
S214008D60500383F31188BFF36F8FBFF34F8FFB6001
S214008D7000BF00BFFDE73B6A9B6AFB613B6ADB699D
S214008D803A6A126A9A603B6A1B6A3A6AD2695A6001
S214008D90FB695A683B6A18339A4203D13B6A1A6ADF
S214008DA0FB695A603B6A00229A62FB691B685A1E7E
S214008DB0FB691A604A4B1B68002B5FD13B6A5B69F4
S214008DC07B613B6A9B683A6AD2689A603B6ADB685A
S214008DD03A6A92685A607B695A683B6A04339A42D8
S214008DE003D13B6ADA687B695A603B6A00225A61A3
S214008DF07B691B685A1E7B691A603B6ADA6A394BC4
S214008E001B689A4203D93B6ADB6A364A13603B6AA0
S214008E10DA6A354913469B0013449B000B4404331F
S214008E201B683B613B6A3A699A603B699A683B6A91
S214008E30DA603B699B683A6A04325A603B6A1A1DDC
S214008E403B699A603B6ADA6A13469B0013449B00B0
S214008E50254A1A443B6A5A613B6ADA6A2249134633
S214008E609B0013449B000B441B68591C1E4813466A
S214008E709B0013449B00034419601BE01B4B5B687C
S214008E80BB613B6ABA69DA61BB699A683B6A1A6277
S214008E90BB699B683A6A18325A603B6A03F118024B
S214008EA0BB699A603B6A114A9A62104B1B68013391
S214008EB00E4A13603B6ADA6A0D4B1B68DB6A9A42FD
S214008EC005D901237B620B4B01221A6001E00023C7
S214008ED07B627B6A18462C37BD465DF8047B70477C
S214008EE0D8050020B8050020C80400207005002022
S214008EF0C4040020C405002080B483B000AF7860AE
S214008F00064B1A687B681A60054B1A687B685A60BD
S214008F1000BF0C37BD465DF8047B7047C8050020CF
S214008F20B405002080B588B000AF786039607B68F3
S214008F30002B0BD14FF0500383F31188BFF36F8FD4
S214008F40BFF34F8F3B6100BF00BFFDE73B68002BC0
S214008F500BD14FF0500383F31188BFF36F8FBFF32D
S214008F604F8FFB6000BF00BFFDE7FFF7A1F8264B61
S214008F701B68BB617B685B68BA69D31A7B61234B4D
S214008F801B6893F85130002B07D0204B1B6800223B
S214008F9083F851200123FB612EE03B681B68B3F188
S214008FA0FF3F02D10023FB6126E07B681A68184B5E
S214008FB01B689A420AD07B685B68BA699A4205D3F6
S214008FC00123FB613B6800221A6015E03B681B68C2
S214008FD07A699A420BD23B681A687B69D21A3B6858
S214008FE01A607868FFF788FF0023FB6104E03B689F
S214008FF000221A600123FB61FFF790F8FB69184610
S2140090002037BD4680BD00BFB4050020C404002044
S214009010C805002080B400AF034B01221A6000BFD1
S214009020BD465DF8047B7047C405002080B582B05D
S21400903000AF786000F04CF8044B1B68012B01D998
S214009040FFF786F80BF0C7FBF4E700BFC804002064
S21400905080B582B000AF00237B600CE07A681346D0
S2140090609B0013449B00124A134418460AF01CF94E
S2140090707B6801337B607B68052BEFD90D480AF0CF
S21400908013F90D480AF010F90C480AF00DF90C48CF
S2140090900AF00AF90B480AF007F90B4B054A1A6062
S2140090A00A4B054A1A6000BF0837BD4680BD00BFA0
S2140090B0C80400204005002054050020700500204C
S2140090C0840500209C050020680500206C05002013
S2140090D080B582B000AF19E0FEF7EAFF104BDB6800
S2140090E0DB687B607B68043318460AF043F90D4B57
S2140090F01B68013B0B4A13600B4B1B68013B0A4A7B
S2140091001360FFF70BF878680BF055FA064B1B68F0
S214009110002BE1D100BF00BF0837BD4680BD00BFB1
S21400912084050020B00500209805002080B586B094
S21400913000AFF860B9607A60FB70FB68002B02D164
S214009140414B1B6800E0FB683B61BB683A691A60EC
S2140091503B6903F13402BB685A603B69DA6ABB6854
S2140091601A613B691A6BBB68DA613B691A68BB68AF
S2140091701A623B699A6BBB685A623B69DA6BBB68DA
S2140091809A603B695A6CBB685A61BB6800229A6158
S214009190FB78052B3CD02C4B1B683A699A4203D1CE
S2140091A0BB6800221A733AE0BB68FA781A73FB7839
S2140091B0032B20D1FFF77CFA3B699B6A002B03D078
S2140091C0BB6802221A7314E000237B610EE03A6942
S2140091D07B69134450331B78DBB2012B03D1BB6889
S2140091E002221A7305E07B6901337B617B69002BE1
S2140091F0EDDDFFF76BFAFEF75BFF3B699B6A134AF0
S214009200934202D1BB6801221A73FEF787FF06E07D
S2140092103869FFF737F903461A46BB681A737B6846
S214009220002B09D03B691B6B18460BF0A8F90346C8
S2140092301A46BB681A8502E0BB6800221A8500BF82
S2140092401837BD4680BD00BFC4040020700500204E
S21400925080B400AF0A4B1B681B68002B04D1094B77
S2140092604FF0FF321A6005E0054B1B68DB681B6891
S214009270044A136000BFBD465DF8047B704700BF1C
S21400928068050020D005002080B483B000AF054BF1
S2140092901B687B607B6818460C37BD465DF8047B10
S2140092A0704700BFC404002080B483B000AF0B4BEF
S2140092B01B68002B02D101237B6008E0084B1B686B
S2140092C0002B02D102237B6001E000237B607B68D9
S2140092D018460C37BD465DF8047B7047BC05002079
S2140092E0D805002080B586B000AF78607B683B610B
S2140092F000237B617B68002B7BD03B69DA6A3F4B9F
S2140093001B68DB6A9A426BD23B699B6903F4004395
S214009310002B06D1394B1B68DB6AC3F106023B699A
S2140093209A613B6959693B69DA6A13469B001344A4
S2140093309B00334A134499424AD13B69043318468A
S2140093400AF018F82D4B1B68DA6A3B69DA623B694B
S214009350DA6A2C4B1B689A4203D93B69DB6A294AB6
S21400936013603B69DA6A264913469B0013449B0048
S2140093700B4404331B68FB603B69FA689A60FB6821
S2140093809A683B69DA60FB689B683A6904325A60FF
S2140093903B691A1DFB689A603B69DA6A13469B00B4
S2140093A013449B00164A1A443B695A613B69DA6AC1
S2140093B0134913469B0013449B000B441B68591C1F
S2140093C00F4813469B0013449B000344196004E0B7
S2140093D00A4B1B68DA6A3B69DA6201237B6108E0A4
S2140093E03B695A6C054B1B68DB6A9A4201D2012323
S2140093F07B617B6918461837BD4680BDC4040020D3
S214009400C8040020B805002080B588B000AF78609A
S2140094107B68BB610023FB617B68002B00F08180CA
S214009420424B1B68BA699A420BD04FF0500383F345
S2140094301188BFF36F8FBFF34F8F3B6100BF00BF34
S214009440FDE7BB699B6C002B0BD14FF0500383F3F9
S2140094501188BFF36F8FBFF34F8FFB6000BF00BF55
S214009460FDE7BB699B6C5A1EBB699A64BB69DA6AE6
S214009470BB695B6C9A4254D0BB699B6C002B50D185
S214009480BB690433184609F075FFBB695A6CBB69A3
S214009490DA62BB69DB6AC3F10602BB699A61BB6923
S2140094A0DA6A234B1B689A4203D9BB69DB6A204AF7
S2140094B01360BB69DA6A1F4913469B0013449B007E
S2140094C00B4404331B687B61BB697A699A607B69CD
S2140094D09A68BB69DA607B699B68BA6904325A602D
S2140094E0BB691A1D7B699A60BB69DA6A13469B00E2
S2140094F013449B000F4A1A44BB695A61BB69DA6A77
S2140095000C4913469B0013449B000B441B68591CD4
S214009510084813469B0013449B000344196001232C
S214009520FB61FB6918462037BD4680BDC404002099
S214009530B8050020C804002080B58AB000AF786067
S21400954039607B683B620123FB617B68002B00F07F
S21400955097803B6A9B6C002B0BD14FF0500383F334
S2140095601188BFF36F8FBFF34F8F3B6100BF00BF03
S214009570FDE73B6A5B6C3A689A4202D93B687B62BD
S21400958002E03B6A5B6C7B623B6ADB6A7A6A9A4201
S21400959076D03B6A9B6CFA699A4271D13A4B1B684B
S2140095A03A6A9A420BD14FF0500383F31188BFF307
S2140095B06F8FBFF34F8FFB6000BF00BFFDE73B6AB6
S2140095C0DB6ABB613B6A7A6ADA623B6A9B6903F4D0
S2140095D00043002B04D17B6AC3F106023B6A9A6102
S2140095E03B6A5969BA6913469B0013449B00274A95
S2140095F01344994244D13B6A0433184609F0BAFE34
S2140096003B6ADA6A224B1B689A4203D93B6ADB6ADA
S2140096101F4A13603B6ADA6A1C4913469B001344D0
S2140096209B000B4404331B687B613B6A7A699A6033
S2140096307B699A683B6ADA607B699B683A6A04329F
S2140096405A603B6A1A1D7B699A603B6ADA6A13465F
S2140096509B0013449B000D4A1A443B6A5A613B6ABE
S214009660DA6A0A4913469B0013449B000B441B68A6
S214009670591C064813469B0013449B00034419607C
S21400968000BF2837BD4680BDC4040020C8040020A3
S214009690B805002080B483B000AF094B1B687B6020
S2140096A07B68002B04D07B689B6C5A1C7B689A6492
S2140096B07B6818460C37BD465DF8047B704700BFD4
S2140096C0C404002080B588B000AF78603960324BA3
S2140096D01B68FB61314B1B68BB61314B1B687B61B0
S2140096E0304B1B68002283F851202E4B1B68043336
S2140096F0184609F03FFE7B68B3F1FF3F24D13B6874
S214009700002B21D0284B5B683B61264B1B683A69CF
S2140097109A60244B1B683A699268DA60214B1A6893
S2140097203B699B6804325A601E4B1B681A1D3B69D6
S2140097309A601C4B1B681C4A5A611B4B1B68013302
S214009740194A136000BF22E0FA697B681344FB6085
S214009750144B1B68FA685A60FA68FB699A4207D28B
S214009760104B1B6804331946786909F0CAFD0EE0F1
S2140097700C4B1B6804331946B86909F0C2FD0B4B45
S2140097801B68FA689A4202D2084AFB68136000BF58
S2140097902037BD4680BD00BFB40500206805002008
S2140097A06C050020C40400209C050020D005002085
S2140097B080B584B000AF786039600623FB60002374
S2140097C0BB60FEF775FFFB68013BFB60FA6813465B
S2140097D09B0013449B00184A981807F108033A6840
S2140097E079680AF0F8FEFB68002BECD1134B18687A
S2140097F007F108033A6879680AF0EDFE104B18681E
S21400980007F108033A6879680AF0E5FE07F10803ED
S2140098103A6879680B480AF0DEFE07F108033A68F2
S214009820796809480AF0D7FEFEF750FFBB6818466D
S2140098301037BD4680BD00BFC80400206805002064
S2140098406C0500209C0500208405002080B586B0AD
S21400985000AFF860B9607A603B60FEF729FCFB68F1
S214009860002B02D10C4B1B6800E0FB687B617B6918
S2140098709A6BBB681A607B691A6B7B681A607B6997
S2140098801A683B681A603B6A00221A70FEF746FCAC
S21400989000BF1837BD4680BDC404002080B584B024
S2140098A002AF00237B6000F069FA114B1B68002BA7
S2140098B00AD0104B019305230093002364220E491F
S2140098C00E480AF0A5FD78607B68002B0BD14FF0A0
S2140098D0500383F31188BFF36F8FBFF34F8F3B6046
S2140098E000BF00BFFDE77B6818460837BD4680BD51
S2140098F00C06002010060020087101006D470100CC
S21400990080B58AB000AFF860B9607A603B6000232B
S2140099107B62FB68002B0BD14FF0500383F311885A
S214009920BFF36F8FBFF34F8F3B6200BF00BFFDE7F3
S2140099301C4B1B68002B2FD0BB683B617B687B6190
S214009940FB68BB61BB68052B0BDD4FF0500383F350
S2140099501188BFF36F8FBFF34F8FFB6100BF00BF4F
S214009960FDE7BB68052B17DCFFF79EFC0346022BC2
S21400997009D10C4B186807F1100100233A6B09F067
S214009980BFFE786208E0074B186807F11001002355
S214009990002209F0B5FE78627B6A18462837BD4675
S2140099A080BD00BF0C06002080B584B000AF786094
S2140099B03960144B1B68DB68DB68FB60FB680433AC
S2140099C0184609F0D7FCFB6893F8283003F0040328
S2140099D0002B05D03A687968F8680AF0A6FE08E019
S2140099E0FB6893F8283023F00103DAB2FB6883F8AB
S2140099F02820FB681B6AF868984700BF1037BD46EA
S214009A0080BD00BF0406002080B584B000AF78603B
S214009A103960FEF74DFE07F10803184600F05EF8C1
S214009A20F860BB68002B2AD13B68002B0AD17A6805
S214009A30FB689A4206D8FEF749FEF9687868FFF791
S214009A40B3FF1EE03B68002B08D0104B1B681B685A
S214009A50002B01D1012300E000233B600C4B18686B
S214009A607A68FB68D31A3A6819460AF0EDFBFEF7E7
S214009A702DFE0346002B04D1FEF76AFB01E0FEF73D
S214009A8025FE00BF1037BD4680BD00BF080600207B
S214009A900C06002080B485B000AF78600E4B1B68C3
S214009AA01B68002B01D1012200E000227B681A60AF
S214009AB07B681B68002B05D1074B1B68DB681B689F
S214009AC0FB6001E00023FB60FB6818461437BD46C8
S214009AD05DF8047B704700BF0406002080B584B0A4
S214009AE000AF7860FEF7F2FEF8600B4B1B68FA6872
S214009AF09A4205D200F01CF97B6801221A6002E047
S214009B007B6800221A60044AFB681360FB681846EC
S214009B101037BD4680BD00BF1406002080B586B055
S214009B2000AFF860B9607A603B6000237B61FB6839
S214009B30BA685A60FB68FA681A61BA687B689A4223
S214009B4012D87A683B68D21AFB689B699A4202D39D
S214009B5001237B611BE0104B1A68FB68043319462F
S214009B60104609F0CEFB12E07A683B689A4206D2AD
S214009B70BA683B689A4202D301237B6107E0074B31
S214009B801A68FB6804331946104609F0BAFB7B696D
S214009B9018461837BD4680BD08060020040600207B
S214009BA080B588B000AF07F1080300221A605A603B
S214009BB09A60A9E0BB68002BC0F2A6803B69FB61F7
S214009BC0FB695B69002B04D0FB690433184609F077
S214009BD0D1FB3B1D1846FFF781FFB861BB68013B10
S214009BE0082B00F28E8001A252F823F0119C000090
S214009BF0119C0000799C00008D9C0000D99C000000
S214009C00119C0000119C0000799C00008D9C0000B7
S214009C10FB6993F8283043F00103DAB2FB6983F856
S214009C202820FA68FB699B69D118FB68BA69F8694D
S214009C30FFF774FF0346002B65D0FB6993F82830C6
S214009C4003F00403002B09D0FA68FB699B691344F0
S214009C50BA691946F8690AF068FD08E0FB6993F8E6
S214009C60283023F00103DAB2FB6983F82820FB6969
S214009C701B6AF869984746E0FB6993F8283023F09A
S214009C800103DAB2FB6983F828203DE0FB6993F80C
S214009C90283043F00103DAB2FB6983F82820FA681B
S214009CA0FB699A61FB699B69002B0BD14FF050034F
S214009CB083F31188BFF36F8FBFF34F8F7B6100BFB5
S214009CC000BFFDE7FB699A69BB69D118BB69BA6931
S214009CD0F869FFF723FF17E0FB6993F8283003F0D5
S214009CE00203002B03D1F869FDF750FF0CE0FB6977
S214009CF093F8283023F00103DAB2FB6983F82820B2
S214009D0002E000BF00E000BF084B1B6807F1080137
S214009D100022184609F07EFF0346002B7FF44AAF68
S214009D2000BF00BF2037BD4680BD00BF0C06002028
S214009D3080B582B000AF09E00E4B1B68DB681B687D
S214009D403B604FF0FF313868FFF72EFE094B1B686B
S214009D501B68002BF0D1074B1B687B60064B1B680B
S214009D60044A1360044A7B68136000BF0837BD4688
S214009D7080BD00BF040600200806002080B500AFA6
S214009D80FEF796F90D4B1B68002B13D10C4809F013
S214009D908BFA0C4809F088FA0B4B094A1A600B4BF1
S214009DA0084A1A6000220C210A2009F096FB034696
S214009DB0024A1360FEF7B2F900BF80BD0C06002011
S214009DC0DC050020F0050020040600200806002020
S214009DD080B500AF074B1B680133064A1360054B7E
S214009DE01B68092B04DDFAF7A9FA024B00221A6059
S214009DF000BF80BD1806002090B583B002AFAA2130
S214009E0012480AF0EEFC124B00930023002241F2A7
S214009E10883110480AF02FFC03460F4A13600E4B99
S214009E201B68002B01D100BFFDE70B4B1C68FEF73B
S214009E304DFD024664230093002301212046FFF7D0
S214009E405FFD00BF0437BD4690BD00BF00E0074081
S214009E5001480100107101001C06002080B485B086
S214009E6000AF78600B46FB707B681B0CFB737B684F
S214009E701B0ABB737B687B73FB7BFA7802FB03F3DE
S214009E80124AA2FB0323DB09FB73BB7BFA7802FBB7
S214009E9003F30E4AA2FB0323DB09BB737B7BFA7832
S214009EA002FB03F3094AA2FB0323DB097B73FB7B5C
S214009EB01A04BB7B1B021A437B7B13437B607B68C5
S214009EC018461437BD465DF8047B70478180808055
S214009ED080B487B000AFF860B96011461A460B46EA
S214009EE0FB711346BB71FB68042B05D9FB68062B78
S214009EF002D8BB68272B01D90223B6E0BA681346FE
S214009F005B001344DB007B6100233B6133E097F981
S214009F100630002B12DA584A7B6913441B785AB273
S214009F200121FB6801FA03F35BB213435BB2D9B2BB
S214009F30514A7B6913440A461A7013E04E4A7B69FD
S214009F4013441B785AB20121FB6801FA03F35BB293
S214009F50DB435BB213405BB2D9B2474A7B6913441A
S214009F600A461A70BB795B00BB717B6901337B6163
S214009F703B6901333B613B69072BC8DD00233B612E
S214009F8033E097F90730002B12DA3B4A7B6913441B
S214009F901B785AB20121FB6801FA03F35BB2134344
S214009FA05BB2D9B2344A7B6913440A461A7013E08E
S214009FB0314A7B6913441B785AB20121FB6801FAC7
S214009FC003F35BB2DB435BB213405BB2D9B22A4AFF
S214009FD07B6913440A461A70FB795B00FB717B6948
S214009FE001337B613B6901333B613B69072BC8DD6D
S214009FF000233B6135E097F92030002B12DA1E4A29
S21400A0007B6913441B785AB20121FB6801FA03F3FB
S21400A0105BB213435BB2D9B2174A7B6913440A4654
S21400A0201A7013E0144A7B6913441B785AB2012154
S21400A030FB6801FA03F35BB2DB435BB213405BB22F
S21400A040D9B20D4A7B6913440A461A7097F8203035
S21400A0505B0087F820307B6901337B613B69013305
S21400A0603B613B69072BC6DD002318461C37BD46FF
S21400A0705DF8047B704700BF2006002080B489B0DE
S21400A08000AFF860B9607A603B60FB68042B05D9C6
S21400A090FB68062B02D8BB68272B01D9022372E087
S21400A0A000237B767B7EBB76BB7EFB76BA68134648
S21400A0B05B001344DB00FB6100237B6118E0BB7E82
S21400A0C05B00BB76334AFB6913441B781A46FB6871
S21400A0D042FA03F303F00103002B03D0BB7E43F0E8
S21400A0E00103BB76FB690133FB617B6901337B614E
S21400A0F07B69072BE3DD00237B6118E0FB7E5B00BA
S21400A100FB76244AFB6913441B781A46FB6842FA1E
S21400A11003F303F00103002B03D0FB7E43F001039F
S21400A120FB76FB690133FB617B6901337B617B69ED
S21400A130072BE3DD00237B6118E07B7E5B007B76EC
S21400A140144AFB6913441B781A46FB6842FA03F369
S21400A15003F00103002B03D07B7E43F001037B76E4
S21400A160FB690133FB617B6901337B617B69072BEC
S21400A170E3DD7B68FA7E1A703B68BA7E1A70BB6AAB
S21400A1807A7E1A70002318462437BD465DF8047B95
S21400A190704700BF2006002080B500AF4FF47072F5
S21400A1A0002103480BF048FC0023184680BD00BF82
S21400A1B02006002080B500AF044B4FF4707118469F
S21400A1C000F02EFF0346184680BD00BF2006002084
S21400A1D080B58AB000AF78607B685B681A463F49F6
S21400A1E03F4807F06CF807F10803022220211846C2
S21400A1F0FAF7BCFE07F108033A4A2021184607F092
S21400A200A6F97B685A6807F108031946364807F02E
S21400A21056F807F10803052220211846FAF7A6FE8D
S21400A22007F108032F4A2021184607F090F97B68AB
S21400A2305A6807F1080319462C4807F040F807F15A
S21400A2400803062220211846FAF790FE07F10803B5
S21400A250244A2021184607F07AF97B685A6807F1E5
S21400A26008031946224807F02AF807F108032822AF
S21400A27020211846FAF77AFE07F10803194A20212A
S21400A280184607F064F97B685A6807F10803194610
S21400A290184807F014F807F1080350222021184642
S21400A2A0FAF764FE07F108030E4A2021184607F065
S21400A2B04EF97B685A6807F1080319460E4806F0FF
S21400A2C0FEFF7B685B681A460C490D4806F0F7FFF0
S21400A2D0002318462837BD4680BD00BF1C7101000C
S21400A2E03471010084750100387101004471010069
S21400A2F0507101005C7101006C7101007871010001
S21400A3008071010080B58AB000AFF860B9607A60ED
S21400A310002387F827307049F8680BF09DFB03464A
S21400A320002B06D06D49F8680BF096FB0346002B11
S21400A33027D17B685B681A4669496A4806F0ADFF14
S21400A3407B685B681A466849684806F0A6FF7B6823
S21400A3505B681A466649674806F09FFF7B685B683D
S21400A3601A466549654806F098FF7B685B681A469A
S21400A3706349644806F091FFBB6801221A70002307
S21400A380A5E06149F8680BF067FB0346002B06D092
S21400A3905E49F8680BF060FB0346002B07D1BB68EC
S21400A3A001221A707868FFF713FF03468FE05849BA
S21400A3B0F8680BF051FB0346002B08D1FFF7ECFEC4
S21400A3C0FFF7F8FEBB6801221A7000237FE00B221D
S21400A3D05049F8680BF0ABFB0346002B1FD1BB6857
S21400A3E001221A70FB680B33BB6107F1140207F1F8
S21400A3F018031146184607F0E5FE034687F827308F
S21400A40097F82730002B02D097F827305FE07B695B
S21400A41018460AF070FAFFF7CDFE002357E0082230
S21400A4203D49F8680BF083FB0346002B4DD1BB6813
S21400A43001221A70FB680833BB6107F1200207F19E
S21400A44018031146184607F029FB034687F82730FD
S21400A45097F82730002B36D13B6A042B33DD3B6A56
S21400A460062B30DC07F11C0207F1180311461846CC
S21400A47007F014FB034687F8273097F82730002BA1
S21400A48021D1FB69002B1EDBFB69272B1BDC07F1A8
S21400A490140207F118031146184607F093FE034608
S21400A4A087F8273097F82730002B02D097F8273008
S21400A4B00DE03B6A1846FB6919467B691A460AF0A6
S21400A4C0B5F9FFF777FE002301E097F82730184626
S21400A4D02837BD4680BD00BF8C6701008C71010027
S21400A4E09871010034710100346001005860010069
S21400A4F0B0710100C4710100D0710100F07101005B
S21400A50004720100387201009C6701005472010059
S21400A51060720100707201007C72010080B582B02A
S21400A52000AF78601422044978680BF083FA00BF05
S21400A5300837BD4680BD00BFC083010080B489B027
S21400A54000AFF860B9607A60BB68002B0ADABB68B7
S21400A55003F58753BB607B6803F587537B60FB6816
S21400A5602833FB60FB68002B02DAFB682833FB60AD
S21400A570FB686C2202FB03F3BB61BB696B337B6138
S21400A580BA69BB689A4205DBBA697B689A4201DC05
S21400A590BB69BB607A69BB689A4205DB7A697B68EF
S21400A5A09A4201DC7B697B607A69BB689A4214DB5D
S21400A5B0BA697B689A4210DC7A68BB68D31A0133A2
S21400A5C03B613A6913461B029B1A084A82FB031238
S21400A5D05211DB17D31AFB6101E00023FB61FB6914
S21400A5E018462437BD465DF8047B7047F712DA4BF1
S21400A5F090B58DB002AFF860B9607A60FB70FB680A
S21400A6003633FB60FB68002B14DAFB685B42FB60AA
S21400A610FB689A4A82FB03121A441113DA178A1A45
S21400A6204FF4875101FB02F29B1AFB60FB68C3F5EF
S21400A6308753FB60FB68914A82FB03121A4411138E
S21400A640DA178A1A4FF4875101FB02F29B1AFB6055
S21400A650FB688B4A82FB03125211DB17D31A3B624C
S21400A6603B6A581EFB68A3F13601FB6835331A4671
S21400A670FFF764FF03463B61FB68A3F13601FB6806
S21400A68035331A46386AFFF759FF03467B613B6A43
S21400A690581CFB68A3F13601FB6835331A46FFF7F2
S21400A6A04DFF0346BB613B69BA6B02FB03F3754A79
S21400A6B082FB03121A44D211DB17D31AFB773B69CD
S21400A6C0FA6B02FB03F36F4A82FB03121A44D211A1
S21400A6D0DB17D31ABB773B693A6C02FB03F3694A74
S21400A6E082FB03121A44D211DB17D31A7B773B6A1C
S21400A6F0013B7B627B6A002B01DA27237B62FB78B7
S21400A70083F00103DBB2002B06D07B6A002B03D05C
S21400A7107B6AC3F128037B62FB7F002B05D1BB7FDE
S21400A720002B02D17B7F002B0CD0B8687A687B6A3E
S21400A73013441C46B97FFA7F7B7F00930B46214665
S21400A740FFF7C6FB7B69BA6B02FB03F34D4A82FB3D
S21400A75003121A44D211DB17D31AFB777B69FA6B04
S21400A76002FB03F3474A82FB03121A44D211DB179B
S21400A770D31ABB777B693A6C02FB03F3414A82FB30
S21400A78003121A44D211DB17D31A7B773B6A7B621B
S21400A790FB7883F00103DBB2002B06D07B6A002B2C
S21400A7A003D07B6AC3F128037B62FB7F002B05D1B5
S21400A7B0BB7F002B02D17B7F002B0CD0B8687A6859
S21400A7C07B6A13441C46B97FFA7F7B7F00930B4657
S21400A7D02146FFF77DFBBB69BA6B02FB03F3294AF0
S21400A7E082FB03121A44D211DB17D31AFB77BB691C
S21400A7F0FA6B02FB03F3234A82FB03121A44D211BC
S21400A800DB17D31ABB77BB693A6C02FB03F31D4A0E
S21400A81082FB03121A44D211DB17D31A7B773B6AEA
S21400A82001337B627B6A272B01DD00237B62FB788A
S21400A83083F00103DBB2002B06D07B6A002B03D02B
S21400A8407B6AC3F128037B62FB7F002B05D1BB7FAD
S21400A850002B02D17B7F002B0CD0B8687A687B6A0D
S21400A86013441C46B97FFA7F7B7F00930B46214634
S21400A870FFF72EFB00BF2C37BD4690BD49D6B9F278
S21400A880F712DA4B8180808080B586B000AFF86022
S21400A890B9607A60FB687B61294A7968B86806F017
S21400A8A056FE7B691B7C002B01D0264B00E0264B16
S21400A8B01A467968B86806F04AFE7B695B7C1A041B
S21400A8C07B699B7C1B0213437A69D27C13433B61F2
S21400A8D01E4A7968B86806F03AFE3A697968B86838
S21400A8E007F040F81A4A7968B86806F030FE7B69C7
S21400A8F05B681A467968B86807F0B8F8154A796848
S21400A900B86806F024FE7B699B681A467968B868C2
S21400A91007F0ACF8104A7968B86806F018FE7B694C
S21400A9201B78002B01D0074B00E0074B1A467968CE
S21400A930B86806F00CFE00BF1837BD4680BD00BFE5
S21400A9408872010094720100987201009C720100E6
S21400A950A8720100B4720100C072010080B586B012
S21400A96000AFF860B9607A60FB687B61144A79686A
S21400A970B86806F0ECFD7B691B7B002B01D0114B01
S21400A98000E0114B1A467968B86806F0E0FD7B696E
S21400A9905B7B1A047B699B7B1B0213437A69D27B21
S21400A9A013433B61094A7968B86806F0D0FD3A69F6
S21400A9B07968B86806F0D6FF00BF1837BD4680BD78
S21400A9C08872010094720100987201009C72010066
S21400A9D080B483B000AF03463960FB7197F9073047
S21400A9E0002B0ADB3B68DAB20C4997F907301201F4
S21400A9F0D2B20B4483F800230AE03B68DAB2084977
S21400AA00FB7903F00F03043B1201D2B20B441A7613
S21400AA1000BF0C37BD465DF8047B704700E100E0E0
S21400AA2000ED00E080B400AF1B4B1B6803F0800312
S21400AA30002B05D0184B1B68174A23F080031360C1
S21400AA40154BDB6803F08003002B05D0124BDB6848
S21400AA50114A23F08003D3600F4B5B6903F0800339
S21400AA60002B05D00C4B5B690B4A23F08003536127
S21400AA70094BDB6903F08003002B05D0064BDB692E
S21400AA80054A23F08003D361BFF34F8F00BF00BF9A
S21400AA90BD465DF8047B70470080034080B500AF7C
S21400AAA023480AF08BF8234B00221A60214B1B68C0
S21400AAB0204A23F0980313601E4B1B681D4A23F0A0
S21400AAC0870313601B4B00225A601A4B3C229A6085
S21400AAD0184B1022DA60174B10225A61154B1022C1
S21400AAE0DA61144B0A221A61124B1A229A61114B30
S21400AAF033221A620F4BDB6843F040030D4A23F003
S21400AB008003D3600B4B5B6943F04003094A23F094
S21400AB1080035361074BDB6943F04003054A23F08B
S21400AB208003D36100212A20FFF752FF00BF80BDBB
S21400AB3018003C100080034080B400AF134B002286
S21400AB405A60124BDB6843F04003104A23F0800340
S21400AB50D3600E4B5B6943F040030C4A23F080033E
S21400AB6053610A4BDB6943F04003084A23F0800335
S21400AB70D361064B1B6823F09803044A43F008038E
S21400AB80136000BFBD465DF8047B7047008003403D
S21400AB9080B400AF174B1B68164A23F09803136067
S21400ABA0144BDB68134A23F0C003D360114B5B6978
S21400ABB0104A23F0C00353610E4BDB690D4A23F0A5
S21400ABC0C003D3610B4BDB680A4A23F08003D360D3
S21400ABD0084B5B69074A23F080035361054BDB692A
S21400ABE0044A23F08003D36100BFBD465DF8047BB2
S21400ABF0704700BF0080034080B582B000AF0023DE
S21400AC007B6061E0B64A7B6880335B0113440022B8
S21400AC101A60B34A7B6880335B0113440433002216
S21400AC201A80AF4A7B6880335B01134406330022E8
S21400AC301A80AB4A7B685B01134403F580530833E4
S21400AC4000221A60A64A7B685B01134403F5805312
S21400AC500C3300221A60A24A7B685B01134403F59A
S21400AC608053103300221A609D4A7B685B011344B0
S21400AC7003F58053143300221A80994A7B685B01DF
S21400AC80134403F58053163301221A80944A7B68D6
S21400AC905B01134403F58053183300221A60904A70
S21400ACA07B685B01134403F580531C3300221A8033
S21400ACB08B4A7B685B01134403F580531E330122E5
S21400ACC01A807B6801337B607B68022B9ADD844B9D
S21400ACD01B68834A43F080031360814B03F580535F
S21400ACE01A46012393607E4B03F580531A460123D0
S21400ACF093627B4B03F580531A4601239364784B8B
S21400AD0003F58053DB889BB2754AC3F30A0399B2F6
S21400AD1002F580530A46DA80714B03F58053DB8CCC
S21400AD209BB26F4AC3F30A0399B202F580530A46F0
S21400AD30DA846B4B03F58053B3F846309BB2684A0F
S21400AD40C3F30A0399B202F580530A46A3F84620D5
S21400AD50634B03F5805300229A80614B03F58053C2
S21400AD6001229A845E4B03F580530022A3F8442008
S21400AD705B4B03F58053DB889BB2594A23F4E063B0
S21400AD8099B202F580530A46DA80554B03F5805394
S21400AD90DB8C9BB2524A23F4E06399B202F58053EF
S21400ADA00A46DA844E4B03F58053B3F846309BB21E
S21400ADB04B4A23F4E06399B202F580530A46A3F89F
S21400ADC04620484809F0FAFE454B03F580531A46DC
S21400ADD0454B1361424B03F580531A46434B1363AE
S21400ADE03F4B03F580531A46414B13653C4B03F526
S21400ADF08053DB889BB23A4A23F0F80399B202F5F7
S21400AE0080530A46DA80364B03F58053DB8C9BB2C0
S21400AE10334A23F0F80399B202F580530A46DA84DF
S21400AE202F4B03F58053B3F846309BB22C4A23F0E1
S21400AE30F80399B202F580530A46A3F84620284B39
S21400AE4003F5805300229A82254B03F58053002297
S21400AE509A86234B03F580530022A3F85420204BF8
S21400AE6003F58053DB889BB21D4A23F0070399B293
S21400AE7002F580530A46DA80194B03F58053DB8CC3
S21400AE809BB2174A23F0070399B202F580530A468D
S21400AE90DA84134B03F58053B3F846309BB2104A5E
S21400AEA023F0070399B202F580530A46A3F846201A
S21400AEB00B4B03F580539B8B9BB21BB243F00803EE
S21400AEC01AB2074B92B203F580539A83044B03F5EC
S21400AED080539B8F9BB21BB243F008030AE000BF6F
S21400AEE0008000400C00381084F00F4080F00F40C7
S21400AEF088F00F401AB2484B92B203F580539A87F7
S21400AF00454B03F58053B3F85C309BB21BB243F05D
S21400AF1008031AB2404B92B203F58053A3F85C20A4
S21400AF203E48F5F70BFE3D4B1B78DBB23B4A03F081
S21400AF307F03DBB21370394B5B78DBB2374A03F022
S21400AF407F03DBB25370354B9B78DBB2334A03F09A
S21400AF507F03DBB29370314B1B78DBB22F4A23F0B2
S21400AF604003DBB213702D4B5B78DBB22B4A23F029
S21400AF704003DBB25370294B9B78DBB2274A23F0A1
S21400AF804003DBB29370254B1B78DBB25BB223F039
S21400AF903F035BB243F014035AB2204BD2B21A708E
S21400AFA01E4B5B78DBB25BB223F03F035BB243F031
S21400AFB015035AB2194BD2B25A70184B9B78DBB2B3
S21400AFC05BB223F03F035BB243F016035AB2134B57
S21400AFD0D2B29A70114B1B78DBB25BB263F07F0380
S21400AFE05AB20E4BD2B21A700C4B5B78DBB25BB225
S21400AFF063F07F035AB2094BD2B25A70074B9B7864
S21400B000DBB25BB263F07F035AB2044BD2B29A70E3
S21400B01000BF0837BD4680BD0080004000100240DB
S21400B02080B586B000AF786039609E4B00221A77F4
S21400B0309C4B01221A779B4B02221A77994A9A4B0D
S21400B04002F580521360974B03F580531A467B68CF
S21400B0501362944A944B02F580521364914B03F5A5
S21400B0608053DB8A9BB21BB223F4FF4323F07F039B
S21400B0701AB23B681BB213431AB28A4B92B203F55C
S21400B0808053DA82874B03F58053DB8E9BB21BB26C
S21400B09023F4FF4323F07F031AB23B681BB213432B
S21400B0A01AB2804B92B203F58053DA867D4B03F5D5
S21400B0B08053B3F856309BB21BB223F4FF4323F001
S21400B0C07F031AB23B681BB213431AB2754B92B297
S21400B0D003F58053A3F85620724B03F58053DB8BA1
S21400B0E09BB21BB223F4FF4323F07F031AB23B68E4
S21400B0F01BB213431AB26B4B92B203F58053DA833A
S21400B100684B03F58053DB8F9BB21BB223F4FF43DF
S21400B11023F07F031AB23B681BB213431AB2614B8B
S21400B12092B203F58053DA875E4B03F58053B3F88B
S21400B1305E309BB21BB223F4FF4323F07F031AB2A8
S21400B1403B681BB213431AB2564B92B203F58053B8
S21400B150A3F85E20554B00225A60544BFF221A6516
S21400B160524B1B68514A23F080031360504B1B78E8
S21400B170DBB25BB263F07F035AB24D4BD2B21A70A9
S21400B1804B4B5B78DBB25BB263F07F035AB2484B43
S21400B190D2B25A70464B9B78DBB25BB263F07F0349
S21400B1A05AB2434BD2B29A703E4B0222DA763D4BED
S21400B1B00122DA763B4B0022DA763C4BFF221A65F8
S21400B1C03A4B1B68394A23F080031360374BDB6821
S21400B1D043F00103354A23F08003D360334B5B69A9
S21400B1E043F00103314A23F0800353612F4BDB69A0
S21400B1F043F001032D4A23F08003D361FFF79CFC44
S21400B2000023FB750A20F9F713F80346BB75BB7DD0
S21400B2101846F9F76FF80346002B02D00123FB759A
S21400B22026E0204B03F580539B8B9BB203F08003F4
S21400B2303B611C4B03F580539B8F9BB203F080034E
S21400B240FB60184B03F58053B3F85C309BB203F0F9
S21400B2508003BB603B69002B05D0FB68002B02D047
S21400B260BB68002B03D10120FDF7DEF8CFE700BF57
S21400B270FFF78EFCBB7D1846F9F718F80D4B1B68D8
S21400B280322202FB03F30C4A934225D9094B1B6872
S21400B290322202FB03F3094A934211D206F0CBFF97
S21400B2A01AE000BF00800040918401000080034047
S21400B2B000100240080000203F420F00C0D8A70040
S21400B2C01F4B1B68322202FB03F31E4AA2FB03231A
S21400B2D09B0C1846F9F792FF1B4B1B78DBB21A4AF9
S21400B2E003F07F03DBB21370174B5B78DBB2164AB2
S21400B2F003F07F03DBB25370134B9B78DBB2124A2A
S21400B30003F07F03DBB29370104BDB680F4A23F029
S21400B3108103D3600D4B5B690C4A23F081035361B4
S21400B3200A4BDB69094A23F08103D361FB7D002BBE
S21400B33001D0082300E0002318461837BD4680BD1C
S21400B3400800002083DE1B430010024000800340FC
S21400B35080B582B000AF78602422044978680AF08D
S21400B36069FB00BF0837BD4680BD00BFD48301001F
S21400B37080B400AF034B1B681846BD465DF8047BDF
S21400B380704700BFE009002080B483B000AF78604B
S21400B390044A7B68136000BF0C37BD465DF8047B2B
S21400B3A0704700BFE009002080B582B000AF084BB0
S21400B3B01B683A1D1146184608F073FB7B68012B84
S21400B3C00CBF01230023DBB218460837BD4680BDFC
S21400B3D0E409002080B500AF044B18680023002263
S21400B3E0002108F08DF900BF80BD00BFE4090020F1
S21400B3F080B584B000AF78606420FDF715F8194B6F
S21400B4004D2219490020F7F797FAFEF7C5FEFEF71A
S21400B410D1FE4FF4FA70FDF707F8012009F06EFF31
S21400B42000F09EF8F860F86809F0B4FF00220021EA
S21400B43001200AF013F8FFF7CDFF0C4B1B684FF006
S21400B440FF31184608F0BAFCB860BB68012B05D17E
S21400B450FEF7A2FE09F0FAFEFEF7ACFE1420FCF79B
S21400B460E3FFEAE7C8720100DC720100E40900208D
S21400B47080B582B002AF1948FCF748FC0023019360
S21400B480022300930023E1221549164808F0C0FF66
S21400B4900346012B01D000BFFDE703220021012057
S21400B4A008F01BF80346104A13600F4B1B68002B6E
S21400B4B007D10E4B9F220E490520F7F73DFA00BF35
S21400B4C0FDE7094B186800230022002108F018F950
S21400B4D002F0DCF9FDF7A8F800BFFDE7F8830100ED
S21400B4E03C730100F1B30000E40900204073010042
S21400B4F0DC72010080B586B000AF3B1D1846F7F73A
S21400B500C7F801233B71084BBB60084BFB60022366
S21400B5103B613B1D184605F0A1FB0346044A136039
S21400B52000BF1837BD4680BD80F00F4000B0044015
S21400B530E809002080B584B000AFF860B960134613
S21400B540FB71064B1868FB79BA68F96809F0BFFB0F
S21400B550034618461037BD4680BD00BFEC090020E4
S21400B56080B500AF054B1B68054A12781146184691
S21400B570FEF774FC0346184680BD00BF100000208E
S21400B580F900002080B5AAB000AFF860B9607A6014
S21400B5903B607A68B968F86809F0F2FCC7F8A4005E
S21400B5A07A68B968F86809F005FD034687F8A3309D
S21400B5B0002387F8203007F12003324A80211846FE
S21400B5C005F0C5FF97F8A32007F120038021184651
S21400B5D006F062F907F120032B4A8021184605F091
S21400B5E0B6FF07F1200380221946D7F8A40003F01F
S21400B5F07FFC07F12003254A8021184605F0A7FFA7
S21400B60007F11003224A1021184605F07BFFFB685D
S21400B610DAB207F110031021184606F0ABF807F16E
S21400B62010032C221021184605F0C4FFBB68DAB2BE
S21400B63007F110031021184606F09CF807F11003D6
S21400B6402C221021184605F0B5FF7B68DAB207F108
S21400B65010031021184606F08DF807F110030D4A66
S21400B6601021184605F073FF3B685A6807F1200161
S21400B67007F11003184605F022FE00BFA837BD46A6
S21400B68080BD00BF647301006C7301008475010007
S21400B690787301008073010080B5A8B000AFF86031
S21400B6A0B9607A603B60002387F8203007F12003FA
S21400B6B0364A8021184605F025FF7B68DBB21A461D
S21400B6C0B968F868FFF736FF07F1200380221946AD
S21400B6D0FFF7DAF807F120032D4A8021184605F017
S21400B6E036FF7B68DBB21A46B968F868FFF722FFB8
S21400B6F007F1200380221946FFF730F907F12003EF
S21400B700244A8021184605F022FF07F11003224A3A
S21400B7101021184605F0F6FEFB68DAB207F11003B2
S21400B7201021184606F026F807F110032C221021E7
S21400B730184605F03FFFBB68DAB207F11003102188
S21400B740184606F017F807F110032C2210211846A9
S21400B75005F030FF7B68DAB207F1100310211846B7
S21400B76006F008F807F110030C4A1021184605F0F9
S21400B770EEFE3B685A6807F1200107F110031846F1
S21400B78005F09DFD00BFA037BD4680BD8473010057
S21400B7908C730100847501009473010080730100AE
S21400B7A080B594B000AF78607B685B681A465B49EA
S21400B7B05B4805F084FD07F10C035A4A4021184601
S21400B7C005F0A0FE07F10C0302224021184605F002
S21400B7D0D1FF07F10C032A224021184605F0EAFEA5
S21400B7E007F10C0301224021184605F0C3FF07F1BC
S21400B7F00C032A224021184605F0DCFE07F10C0354
S21400B80002224021184605F0B5FF07F10C03464A10
S21400B8104021184605F09BFE7B685A6807F10C032A
S21400B8201946424805F04BFD414B5B68184606F04A
S21400B830BBFDF864FB6C002B07D007F10C0340221D
S21400B8401946F86CF6F71CFE06E007F10C03394AB9
S21400B8504021184605F056FE07F10C03324A4021F7
S21400B860184605F074FE7B685A6807F10C03194603
S21400B870314805F024FD07F10C03304A40211846F4
S21400B88005F040FE2E4B1A6807F10C0340211846BF
S21400B89006F068F807F10C03234A4021184605F025
S21400B8A056FE7B685A6807F10C031946254805F0D2
S21400B8B006FD07F10C03214A4021184605F022FE3A
S21400B8C0214B1A7807F10C034021184605F0E4FFD7
S21400B8D007F10C03144A4021184605F038FE7B6831
S21400B8E05A6807F10C031946184805F0E8FCFFF7FC
S21400B8F03FFD0346184609F0AAFA0346002B01D07E
S21400B900134900E013497B685B681A46124805F045
S21400B910D6FC002318465037BD4680BD9C730100F8
S21400B920B0730100B873010084750100C073010094
S21400B930F4090020CC73010084600100D473010078
S21400B9401000002040640100F9000020E0730100B0
S21400B950F4630100FC630100F073010080B58AB057
S21400B96000AFF860B9607A603B6007F124031946BF
S21400B970F86806F093F80346002B40F0BD817B6A1A
S21400B980002BC0F2B9817B6A012B00F3B58107F169
S21400B99020031946F86806F081F80346002B40F0AD
S21400B9A0AB813B6A002BC0F2A7813B6A002B00F3F9
S21400B9B0A38107F11C031946F86806F06FF80346E2
S21400B9C0002B40F09981FB69002BC0F29581FB6942
S21400B9D0012B00F3918107F118031946F86806F069
S21400B9E05DF80346002B40F0878107F114031946E3
S21400B9F0F86806F053F80346002B40F07D817B691B
S21400BA00002BC0F27981FB681B681B78202B04D1C1
S21400BA10FB681B685A1CFB681A60FB681B681B786F
S21400BA20002B0AD1BB6B00221A703B6C01221A70E5
S21400BA303B6C1A78FB6B1A7033E1FB681B680222BA
S21400BA40A14918460AF073F80346002B0FD1FB688D
S21400BA501B689A1CFB681A60BB6B01221A703B6C51
S21400BA6001221A703B6C1A78FB6B1A7019E1FB689E
S21400BA701B680222954918460AF059F80346002B1F
S21400BA800ED1FB681B689A1CFB681A60BB6B012210
S21400BA901A70FB6B00221A703B6C01221A7000E1D0
S21400BAA0FB681B6802228A4918460AF040F80346DB
S21400BAB0002B0ED1FB681B689A1CFB681A60BB6BD8
S21400BAC001221A70FB6B01221A703B6C00221A705E
S21400BAD0E7E0FB681B6802227E4918460AF027F852
S21400BAE00346002B0FD1FB681B689A1CFB681A6084
S21400BAF0BB6B01221A703B6C00221A703B6C1A78E2
S21400BB00FB6B1A70CDE0FB681B6802227249184670
S21400BB100AF00DF80346002B0FD1FB681B689A1C31
S21400BB20FB681A60BB6B02221A703B6C01221A700B
S21400BB303B6C1A78FB6B1A70B3E0FB681B6802223A
S21400BB406649184609F0F3FF0346002B0ED1FB6842
S21400BB501B689A1CFB681A60BB6B02221A70FB6B90
S21400BB6000221A703B6C01221A709AE0FB681B6870
S21400BB7002225B49184609F0DAFF0346002B0ED175
S21400BB80FB681B689A1CFB681A60BB6B02221A7063
S21400BB90FB6B01221A703B6C00221A7081E0FB6876
S21400BBA01B6802224F49184609F0C1FF0346002BC6
S21400BBB00FD1FB681B689A1CFB681A60BB6B0222DD
S21400BBC01A703B6C00221A703B6C1A78FB6B1A706A
S21400BBD067E0FB681B6802224349184609F0A7FF86
S21400BBE00346002B0FD1FB681B689A1CFB681A6083
S21400BBF0BB6B00221A703B6C01221A703B6C1A78E1
S21400BC00FB6B1A704DE0FB681B680222374918462A
S21400BC1009F08DFF0346002B0ED1FB681B689A1CAB
S21400BC20FB681A60BB6B00221A70FB6B00221A704E
S21400BC303B6C01221A7034E0FB681B6802222C4918
S21400BC40184609F074FF0346002B0ED1FB681B68EC
S21400BC509A1CFB681A60BB6B00221A70FB6B0122F1
S21400BC601A703B6C00221A701BE0FB681B680222ED
S21400BC702049184609F05BFF0346002B0FD1FB68EE
S21400BC801B689A1CFB681A60BB6B00221A703B6C20
S21400BC9000221A703B6C1A78FB6B1A7001E01B23AB
S21400BCA02BE07A6ABB681A603A6A7B681A60FA699F
S21400BCB03B681A60BA693B6B1A607B69DAB27B6BC9
S21400BCC01A70002319E000BFFC7301000074010025
S21400BCD004740100087401000C7401001074010063
S21400BCE014740100187401001C7401002074010013
S21400BCF024740100287401001B2318462837BD460B
S21400BD0080BD00BF80B582B000AF78607B685B689E
S21400BD101A465849584805F0C0FA7B685B681A46C8
S21400BD205649574805F0B9FA7B685B681A46554984
S21400BD30554805F0B2FA7B685B681A465349544882
S21400BD4005F0ABFA7B685B681A465249524805F024
S21400BD50A4FA7B685B681A465049514805F09DFA7C
S21400BD607B685B681A464F494F4805F096FA7B6831
S21400BD705B681A464D494E4805F08FFA7B685B684B
S21400BD801A464C494C4805F088FA7B685B681A46A8
S21400BD904A494B4805F081FA7B685B681A46494970
S21400BDA0494805F07AFA7B685B681A46474948486E
S21400BDB005F073FA7B685B681A464649464805F004
S21400BDC06CFA7B685B681A464449454805F065FA94
S21400BDD07B685B681A464349434805F05EFA7B6811
S21400BDE05B681A464149424805F057FA7B685B682B
S21400BDF01A464049404805F050FA7B685B681A4688
S21400BE003E493D4805F049FA7B685B681A463C495E
S21400BE103C4805F042FA7B685B681A463A493B485C
S21400BE2005F03BFA7B685B681A463949394805F0E5
S21400BE3034FA7B685B681A463749384805F02DFAAD
S21400BE407B685B681A463649364805F026FA7B68F2
S21400BE505B681A463449354805F01FFA7B685B680C
S21400BE601A463349334805F018FA002318460837AF
S21400BE70BD4680BD2C740100B07301003460010023
S21400BE8058600100487401008C740100A47401001D
S21400BE90C4740100CC740100F47401000475010040
S21400BEA018750100307501004C7501005C750100C5
S21400BEB0887501009C750100B4750100C475010009
S21400BEC0F075010004760100247601003476010046
S21400BED0607601007476010094760100A476010075
S21400BEE0D0760100E476010004770100187701009F
S21400BEF0447701005C7701007869010090770100C3
S21400BF000878010030780100487801007078010058
S21400BF1088780100EC780100FC7801001C790100AB
S21400BF2024790100507901006479010080790100CC
S21400BF3090790100A4790100B0B5B2B006AFF86000
S21400BF40B9607A60002387F8AF309D49F86809F039
S21400BF5083FD0346002B06D09A49F86809F07CFD5D
S21400BF600346002B08D1BB6801221A707868FFF7D9
S21400BF70C9FE034600F0B5BE9349F86809F06CFDAB
S21400BF800346002B06D09149F86809F065FD034684
S21400BF90002B08D1BB6801221A707868FFF700FCF6
S21400BFA0034600F09EBE8A49F86809F055FD034630
S21400BFB0002B0BD1BB6801221A70786809F0AAF82A
S21400BFC0786809F0D1F8002300F08BBE162281496C
S21400BFD0F86809F0ACFD0346002B5CD10023FB6734
S21400BFE0FB6FC7F88030D7F88030C7F88430BB685E
S21400BFF001221A70FB681633C7F8943007F18402E2
S21400C00007F194031146184605F048FD0346002B39
S21400C0103ED1D7F88430002B3ADBD7F88430012B9A
S21400C02036DC07F1800207F194031146184605F046
S21400C03035FD0346002B2BD1D7F88030002B27DBAD
S21400C040D7F88030002B23DC07F17C0207F194033D
S21400C0501146184605F022FD0346002B18D1FB6F4B
S21400C060002B15DBFB6F012B12DCD7F88400D7F80A
S21400C0708010FA6F7B68FFF785FAD7F88400D7F848
S21400C0808010FA6F7B68FFF707FB002300F029BEDD
S21400C0901B2300F026BE0C224F49F86809F047FD26
S21400C0A00346002B23D1BB6801221A70FB680C33B1
S21400C0B0C7F8943007F17B0207F19403114618463F
S21400C0C005F09CFD0346002B0ED197F87B300C2B19
S21400C0D00AD897F87B307A6842F21071184608F052
S21400C0E076FF034600F0FDBD1B2300F0FABD0922D3
S21400C0F03A49F86809F01BFD0346002B70D1BB686F
S21400C10001221A70FB680933C7F89430D7F89430C8
S21400C1101B782C2B04D1D7F894300133C7F8943011
S21400C12007F16C0407F1700207F1740107F194003F
S21400C13007F19203049307F19303039307F1910326
S21400C140029307F19003019307F18C0300932346B3
S21400C150FFF704FC034687F8AF3097F8AF30002BA4
S21400C1601DD17B6F396FFA6E184608F009FF054639
S21400C170D7F88C1097F8910097F8904097F893307E
S21400C18097F892200192009323460246284609F02B
S21400C190EBFB02F03DFC002387F8AF3002E01B23E8
S21400C1A087F8AF3097F8AF30002B04D1D7F894302B
S21400C1B01B782C2BAAD097F8AF3000F092BD00BFAA
S21400C1C08C670100B47901009C670100C07901000A
S21400C1D0D0790100E8790100007A0100107A0100A8
S21400C1E00922C249F86809F0A2FC0346002B5FD179
S21400C1F0BB6801221A70FB680933C7F89430D7F879
S21400C20094301B782C2B04D1D7F894300133C7F820
S21400C210943007F1600407F1640207F1680107F142
S21400C220940007F19203049307F19303039307F135
S21400C2309103029307F19003019307F18C03009397
S21400C2402346FFF78BFB034687F8AF3097F8AF30EF
S21400C250002B1DD1BB6E796E3A6E184608F090FE24
S21400C2600546D7F88C1097F8910097F8904097F805
S21400C270933097F892200192009323460246284670
S21400C28002F040FD02F0C4FB002387F8AF3002E066
S21400C2901B2387F8AF3097F8AF30002B04D1D7F8C0
S21400C2A094301B782C2BAAD097F8AF3000F019BD2D
S21400C2B009228F49F86809F03AFC0346002B40F043
S21400C2C0AF80BB6801221A70FB680933C7F8943048
S21400C2D0002387F8AF30D7F894301B782C2B04D186
S21400C2E0D7F894300133C7F8943007F1580207F1B5
S21400C2F094031146184605F0D1FB0346002B7ED169
S21400C300BB6D002B7BDBBB6D012B78DC07F1540289
S21400C31007F194031146184605F0C0FB0346002BB0
S21400C3206DD17B6D002B6ADB7B6D002B67DC07F124
S21400C330500207F194031146184605F0AFFB03467A
S21400C340002B5CD13B6D002B59DB3B6D012B56DC83
S21400C35007F19403184605F058FFD7F89430C7F84D
S21400C3609C300023C7F8A83009E0D7F8A83001337E
S21400C370C7F8A830D7F894300133C7F89430D7F808
S21400C38094301B78002B04D0D7F894301B782C2BD5
S21400C390EBD1D7F8A8300133184606F0C3FE0346A3
S21400C3A0FB65FB6D002B03D11B2387F8AF3033E012
S21400C3B0BB6D796D3A6D184608F0E2FDC7F8980037
S21400C3C0FB6DD7F8A820D7F89C10184609F0DAFBC2
S21400C3D0FA6DD7F8A830134400221A70D7F89800E0
S21400C3E009F006FB07F15C010023642207F088F9D8
S21400C3F00346012B06D01B2387F8AF300CE01B2327
S21400C40087F8AF3097F8AF30002B05D1D7F89430C7
S21400C4101B782C2B3FF45CAF97F8AF3000F061BC74
S21400C4200E223449F86809F082FB0346002B2BD114
S21400C430BB6801221A70FB680E33C7F89430D7F831
S21400C44094302D49184609F007FB0346002B07D108
S21400C450012008F053FF08F0B1FE002300F041BCB5
S21400C460D7F894302549184609F0F6FA0346002B0B
S21400C47007D1002008F042FF08F0A0FE002300F0DD
S21400C48030BC1B2300F02DBC0E221D49F86809F0B5
S21400C4904EFB0346002B35D1BB6801221A70FB68A1
S21400C4A00E33C7F89430D7F894301349184609F07D
S21400C4B0D3FA0346002B07D1012009F01EF808F036
S21400C4C07DFE002300F00DBCD7F894300B491846CB
S21400C4D009F0C2FA0346002B06D1002009F00DF839
S21400C4E008F06CFE0023FCE31B23FAE31C7A010031
S21400C4F0287A0100347A0100547B0100647B010035
S21400C500447A01000A22A849F86809F010FB03469D
S21400C510002B40F08880BB6801221A70FB680A3343
S21400C520C7F89430D7F894301B782C2B04D1D7F862
S21400C53094300133C7F8943007F14C0207F19403A6
S21400C5401146184605F0AAFA0346002B5FD1FB6C8D
S21400C550002B5CDBFB6C012B59DC07F1480207F172
S21400C56094031146184605F099FA0346002B4ED15F
S21400C570BB6C002B4BDBBB6C002B48DC07F144028A
S21400C58007F194031146184605F088FA0346002B77
S21400C5903DD17B6C002B3ADB7B6C012B37DC07F143
S21400C5A09403184605F031FED7F894307F491846B4
S21400C5B009F052FA0346002B0ED1FB6CD8B2BB6CC6
S21400C5C0D9B27B6CDAB2012308F079FE08F0F6FDEA
S21400C5D0002387F8AF301AE0D7F89430744918462D
S21400C5E009F03AFA0346002B0ED1FB6CD8B2BB6CAE
S21400C5F0D9B27B6CDAB2002308F061FE08F0DEFDEB
S21400C600002387F8AF3002E01B2387F8AF3097F897
S21400C610AF30002B04D1D7F894301B782C2B81D068
S21400C62097F8AF305DE30A226249F86809F07FFAAE
S21400C6300346002B40F08880BB6801221A70FB6816
S21400C6400A33C7F89430D7F894301B782C2B04D1D3
S21400C650D7F894300133C7F8943007F1400207F159
S21400C66094031146184605F019FA0346002B5CD1D0
S21400C6703B6C002B59DB3B6C012B56DC07F13C0274
S21400C68007F194031146184605F008FA0346002BF6
S21400C6904BD1FB6B002B48DBFB6B002B45DC07F11B
S21400C6A0380207F194031146184605F0F7F90346D9
S21400C6B0002B3AD1BB6B002B37DBBB6B012B34DC7A
S21400C6C007F19403184605F0A0FDD7F894303749D3
S21400C6D0184609F0C1F90346002B0CD1386CF96BEB
S21400C6E0BB6BDAB2012308F0EDFE08F067FD00230D
S21400C6F087F8AF301CE0D7F894302D49184609F07B
S21400C700ABF90346002B0CD1386CF96BBB6BDAB275
S21400C710002308F0D7FE08F051FD002387F8AF305D
S21400C72006E01B2387F8AF3002E01B2387F8AF3004
S21400C73097F8AF30002B04D1D7F894301B782C2B09
S21400C74081D097F8AF30CCE20E221B49F86809F08A
S21400C750EEF90346002B31D1BB6801221A70FB6844
S21400C7600E33C7F8943007F1890307F18A0207F100
S21400C7708B0107F1940005F09FFC0346002B10D1B7
S21400C78097F88B301A0497F88A301B02134397F8F1
S21400C79089201343184608F0FDFD08F00FFD00231E
S21400C7A09FE21B239DE200BF547A0100547B0100E8
S21400C7B0647B0100607A01006C7A01000E22AC49AD
S21400C7C0F86809F0B4F90346002B22D1BB680122B1
S21400C7D01A70FB680E33C7F8943007F1890307F127
S21400C7E08A0207F18B0107F1940005F065FC034609
S21400C7F0002B0CD197F88B3097F88A1097F8892081
S21400C800184608F02BFE08F0D9FC002369E21B232B
S21400C81067E20A229749F86809F089F90346002B6F
S21400C8207DD1BB6801221A70FB680A33C7F89430C2
S21400C830D7F894301B782C2B04D1D7F894300133DA
S21400C840C7F8943007F1340207F1940311461846EE
S21400C85005F024F90346002B4BD17B6B002B48DBFD
S21400C8607B6B012B45DC07F1300207F19403114680
S21400C870184605F013F90346002B3AD13B6B002B04
S21400C88037DB3B6B002B34DC07F12C0207F19403FB
S21400C8901146184605F002F90346002B29D1FB6A1B
S21400C8A0002B26DBFB6A012B23DC07F1890307F14B
S21400C8B08A0207F18B0107F1940005F0FDFB0346A1
S21400C8C0002B16D17B6BD8B23B6BD9B2FB6ADCB2BD
S21400C8D097F88B301A0497F88A301B02134397F8A0
S21400C8E089201343224608F037FD002387F8AF302F
S21400C8F002E01B2387F8AF3007F19403184605F0D3
S21400C90084FC97F8AF30002B04D1D7F894301B780E
S21400C9102C2B8DD008F052FC97F8AF30E1E10A22BC
S21400C9205549F86809F003F90346002B79D1BB682E
S21400C93001221A70FB680A33C7F89430D7F894308F
S21400C9401B782C2B04D1D7F894300133C7F89430D9
S21400C95007F1280207F194031146184605F09EF8E1
S21400C9600346002B47D1BB6A002B44DBBB6A012B76
S21400C97041DC07F1240207F194031146184605F03E
S21400C9808DF80346002B36D17B6A002B33DB7B6A9F
S21400C990002B30DC07F1200207F1940311461846FD
S21400C9A005F07CF80346002B25D13B6A002B22DBE2
S21400C9B07B6A012B1FDC07F1890307F18A0207F166
S21400C9C08B0107F1940005F077FB0346002B12D18C
S21400C9D0B86A796A3C6A97F88B5097F88A3097F865
S21400C9E08920019200932B46224608F020FD002362
S21400C9F087F8AF3002E01B2387F8AF3007F19403C7
S21400CA00184605F002FC97F8AF30002B04D1D7F893
S21400CA1094301B782C2B91D008F0D0FB97F8AF30D1
S21400CA205FE112221549F86809F081F80346002BE9
S21400CA3028D1BB6801221A70FB681233C7F89430FD
S21400CA4007F194030E49184605F0BCFB0346002B7D
S21400CA5001D01B2345E1FEF783FDC7F8A000D7F8F9
S21400CA60A00008F097FC08F0A9FB002339E100BFFE
S21400CA707C7A01008C7A0100987A0100A47A010081
S21400CA801000002017229949F86809F050F803466C
S21400CA90002B29D1BB6801221A70FB681733C7F830
S21400CAA0943007F11C0207F194031146184604F06F
S21400CAB0F5FF0346002B15D1FB69002B12DBFB6943
S21400CAC0FF2B0FDCFB69DAB2894B1A70FEF748FDC4
S21400CAD0C7F8A400D7F8A40008F05CFC08F06EFBCA
S21400CAE00023FEE01B23FCE011228249F86809F0CF
S21400CAF01EF80346002B5CD1BB6801221A70FB6847
S21400CB001133C7F8943007F1180207F19403114661
S21400CB10184604F0C3FF0346002B48D1BB69002B20
S21400CB2045DBBB69012B42DC07F1140207F19403D5
S21400CB301146184604F0B2FF0346002B37D17B6936
S21400CB40002B34DB7B69002B31DC07F1100207F188
S21400CB5094031146184604F0A1FF0346002B26D185
S21400CB603B69002B23DB3B69012B20DC07F18903A3
S21400CB7007F18A0207F18B0107F1940005F09CFA91
S21400CB800346002B13D1B86979693B69DCB297F884
S21400CB908B5097F88A3097F88920019200932B469D
S21400CBA0224608F024FC08F009FB002399E01B232A
S21400CBB097E05149F86808F04FFF0346002B0AD16A
S21400CBC04E4B186800230022002106F099FDBB6832
S21400CBD001221A7083E04A49F86808F03DFF0346D0
S21400CBE0002B06D1BB6801221A7008F036FA0346FD
S21400CBF077E04449F86808F02FFF0346002B0AD177
S21400CC00BB6801221A70404B5B680121184605F08C
S21400CC10E2FB002365E03D49F86808F01DFF034687
S21400CC20002B0AD1BB6801221A70374B5B680021C3
S21400CC30184605F0D0FB002353E03549F86808F0A5
S21400CC400BFF0346002B0BD1BB6801221A70FEF7C0
S21400CC508FFB03460121184608F025F9002340E023
S21400CC602C49F86808F0F8FE0346002B0BD1BB6889
S21400CC7001221A70FEF77CFB03460021184608F0D6
S21400CC8012F900232DE02449F86808F0E5FE034673
S21400CC90002B11D1BB6801221A707A6842F210711B
S21400CCA00C2008F094F9FEF763FB034600211846B3
S21400CCB008F0F9F8002314E01849F86808F0CCFEEC
S21400CCC00346002B0BD1BB6801221A70FEF750FBFF
S21400CCD003460121184608F0E6F8002301E097F81D
S21400CCE0AF301846B037BD46B0BD00BFB87A0100B9
S21400CCF0F9000020D07A0100E47A0100F009002053
S21400CD00F07A0100FC7A0100F4090020107B010093
S21400CD10247B0100347B0100487B0100587B010026
S21400CD2080B5A6B002AFF6F773FE38670023C7F8E3
S21400CD308C30DDE10023C7F88830CFE10023C7F848
S21400CD408430C1E1D7F88420D7F88810D7F88C0053
S21400CD5008F016F9F866F86E08F0EEFD0346002BAC
S21400CD6000F0AD81F86E08F043FEB86607F1640384
S21400CD7000221946B86E06F04DFF0346012B40F020
S21400CD809E813B1DBF4A6021184604F0BBFB7B6EAC
S21400CD901B78612B03D07B6E1B78722B43D17B6E86
S21400CDA001331B78202B3ED17B6E1A783B1D602109
S21400CDB0184604F0FFFB3B1D20226021184604F0B5
S21400CDC0F9FBD7F88C30DAB23B1D6021184604F028
S21400CDD0D1FC3B1D20226021184604F0EBFBD7F85F
S21400CDE08830DAB23B1D6021184604F0C3FC3B1DB8
S21400CDF020226021184604F0DDFBD7F88430DAB232
S21400CE003B1D6021184604F0B5FC3B1D2022602126
S21400CE10184604F0CFFB7B6E9A1C3B1D602118461B
S21400CE2004F095FB13E17B6E03229749184608F041
S21400CE307EFE0346002B3CD13B1D934A60211846DC
S21400CE4004F085FBD7F88C30DAB23B1D602118461B
S21400CE5004F090FC3B1D20226021184604F0AAFB3B
S21400CE60D7F88830DAB23B1D6021184604F082FC01
S21400CE703B1D20226021184604F09CFBD7F8843026
S21400CE80DAB23B1D6021184604F074FC3B1D2022DC
S21400CE906021184604F08EFB7B6EDA1C3B1D602179
S21400CEA0184604F054FB3B1D7849184604F0CCFFA6
S21400CEB0CDE07B6E03227649184608F038FE03461E
S21400CEC0002B3CD13B1D724A6021184604F03FFB04
S21400CED0D7F88C30DAB23B1D6021184604F04AFCC5
S21400CEE03B1D20226021184604F064FBD7F88830EA
S21400CEF0DAB23B1D6021184604F03CFC3B1D2022A4
S21400CF006021184604F056FBD7F88430DAB23B1D91
S21400CF106021184604F02EFC3B1D20226021184696
S21400CF2004F048FB7B6EDA1C3B1D6021184604F0BB
S21400CF300EFB3B1D5549184604F086FF87E07B6EC6
S21400CF4003225449184608F0F2FD0346002B37D159
S21400CF503B1D504A6021184604F0F9FAD7F88C3089
S21400CF60DAB23B1D6021184604F004FC3B1D20226B
S21400CF706021184604F01EFBD7F88830DAB23B1D55
S21400CF806021184604F0F6FB3B1D2022602118465F
S21400CF9004F010FBD7F88430DAB23B1D6021184647
S21400CFA004F0E8FB3B1D20226021184604F002FB3B
S21400CFB07B6EDA1C3B1D6021184604F0C8FA46E07A
S21400CFC07B6E03223449184608F0B1FD0346002B59
S21400CFD037D13B1D304A6021184604F0B8FAD7F81E
S21400CFE08C30DAB23B1D6021184604F0C3FB3B1DB3
S21400CFF020226021184604F0DDFAD7F88830DAB22D
S21400D0003B1D6021184604F0B5FB3B1D2022602125
S21400D010184604F0CFFAD7F88430DAB23B1D602108
S21400D020184604F0A7FB3B1D20226021184604F09A
S21400D030C1FA7B6EDA1C3B1D6021184604F087FAA5
S21400D04005E07A6E3B1D6021184604F080FA002346
S21400D050FB70F91C3B1D3A6F1846FEF76DFF034642
S21400D060002B05D1FB7883F00103DBB2002B19D02F
S21400D0703B1D0093094B40F6621209490420F5F760
S21400D0805BFC18E0687B0100707B010024670100F0
S21400D090747B0100787B01007C7B0100807B0100B3
S21400D0A0A87B01003B1D0093324B40F664123249C8
S21400D0B00020F5F741FC7B6E1846FAF767FDD7F8B7
S21400D0C084300133C7F88430D7F88430012B7FF7DB
S21400D0D039AED7F888300133C7F88830D7F88830AB
S21400D0E0002B7FF72BAED7F88C300133C7F88C3087
S21400D0F0D7F88C30012B7FF71DAE0023C7F88030A1
S21400D1000023FB6727E00023BB671EE000237B6746
S21400D11015E07A6FB96FF86F07F032FFF866F86EB1
S21400D12008F066FCB866B86E06F03AFF0246D7F816
S21400D13080301344C7F880307B6F01337B677B6F8A
S21400D140012BE6DDBB6F0133BB67BB6F002BDDDD5C
S21400D150FB6F0133FB67FB6F012BD4DDD7F8803004
S21400D160002B14BF01230023DBB218469037BD46C0
S21400D17080BD00BF047C0100A87B010080B584B0A0
S21400D18000AF78600F4B40F67F120F490020F5F78E
S21400D190D3FB0E4B1B684FF0FF31184606F00EFE11
S21400D1A0F860FB68012BF4D1FFF7BAFD0346FB726B
S21400D1B0FB7A002B02D00A20FBF736F9FB7A002B0D
S21400D1C0F2D1E6E7247C0100A87B0100F0090020EC
S21400D1D080B5C4B000AF07F168031846F8F77CF8CE
S21400D1E007F15C03184601F0F9FB07F1280318461F
S21400D1F0FEF7AEF8012387F86830894BFB66894B4B
S21400D2003B6713237B67884BC7F88030874BC7F88C
S21400D21084301123C7F88830834BC7F89030834B8F
S21400D220C7F894301023C7F898307F4BC7F8A4305F
S21400D2307E4BC7F8A8301223C7F8AC307A4BC7F835
S21400D240B4307A4BC7F8B8301323C7F8BC30784BE5
S21400D250C7F8C830774BC7F8CC300123C7F8D030B2
S21400D260734BC7F8D830734BC7F8DC300023C7F8C9
S21400D270E030714BC7F8EC30704BC7F8F030052340
S21400D280C7F8F4306C4BC7F8FC306C4BC7F800316D
S21400D2900423C7F8043107F16803184604F0D0FFEA
S21400D2A003467B667B6E664A5360654B01221A70A6
S21400D2B07B6E634AD360624B00221A727B6E604AB2
S21400D2C053615F4B03221A747B6E5D4AD3615C4BDD
S21400D2D002221A765B4B3B66594BFB6507F15C03F3
S21400D2E0184608F09EFA0346FB64574BFB6507F1A9
S21400D2F05C03184608F095FA03463B65534BFB65FE
S21400D30007F15C03184608F08CFA03467B65504B21
S21400D310FB6507F15C03184608F083FA0346BB6515
S21400D32008F038F9034687F82830012387F82930B3
S21400D330FB6CFB623B6D3B637B6D7B63BB6DBB63D2
S21400D34007F114031846FDF7E9F80523BB6100232F
S21400D350FB6100233B7507F11403184607F0F8FA43
S21400D3600346FB6307F11403184607F0F1FA034679
S21400D3703B640623BB6107F11403184607F0E8FA7E
S21400D38003467B6407F11403184607F0E1FA0346E8
S21400D390BB6407F12803184607F032FC03462D4A03
S21400D3A013603B461846F5F75BF807F58873A3F558
S21400D3B088731B4A5A6007F58873A3F58873194A61
S21400D3C09A6007F58873A3F588731222DA6007F56A
S21400D3D08873A3F5887301225A7007F58873A3F53E
S21400D3E0887300221A703B46184603F0FEFAC7F808
S21400D3F00C01184B1B68D7F80C11184607F043FDB4
S21400D400144B1B680021184607F04DFD7B6E18462E
S21400D410F7F772FF00BF07F58877BD4680BD00BFEF
S21400D42000F00F400090044000F10F4000D0044090
S21400D43040F00F4000A00440C0F00F4000C0044081
S21400D440F40900201F4F0100FC090020040A0020F8
S21400D4500C0A0020EC09002080B500AFFFF7B8FEEC
S21400D460034B1B681846FDF78FFF00BF80BD00BF4B
S21400D470EC09002080B582B002AF0023019303239D
S21400D48000930023C8220E490E4806F0C1FF03464B
S21400D490012B01D000BFFDE703220021012006F08A
S21400D4A01CF80346084A1360074B1B68002B01D183
S21400D4B000BFFDE7FFF7D0FF00BFBD4680BD00BF41
S21400D4C0407C01007DD10000F009002080B584B0CA
S21400D4D000AFF860B96011461A460B46FB7113465A
S21400D4E0BB710D4AB968F86804F00CF8FB791A4667
S21400D4F0B968F86804F03EF9BB791A46B968F86866
S21400D50004F038F93B7E1A46B968F86804F032F938
S21400D51000BF1037BD4680BD4C7C010080B582B090
S21400D52000AF7860074B012207490848F9F718FC56
S21400D5300346DAB27B681A70002318460837BD46E1
S21400D54080BD00BF547C0100647C01006C7C01003F
S21400D55080B582B000AF0346FB71FA79044B0549EB
S21400D560054805F0CAFC002318460837BD4680BDAE
S21400D570547C0100647C01006C7C010080B582B0A4
S21400D58000AF7860074B002207490848F9F7E8FB28
S21400D59003461A467B681A60002318460837BD46BD
S21400D5A080BD00BF547C0100747C01007C7C0100BF
S21400D5B080B582B000AF78607A68054B05490648AA
S21400D5C005F09BFC002318460837BD4680BD00BF0B
S21400D5D0547C0100747C01007C7C010090B589B00D
S21400D5E002AF0446084611461A462346FB71034618
S21400D5F0BB710B467B7113463B71B979FA7907F11B
S21400D60008007B7900930B461021FFF75FFF3B79FC
S21400D6101A4607F10800044B044905F06EFC002387
S21400D62018461C37BD4690BD547C0100807C010026
S21400D63080B596B000AF78607B685B681A46434951
S21400D640434803F03CFE07F113031846FFF766FF56
S21400D650034687F8573097F85730002B15D107F157
S21400D66014033C4A4021184603F04CFFFA7C07F1AD
S21400D67014034021184604F00FF907F11403364A44
S21400D6804021184603F063FF06E007F11403334A0F
S21400D6904021184603F036FF7B685A6807F11403EA
S21400D6A019462F4803F00BFE07F10C031846FFF748
S21400D6B065FF034687F8573097F85730002B30D170
S21400D6C007F11403234A4021184603F01BFFFA68AB
S21400D6D007F114034021184604F07AF907F1140301
S21400D6E0204A4021184603F032FFFB6803F001038E
S21400D6F0002B07D007F114031B4A4021184603F0FD
S21400D70026FF06E007F11403184A4021184603F0E6
S21400D7101EFF07F11403104A4021184603F017FFB6
S21400D72006E007F114030D4A4021184603F0EAFE0E
S21400D7307B685A6807F1140319460D4803F0BFFDCD
S21400D740002318465837BD4680BD00BF887C0100C0
S21400D750B47C01002070010084750100BC7C0100CF
S21400D760C47C0100D47C0100DC7C0100E07C01006C
S21400D770306C010080B582B000AF78607B685B6873
S21400D7801A460B490B4803F088FD7B685B681A460F
S21400D79009490A4803F081FD7B685B681A46084918
S21400D7A0084803F07AFD002318460837BD4680BDBA
S21400D7B0E47C0100B47C0100346001005860010084
S21400D7C0007D01000C7D010080B586B000AFF860DA
S21400D7D0B9607A602849F86808F03EF90346002BDD
S21400D7E006D02649F86808F037F90346002B07D11B
S21400D7F0BB6801221A707868FFF7BCFF034637E063
S21400D8001F49F86808F028F90346002B06D01D4982
S21400D810F86808F021F90346002B07D1BB680122FF
S21400D8201A707868FFF704FF034621E00A221649BB
S21400D830F86808F07CF90346002B18D1BB68012273
S21400D8401A70FB680B337B6107F1100207F11403B3
S21400D8501146184604F022F90346002B05D13B6911
S21400D8601846FFF7A5FE034602E01B2300E0002350
S21400D87018461837BD4680BD8C6701001C7D010028
S21400D8809C670100287D0100347D010080B586B0CC
S21400D89000AF2D4807F064FEF5F738FA03F03CFABF
S21400D8A0F5F70EFFF7F7FCFC02F039FF04F0C3FBB8
S21400D8B03B1D184602F0FCFE0346002B05D0234B0A
S21400D8C0BC2223490420F5F737F83B791A4613465D
S21400D8D01B0213441B041A463B791B0213433A7976
S21400D8E013437B61786904F0ADFB03F00EFA03F096
S21400D8F097F903F07EFAF6F74BFDF8F777FEFDF79B
S21400D900F9FD00F0F3FF04F071FE08F08DF807F063
S21400D910F2FA00F0C1FEF7F73FF9FFF7ABFD07F0AC
S21400D92067F907F00FF8FCF767FA07F012FEF4F74E
S21400D93075FD4FF400614FF4FC30F4F72BFB00BF8D
S21400D9401837BD4680BD00BF0A003810407D010074
S21400D950547D010080B582B000AF0346FB71044BD6
S21400D9605B68FA791046984700BF0837BD4680BD09
S21400D9707082010080B582B000AF0346FB710C4B8D
S21400D9801B684FF0FF31184605F083FE0346012B57
S21400D99009D1084B5B68FA7910469847044B1B6818
S21400D9A0184605F041FE00BF0837BD4680BD00BFE3
S21400D9B0140A00207082010080B582B000AF786043
S21400D9C00B4B1B684FF0FF31184605F062FE03460E
S21400D9D0012B08D1074B1B6878689847044B1B68D7
S21400D9E0184605F021FE00BF0837BD4680BD00BFC3
S21400D9F0140A00207082010080B582B000AF0023B8
S21400DA00FB710C4B1B684FF0FF31184605F041FECA
S21400DA100346012B09D1084BDB6898470346FB7188
S21400DA20044B1B68184605F0FFFDFB7918460837BF
S21400DA30BD4680BD140A00207082010080B582B009
S21400DA4000AF786006E008497B685A1C7A601B784D
S21400DA50184688477B681B78002BF4D100BF00BFB0
S21400DA600837BD4680BD00BF55D9000080B588B0D8
S21400DA7000AFF8607A603B600B46FB72FB7A402B87
S21400DA8002D1FB6800221A70FB681B78052B00F297
S21400DA90F68001A252F823F0B1DA0000D5DA0000D1
S21400DAA0DFDA00003DDB000097DB0000E3DB000070
S21400DAB07B6800221A70FB7A402B09D1FB7A1A4643
S21400DAC03968786803F076FDFB6801221A70D7E0A3
S21400DAD00023D6E0FB6802221A700023D1E0FB7A0E
S21400DAE01A463968786803F065FDFB7A202B1DD14D
S21400DAF07B680133BB6107F1170207F11803114673
S21400DB00184604F02EF90346002B0BD107F042FD11
S21400DB1003461A46FB7D9A4204D1FB6803221A701C
S21400DB200023AEE0FB6800221A7005E0FB7A0A2BA1
S21400DB3002D1FB6800221A700023A2E0FB7A1A4684
S21400DB403968786803F036FDFB7A202B1BD17B689A
S21400DB500433BB6107F1170207F118031146184694
S21400DB6004F0FFF80346002B09D1FB7D97F8282028
S21400DB709A4204D1FB6804221A70002381E0FB68F5
S21400DB8000221A7005E0FB7A0A2B02D1FB680022FD
S21400DB901A70002375E0FB7A1A463968786803F035
S21400DBA009FDFB7A202B14D17B680733BB6107F194
S21400DBB018033649184604F0D4F80346002B04D15F
S21400DBC0FB6805221A7000235BE0FB6800221A70CF
S21400DBD005E0FB7A0A2B02D1FB6800221A700023AC
S21400DBE04FE0FB7A1A463968786803F0E3FCFB7A64
S21400DBF00A2B42D17B680A33BB61BB6924491846AD
S21400DC0007F02AFF0346002B14D17B680C33002252
S21400DC101A70786807F031FD0346FB77FB68002230
S21400DC201A701A4B1B78FA7F9A4201D1012328E01A
S21400DC30022326E01749786807F00EFF0346002BFC
S21400DC4014D17B680D3300221A70786807F015FD32
S21400DC500346FB77FB6800221A700C4B1B78FA7F92
S21400DC609A4201D102230CE002230AE0FB7A0A2B37
S21400DC7003D1FB6800221A7002E0002301E000BF17
S21400DC8002E718462037BD4680BD00BF640C002062
S21400DC90B07D0100B47D010080B58EB002AFF860A3
S21400DCA07A603B600B46FB7207F1140300221A6091
S21400DCB05A609A60DA601A615A610023BB743B6846
S21400DCC0002B26D07B68002B23D0284B00221A700E
S21400DCD03B681B6807F1130210469847FB7C002B35
S21400DCE014D0FB7C1A464FF40071204803F062FC07
S21400DCF0FB7C0A2B0AD11D4B1B78402B03D079687E
S21400DD001A4807F0DBFC194B00221A70FB7C002B2C
S21400DD10DED1F6F7B1FB0346FB74FB7C002B17D075
S21400DD20F97C07F1140207F11200FB7A009318231E
S21400DD30FFF79CFE034687F82F3097F82F30012B0D
S21400DD4003D097F82F30022BB9D197F82F3009E07F
S21400DD503220FAF769FBFB68323BFB60FB68002B5E
S21400DD60ADDC032318463037BD4680BD180A0020B8
S21400DD7080B598B002AFB9607A603B600346FB732B
S21400DD80002387F857307B6E002B01D16E4B7B66E5
S21400DD9007F000FC03461A46FB7B934202D0FB7B4F
S21400DDA0002B09D10122396EB86800F01BFDFB7B01
S21400DDB0002B01D00023C3E007F11403634A40217F
S21400DDC0184603F09FFBFA7B07F114034021184620
S21400DDD003F062FD07F1140320224021184603F0E9
S21400DDE0E9FB07F0D7FB03461A4607F11403402168
S21400DDF0184603F051FD07F114032022402118466F
S21400DE0003F0D8FB07F1140300224021184603F064
S21400DE1043FD07F114034E4A4021184603F097FBD2
S21400DE2007F11403BA684021184603F090FB07F187
S21400DE301403184607F021FC034687F8563097F877
S21400DE4056301B0987F8553097F85530092B01D8FE
S21400DE50302200E0372297F855301344DBB2FB76C9
S21400DE6097F8563003F00F0387F8553097F855307B
S21400DE70092B01D8302200E0372297F8553013449A
S21400DE80DBB23B77334B1B684FF0FF31184605F08B
S21400DE9000FC0346012B51D1F6F7E2FA2E4B1B7815
S21400DEA0002B09D007F1140300932C4B4FF4B972E2
S21400DEB02B490020F4F740FD07F114031846FFF73E
S21400DEC0BDFD2848FFF7BAFDFB7B002B03D10023DE
S21400DED087F857302DE06420FAF7A6FAF97B7B6EB8
S21400DEE03A6E7868FFF7D8FE034687F8543097F8FE
S21400DEF05430012B03D1002387F8573019E097F8E8
S21400DF005430032B03D10C2387F8573006E097F8DC
S21400DF105430022B02D1142387F857303B68002B6D
S21400DF2003D11B2387F8573003E03B68013B3B6077
S21400DF30B2E7084B1B68184605F076FB97F8573093
S21400DF4018465837BD4680BD30840100BC7D0100B0
S21400DF50C07D0100140A0020630C0020C87D01006B
S21400DF60D07D0100A069010080B586B000AF786062
S21400DF707B685B681A461B491B4803F0A0F907F14B
S21400DF8008031A4A1021184603F0BCFA07F002FBF1
S21400DF9003461A4607F108031021184603F07CFCD6
S21400DFA007F10803124A1021184603F0D0FA7B68DE
S21400DFB05A6807F1080319460E4803F080F90E4B1D
S21400DFC01B78002B01D00D4900E00D497B685B688B
S21400DFD01A460C4803F073F9002318461837BD4656
S21400DFE080BD00BF2C7E0100407E01002070010035
S21400DFF084750100447E0100630C0020B4700100AB
S21400E000787901004C7E010080B582B000AF786060
S21400E0107B685B681A461649164803F03EF97B682B
S21400E0205B681A461449154803F037F97B685B6845
S21400E0301A461349134803F030F97B685B681A46A2
S21400E0401149124803F029F97B685B681A461049A3
S21400E050104803F022F97B685B681A460E490F48A1
S21400E06003F01BF9002318460837BD4680BD00BFE5
S21400E070646C0100407E01003460010058600100BD
S21400E080547E01006C7E01007C7E01009C7E0100B7
S21400E090AC7E0100EC7E0100047F0100287F0100B9
S21400E0A080B598B002AFF860B9607A606D49F868DC
S21400E0B007F0D2FC0346002B06D06B49F86807F041
S21400E0C0CBFC0346002B07D1BB6801221A70786888
S21400E0D0FFF79AFF0346C1E06449F86807F0BCFC06
S21400E0E00346002B06D06249F86807F0B5FC0346E5
S21400E0F0002B07D1BB6801221A707868FFF734FF3F
S21400E1000346ABE007225B49F86807F010FD0346BC
S21400E110002B21D1BB6801221A70FB6807337B6590
S21400E1207B6D5549184607F097FC0346002B04D133
S21400E130524B01221A70002390E07B6D504918461E
S21400E14007F08AFC0346002B04D14C4B00221A70C1
S21400E150002383E01B2381E008224A49F86807F081
S21400E160E6FC0346002B1FD1BB6801221A70FB6831
S21400E17008337B6507F1500207F154031146184631
S21400E18003F08CFC0346002B0CD13B6D002B09DB07
S21400E1903B6DFF2B06DC3B6DDBB21846FFF7D8F96C
S21400E1A003465BE01B2359E008223749F86807F06E
S21400E1B0BEFC0346002B0BD1BB6801221A70FB681D
S21400E1C008331846FFF73AFC3048FFF737FC44E0C0
S21400E1D00B222F49F86807F0AAFC0346002B3CD117
S21400E1E0BB6801221A70FB680B337B6507F150028F
S21400E1F007F154031146184603F050FC0346002B63
S21400E20029D102E07B6D01337B657B6D1B78202B6B
S21400E210F8D07B6D1B78222B0FD107F1100107F188
S21400E22054034022184603F05EFE0346002B01D03E
S21400E2301B2313E007F110037B653B6DD8B2796DA5
S21400E240144B01937B680093002342F21072FFF791
S21400E2508FFD034602E01B2300E0002318465837D4
S21400E260BD4680BD8C670100387F01009C670100B9
S21400E270407F01004C7F0100547B0100630C0020AE
S21400E280647B0100547F0100607F0100A0690100EB
S21400E2906C7F01003084010080B58CB004AFF8605C
S21400E2A0B9607A603B607B6800221A703B68002287
S21400E2B01A70BB68FA681A60FB681B78402B55D149
S21400E2C0FB680133BB6107F1170207F1180311461B
S21400E2D0184603F046FD0346002B47D107F05AF9CF
S21400E2E003461A46FB7D9A4202D0FB7D002B3DD1A9
S21400E2F007F1160207F118031146184603F031FD20
S21400E3000346002B32D1BA7D7B681A70FA7D3B68D3
S21400E3101A7007F1150207F118031146184603F0A4
S21400E32020FD0346FB77FB7F002B01D014231EE065
S21400E330F86807F0A2F90346BB777B7DBA7F9A425E
S21400E3400FD07B7D1A46BB7F02930192FB68009339
S21400E350094B4FF4017209490420F4F7EDFA14232F
S21400E36005E0BA69BB681A60002300E01B23184664
S21400E3702037BD4680BD00BF787F0100D07D0100FC
S21400E38080B590B002AF7860B24B4FF40B72B249D2
S21400E3900020F4F7D1FAB14B00221A7002E00A20EE
S21400E3A0FAF742F8AE4BDB689847034683F0010362
S21400E3B0DBB2002BF3D1AB4A4021A84802F0C5FEE1
S21400E3C00346002BEED1002387F83630FF2387F86C
S21400E3D02F30FF2387F82E30A04B1B78402B40F0C1
S21400E3E0A9809E4807F07CFB03460A2B40F2A280D9
S21400E3F09D4B1B78002B08D0984B00939B4B40F20C
S21400E4003F2295490020F4F797FA002387F8363024
S21400E41007F12E0307F12F0207F130018F48FFF7AF
S21400E4203BFF034687F8373097F83730142B06D172
S21400E4308F4B14221A70012387F8363083E097F842
S21400E4403730002B7FD11B2387F837303B6B894949
S21400E450184607F001FB0346002B0AD1012387F874
S21400E4603630834B1B7887F83730814B00221A7082
S21400E47069E03B6B8049184607F0EEFA0346002B2E
S21400E48013D1012387F83630FCF772FF034618468F
S21400E49006F04FFC0346002B03D0002387F83730E6
S21400E4A051E01B2387F837304DE03B6B052273495C
S21400E4B0184607F03CFB0346002B23D1F5F7D0FFA8
S21400E4C03B6B05333B6397F82E30002B09D13B6B33
S21400E4D001226B49184600F085F9034687F8373065
S21400E4E008E03B6B01226749184600F07BF90346BB
S21400E4F087F837305E4A97F837301370012387F86D
S21400E500363020E03B6B6049184607F0A5FA034614
S21400E510002B03D1002387F8363014E03B6B5B49B1
S21400E520184607F099FA0346002B0CD1002387F80B
S21400E530363008E0564A4021484803F008F8474875
S21400E54000F008F900E000BF444B00221A7097F86C
S21400E5503630002B3FF426AF97F82E30002B3FF4D2
S21400E56021AF07F10C034B4A2021184602F0CAFFE0
S21400E57097F82F2007F10C032021184603F08CF99A
S21400E58007F10C0320222021184603F013F807F0A9
S21400E59001F803461A4607F10C032021184603F03B
S21400E5A07BF907F10C0320222021184603F002F81D
S21400E5B007F10C0300222021184603F06DF997F8A6
S21400E5C03730002B07D107F10C032F4A20211846BD
S21400E5D002F0BDFF06E007F10C032C4A2021184686
S21400E5E002F0B5FF07F10C03184607F046F803469D
S21400E5F087F8353097F835301B0987F8343097F8A8
S21400E6003430092B01D8302200E0372297F8343016
S21400E6101344DBB2FB7497F8353003F00F0387F82A
S21400E620343097F83430092B01D8302200E03722F6
S21400E63097F834301344DBB23B7507F10C030A221B
S21400E6402021184602F0B6FF07F10C031846FFF724
S21400E650F5F9A7E6A07F0100D07D0100180C002088
S21400E6607082010030840100630C0020B47F01003A
S21400E670650C0020BC7F0100CC7F0100C07D01003E
S21400E6802084010010840100D87F0100DC7F010097
S21400E69084750100BC7D010080B582B002AF002306
S21400E6A0019304230093002340F2451212491348B5
S21400E6B005F0AEFE0346012B08D0114B40F2952222
S21400E6C010490520F4F738F900BFFDE7042004F0F0
S21400E6D093FF03460C4A13600B4B1B68002B08D1B4
S21400E6E00A4B40F29A2207490520F4F725F900BFA5
S21400E6F0FDE700BFBD4680BDE47F010081E300006A
S21400E700EC7F0100D07D0100140A00200880010083
S21400E71080B582B000AF00237B6011E00C497A68B8
S21400E72013465B0013449B000B441B68DB6898474A
S21400E7300346002B01D0012306E07B6801337B6093
S21400E7407B68002BEAD0002318460837BD4680BDFC
S21400E7507C84010080B584B000AF78600023FB6045
S21400E76033E01E49FA6813465B0013449B000B44D3
S21400E7701B681B4A934218D10020F9F7EBF8B860E3
S21400E780786807F0ADF90246BB6893421AD9134978
S21400E790FA6813465B0013449B000B441B685B68D7
S21400E7A01946786802F02BFB0CE00C49FA68134611
S21400E7B05B0013449B000B441B685B681946786833
S21400E7C002F01DFBFB680133FB60FB68002BC8D022
S21400E7D000BF00BF1037BD4680BD00BF7C8401006F
S21400E7E04C82010080B584B000AFF860B960134673
S21400E7F0FB71BB68002B01D1064BBB60FB79064A58
S21400E800B968F86802F0E3FB034618461037BD46C1
S21400E81080BD00BF4C8201004084010090B585B0E9
S21400E82000AF78600023BB604FF47A70F9F7FCFD08
S21400E830294B40F2231229490020F4F77DF80023E3
S21400E840FB600DE02649FA6813465B0013449B0004
S21400E8500B4404331B6800221A70FB680133FB600C
S21400E860FB68002BEED00023FB6018E01C49FA681A
S21400E87013465B0013449B000B4404331868402483
S21400E8801749FA6813465B0013449B000B441A684A
S21400E890144B214602F0B1FCFB680133FB60FB68B9
S21400E8A0002BE3D0FFF734FF034683F00103DBB20F
S21400E8B0002BD8D01420F9F7B7FDBB681433BB6023
S21400E8C0BB68C72BCFDD084B1B68184602F00EFA54
S21400E8D00023BB60C7E700BF34800100488001000A
S21400E8E07C84010040840100E809002080B582B0E5
S21400E8F002AF0023019302230093002340F271220B
S21400E9000D490E4805F084FD0346012B08D00C4B3C
S21400E9104FF4AD720B490520F4F70EF800BFFDE783
S21400E920094B1846F5F764F800210748F3F7E4FEAC
S21400E93000BFBD4680BD00BFA48001001DE80000EA
S21400E940AC800100488001004C82010080B483B096
S21400E95000AF0346FB7197F90730002B0BDBFB7902
S21400E96003F01F02074997F907305B09012000FAF8
S21400E97002F241F8232000BF0C37BD465DF8047B49
S21400E980704700BF00E100E080B483B000AF0346EC
S21400E9903960FB7197F90730002B0ADB3B68DAB267
S21400E9A00C4997F907301201D2B20B4483F80023C2
S21400E9B00AE03B68DAB20849FB7903F00F03043B30
S21400E9C01201D2B20B441A7600BF0C37BD465DF872
S21400E9D0047B704700E100E000ED00E080B582B007
S21400E9E000AF786008220449786807F023F800BF73
S21400E9F00837BD4680BD00BF8884010080B500AFE3
S21400EA000021024806F0F1FE00BF80BD0070034002
S21400EA1080B500AF0021024806F0CBFE00BF80BDE7
S21400EA200070034080B586B000AF78607B68FB60FE
S21400EA30FB68DB68002B01D1002396E0FB68B3F986
S21400EA401230002B0AD0FB68B3F912309BB2013BA0
S21400EA509BB21AB2FB685A82012386E0FB68DB6829
S21400EA60002B02DD01237B6102E04FF0FF337B6168
S21400EA70FB689A687B691A44FB689A60FB685B6867
S21400EA80002B06D0FB685B68FA6812687969104646
S21400EA909847FB68DA687B69D21AFB68DA60FB681D
S21400EAA0B3F91020FB685A82FB681B7E002B03D14B
S21400EAB0FB685B7E002B57D0FB68DB683B613B69DD
S21400EAC0002B02DA3B695B423B61FB681B7E002B36
S21400EAD026D03B694FF4B47202FB03F3254A9342F7
S21400EAE01ED9FB685B691A464FF4B47302FB03F346
S21400EAF0204A934204D8FB685B695A1CFB685A613B
S21400EB00FB685B691A464FF4B47302FB03F31A4AB8
S21400EB10A2FB03231B0B1946F86806F0BFFE23E092
S21400EB20FB685B7E002B1FD03B694FF4B47202FB80
S21400EB3003F3124A934217D8FB685B69002B04DD87
S21400EB40FB685B695A1EFB685A61FB685B691A467C
S21400EB504FF4B47302FB03F3074AA2FB03231B0B19
S21400EB601946F86806F09AFE012318461837BD467F
S21400EB7080BD00BFBFB6010049D6B9F2DFA50100CF
S21400EB8080B500AF01220021044806F0E9FD06F03A
S21400EB901BFBBFF34F8F00BF00BF80BD007003405C
S21400EBA02DE9B04F88B000AF07F11C03184606F0F9
S21400EBB0ADFD00233B7707F11C0319462E48F2F7FC
S21400EBC0E5FC0220F1F79CFD034600229A46934698
S21400EBD052465B469118B9605B41FB60D7E9022359
S21400EBE012EB0A0443EB0B054FF000024FF0000354
S21400EBF0AB0043EA9473A20014461D46B4EB0A0821
S21400EC0065EB0B094FF000024FF000034FEA891343
S21400EC1043EA98634FEA8812B2EB0801396063EB67
S21400EC2009037B60D7E900120B4613EB0A033B612E
S21400EC30134643EB0B037B61104A4FF00003D7E902
S21400EC40040106F0D9FF02460B4613461A46002179
S21400EC50094806F09AFD02220021074806F063FDE7
S21400EC6006213020FFF790FE302006F039FD00BF69
S21400EC702037BD46BDE8B08F0070034040420F000D
S21400EC8080B487B000AF78607B683B61EFF310809C
S21400EC9072B6F8733B699B687B617B69002B13DA5D
S21400ECA07B695B42164A82FB03121A441113DA1779
S21400ECB08A1A4FF4875101FB02F29B1A7B617B692B
S21400ECC0C3F587537B610DE07B690D4A82FB031217
S21400ECD01A441113DA178A1A4FF4875101FB02F20D
S21400ECE09B1A7B613B697A699A60F87B80F310888F
S21400ECF07B6918461C37BD465DF8047B704700BF2D
S21400ED0049D6B9F280B58AB000AFF860B96011464E
S21400ED101A460B46FB711346BB7100237B62FB68E9
S21400ED20BB61F868FFF7ACFF78617B696E4A82FBCF
S21400ED3003125210DB17D31A3B61BB68002B0EDBA5
S21400ED40BB686A4A82FB03121A441112DA178A1A3F
S21400ED504FF4B47101FB02F29B1A3B6210E0BB68F1
S21400ED605B42624A82FB03121A441112DA178A1AAD
S21400ED704FF4B47101FB02F29A1AC2F5B4733B6207
S21400ED80FB79002B18D13A6A3B69D31AFB61FB6901
S21400ED90002B08DBFB69B42B02DC0123FB710BE0C4
S21400EDA00223FB7108E0FB6913F1B30F02DA0123BB
S21400EDB0FB7101E00223FB71FB79012B3DD13A691F
S21400EDC03B6A9A4204DC3A6A3B69D31AFB6105E067
S21400EDD03A693B6AD31AC3F5B473FB61FA69134602
S21400EDE05B0013449B007B62BB68B3F5B47F0FDB0C
S21400EDF0BB683E4A82FB03121A441212DB17D31A70
S21400EE004FF4875202FB03F37A6A13447B6254E0A2
S21400EE10BB6813F5B47F50DCBB685B42334A82FBA9
S21400EE2003121A441212DB17D31A4FF4875202FB4E
S21400EE3003F37A6A13447B623FE0FB79022B3CD1F2
S21400EE403A6A3B699A4204DC3A693B6AD31AFB6128
S21400EE5005E03A6A3B69D31AC3F5B473FB61FA69F5
S21400EE60134692009B1A9B007B62BB68B3F5B47F87
S21400EE700FDBBB681D4A82FB03121A441212DB1713
S21400EE809B1A4FF4875202FB03F37A6A13447B62A1
S21400EE9013E0BB6813F5B47F0FDCBB685B42134A14
S21400EEA082FB03121A441212DB179B1A4FF4875286
S21400EEB002FB03F37A6A13447B62BB697A6ADA6000
S21400EEC0BB6900225A61BB791AB2BB691A82BB6958
S21400EED097F830201A76BB6997F834205A7600BF28
S21400EEE02837BD4680BD00BFABAAAA2AB7600BB6BE
S21400EEF080B588B002AFF860B9607A60FB687B6165
S21400EF001B4A7968B86802F022FB7B699A68052379
S21400EF10009320237968B86802F0A1FC154A796846
S21400EF20B86802F014FB7B69B3F910200223009343
S21400EF3020237968B86802F070FC7B69DB69002BD7
S21400EF4012D00D4A7968B86802F001FB7B69DB696C
S21400EF50184605F025F803461AB20223009320232C
S21400EF607968B86802F059FC00BF1837BD4680BD06
S21400EF70C8800100D0800100DC80010080B5A2B00E
S21400EF8000AF78607B685B681A462A492A4802F018
S21400EF9096F907F10803294A8021184602F0B2FACA
S21400EFA007F1080340F2B6228021184602F046FD1B
S21400EFB007F10803224A8021184602F0C8FA7B6847
S21400EFC05A6807F1080319461E4802F078F907F157
S21400EFD008031D4A8021184602F094FA07F1080338
S21400EFE04FF487528021184602F028FD07F10803E7
S21400EFF0164A8021184602F0AAFA07F1080340F6DE
S21400F000B8328021184602F019FD07F108030C4AB1
S21400F0108021184602F09BFA7B685A6807F10803BD
S21400F02019460B4802F04BF9002318468837BD46B0
S21400F03080BD00BFE8800100FC8001000481010063
S21400F040847501001C8101002481010038810100C3
S21400F0504C81010080B582B000AF78607B685B6849
S21400F0601A460B490B4802F018F97B685B681A468B
S21400F07009490A4802F011F97B685B681A46084994
S21400F080084802F00AF9002318460837BD4680BD36
S21400F09054810100FC8001003460010058600100CA
S21400F0A0708101009081010080B58AB000AFF860E1
S21400F0B0B9607A60002387F827305449F86806F06C
S21400F0C0CBFC0346002B06D05149F86806F0C4FC7A
S21400F0D00346002B07D1BB6801221A707868FFF739
S21400F0E0B9FF03468DE04B49F86806F0B5FC0346C9
S21400F0F0002B06D04849F86806F0AEFC0346002B05
S21400F10007D1BB6801221A707868FFF737FF0346FD
S21400F11077E00F224149F86806F009FD0346002B08
S21400F1206DD1BB6801221A70FB680F337B6107F153
S21400F130200207F114031146184602F0AFFC0346FE
S21400F140002B59D13B6A002B56DB3B6A012B53DC64
S21400F15007F11C0207F114031146184602F09EFC44
S21400F1600346002B48D1FB69002B45DBFB69002BCF
S21400F17042DC07F1180207F114031146184602F0A4
S21400F1808DFC0346002B37D1BB69002B34DBBB69F3
S21400F190012B31DC07F11403184603F036F87B69BF
S21400F1A01F49184606F058FC0346002B0CD13B6A54
S21400F1B0D8B2FB69D9B2BB69DAB20123FEF70EFA00
S21400F1C0002387F8273017E07B691649184606F0B3
S21400F1D043FC0346002B0CD13B6AD8B2FB69D9B27C
S21400F1E0BB69DAB20023FEF7F9F9002387F8273067
S21400F1F002E01B2387F8273097F8273001E097F8BE
S21400F200273018462837BD4680BD00BF8C670100F2
S21400F210A48101009C670100B4810100C481010043
S21400F220986601002C6C0100034B034493F8803071
S21400F2301B0748BF20387047928401000A4B0344DE
S21400F24093F880309A0605D530388842A8BF4FF02C
S21400F250FF3070471A0701D55738F6E7DB064CBF74
S21400F26037384FF0FF30F0E7928401002DE9F04781
S21400F2701446294A074689460546294615F8010BCD
S21400F280E0B1131893F88030DB07F6D4302815D198
S21400F290287800F0DF03582B01F1020209D134F080
S21400F2A0100337D16878CA1C1024214615461C4620
S21400F2B007E00123002CF8D10824F6E7B4B1214674
S21400F2C000240026B046B246FFF7B8FF00280FDA43
S21400F2D004B16F1EC9F80070BAF1000F17D00F4BBB
S21400F2E022221A604FF0FF30BDE8F0870A21E8E7D7
S21400F2F006FB01031A0C08FB0128B8F5803F15F839
S21400F300010B9EB228BF4FF0010A0124DCE746EA53
S21400F3100840E9E70123C8E792840100580C002062
S21400F320DFF878C0F7B5034607460E461D4613F8C5
S21400F330011B21B30CEB010090F8804014F001048F
S21400F340F4D12B291DD02D290ABF1D4600244FF4C9
S21400F350007401A92846FFF789FF26B1019BAB423E
S21400F36008BF3B46336074B10028BBBF0A4B22225D
S21400F37040421A60B8BF4FF0004003B0F0BD0C46E4
S21400F380E7E71D46E5E70028BFBF034B22221A60C9
S21400F3906FF00040F1E700BF580C00209284010097
S21400F3A00A4B0B49172230B51A600A4B0A4C362214
S21400F3B01A600A4A0023013300EB1045372B42F847
S21400F3C0045B04FB0010F6D130BD00BF180000201F
S21400F3D0E119D66614000020CD0D01001C000020A7
S21400F3E02DE9F04381EA0304C1F30A550E469C4614
S21400F3F040F2FF7E04F0004455B1754504D0C3F3D7
S21400F4000A570FB1774518D1730013F5001F5DD268
S21400F4104FEA4C0313F5001F55D34FEA4C0313F580
S21400F420001F54D82B4B1E424FF0000050D01CEA51
S21400F430030F4DD044EA03013AE0C1F313063D44FE
S21400F440570D46F4801647EAC327D2020021A6FBD2
S21400F45002EC47F000470B46E6FB07C3A2FB006240
S21400F460E7FB002112EB0E0241F1000111EB0C014B
S21400F47043F10000B0F5801F42EA96031AD24918FD
S21400F48041EAD371A5F5806540415B00DA0F52185A
S21400F49040F10000B3F1004F40F2FD7308BF22F0C8
S21400F4A001029D4209D844EA000303EB05511046C9
S21400F4B0BDE8F083A5F2FF35E8E7002D03DB44F056
S21400F4C0FF4444F4E00400202146F1E7A5D00020E4
S21400F4D00149EDE70000F07F0000F87F2DE9F041DC
S21400F4E0C1F30A5E8C461E4640F2FF7883EA0105A9
S21400F4F0BEF1000F11D14900700010F5001F18D89A
S21400F500404A46EA0C03134213D01CEA020305F0F5
S21400F510004564D12946184656E0C64504D0C3F3D4
S21400F5200A570FB1474506D14FEA4C0111F5001FA7
S21400F530E2D9002064E0430D43EAC123510DC00226
S21400F54041EAC621D202904243F0004341F0004116
S21400F55073EB0106AEEB070728BF40084FEA5202DE
S21400F56028BF40EAC37042EAC17232BF07F2FD37D5
S21400F5705B0807F2FE3749084FF0350C002690422C
S21400F58073EB010E4FEA460604D3801A63EB0103C1
S21400F59046F0010600185B41BCF1210F08BF344657
S21400F5A0BCF1010CEBD1904273EB010102D30136A2
S21400F5B008BF013440F2FD739F4205F0004505D8B0
S21400F5C005EB075529193046BDE8F081002FA4BF8A
S21400F5D045F0FF4545F4E00500202946F4E716EA25
S21400F5E0020302D145EA020195E710F5001F4FF02D
S21400F5F0000002D045EA0201E6E711F5001FECD153
S21400F6000149E1E70000F07F0000F87FF0B51746FB
S21400F61093EA01020E4605469E4607D503F10045CD
S21400F6203A462B46BDE8F04000F0CAB88B4203D8F5
S21400F630874209D38B4207D102F1004256408EEA38
S21400F640020E2A463D461746C6F30A5240F2FF7C93
S21400F6504FEA1E5062454FEA1654C0EB165104D1CD
S21400F660330300F0A1800020A2E0914204D10029DB
S21400F67000F0A080314689E0C6F31302CEF31303F0
S21400F6801F2942F4801243F4801350D8203023FA06
S21400F69001FC001BA2EB0C0227FA01FC03FA00F1A6
S21400F6A041EA0C01691A38BF02F1FF3217FA00F37B
S21400F6B00D4603D05B424D1E01B9013A12F4C01F3D
S21400F6C051D1E90FDB0F41EA420243EA450352EA11
S21400F6D003016FD0023C510B23D0510C01BF190F10
S21400F6E041EA02121B01043CD10C01BF990F41EA0A
S21400F6F082029B00023C110D02BFD90F41EA420272
S21400F70004F1FF344FEAD67108BF5B00B1EBD42F8B
S21400F7104FF0000006BF02EB0451184606F0004109
S21400F720F0BD190E41EA02221B02083CD3E7352938
S21400F73019D8203923FA01F0281AC1F1200638BF5B
S21400F74002F1FF3227FA01F1B3403F06054643EACD
S21400F750010306D043F0FF035B42451E18B9013A89
S21400F76001E0002BF8D1D10209D4013C66050FD088
S21400F770E90F41EA4202D90F41EA45055B00002B3A
S21400F78022F480124FEA045405DB11192846C7E715
S21400F79021053046C4E7013508BF0132B3F1004FFA
S21400F7A008BF25F00105F0E7002000297FF462AFCE
S21400F7B00249B5E700200021B2E700BF0000F87F4D
S21400F7C0F0B51E4696EA010F1C468E4607461346BF
S21400F7D006D506F100452B46BDE8F040FFF716BFFC
S21400F7E08E429EBF0E46A646174640F2FF7CC6F3E4
S21400F7F00A5298BF03464FEA1E5162454FEA16501A
S21400F800C1EB165404D1320306D03249002036E04C
S21400F810944203D1002C58D0314654E0C6F3130C62
S21400F820CEF313021F2C4CF4801542F4801227D816
S21400F8302031091A22FA04FC27FA04F48A402243EB
S21400F8409A186544134628BF013507FA01F2A90243
S21400F8502BD5013308BF01350AB923F002036FF335
S21400F860130606EB5506720012F5001F2FBF431C49
S21400F870ED07314645EA530024BF00201905F0BDC8
S21400F880352CE4D8203C22FA04F159180B46C4F172
S21400F890200102FA01F227FA04F428BF01352243B8
S21400F8A03F0618BF42F0FF02D1E7002A00F1FF34FE
S21400F8B007DA013308BF0135B2F1004F08BF23F065
S21400F8C0010305EB04511846D9E706F0004120462F
S21400F8D0D5E700BF0000F87F80B500AFF1F740F92C
S21400F8E000BF80BD80B500AFF1F748F900BF80BD0E
S21400F8F080B500AFF1F750F900BF80BD80B500AF0E
S21400F900F1F758F900BF80BD80B500AFF0F7D2FC24
S21400F91000BF80BD80B500AFF0F7CCFC00BF80BD57
S21400F92080B500AFF0F7C6FC00BF80BD80B500AF65
S21400F930F0F7C0FC00BF80BD80B500AFF0F7BAFCA2
S21400F94000BF80BD80B500AFF0F7B4FC00BF80BD3F
S21400F95080B500AFF0F7AEFC00BF80BD80B500AF4D
S21400F960F0F7A8FC00BF80BD80B500AFF0F7A2FCA2
S21400F97000BF80BD80B500AFF0F79CFC00BF80BD27
S21400F98080B500AFF0F796FC00BF80BD80B500AF35
S21400F990F0F790FC00BF80BD80B500AFF0F78AFCA2
S21400F9A000BF80BD80B500AFF0F784FC00BF80BD0F
S21400F9B080B500AFF0F77EFC00BF80BD80B500AF1D
S21400F9C0F0F778FC00BF80BD80B500AFF0F772FCA2
S21400F9D000BF80BD80B500AFF0F76CFC00BF80BDF7
S21400F9E080B500AFF0F766FC00BF80BD80B500AF05
S21400F9F0F0F760FC00BF80BD80B500AFF0F75AFCA2
S21400FA0000BF80BD80B500AFF0F754FC00BF80BDDE
S21400FA1080B500AFF0F74EFC00BF80BD80B500AFEC
S21400FA20F0F748FC00BF80BD80B500AFF0F742FCA1
S21400FA3000BF80BD80B500AFF0F73CFC00BF80BDC6
S21400FA4080B500AFF0F736FC00BF80BD80B500AFD4
S21400FA5000F09EFD00BF80BD80B500AFF0F72AFC29
S21400FA6000BF80BD80B500AFF0F724FC00BF80BDAE
S21400FA7080B500AFF0F71EFC00BF80BD80B500AFBC
S21400FA80F0F718FC00BF80BD80B500AFF0F712FCA1
S21400FA9000BF80BD80B500AFF0F70CFC00BF80BD96
S21400FAA080B500AFF0F706FC00BF80BD80B500AFA4
S21400FAB0F0F700FC00BF80BD80B500AFF0F7FAFBA2
S21400FAC000BF80BD80B500AFF0F7F4FB00BF80BD7F
S21400FAD080B500AFF0F7EEFB00BF80BD80B500AF8D
S21400FAE0F0F7E8FB00BF80BD80B500AFF0F7E2FBA3
S21400FAF000BF80BD80B500AFF0F7DCFB00BF80BD67
S21400FB0080B500AFF0F7D6FB00BF80BD80B500AF74
S21400FB10F0F7D0FB00BF80BD80B500AFF0F7CAFBA2
S21400FB2000BF80BD80B500AFF0F7C4FB00BF80BD4E
S21400FB3080B500AFF0F7BEFB00BF80BD80B500AF5C
S21400FB40F0F7B8FB00BF80BD80B500AFF0F7B2FBA2
S21400FB5000BF80BD80B500AFF0F7ACFB00BF80BD36
S21400FB6080B500AFF0F7A6FB00BF80BD80B500AF44
S21400FB70F0F7A0FB00BF80BD80B500AFF0F79AFBA2
S21400FB8000BF80BD80B500AFF0F794FB00BF80BD1E
S21400FB9080B500AFF0F78EFB00BF80BD80B500AF2C
S21400FBA0F0F788FB00BF80BD80B500AFF0F782FBA2
S21400FBB000BF80BD80B500AF00F074FD00F028FDEA
S21400FBC000F033FDFBF754FC0023184680BD80B5DB
S21400FBD082B000AFF0F7FCFC7860F0F73BFE03461F
S21400FBE0DB087A689A4204D87B68002B01D07B68D1
S21400FBF000E0002318460837BD4680BD80B582B0B9
S21400FC0000AF03463A60FB710B46BB71B979FB79CE
S21400FC103A681846F0F718FF034618460837BD46F8
S21400FC2080BD80B485B000AF78607B681B0C03F1A4
S21400FC30804303F58E23FB60FB6819687B689BB2E4
S21400FC4001229A40FB680A431A6000BF1437BD467B
S21400FC505DF8047B704790B589B000AF78607B682C
S21400FC609B687A68127CDA777B689A687B681B7C6C
S21400FC705B01134403F580531C331B889BB203F0CF
S21400FC808003002B14BF01230023BB767B68DB6850
S21400FC90002B0CD17B681B68002B7FD07B681C6810
S21400FCA07B685968BA7E00237868A04776E07B6850
S21400FCB09A687B681B7C5B01134403F580531833FA
S21400FCC01B687B617B68DB681A467B699B1A7B61D5
S21400FCD07B695B093B61BB7E002B02D03B69FB76F0
S21400FCE00EE03B69002B04D03B69DBB2013BDBB284
S21400FCF005E07B681B7D5BB2DBB2013BDBB2FB76CB
S21400FD007B685B7C5AB297F91B309A4213D17B68AA
S21400FD10DB7CFB737B681B7DBB7397F90F2097F921
S21400FD200E309A4204D17B68DB7C5BB2FB6112E04A
S21400FD300023FB610FE0FB7E7A68527C52B29B1A6E
S21400FD40FB61FB69002B06DA7B681B7D5BB21A46FB
S21400FD50FB691344FB6197F91B207B685A747B6828
S21400FD60DB7C5BB2DAB2FB69DBB2D31ADBB25AB227
S21400FD707B68DA747B681B68002B07D07B681C687E
S21400FD807B685968FB69BA7E7868A047BB7E002B03
S21400FD9004D07B689B687A68127C1A7700BF243789
S21400FDA0BD4690BD80B483B000AF78607B68002B02
S21400FDB001D1042326E07A6892F84C3043F0010320
S21400FDC082F84C307A6892F84C3043F0020382F89E
S21400FDD04C307B681022A3F860207B681322A3F8BF
S21400FDE062207B6800225A657B68082283F85120CF
S21400FDF07B68002283F850207B684FF48072A3F85B
S21400FE005220002318460C37BD465DF8047B704729
S21400FE1080B487B000AFF860B9607A60FB70662384
S21400FE207B61FB68002B01D1042323E0FB78013BB8
S21400FE30DBB21A46BB681340002B07D1FB78013BA8
S21400FE40DBB21A467B681340002B01D0652311E015
S21400FE50FB689B68BA689A420BD3BA687B681A44F8
S21400FE60FB689968FB68DB680B449A4201D800235C
S21400FE707B617B6918461C37BD465DF8047B70477E
S21400FE8080B487B000AF786000237B617B683B61FD
S21400FE903B6903F00303002B03D13B691B687B61BE
S21400FEA015E00023FB600FE03B691B781A46FB68F1
S21400FEB0DB0002FA03F37A6913437B613B69013383
S21400FEC03B61FB680133FB60FB68032BECD97B6965
S21400FED018461C37BD465DF8047B704780B586B073
S21400FEE000AFF860B9607A603B6007F113037A6888
S21400FEF0B968F86800F0E2F878617B69002B01D0F9
S21400FF007B691DE0FB7C1A46642302FB03F3FA6858
S21400FF101344B968184600F019F978617B69002B1C
S21400FF2001D07B690CE0FB7C1A46642302FB03F3DA
S21400FF30FA68D0183B687A68B968F0F777FE034627
S21400FF4018461837BD4680BD80B586B000AFF8604D
S21400FF50B9607A603B6007F113033A68B968F868DD
S21400FF6000F0ACF878617B69002B01D07B691DE05E
S21400FF70FB7C1A46642302FB03F3FA681344B96851
S21400FF80184600F0E3F878617B69002B01D07B69A6
S21400FF900CE0FB7C1A46642302FB03F3FA68D018D5
S21400FFA03B687A68B968F0F7A1FE0346184618372A
S21400FFB0BD4680BD80B586B000AFF860B9607A6097
S21400FFC0FB7007F113037A68B968F86800F076F8F2
S21400FFD078617B69002B01D07B691DE0FB7C1A46AB
S21400FFE0642302FB03F3FA681344B968184600F06A
S21400FFF0ADF878617B69002B01D07B690CE0FB7C57
S2140100001A46642302FB03F3FA68D018FB787A6871
S214010010B968F0F7D5FE034618461837BD4680BDC9
S21401002080B485B000AF78600023FB607B685B78A6
S214010030002B16D17A68137943F0010313717A689D
S214010040137943F0020313717A68137943F00803B6
S21401005013717A68137943F0200313710023FB6050
S21401006001E00423FB607A68137943F004031371FB
S2140100707A68137943F010031371FB681846143736
S214010080BD465DF8047B704780B485B000AF7860EC
S21401009039603B689B027A689A4205D97A683B6860
S2140100A0B2FBF3F3FB6002E04FF48063FB60FB6896
S2140100B018461437BD465DF8047B704790B486B089
S2140100C000AFF860B9607A603B60FB68002B01D135
S2140100D0042336E00023FB752FE0FB7DFA686421DC
S2140100E001FB03F3134408331B68BA689A4221D311
S2140100F0BA687B681A44FB7DF968642000FB03F349
S2140101000B4408331968FB7DF868642404FB03F389
S21401011003440C331B680B449A420BD8FB7DFA68E8
S214010120642101FB03F3134401331A783B681A7008
S214010130002306E0FB7D0133FB75FB7D002BCCD055
S214010140662318461837BD4690BC704780B483B006
S21401015000AF786039607B68002B01D1042317E07B
S2140101607B685B78002B0FD07B681B7903F001035B
S214010170DBB2002B08D07B689B683A68D31A03F57C
S21401018000027B681A6302E07B683A681A63002300
S21401019018460C37BD465DF8047B704780B487B0BF
S2140101A000AFF860B9601346FB7101237B61FB79F0
S2140101B0002B05D17A69BB689A40FB689A6004E017
S2140101C07A69BB689A40FB685A6000BF1C37BD4617
S2140101D05DF8047B704780B586B000AFF860B96003
S2140101E07A6001237B617B681B78002B0AD1FB6850
S2140101F05A697969BB6801FA03F3DB431A40FB6865
S2140102005A610FE07B685B781A46B968F868FFF7B1
S214010210C5FFFB685A697969BB6801FA03F31A439B
S214010220FB685A6100BF1837BD4680BD80B485B0F3
S21401023000AF78607B681B0C03F1804303F58E23C7
S214010240FB60FB6819687B689BB201229A40FB68D9
S2140102500A431A6000BF1437BD465DF8047B704739
S21401026080B582B000AF786007220021786805F07B
S214010270E3FB7B6800221A707B6800225A707B6859
S21401028000229A707B680022DA707B6801221A715C
S2140102907B6801225A717B6800229A7100BF083779
S2140102A0BD4680BD80B485B000AF78607B681B0C0E
S2140102B003F1804303F58E23FB60FB6819687B68B6
S2140102C09BB201229A40FB680A431A6000BF1437AA
S2140102D0BD465DF8047B704780B485B000AF78609A
S2140102E07B685B78DBB2FB60FB6823F06003FB6036
S2140102F0FB68DAB27B685A70002318461437BD468D
S2140103005DF8047B704780B485B000AF78607B6889
S2140103105B78DBB2FB60FB6823F06003FB60FB6885
S21401032043F06003FB60FB68DAB27B685A70002317
S21401033018461437BD465DF8047B704780B485B017
S21401034000AF78607B681B0C03F1804303F58E23B6
S214010350FB60FB6819687B689BB201229A40FB68C8
S2140103600A431A6000BF1437BD465DF8047B704728
S21401037080B582B000AF78600C220021786805F065
S2140103805BFB7B684FF4E1321A607B6800221A71CE
S2140103907B6800225A717B6801229A717B68002271
S2140103A0DA717B6800221A727B6800225A727B68B7
S2140103B000229A727B680022DA7200BF0837BD46B7
S2140103C080BD80B485B000AF78607B681B79DBB2F6
S2140103D0FB607B685B79DBB21B02FA681343FB6048
S2140103E07B681B7BDBB21B04FA681343FB607B68EC
S2140103F09B7CDBB21B06FA681343FB60FB6818465E
S2140104001437BD465DF8047B704780B584B000AFF5
S214010410786039607B685B79FB72FB7A03F03F0397
S214010420FB723B681B0ADAB2FB7A1343DAB27B68CB
S2140104305A713B681B0EDAB27B689A743B6803F00C
S2140104401703002B03D07B681B797B68DB793B683D
S21401045003F00803002B0BD07B681B797B68DB79E4
S2140104607B685B7CDBB243F04003DAB27B685A748C
S2140104707868FFF7A6FF02463B681340002B03D0BF
S21401048040F2EE33FB6001E00023FB60FB68184698
S2140104901037BD4680BD80B485B000AFF860B96046
S2140104A07A600CE000BFFB681B79DBB25BB2002B05
S2140104B0F9DABB685A1CBA601A78FB68DA717B688D
S2140104C05A1E7A60002BEDD100BFFB681B79DBB2A8
S2140104D003F04003002BF8D000BF00BF1437BD4621
S2140104E05DF8047B704780B485B000AF78600B463A
S2140104F0FB700023FB730023BB737B689B7CFB7341
S2140105007B68DB78DBB203F00C03BB73FB7B03F089
S2140105104003002B35D07B68DB78DBB223F00C037D
S214010520DAB27B68DA707B685B7CDBB263F03F0330
S214010530DAB27B685A74FB78002B08D07B681B7C88
S214010540DBB243F00803DAB27B681A7407E07B6813
S2140105501B7CDBB223F00803DAB27B681A747B6873
S2140105605B7CDBB263F03F03DAB27B685A747B686C
S214010570DB78DAB2BB7B1343DAB27B68DA7000232E
S21401058000E0012318461437BD465DF8047B70472A
S21401059080B500AFF1F7B4F9BFF34F8F00BF00BFCE
S2140105A080BD80B400AF00BFBD465DF8047B7047D8
S2140105B080B483B000AF78600B46FB707B68FA7836
S2140105C01A7000BF0C37BD465DF8047B704780B4D7
S2140105D083B000AF78607B68DB78DBB218460C37F7
S2140105E0BD465DF8047B704780B483B000AF47F228
S2140105F030537B6000E000BF7B685A1E7A60002B98
S214010600F9D100BF00BF0C37BD465DF8047B7047CB
S21401061080B500AFF1F7B8F900BF80BD80B400AF78
S21401062000BFBD465DF8047B704780B500AFFFF79D
S214010630F5FF00BF80BD80B485B000AF78607B68F1
S2140106401B0C03F1804303F58E23FB60FB681968DE
S2140106507B689BB201229A40FB680A431A6000BF7E
S2140106601437BD465DF8047B704780B485B000AF93
S214010670F860B9601346FB71FB68BA6853F822301C
S21401068023F4E062FB791B0203F4E06342EA030110
S214010690FB68BA6843F8221000BF1437BD465DF800
S2140106A0047B704780B500AFF1F79EF900BF80BDAF
S2140106B080B588B000AF786007F108031846F0F7F8
S2140106C0A7FF0023FB6107E07A68FB691344002259
S2140106D01A70FB690133FB61FB690F2BF4D9002308
S2140106E0FB610023BB610FE007F10802FB691344BD
S2140106F019787A68BB6913440A461A70FB69013394
S214010700FB61BB690133BB61FB690F2B02D8FB6937
S2140107100F2BE9D9002318462037BD4680BD80B48B
S21401072000AF00BFBD465DF8047B704780B483B060
S21401073000AFEFF310833B603B687B6072B600BF8F
S2140107407B6818460C37BD465DF8047B704780B45D
S21401075085B000AF78607B68FB60FB6883F3108828
S21401076000BF00BF1437BD465DF8047B704780B4F8
S21401077083B000AF78603960012318460C37BD4658
S2140107805DF8047B704780B485B000AF786039604F
S2140107907B68FB600BE0FB681B78FF2B01D0002316
S2140107A009E0FB680133FB603B68013B3B603B684B
S2140107B0002BF0D1012318461437BD465DF8047BA3
S2140107C0704780B584B000AFF860B9607A60796828
S2140107D0F868FFF7CCFF034683F00103DBB2002B7A
S2140107E006D07A68FF21B86805F026F9122305E0DD
S2140107F07A68F968B86805F01DF9002318461037BD
S214010800BD4680BD80B584B000AFF860B9607A603F
S2140108107A68B968F868F1F7D1FB034618461037CD
S214010820BD4680BD80B584B000AFF860B9607A601F
S2140108303B60BB6839681846FFF799FF034683F0AB
S2140108400103DBB2002B06D03A68FF21786805F079
S214010850F3F81B2306E0BB683A681946786805F08A
S214010860E9F8002318461037BD4680BD80B483B032
S21401087000AF786039607B683A685A6000BF0C3711
S214010880BD465DF8047B704780B483B000AF7860E6
S21401089039607B683A689A6000BF0C37BD465DF8E0
S2140108A0047B704780B483B000AF786039607B68A2
S2140108B03A68DA6000BF0C37BD465DF8047B7047C6
S2140108C080B483B000AF786039607B681A693B6892
S2140108D022FA03F303F0010318460C37BD465DF810
S2140108E0047B704780B485B000AFF860B9601346EA
S2140108F0FB71FB68BA6853F8223023F4E062FB7997
S2140109001B0203F4E06342EA0301FB68BA6843F89A
S214010910221000BF1437BD465DF8047B704780B5D2
S21401092084B000AF78600B46FB701346BB7007F1CE
S2140109300C0302220021184605F07EF8FB78002BF6
S21401094002D000233B7301E001233B73BB787B732A
S2140109507B6858687B68DB6807F10C021946FFF76D
S2140109603AFC00BF1037BD4680BD80B584B000AFED
S21401097078607B68FB6000220121F868FFF7CFFFF3
S214010980FB6801221A7000BF1037BD4680BD80B5D6
S21401099084B000AF78600B46FB707B68FB60FB7829
S2140109A01A460021F868FFF7BAFFFB6800221A70A2
S2140109B000BF1037BD4680BD80B485B000AF7860FB
S2140109C07B68FB60FB681B78002B14BF01230023A8
S2140109D0DBB283F00103DBB203F00103DBB218469E
S2140109E01437BD465DF8047B704780B584B000AF10
S2140109F07860142002F096FBF860FB68002B10D09C
S214010A0014220021F86805F017F87B681A78FB684D
S214010A101A70FB68181D7B6804331022194605F00E
S214010A2009F87B6819787B685B781A46F868FFF7DF
S214010A3076FF7B681B7C1946F86800F0A1F87B6896
S214010A4098687B68DB6801221946FFF74BFFFB6855
S214010A5018461037BD4680BD80B584B000AF7860BB
S214010A607B68FB60FB685A68FB68DB68012101FA5A
S214010A7003F319461046FFF707FF00BF1037BD46C0
S214010A8080BD80B584B000AF78607B68FB60FB6892
S214010A905A68FB68DB68012101FA03F31946104620
S214010AA0FFF7E4FE00BF1037BD4680BD80B584B0B9
S214010AB000AF78607B68FB60FB685A68FB68DB68A0
S214010AC0012101FA03F319461046FFF7EBFE00BFBA
S214010AD01037BD4680BD80B584B000AF78600B4648
S214010AE0FB707B68FB60FB78002B0BD0FB685A68B9
S214010AF0FB68DB68012101FA03F319461046FFF78C
S214010B00B5FE0AE0FB685A68FB68DB68012101FA5A
S214010B1003F319461046FFF7B7FE00BF1037BD4670
S214010B2080BD80B584B000AF78607B68FB60FB68F1
S214010B305A68FB68DB6819461046FFF7C1FE034694
S214010B40002B14BF01230023DBB218461037BD4625
S214010B5080BD80B582B000AF78607868FFF7E1FFAE
S214010B600346002B14BF01230023DBB283F00103ED
S214010B70DBB203F00103DBB218460837BD4680BD81
S214010B8080B485B000AF78600B46FB707B68FB6075
S214010B90FB68FA781A74FB78002B10D1FB689B6807
S214010BA0FA68D26853F82230FA689268F968C96818
S214010BB023F0807323F0030342F821302AE0FB7808
S214010BC0012B12D1FB689B68FA68D26853F8223071
S214010BD023F0807323F00303FA689268F968C96802
S214010BE043F0030342F8213014E0FB78022B11D1C5
S214010BF0FB689B68FA68D26853F8223023F080734A
S214010C0023F00303FA689268F968C96843F002039F
S214010C1042F8213000BF1437BD465DF8047B7047AB
S214010C2080B400AF00BFBD465DF8047B704704206A
S214010C307146084202D0EFF3098001E0EFF3088025
S214010C4081690A884BF6AB639A4201D0F1F7AEBCD4
S214010C500231816120210160704700BF80B58AB0F2
S214010C6000AF786007F10C031846F1F7F9FB002393
S214010C703B737B68191D07F10C03043310221846D9
S214010C8004F0D8FE7B681B78002B0ED07B685B785F
S214010C90002B14BF01230023DBB283F00103DBB278
S214010CA003F00103DBB27B7302E07B685B787B7346
S214010CB007F10C031846FFF798FE7862082002F049
S214010CC031FA38623B6A002B0BD008220021386AC1
S214010CD004F0B2FE3B6A7A6A1A607B681A783B6A4D
S214010CE01A713B6A18462837BD4680BD80B584B068
S214010CF000AF78607B68FB60FB681B681846FFF7EF
S214010D00D5FE00BF1037BD4680BD80B400AF00BF22
S214010D10BD465DF8047B704780B400AF00BFBD469A
S214010D205DF8047B704780B584B000AF78600B46F1
S214010D30FB707B68FB60FA78FB681046984700BF3B
S214010D401037BD4680BD80B584B000AFF860B9608D
S214010D507A6008E0FB681A78BB681146786898479D
S214010D60FB680133FB60FB681B78002BF2D100BFE8
S214010D7000BF1037BD4680BD80B485B000AF786037
S214010D807B681B0C03F1804303F58E23FB60FB6835
S214010D9019687B689BB201229A40FB680A431A6075
S214010DA000BF1437BD465DF8047B704780B500AFC1
S214010DB0F6F7ACFD0346002B14BF01230023DBB27C
S214010DC0184680BD80B584B000AF786002F08BF91C
S214010DD0F860FB68B3F1FF3F03D17B6800221A700D
S214010DE003E0FB68DAB27B681A7000BF1037BD46B5
S214010DF080BD80B500AF02F08FF900BF80BD80B521
S214010E0082B000AF786039603B68002B0CD006E0FA
S214010E107B685A1C7A601A783B68104698477B684C
S214010E201B78002BF4D100E000BF0837BD4680BD1B
S214010E3080B586B000AF7860396007F10C037A6838
S214010E400B211846F4F792F807F10C033968184697
S214010E50FFF7D5FF00BF1837BD4680BD80B584B00B
S214010E6000AF03463960FB71FA7907F10C030421E0
S214010E70184600F0C8FB07F10C0339681846FFF75F
S214010E80BEFF00BF1037BD4680BD80B485B000AF41
S214010E90B9607A603B600346FB733B6800221A70B8
S214010EA0002318461437BD465DF8047B704780B5AD
S214010EB086B000AFF860B9607A603B603B68DB687B
S214010EC098470346002B53D00023FB753B681B68ED
S214010ED007F1170210469847FB7D002B40D0FB7D9B
S214010EE0082B02D0FB7D7F2B0DD1BA68FB689A4296
S214010EF035D9BB68013BBB60BB6800221A707B68B2
S214010F0001337B602BE0F87DBA68FB68D31A1A467A
S214010F1007F11603F968FFF7B8FF0346002B0CD05C
S214010F2007E00023FB753B681B6807F117021046B4
S214010F309847FB7D002BF4D1C6E7FA7DBB681A7093
S214010F40BB680133BB607B68013B7B60FB7D0D2B7F
S214010F5009D0FB7D0A2B06D07B68012B02D9B3E7AB
S214010F6000BF00E000BFBB6800221A70012300E04A
S214010F70002318461837BD4680BD80B586B000AF41
S214010F80F860B9607A603B600023FB753B68002B14
S214010F9001D11B2317E07B68002B0FD11B2312E026
S214010FA03B681B687A68B968F86898470346002B5F
S214010FB001D01B23FB753B6804333B603B681B6811
S214010FC0002BEDD1FB7D18461837BD4680BD80B598
S214010FD086B000AFF860B9607A60FB700023FB75DD
S214010FE00023BB75BB68002B01D11B233CE0FB68CB
S214010FF01B78002B01D1002336E0FB681B78232BDE
S2140110000CBF01230023BB75BB7D002B02D0FB6800
S2140110100133FB6000237B7507F115017B68BA6815
S214011020F868FFF7AAFF0346FB757B7D83F0010393
S214011030DBB2002B02D1FB7D002B05D0B968F86826
S214011040F2F79EFC1B23FB75BB7D83F00103DBB22D
S214011050002B08D0FB7883F00103DBB2002B02D013
S214011060B868F2F7FFFBFB7D18461837BD4680BD12
S21401107080B586B000AFF860B9607A603B60002347
S214011080FB757B68002B01D11B235AE0F86804F03E
S21401109027FD3861FA683B69D118BA683B69D21AEC
S2140110A07B68F868FFF703FF0346002B48D0F86813
S2140110B004F016FD38613B69002B01D11B2340E08B
S2140110C03B69012B0AD1FB681B780A2B03D0FB680E
S2140110D01B780D2B02D1FB6800221A70BB68013BFE
S2140110E03A699A420CD397F820303A687968F868DA
S2140110F0FFF76DFFFB6800221A700423FB751FE0E3
S2140111003B69013BFA6813441B780A2B06D03B69FE
S214011110013BFA6813441B780D2B11D13B69013B47
S214011120FA68134400221A7097F820303A687968F2
S214011130F868FFF74CFF0346FB75FB6800221A7040
S214011140FB7D18461837BD4680BD80B586B000AF1A
S214011150F860B9607A607B68002B01D11B2348E0F8
S214011160F86804F0BDFC7861FA687B69D118BA6842
S2140111707B69D21A7B68F868FFF799FE0346002B55
S21401118036D0F86804F0ACFC78617B69002B01D19D
S2140111901B232EE07B69012B0AD1FB681B780A2BE7
S2140111A003D0FB681B780D2B02D1FB6800221A7056
S2140111B0BB68013B7A699A4204D3FB6800221A7025
S2140111C0042316E07B69013BFA6813441B780A2B5B
S2140111D006D07B69013BFA6813441B780D2B07D1B7
S2140111E07B69013BFA68134400221A70002300E071
S2140111F0082318461837BD4680BD80B586B002AFB5
S214011200F860B9607A603B60002300933B687A68B7
S214011210B968F868FFF72CFF034618461037BD4635
S21401122080BD80B584B000AFF860B96011461A463B
S2140112300B46FB711346BB71FB68002B18D009E007
S214011240FB685A1CFA601A78BB6910469847BB7946
S214011250013BBB71FB681B78002B09D0BB79002BC7
S214011260EED105E0BB6920209847BB79013BBB71F5
S214011270BB79002BF6D1FA79BB6910469847BB6952
S21401128020209847BB68002B03D0B969B868FFF7E0
S214011290B6FD00BF1037BD4680BD80B586B002AF33
S2140112A0F860B9607A607B6800931A233B22B968BC
S2140112B0F868FFF7B6FF00BF1037BD4680BD80B5A2
S2140112C086B002AFF860B9607A607B6800930D2340
S2140112D03A22B968F868FFF7A4FF00BF1037BD4689
S2140112E080BD80B584B000AF7860396039687868B1
S2140112F0F2F7C4FC0346FB73FB7B18461037BD466A
S21401130080BD80B586B002AFF8607A603B600B4660
S214011310FB7297F90B1040F2B27300933B687A6840
S214011320F868F2F7B1FD00BF1037BD4680BD80B545
S21401133084B000AFF860B9601346FB7197F90720D7
S21401134040F2B273B968F868F2F786FE03461846AB
S2140113501037BD4680BD80B586B000AF7860396075
S2140113603B6818883B6899783B68DB781A46F2F741
S21401137023FD03463B613B68DB781A463B69D31A7B
S214011380FB600023FB753B689B78032B05D93B6804
S2140113909B78092B01D80123FB753B689B78032BAF
S2140113A011D13B69002B09D1FB68182B0BDD7B683B
S2140113B01B78012B07D90123FB7504E0FB68182B6A
S2140113C001DD0123FB753B689B780A2B17D13B692E
S2140113D0002B0FD1FB68182B06DD7B681B78012BD1
S2140113E002D80123FB750AE0FB68182B07DC0123F2
S2140113F0FB7504E0FB68182B01DC0123FB75FB7D04
S21401140018461837BD4680BD80B582B000AF7860FB
S21401141039603B68002B02D07B68002B01D100238A
S21401142004E039687868FFF796FF034618460837E0
S214011430BD4680BD80B584B000AF786039603B683A
S214011440002B02D07B68002B01D11B2323E03968D7
S2140114507868FFF746FF0346002B01D01B231AE0EE
S21401146039687868FFF7D0FF0346002B12D07B68F7
S214011470DB78FB73002239687868FFF758FF03466C
S214011480BB60B8683B687A680121FFF73AFF7B6862
S214011490FA7BDA70002318461037BD4680BD80B54A
S2140114A082B000AF0346FB7197F9073013F1800F46
S2140114B001D1012305E097F907301846F2F788FFB6
S2140114C0002318460837BD4680BD80B483B000AF00
S2140114D078607B68DB79DBB218460C37BD465DF871
S2140114E0047B704780B582B000AF7860786804F0FE
S2140114F0F7FA034619467868F2F7D4FF00BF0837B3
S214011500BD4680BD80B485B000AFF860B9607A6032
S214011510BB68013BBB600AE07A68531C7B60FB68D2
S214011520591CF96012781A70BB68013BBB60BB6836
S214011530002B03D07B681B78002BEDD1FB680022C3
S2140115401A7000BF1437BD465DF8047B704780B43F
S21401155085B000AFF860B9607A60BB68013BBB60DC
S21401156005E0FB680133FB60BB68013BBB60BB6801
S214011570002B0FD0FB681B78002BF2D10AE07A68AB
S214011580531C7B60FB68591CF96012781A70BB68A3
S214011590013BBB60BB68002B03D07B681B78002B2C
S2140115A0EDD1FB6800221A7000BF1437BD465DF806
S2140115B0047B704780B485B000AFF860B96013460D
S2140115C0FB71BB68013BBB6005E0FB680133FB6058
S2140115D0BB68013BBB60BB68002B03D0FB681B7874
S2140115E0002BF2D1BB68002B04D0FB685A1CFA60B2
S2140115F0FA791A70FB6800221A7000BF1437BD46CC
S2140116005DF8047B704780B584B000AFF860B960C0
S2140116101346FB71FB799BB21A46B968F868F3F773
S214011620F7FA00BF1037BD4680BD80B485B000AF65
S21401163078600B46FB701346BB700023BB7305E056
S21401164097F90E30DBB20133DBB2BB7397F90E307C
S2140116507A6813441B78002BF2D1BB78FB7397F999
S2140116600F2097F90E309A4231D097F90F2097F94B
S2140116700E309A422BDD15E097F90E307A681A443F
S21401168097F90F3079680B4412781A7097F90F3072
S214011690DBB2013BDBB2FB7397F90E30DBB2013BE9
S2140116A0DBB2BB7397F90E30002BE5DA0BE097F946
S2140116B00F307A681344FA781A7097F90F30DBB254
S2140116C0013BDBB2FB7397F90F30002BEFDA00BF5B
S2140116D01437BD465DF8047B704780B584B000AF13
S2140116E0F860B96011461A460B46FB8013467B71BB
S2140116F0B7F906301A46B968F868F3F7FFFA3A7E82
S2140117007B791946F868FFF790FF00BF1037BD4692
S21401171080BD80B584B000AFF860B96011461A4646
S2140117200B46FB8013467B71FB881A46B968F8683E
S214011730F3F76EFA3A7E7B791946F868FFF775FF7C
S21401174000BF1037BD4680BD80B584B000AFF860DD
S214011750B9607A60FB707A68B968F868F3F76EFB6F
S2140117603A7EFB781946F868FFF75FFF00BF10372F
S214011770BD4680BD80B586B000AFF860B96013463F
S214011780FB71FA7907F1100305211846FFF73BFFB5
S21401179007F110031A46B968F868FFF7D8FE00BFCC
S2140117A01837BD4680BD80B586B000AFF860B96019
S2140117B01346FB80FA8807F1100307211846F3F752
S2140117C027FA07F110031A46B968F868FFF7BFFE53
S2140117D000BF1837BD4680BD80B588B002AFF8603F
S2140117E0B96011461A460B46FB8013467B71797920
S2140117F0FA8807F1100097F8203000930B4607216E
S214011800FFF787FF07F110031A46B968F868FFF774
S2140118109EFE00BF1837BD4680BD80B588B002AFBA
S214011820F860B96011461A460B46FB8013467B7179
S2140118307979B7F9062007F1100097F82030009360
S2140118400B460721FFF749FF07F110031A46B9684F
S214011850F868FFF77CFE00BF1837BD4680BD80B52F
S2140118608AB002AFF860B9607A60FB70FA7807F167
S214011870140097F82830009313467A680C21FFF776
S21401188063FF07F114031A46B968F868FFF75FFEAD
S21401189000BF2037BD4680BD80B586B000AFF8607A
S2140118A0B9601346FB710023BB75FB7903F00F0388
S2140118B0FB75FB7D092B01D8302200E03722FB7D2A
S2140118C01344DBB27B75FB791B09FB75FB7D092B8A
S2140118D001D8302200E03722FB7D1344DBB23B7592
S2140118E007F114031A46B968F868FFF730FE00BF1F
S2140118F01837BD4680BD80B586B000AFF860B960C8
S2140119001346FB8000233B750323FB75FB88DBB284
S21401191003F00F03BB75BB7D092B01D8302100E016
S214011920372197F91730BA7D0A44D2B218333B44AF
S21401193003F8082CFB881B09FB8097F91730DBB2EC
S214011940013BDBB2FB7597F91730002BDEDA07F1A6
S21401195010031A46B968F868FFF7F9FD00BF183793
S214011960BD4680BD80B588B000AFF860B9607A60CA
S2140119700023BB760523FB777B68DBB203F00F03FE
S214011980BB77BB7F092B01D8302100E0372197F9BF
S2140119901F30BA7F0A44D2B220333B4403F80C2CE2
S2140119A07B681B097B6097F91F30DBB2013BDBB21A
S2140119B0FB7797F91F30002BDEDA07F114031A467E
S2140119C0B968F868FFF7C3FD00BF2037BD4680BD84
S2140119D080B588B000AFF860B9607A6000233B77C5
S2140119E00723FB777B68DBB203F00F03BB77BB7F74
S2140119F0092B01D8302100E0372197F91F30BA7F33
S214011A000A44D2B220333B4403F80C2C7B681B09F2
S214011A107B6097F91F30DBB2013BDBB2FB7797F9AE
S214011A201F30002BDEDA07F114031A46B968F8688E
S214011A30FFF78DFD00BF2037BD4680BD80B588B05D
S214011A4000AFF860B9607A6007F114037A680C2178
S214011A501846F3F7F3F907F114031A46B968F8685C
S214011A60FFF775FD00BF2037BD4680BD80B588B045
S214011A7000AFF860B9607A6007F114037A680B2149
S214011A801846F3F773FA07F114031A46B968F868AB
S214011A90FFF75DFD00BF2037BD4680BD80B485B031
S214011AA000AF7860396000237B723B6800221A60C1
S214011AB004E07B681B685A1C7B681A607B681B689D
S214011AC01B78202BF5D07B681B681B78FB72FB7A92
S214011AD02D2B0AD101237B727B681B685A1C7B68FD
S214011AE01A607B681B681B78FB72FB7A302B38D137
S214011AF07B681B685A1C7B681A607B681B681B78AE
S214011B00FB72FB7A622B0DD0782B17D11023BB7298
S214011B107B681B685A1C7B681A607B681B681B788D
S214011B20FB7228E00223BB727B681B685A1C7B6829
S214011B301A607B681B681B78FB721CE0FB7A202B03
S214011B4002D9FB7A2E2B01D1002351E0FB7A2F2BF1
S214011B5002D9FB7A392B01D91B2349E00823BB7232
S214011B6009E0FB7A2F2B02D9FB7A392B01D91B23EB
S214011B703EE00A23BB720023FB6029E0FB7A602B60
S214011B8002D9FB7A203BFB72FB7A303BFB72FB7A75
S214011B90102B07D9FB7A073BFB72FB7A092B01D87E
S214011BA01B2325E0FA7ABB7A9A4201D31B231FE056
S214011BB0BB7AFA6803FB02F2FB7A1344FB607B688C
S214011BC01B685A1C7B681A607B681B681B78FB7253
S214011BD0FB7A202B02D9FB7A2E2BCFD17B7A002BD6
S214011BE002D0FB685B42FB60FA683B681A60002320
S214011BF018461437BD465DF8047B704780B485B03F
S214011C0000AF786039600423FB737B681B68BB6098
S214011C1002E0BB680133BB60BB681B78202BF8D0A1
S214011C203B6800221A7014E03B681B781A46920043
S214011C3013445B00DAB2BB681B781344DBB2303B5B
S214011C40DAB23B681A70FB7B013BFB73BB6801335E
S214011C50BB60BB681B782F2B06D9BB681B78392B5A
S214011C6002D8FB7B002BDFD1FB7B002B01D10423A9
S214011C7008E0FB7B042B01D11B2303E07B68BA68D9
S214011C801A60002318461437BD465DF8047B70477A
S214011C9080B483B000AF0346FB71FB792F2B02D9CA
S214011CA0FB79392B0BD9FB79602B02D9FB79662B93
S214011CB005D9FB79402B04D9FB79462B01D80123A2
S214011CC000E0002303F00103DBB218460C37BD46E3
S214011CD05DF8047B704780B485B000AF78603960EA
S214011CE07B681B681B78FB73FB7B2F2B0ED9FB7B5A
S214011CF0392B0BD8FB7B303BDAB23B681A707B681A
S214011D001B685A1C7B681A60002324E0FB7B602B4F
S214011D100ED9FB7B662B0BD8FB7B573BDAB23B68B5
S214011D201A707B681B685A1C7B681A60002312E0D5
S214011D30FB7B402B0ED9FB7B462B0BD8FB7B373B23
S214011D40DAB23B681A707B681B685A1C7B681A609B
S214011D50002300E01B2318461437BD465DF8047BBC
S214011D60704780B586B000AF786039600223FB7596
S214011D707B681B683B613B6800221A7002E03B6986
S214011D8001333B613B691B78202BF8D03B691B78FC
S214011D901846FFF77DFF034683F00103DBB2002BF5
S214011DA00DD01B231DE03B681B781B01DAB2FB7BC1
S214011DB01344DAB23B681A70FB7D013BFB75FB7D71
S214011DC0002B0AD007F10F0207F11003114618463F
S214011DD0FFF781FF0346002BE5D03A697B681A605E
S214011DE0002318461837BD4680BD80B584B000AFC5
S214011DF078603960786803F073FE0346FB603868E4
S214011E0003F06EFE0346BB60BA68FB689A420CDDBF
S214011E10012315E0FB68013BFB60BB68013BBB602F
S214011E20BB68002B01DA00230AE0FB687A681344DA
S214011E301A78BB6839680B441B789A42EAD00123AA
S214011E4018461037BD4680BD80B584B000AF7860B7
S214011E50396039687868FFF7C8FF0346002B01D060
S214011E601B230FE0386803F03BFEF860786803F048
S214011E7037FEB860BA68FB68D31A7A681344002242
S214011E801A70002318461037BD4680BD80B584B051
S214011E9000AF78603960386803F022FE0346BB81E4
S214011EA00023FB8115E0B7F90C301A4639687868CB
S214011EB003F03DFE0346002B02D1B7F90E300EE0CB
S214011EC0B7F90E309BB201339BB2FB817B680133BD
S214011ED07B607B681B78002BE5D14FF0FF331846FB
S214011EE01037BD4680BD80B487B000AFF860B960DA
S214011EF07A60FB681B687B617B68012B01D11B2321
S214011F0038E07B68013BBA68134400221A707B688C
S214011F10013B7B607B691B78222B01D01B2329E0C8
S214011F207B6901337B610AE07A69531C7B61BB687C
S214011F30591CB96012781A707B68013B7B607B691B
S214011F401B78222B06D07B691B78002B02D07B687E
S214011F50002BE9D17B691B78222B01D01B2309E0DA
S214011F607B6901337B61BB6800221A70FB687A6962
S214011F701A60002318461C37BD465DF8047B70477F
S214011F8080B586B000AFF860B9607A60FB70002358
S214011F903B61BB68012B4AD9FB687B6105E07B6925
S214011FA001337B613B6901333B617B691B78002B05
S214011FB0F5D1FA683B69D018BA683B69D31A7A68D2
S214011FC01946FFF7C4FABA683B69D31ABB600AE040
S214011FD07B6901337B6197F82030013B87F820301D
S214011FE0BB68013BBB607B691B78002B14D097F85C
S214011FF02030002B10D0BB68012BE9D80CE07B69A0
S2140120005A1C7A61FA781A7097F82030013B87F8E3
S2140120102030BB68013BBB6097F82030002B02D014
S214012020BB68012BEBD87B6900221A7000E000BF69
S2140120301837BD4680BD80B400AF00BFBD465DF811
S214012040047B704780B582B000AF78607868FDF792
S214012050A7F900BF0837BD4680BD80B584B000AF84
S214012060F860B9607A60FB70FB78012B07D17B685A
S214012070DBB21A46B968F868FFF70EFC18E0FB7881
S214012080022B07D17B689BB21A46B968F868FFF73E
S21401209032FC0DE0FB78032B05D17A68B968F86845
S2140120A0FFF760FC04E07A68B968F868FFF790FC0F
S2140120B000BF1037BD4680BD80B58AB000AFF8605E
S2140120C0B9607A603B60FB681B687B6202E07B6AF2
S2140120D001337B627B6A1B78202BF8D07B6A1B78E6
S2140120E0302B26D17B6A01331B78782B21D107F15F
S2140120F0200207F1240311461846FFF7CFFC0346DA
S214012100002B16D13B6AB3F1807F12DA3B6A1B14AF
S214012110DAB2BB681A703B6A1B12DAB27B681A70B5
S2140121203B6ADAB23B681A707A6AFB681A60002367
S21401213044E007F11C0207F1240311461846FFF795
S214012140ADFC0346002B38D1FB69002B35DBFB6960
S214012150FF2B32DC07F1180207F12403114618465B
S214012160FFF79CFC0346002B27D1BB69002B24DB21
S214012170BB69FF2B21DC07F1140207F1240311468A
S2140121801846FFF78BFC0346002B16D17B69002B04
S21401219013DB7B69FF2B10DCFB69DAB2BB681A70B4
S2140121A0BB69DAB27B681A707B69DAB23B681A706F
S2140121B07A6AFB681A60002300E01B23184628375A
S2140121C0BD4680BD80B584B000AF7860396007F148
S2140121D00C0307F10D0207F10E017868FFF76CFF9B
S2140121E00346FB73FB7B002B0AD1BB7B1A047B7B6C
S2140121F01B0213433A7B1A433B681A60002300E034
S2140122001B2318461037BD4680BD80B483B000AF8F
S214012210786004E07B681B685A1C7B681A607B68E0
S2140122201B681B78202BF5D000BF00BF0C37BD46BE
S2140122305DF8047B704700BF00BF00BF704700BF5A
S21401224090B58BB000AF7860482000F06BFF386225
S2140122503B6A002B00F0A38048220021386A03F075
S214012260EBFB7B681A783B6A1A7007F10C03184679
S214012270F0F7F6F87B681B78002B14D000233B732D
S2140122807B68191D07F10C0304331022184603F06E
S214012290D1FB00237B7307F10C031846FEF7A5FB61
S2140122A002463B6A5A60002387F8273073E0002312
S2140122B03B7397F827201346DB0013449B0020331B
S2140122C07A68134403F1080107F10C030433102262
S2140122D0184603F0AFFB00237B7397F8274007F1FE
S2140122E00C031846FEF781FB01463A6A631C1B0184
S2140122F013440433196097F8272097F82710786855
S2140123001346DB0013449B000344143318783A6ADF
S2140123100B0113440D3302461A7097F827303A6AB8
S2140123201B0113440C3301221A7097F827303A6ABE
S2140123301B011344083300221A6000233B7397F8ED
S21401234027201346DB0013449B0010337A6813449E
S21401235003F1080107F10C0304331022184603F0B9
S21401236069FB00237B7397F8274007F10C03184697
S214012370FEF73BFB01463A6A631C1B0113441960D6
S21401238097F827301946386AF2F7FEFF97F8273094
S214012390013387F8273097F82730032B87D93B6A14
S2140123A018462C37BD4690BD80B485B000AF786026
S2140123B07B68FB60FB68002B06D0FB681B78002B54
S2140123C002D0FB685B6800E0002318461437BD4660
S2140123D05DF8047B704780B584B000AF78600B462B
S2140123E0FB707B68FB60FB68002B0AD0FB681B78E0
S2140123F0002B06D0FB685B68FA7811461846FEF794
S2140124006AFB00BF1037BD4680BD80B586B000AF01
S214012410F8600B467A60FB72FB687B617B68002B79
S2140124200DDCFB7A7A691B0113440C331B78002BF5
S21401243005D0FB7A19467869F3F700F812E07B6855
S214012440002B0FDDFB7A7A691B0113440C331B78D2
S21401245083F00103DBB2002B04D0FB7A19467869BE
S214012460F2F792FFFB7A7A6901331B0113440433B6
S2140124701B681846FEF705FBFB7A7A691B011344B5
S2140124800C331B78002B0CD0FB7A79691A010A44AD
S21401249008321268013279691B010B4408331A604D
S2140124A00BE0FB7A79691A010A4408321268013A8C
S2140124B079691B010B4408331A60FB7A7A69013388
S2140124C01B01134404331B681846FEF7C5FA00BF08
S2140124D01837BD4680BD80B584B000AF78607B6894
S2140124E0BB60BB681B78002B04D0BB685B681846D2
S2140124F0FEF73BFA0023FB6015E0BA68FB68013380
S2140125001B0113441B681846FEF72FFABA68FB68CE
S21401251001331B01134404331B681846FEF725FAE2
S214012520FB680133FB60FB68032BE6DD00BF00BFE1
S2140125301037BD4680BD80B584B000AF78607B683B
S214012540BB60BB681B78002B05D0BB685B680121AC
S2140125501846FEF71CFA0023FB603FE0BA68FB68EA
S2140125601B0113440C331B78002B1AD0BA68FB6886
S21401257001331B0113441868BA68FB681B01134436
S2140125800D331B78002B14BF01230023DBB283F02D
S2140125900103DBB203F00103DBB21946FEF7F7F9DC
S2140125A00EE0BA68FB6801331B0113441868BA6869
S2140125B0FB681B0113440D331B781946FEF7E7F938
S2140125C0BA68FB6801331B01134404331B680021FE
S2140125D01846FEF7DCF9FB680133FB60FB68032B4A
S2140125E0BCDD00BF00BF1037BD4680BD80B400AF64
S2140125F000BFBD465DF8047B704780B485B000AF70
S21401260078607B68FB6002E0FB680133FB60FB6877
S2140126101B78002BF8D1FA687B68D31A1846143752
S214012620BD465DF8047B704780B588B000AFF860A2
S214012630B9607A603B600023FB610023BB611BE04D
S214012640BB697A6813441B78FB75BB6A002B08D0FC
S214012650FB7D602B05D9FB7D7A2B02D8FB7D203BC9
S214012660FB75FA7DFB681146B8689847FB6901332C
S214012670FB61BB690133BB61BA693B689A42DFDB28
S214012680FB6918462037BD4680BD80B586B000AFD1
S214012690F860B9603B601346FB7100237B6107E07D
S2140126A0FA79FB681146B86898477B6901337B6104
S2140126B03B685A1E3A60002BF2DC7B6918461837D5
S2140126C0BD4680BD80B584B000AF7860786803F001
S2140126D007FAF860FB68002B01D1002309E0FB68CC
S2140126E0013B7A6813441B787E2B01D1012300E05D
S2140126F0002318461037BD4680BD80B584B000AFB4
S21401270078600123FB607B6800225A737B681B7B21
S21401271083F00103DBB2002B19D07B681B680433FE
S2140127201846FFF7CFFF034683F00103DBB2002B09
S2140127300DD07B681B684FF4807219464FF4FC304D
S214012740FEF760F80346002B01D00023FB60F3F789
S2140127503DFBFB6818461037BD4680BD80B586B088
S21401276000AFF860B9607A60FB6800221A707B6877
S2140127709A687B6859687B681B685B690B449A4258
S21401278009D37B685A687B681B685B691A447B6857
S2140127909A60002312E07B689B681B78FB757B6858
S2140127A09B685A1C7B689A60FB7D1A46B968F86874
S2140127B0FEF700FFFB7D0A2BD9D1012318461837F7
S2140127C0BD4680BD80B483B000AF786039607B6859
S2140127D09A687B685B68D31A1A463B681A600123BD
S2140127E018460C37BD465DF8047B704780B483B04D
S2140127F000AF786039607B685A683B681B681A448A
S2140128007B689A607B689A687B681B6803F58073AF
S2140128109A4207D37B681B6803F580727B689A60CF
S214012820002300E0012318460C37BD465DF8047B03
S214012830704780B400AF00231846BD465DF8047BA0
S2140128407047B0B485B000AFF860B9607A6017E041
S214012850FB685A1CFA601B781D46602D02DD7A2D36
S21401286000DC203DBB685A1CBA601B781C46602CF5
S21401287002DD7A2C00DC203CA54201D02B1B0DE0AA
S2140128807B685A1E7A60002B07D0FB681B78002BEA
S214012890DED1BB681B78002BDAD10023184614372B
S2140128A0BD46B0BC704780B483B000AF786002E02C
S2140128B07B6801337B607B681B78002B03D07B68C9
S2140128C01B78202BF4D97B6818460C37BD465DF87B
S2140128D0047B704780B483B000AF7860396002E053
S2140128E07B68013B7B607A683B689A4209D97B68C2
S2140128F0013B1B78002B04D07B68013B1B78202B07
S214012900EED97B6818460C37BD465DF8047B7047E8
S21401291080B584B000AF78600021786803F090F845
S214012920034679681846FFF7D5FFF860FB68002272
S2140129301A707B6818461037BD4680BD80B487B0D4
S21401294000AFF860B9607A60FB70FB78012B04D1A8
S2140129507B68022B01D80023FB70FB78022B6CD01E
S214012960022B00F3A480002B02D0012B1FD09EE087
S21401297000237B610AE0BA687B691A44F9687B69BF
S2140129800B4412781A707B6901337B617B68013BCB
S2140129907A699A4205D2BA687B6913441B78002B80
S2140129A0E9D1FA687B69134400221A707FE000239C
S2140129B07B617B695A1C7A61FA68134422221A7079
S2140129C000233B611FE0BA683B6913441B78222B46
S2140129D00BD17B68033B7A699A4220D27B695A1CE9
S2140129E07A61FA6813445C221A70BA683B691A4421
S2140129F0F9687B690B4412781A703B6901333B61B5
S214012A007B6901337B61BA683B6913441B78002BF1
S214012A1006D07B68023B7A699A42D4D300E000BFB5
S214012A207B695A1C7A61FA68134422221A70FA6882
S214012A307B69134400221A7039E000233B613B692D
S214012A407B6123E0BA683B6913441B78222B05D0CF
S214012A50BA683B6913441B785C2B09D13B69013387
S214012A60BA6813441B78222B02D13B6901333B61C0
S214012A70BA683B691A44F9687B690B4412781A7084
S214012A803B6901333B617B6901337B61BA683B6912
S214012A9013441B78002B04D07B68013B7A699A4269
S214012AA0D0D3FA687B69134400221A7000BFFB6812
S214012AB018461C37BD465DF8047B704780B584B068
S214012AC000AF786039600023FB607B68BB6023E061
S214012AD0BB681B78222B10D1BB6801331B78222BD5
S214012AE003D1BB680133BB6013E0FB68002B0CBF4E
S214012AF001230023DBB2FB600BE0BB681B785C2B79
S214012B0007D1BB6801331B78222B02D1BB68013386
S214012B10BB60BB680133BB60BB681B78002B0AD067
S214012B20BB681B783B2B03D0BB681B78232BCFD10C
S214012B30FB68002BCCD1BB6800221A707868FFF7BF
S214012B40E7FE3B6800221A707B681B78222B18D19F
S214012B500021786802F074FFB860BB68002B10D0C3
S214012B60BB68013B1B78222B0BD17B6801337B6052
S214012B70BB68013BBB60BB6800221A703B6802223F
S214012B801A707B6818461037BD4680BD80B59AB06E
S214012B9000AFF860B9607A603B60BB68002B04D078
S214012BA0B86802F09DFF034600E00023FB65FB6D5D
S214012BB0002B02DC3B68002B58DB4FF0FF333B66F3
S214012BC007F11403FA6840211846FFF7C7FD0346CC
S214012BD0002B01D10023DAE007F114031846FFF7B2
S214012BE062FEB8655D21B86D02F0F8FF7866BB6DD0
S214012BF01B785B2BE4D17B6E002BE1D0BB6D0133E0
S214012C001846FFF750FEB865B96D786EFFF762FE9D
S214012C1078667A6EBB6DD31AFA6D9A420BD1BB6891
S214012C20002B08D0FB6D1A46B968B86DFFF709FE90
S214012C300346002B06D03B6E01333B663A6E3B687B
S214012C409A42BDD13B68002B10DB3A6E3B689A4234
S214012C500AD17B6E00221A70BA6F0023B96D786FA5
S214012C60FFF76CFE012392E0002390E07B68002BC7
S214012C7004D0786802F034FF034600E00023FB65C9
S214012C804FF0FF333B66FB6F002B03D0F96FF868FC
S214012C90FFF798FD07F11403FA6840211846FFF77D
S214012CA05DFD0346002B09D007F114031846FFF714
S214012CB0FAFDB865BB6D1B785B2B01D1002366E07E
S214012CC007F114031846FFF7EEFDB8653D21B86D10
S214012CD002F0B6FE78667B6E002B04D13A21B86D01
S214012CE002F0AEFE7866BB6D1B783B2BCBD0BB6D7E
S214012CF01B78232BC7D07B6E002BC4D0FB6D002B1B
S214012D0012D0B96D786EFFF7E5FD0246BB6DD31A9A
S214012D10FA6D9A4208D1FB6D1A467968B86DFFF7CD
S214012D2090FD0346002B06D03B6E01333B663A6EA0
S214012D303B6F9A42A7D13B6F002B13DB3A6E3B6F7A
S214012D409A420DD17B6E00221A70B86DFFF7E0FD36
S214012D50BA6F0023B96D786FFFF7F0FD012316E017
S214012D60002314E07B6E01331846FFF79CFDB8651F
S214012D7007F157031946B86DFFF7A0FEB865BA6F9D
S214012D8097F85730B96D786FFFF7D8FD01231846CD
S214012D906837BD4680BD80B586B000AFF860B960C3
S214012DA07A607A680023B968F868FFF7C7FD0021E2
S214012DB0F86802F045FE78617B69013B7E221A7055
S214012DC000BF1837BD4680BD80B485B000AF7860BF
S214012DD07B68FB6002E0FB680133FB60FB681B78E5
S214012DE0002B0BD0FB681B78222B07D0FB681B78C7
S214012DF03B2B03D0FB681B78232BECD1FB681B789D
S214012E00002B08D1FA687B689A4206D9FB68013B19
S214012E101B78202B01D1012300E00023DBB21846EA
S214012E201437BD465DF8047B704780B586B000AFA9
S214012E30F860B9607A60F86802F052FE03467B617A
S214012E40BB681A687B6913447A689A4201DC0023DE
S214012E5006E0BB681A687B691A44BB681A600123DE
S214012E6018461837BD4680BD80B584B000AFF860FF
S214012E70B9607A603B60F868FFF73FFCB868FFF717
S214012E803CFC402279683868FFF785FF7968386826
S214012E90F3F796FC012318461037BD4680BD80B572
S214012EA086B000AF786000237B61786802F018FE78
S214012EB00346013B3B6117E07B697A6813441B7844
S214012EC0FB733B697A681A447B6979680B4412780C
S214012ED01A703B697A681344FA7B1A707B6901336E
S214012EE07B613B69013B3B617A693B699A42E3DB63
S214012EF000BF00BF1837BD4680BD80B58CB000AF9F
S214012F00F860B9607A603B6007F11003194678688B
S214012F10F4F764FB07F110023B68B968F868F4F748
S214012F203DF8034618463037BD4680BD80B58AB0A9
S214012F3000AFF860B9607A6000233B62FB68DB682B
S214012F40FB61FB681B69BB61BA69FB699A4205D9DB
S214012F50BA69FB69D31A013B7B6207E0FB689A6892
S214012F60B969FB69CB1A1344013B7B62FB689A681B
S214012F70FB69D31A7A6A934228BF13467B627A6A40
S214012F807B68934228BF13467B62FB685A68FB69DD
S214012F9013447B617A6AB968786902F04BFD3A6A34
S214012FA07B6A13443B62BA687B6A1344BB607A68E7
S214012FB07B6AD31A7B60FA697B6A1344FB61FB6800
S214012FC09B68FA699A4201D10023FB61FB68FA69A2
S214012FD0DA607B68002BB4D13B6A18462837BD46B9
S214012FE080BD80B588B000AFF860B9607A60FB68D4
S214012FF0DB68FB61FB689A68FB69D31ABB61BA6937
S2140130007B689A420FD9FB685A68FB6913443B6197
S2140130107A68B968386902F00DFDFA697B681A4466
S214013020FB68DA601DE0BB697B61FB685A68FB6977
S21401303013443B617A69B968386902F0FBFC7A6827
S214013040BB69D31A7B61FB685B683B61BA68BB6985
S21401305013447A691946386902F0ECFCFB687A6910
S214013060DA6000BF2037BD4680BD80B487B000AFB0
S21401307078607B681B693B617B68DB68FB603A694B
S214013080FB689A4208D87B689A68FB68D21A3B6943
S2140130901344013B7B6104E03A69FB68D31A013BA8
S2140130A07B617B6918461C37BD465DF8047B70471B
S2140130B080B586B000AFF860B9607A60EFF311832F
S2140130C04FF0500181F311887B617A68B968F8681E
S2140130D0F4F720FB38617B6983F311883B69184656
S2140130E01837BD4680BD80B582B000AFFB1C0122FB
S2140130F019460020FFF7DCFF03467B607B68012B47
S21401310002D1FB787B6002E04FF0FF337B607B6887
S21401311018460837BD4680BD80B500AFF4F7ACFA57
S21401312000BF80BD80B582B000AF78604FF0FF3140
S2140131307868F4F739FC034618460837BD4680BD63
S21401314080B485B000AF786039607B681B68FB602F
S214013150FB6823F08003FB60FA683B681343FB605F
S2140131607B68FA681A6000BF1437BD465DF8047BB9
S214013170704780B485B000AF786039607B681B68A3
S214013180FB60FB6823F08003FB603B68DB43FA6867
S2140131901340FB607B68FA681A6000BF1437BD46AF
S2140131A05DF8047B704780B483B000AF7860396007
S2140131B07B681A683B681A437B681A6000BF0C3745
S2140131C0BD465DF8047B704780B483B000AF78607D
S2140131D039603B68013B9AB27B689A6000BF0C3746
S2140131E0BD465DF8047B704780B485B000AF78605B
S2140131F07B681B68FB60FB6823F08003FB60FB6851
S21401320043F00103FB607B68FA681A6000BF14375D
S214013210BD465DF8047B704780B485B000AF78602A
S2140132207B681B68FB60FB6823F08003FB60FB6820
S21401323023F00103FB607B68FA681A6000BF14374D
S214013240BD465DF8047B704780B485B000AFF8607A
S214013250B9607A60FB68043BFB60FB684FF08072E4
S2140132601A60FB68043BFB60BA68FB681A60FB687F
S214013270043BFB60FB6800221A60FB68143BFB60A2
S2140132807A68FB681A60FB68043BFB60FB686FF0BA
S21401329002021A60FB68203BFB60FB681846143785
S2140132A0BD465DF8047B704780B483B000AF78609C
S2140132B07B6803F108027B685A607B684FF0FF3237
S2140132C09A607B6803F108027B68DA607B6803F129
S2140132D008027B681A617B6800221A6000BF0C37FF
S2140132E0BD465DF8047B704780B483B000AF78605C
S2140132F07B6800221A6100BF0C37BD465DF8047B6F
S214013300704780B485B000AF786039603B681B6851
S214013310BB60BB68B3F1FF3F03D17B681B69FB60F1
S2140133200CE07B680833FB6002E0FB685B68FB60CF
S214013330FB685B681B68BA689A42F6D2FB685A68F3
S2140133403B685A603B685B683A689A603B68FA6813
S2140133509A60FB683A685A603B687A681A617B68CB
S2140133601B685A1C7B681A6000BF1437BD465DF89F
S214013370047B704780B485B000AF78607B681B69BA
S214013380FB607B685B687A6892689A607B689B687A
S2140133907A6852685A60FB685B687A689A4203D119
S2140133A07B689A68FB685A607B6800221A61FB6832
S2140133B01B685A1EFB681A60FB681B6818461437A0
S2140133C0BD465DF8047B704780B586B000AF786077
S2140133D0396001237B617B683B613B69002B0BD124
S2140133E04FF0500383F31188BFF36F8FBFF34F8FF6
S2140133F0FB6000BF00BFFDE73B69002B57D03B6970
S214013400DB6B002B53D03B691A6C3B69DB6B0021ED
S214013410A3FB0223002B00D001210B46002B46D133
S214013420F4F746FE3B691A683B69DB6B3969096C40
S21401343001FB03F31A443B699A603B6900229A63D5
S2140134403B691A683B695A603B691A683B69DB6BE2
S214013450013B3969096C01FB03F31A443B69DA60E5
S2140134603B69FF2283F844203B69FF2283F845200D
S2140134703B68002B0ED13B691B69002B14D03B69BE
S21401348010331846F5F760FC0346002B0CD0F4F712
S2140134905FFE09E03B6910331846FFF705FF3B69FD
S2140134A024331846FFF700FFF4F738FE01E0002347
S2140134B07B617B69002B0BD14FF0500383F311889E
S2140134C0BFF36F8FBFF34F8FBB6000BF00BFFDE739
S2140134D07B6918461837BD4680BD80B58AB002AFF5
S2140134E0F860B9601346FB710023FB61FB68002B93
S2140134F02ED00021BA68FB68A3FB0223002B00D064
S21401350001210B46002B23D1FB68BA6802FB03F3AB
S21401351013F1550F1CD8FB68BA6802FB03F3BB61B5
S214013520BB6954331846FFF7FDFDF861FB69002BB4
S2140135301DD0FB697B617B6954337B61FA79FB693A
S214013540009313467A69B968F86800F015F80EE03A
S214013550FB69002B0BD14FF0500383F31188BFF3A7
S2140135606F8FBFF34F8F3B6100BF00BFFDE7FB6965
S21401357018462037BD4680BD80B584B000AFF860E0
S214013580B9607A60FB70BB68002B03D1BB69BA696E
S2140135901A6002E0BB697A681A60BB69FA68DA6386
S2140135A0BB69BA681A640121B869FFF70DFFBB69E8
S2140135B0FA7883F85020BB6900229A6400BF10375E
S2140135C0BD4680BD80B582B000AF78607B68002BB9
S2140135D00ED07B6800229A607B6800221A607B68A6
S2140135E00022DA60002300220021786800F088F8C3
S2140135F000BF0837BD4680BD80B586B000AF034624
S214013600FB7101237B6100233B61FB791A46396913
S2140136107869FFF762FFF860F868FFF7D3FFFB6889
S21401362018461837BD4680BD90B587B000AF7860A4
S2140136307B683B613B69002B0BD14FF0500383F352
S2140136401188BFF36F8FBFF34F8FFB6000BF00BFC2
S214013650FDE73B699C68F5F717FE03469C4211D1CE
S2140136603B69DB685A1E3B69DA603B69DB68002B05
S21401367005D1002300220021386900F041F801231A
S2140136807B6101E000237B617B6918461C37BD46E0
S21401369090BD90B587B000AF786039607B683B61BC
S2140136A03B69002B0BD14FF0500383F31188BFF316
S2140136B06F8FBFF34F8FFB6000BF00BFFDE73B6915
S2140136C09C68F5F7E1FD03469C4207D13B69DB6840
S2140136D05A1C3B69DA6001237B610CE03968386962
S2140136E000F06CFB78617B69002B04D03B69DB68DA
S2140136F05A1C3B69DA607B6918461C37BD4690BD8B
S21401370080B58EB000AFF860B9607A603B60002388
S2140137107B63FB683B633B6B002B0BD14FF0500385
S21401372083F31188BFF36F8FBFF34F8F7B6200BFA8
S21401373000BFFDE7BB68002B03D13B6B1B6C002B66
S21401374001D1012300E00023002B0BD14FF05003E1
S21401375083F31188BFF36F8FBFF34F8F3B6200BFB8
S21401376000BFFDE73B68022B03D13B6BDB6B012BF4
S21401377001D1012300E00023002B0BD14FF05003B1
S21401378083F31188BFF36F8FBFF34F8FFB6100BFC9
S21401379000BFFDE7F5F788FD0346002B02D17B68E5
S2140137A0002B01D1012300E00023002B0BD14FF0A9
S2140137B0500383F31188BFF36F8FBFF34F8FBB6145
S2140137C000BF00BFFDE7F4F773FC3B6B9A6B3B6BE6
S2140137D0DB6B9A4202D33B68022B33D13B6B9B6B6C
S2140137E0FB623A68B968386B00F011FCB8623B6B53
S2140137F09B6C002B0ED03B68022B02D1FB6A002B80
S2140138001CD1386B00F054FD0346002B16D0F4F79C
S2140138109FFC13E03B6B5B6A002B0AD03B6B2433A7
S2140138201846F5F791FA0346002B07D0F4F790FCFB
S21401383004E0BB6A002B01D0F4F78AFCF4F76EFCB7
S21401384001235DE07B68002B03D1F4F767FC0023BE
S21401385056E07B6B002B06D107F110031846F5F7EF
S2140138604BFB01237B63F4F759FCF4F721FFF4F7D4
S2140138701FFC3B6B93F844305BB2B3F1FF3F03D1BF
S2140138803B6B002283F844203B6B93F845305BB2D8
S214013890B3F1FF3F03D13B6B002283F84520F4F7D9
S2140138A03DFC3A1D07F1100311461846F5F73AFBA1
S2140138B00346002B1ED1386B00F0AEFC0346002BEE
S2140138C012D03B6B10337A6811461846F5F7D0F9DB
S2140138D0386B00F02CFCF4F7F9FE0346002B7FF45E
S2140138E072AFF4F735FC6EE7386B00F020FCF4F7A6
S2140138F0EDFE68E7386B00F01AFCF4F7E7FE0023EC
S21401390018463837BD4680BD80B592B000AFF86026
S214013910B9607A603B60FB683B643B6C002B0BD163
S2140139204FF0500383F31188BFF36F8FBFF34F8FB0
S214013930FB6200BF00BFFDE7BB68002B03D13B6CF9
S2140139401B6C002B01D1012300E00023002B0BD1BF
S2140139504FF0500383F31188BFF36F8FBFF34F8F80
S214013960BB6200BF00BFFDE73B68022B03D13B6C87
S214013970DB6B012B01D1012300E00023002B0BD1CF
S2140139804FF0500383F31188BFF36F8FBFF34F8F50
S2140139907B6200BF00BFFDE7F4F774FCEFF3118212
S2140139A04FF0500383F31188BFF36F8FBFF34F8F30
S2140139B03A62FB613B6AFB633B6C9A6B3B6CDB6B6D
S2140139C09A4202D33B68022B5ED13B6C93F845309A
S2140139D087F83B303B6C9B6B7B633A68B968386C05
S2140139E000F015FB97F93B30B3F1FF3F29D13B6C53
S2140139F09B6C002B12D03B68022B02D17B6B002BF9
S214013A003FD1386C00F054FC0346002B39D07B685C
S214013A10002B36D07B6801221A6032E03B6C5B6A71
S214013A20002B2ED03B6C24331846F5F78DF9034650
S214013A30002B26D07B68002B23D07B6801221A60DE
S214013A401FE0F4F753FF386397F93B303A6B9A421D
S214013A5017D997F93B307F2B0BD14FF0500383F3E7
S214013A601188BFF36F8FBFF34F8FBB6100BF00BFDD
S214013A70FDE797F83B300133DBB25AB23B6C83F873
S214013A80452001237B6401E000237B64FB6B7B61A3
S214013A907B6983F3118800BF7B6C18464837BD46A7
S214013AA080BD80B590B000AF786039607B68BB633D
S214013AB0BB6B002B0BD14FF0500383F31188BFF380
S214013AC06F8FBFF34F8F7B6200BF00BFFDE7BB6BFD
S214013AD01B6C002B0BD04FF0500383F31188BFF300
S214013AE06F8FBFF34F8F3B6200BF00BFFDE7BB6B1D
S214013AF01B68002B03D1BB6B9B68002B01D10123F4
S214013B0000E00023002B0BD14FF0500383F3118804
S214013B10BFF36F8FBFF34F8FFB6100BF00BFFDE7A1
S214013B20F4F7B0FBEFF311824FF0500383F31188E3
S214013B30BFF36F8FBFF34F8FBA617B61BB697B6346
S214013B40BB6B9B6B3B63BB6BDB6B3A6B9A4254D292
S214013B50BB6B93F8453087F82F303B6B5A1CBB6B19
S214013B609A6397F92F30B3F1FF3F23D1BB6B9B6C60
S214013B70002B0CD0B86B00F09BFB0346002B39D012
S214013B803B68002B36D03B6801221A6032E0BB6BE3
S214013B905B6A002B2ED0BB6B24331846F5F7D4F89E
S214013BA00346002B26D03B68002B23D03B6801221E
S214013BB01A601FE0F4F79AFEB86297F92F30BA6AD6
S214013BC09A4217D997F92F307F2B0BD14FF050031C
S214013BD083F31188BFF36F8FBFF34F8F3B6100BF35
S214013BE000BFFDE797F82F300133DBB25AB2BB6B4B
S214013BF083F845200123FB6301E00023FB637B6B15
S214013C00FB60FB6883F3118800BFFB6B18464037E7
S214013C10BD4680BD80B58CB000AFF860B9607A60F3
S214013C200023FB62FB68BB62BB6A002B0BD14FF023
S214013C30500383F31188BFF36F8FBFF34F8F3B623F
S214013C4000BF00BFFDE7BB68002B03D1BB6A1B6C3E
S214013C50002B01D1012300E00023002B0BD14FF0F4
S214013C60500383F31188BFF36F8FBFF34F8FFB6150
S214013C7000BF00BFFDE7F5F717FB0346002B02D197
S214013C807B68002B01D1012300E00023002B0BD120
S214013C904FF0500383F31188BFF36F8FBFF34F8F3D
S214013CA0BB6100BF00BFFDE7F4F702FABB6A9B6B7E
S214013CB07B627B6A002B19D0B968B86A00F011FAEA
S214013CC07B6A5A1EBB6A9A63BB6A1B69002B09D0C2
S214013CD0BB6A10331846F5F737F80346002B01D0B8
S214013CE0F4F736FAF4F71AFA012363E07B68002B3F
S214013CF003D1F4F713FA00235CE0FB6A002B06D12C
S214013D0007F110031846F5F7F7F80123FB62F4F7FD
S214013D1005FAF4F7CDFCF4F7CBF9BB6A93F8443017
S214013D205BB2B3F1FF3F03D1BB6A002283F84420A4
S214013D30BB6A93F845305BB2B3F1FF3F03D1BB6A70
S214013D40002283F84520F4F7E9F93A1D07F110033C
S214013D5011461846F5F7E6F80346002B1DD1B86A5A
S214013D6000F044FA0346002B11D0BB6A24337A686C
S214013D7011461846F4F77CFFB86A00F0D8F9F4F754
S214013D80A5FC0346002B8FD1F4F7E2F98CE7B86A5D
S214013D9000F0CDF9F4F79AFC86E7B86A00F0C7F9A7
S214013DA0F4F794FCB86A00F021FA0346002B3FF4BE
S214013DB07BAF002318463037BD4680BD80B58CB03A
S214013DC000AF786039600023FB627B687B6200236A
S214013DD0BB627B6A002B0BD14FF0500383F3118833
S214013DE0BFF36F8FBFF34F8FBB6100BF00BFFDE70F
S214013DF07B6A1B6C002B0BD04FF0500383F31188AA
S214013E00BFF36F8FBFF34F8F7B6100BF00BFFDE72E
S214013E10F5F74AFA0346002B02D13B68002B01D185
S214013E20012300E00023002B0BD14FF0500383F356
S214013E301188BFF36F8FBFF34F8F3B6100BF00BF89
S214013E40FDE7F4F735F97B6A9B6B3B623B6A002B17
S214013E501ED03B6A5A1E7B6A9A637B6A1B68002BDC
S214013E6004D1F5F717FC02467B6A9A607B6A1B69E8
S214013E70002B09D07B6A10331846F4F765FF03461A
S214013E80002B01D0F4F764F9F4F748F9012383E035
S214013E903B68002B03D1F4F741F900237CE0FB6A71
S214013EA0002B06D107F108031846F5F725F801237C
S214013EB0FB62F4F733F9F4F7FBFBF4F7F9F87B6AE6
S214013EC093F844305BB2B3F1FF3F03D17B6A002223
S214013ED083F844207B6A93F845305BB2B3F1FF3F29
S214013EE003D17B6A002283F84520F4F717F93A4696
S214013EF007F1080311461846F5F714F80346002B98
S214013F002CD1786A00F072F90346002B20D07B6A28
S214013F101B68002B09D1F4F7CBF87B6A9B6818461F
S214013F20F5F7E0F9B862F4F7F9F87B6A24333A68F2
S214013F3011461846F4F79CFE786A00F0F8F8F4F794
S214013F40C5FB0346002B7FF47CAFF4F701F978E755
S214013F50786A00F0ECF8F4F7B9FB72E7786A00F0DB
S214013F60E6F8F4F7B3FB786A00F040F90346002B55
S214013F703FF467AFBB6A002B0DD0F4F799F8786A67
S214013F8000F02DF8F8617B6A9B68F9691846F5F729
S214013F90D3FAF4F7C3F8002318463037BD4680BD80
S214013FA080B584B000AF78607B68002B0BD14FF0F2
S214013FB0500383F31188BFF36F8FBFF34F8FBB603E
S214013FC000BF00BFFDE7F4F773F87B689B6BFB60EF
S214013FD0F4F7A4F8FB6818461037BD4680BD80B4D8
S214013FE085B000AF78607B685B6A002B06D07B6883
S214013FF01B6B1B68C3F10603FB6001E00023FB603B
S214014000FB6818461437BD465DF8047B704780B5DB
S21401401086B000AFF860B9607A6000237B61FB6808
S2140140209B6B3B61FB681B6C002B0DD1FB681B680F
S214014030002B4DD1FB689B681846F5F7E5F97861CA
S214014040FB6800229A6043E07B68002B19D1FB686D
S2140140505868FB681B6C1A46B96801F0EBFCFB68F4
S2140140605A68FB681B6C1A44FB685A60FB685A68FE
S214014070FB689B689A422BD3FB681A68FB685A60F8
S21401408026E0FB68D868FB681B6C1A46B96801F025
S214014090D1FCFB68DA68FB681B6C5B421A44FB6860
S2140140A0DA60FB68DA68FB681B689A4207D2FB682D
S2140140B09A68FB681B6C5B421A44FB68DA607B6893
S2140140C0022B05D13B69002B02D03B69013B3B61CA
S2140140D03B695A1CFB689A637B6918461837BD46CC
S2140140E080BD80B582B000AF786039607B681B6C9C
S2140140F0002B18D07B68DA687B681B6C1A447B68D7
S214014100DA607B68DA687B689B689A4203D37B68CF
S2140141101A687B68DA607B68D9687B681B6C1A460C
S214014120386801F087FC00BF0837BD4680BD80B502
S21401413084B000AF7860F3F7BBFF7B6893F8453037
S214014140FB731EE07B689B6C002B08D0786800F040
S214014150AFF80346002B10D0F4F75CFF0DE07B6848
S2140141605B6A002B12D07B6824331846F4F7ECFD0B
S2140141700346002B01D0F4F74DFFFB7B013BDBB27E
S214014180FB7397F90F30002BDCDC00E000BF7B6887
S214014190FF2283F84520F3F7C1FFF3F789FF7B6819
S2140141A093F84430BB7311E07B681B69002B12D077
S2140141B07B6810331846F4F7C7FD0346002B01D081
S2140141C0F4F728FFBB7B013BDBB2BB7397F90E30DC
S2140141D0002BE9DC00E000BF7B68FF2283F8442067
S2140141E0F3F79CFF00BF1037BD4680BD80B584B095
S2140141F000AF7860F3F75CFF7B689B6B002B02D106
S2140142000123FB6001E00023FB60F3F787FFFB68F7
S21401421018461037BD4680BD80B584B000AF7860C3
S214014220F3F746FF7B689A6B7B68DB6B9A4202D199
S2140142300123FB6001E00023FB60F3F76FFFFB68DF
S21401424018461037BD4680BD80B586B000AFF86011
S214014250B9607A60FB687B61F3F72AFF7B6993F8A4
S21401426044305BB2B3F1FF3F03D17B69002283F890
S21401427044207B6993F845305BB2B3F1FF3F03D12D
S2140142807B69002283F84520F3F748FF7B699B6B27
S214014290002B06D17B6924337A68B9681846F4F78F
S2140142A00DFD7869FFF743FF00BF1837BD4680BD97
S2140142B080B58AB000AF78607B689B6C3B62002358
S2140142C07B623B6A002B0BD14FF0500383F31188BE
S2140142D0BFF36F8FBFF34F8F7B6100BF00BFFDE75A
S2140142E03B6A9A6B3B6ADB6B9A420BD34FF05003E7
S2140142F083F31188BFF36F8FBFF34F8F3B6100BF0E
S21401430000BFFDE73B6A9A6B3B6ADB6B9A423DD284
S2140143103B6A93F84530FB773B1D00221946386A05
S214014320FFF775FE786297F91F30B3F1FF3F0ED1A4
S2140143303B6A5B6A002B29D03B6A24331846F4F7A4
S21401434003FD0346002B21D001237B621EE0F4F718
S214014350CDFAB86197F91F30BA699A4216D997F91A
S2140143601F307F2B0BD14FF0500383F31188BFF31F
S2140143706F8FBFF34F8FFB6000BF00BFFDE7FB7F72
S2140143800133DBB25AB23B6A83F845207B6A184692
S2140143902837BD4680BD80B58AB004AFF860B960E5
S2140143A03B601346FB80FB889B001846FEF7BAFE6F
S2140143B038613B69002B13D05420FEF7B3FE7861B9
S2140143C07B69002B08D054220021786901F034FB68
S2140143D07B693A691A6305E03869F3F7D7FB01E0B0
S2140143E000237B617B69002B0DD0FA8800230393A1
S2140143F07B6902937B6A01933B6A00933B68B968C9
S214014400F86800F029F87B6918461837BD4680BD64
S21401441080B588B002AFF860B9603B601346FB8098
S214014420FA887B6A01933B6A00933B68B968F8682F
S214014430FFF7B1FF38613B69002B05D03869F3F708
S21401444063FF01237B6102E04FF0FF337B617B69F1
S21401445018461837BD4680BD80B588B000AFF860F5
S214014460B9607A603B603B6B186B7B689B001A46B1
S214014470A52101F0E1FA3B6B1A6B7B6803F18043DF
S214014480013B9B001344BB61BB6923F00703BB617F
S214014490BB6903F00703002B0BD04FF0500383F3E7
S2140144A01188BFF36F8FBFF34F8F7B6100BF00BFD3
S2140144B0FDE73B6BBA699A63BB68002B1ED00023ED
S2140144C0FB6112E0BA68FB69134419783A6BFB6921
S2140144D0134434330A461A70BA68FB6913441B78CE
S2140144E0002B06D0FB690133FB61FB69032BE9D97D
S2140144F000E000BF3B6B002283F83720BB6A052B28
S2140145000BD94FF0500383F31188BFF36F8FBFF3BE
S2140145104F8F3B6100BF00BFFDE7BB6A052B01D98A
S2140145200523BB623B6BBA6ADA623B6BBA6A5A64B2
S2140145303B6B04331846FEF7D7FE3B6B1833184621
S214014540FEF7D2FE3B6B3A6B1A61BB6AC3F10602F9
S2140145503B6B9A613B6B3A6B5A623A68F968B86989
S214014560FEF772FE02463B6B1A60FB6A002B02D016
S214014570FB6A3A6B1A6000BF2037BD4680BD80B427
S21401458085B000AF78600023FB6005E07B680133EF
S2140145907B60FB680133FB607B681B78A52BF5D03D
S2140145A0FB689B08FB60FB689BB218461437BD4648
S2140145B05DF8047B704780B582B000AF78607B6899
S2140145C01B6B1846F3F7E2FA7868F3F7DFFA00BFD9
S2140145D00837BD4680BD80B489B000AFF860B960C9
S2140145E07A603B60FB681B68002B3ED0FB68FB6172
S2140145F0FB695B685A68FB695A60FB695A68FB6924
S21401460008339A4203D1FB69DA68FB695A60FB6991
S2140146105B68DB68BB61FB687B617B695B685A68CA
S2140146207B695A607B695A687B6908339A4203D171
S2140146307B69DA687B695A607B695B68DB683B612A
S2140146403B681B687A689A4206D93B681B689B00E0
S214014650BA6813443A691A603B681B685A1C3B687F
S2140146601A603A69BB699A42D5D100BF2437BD4664
S2140146705DF8047B704780B588B002AFF860B9601A
S2140146807A603B602C20FEF74DFD78617B69002B3C
S2140146900DD07B69002283F828207B6901933B6A51
S2140146A000933B687A68B968F86800F005F87B699A
S2140146B018461837BD4680BD80B586B000AFF86095
S2140146C0B9607A603B60BB68002B0BD14FF050039A
S2140146D083F31188BFF36F8FBFF34F8F7B6100BFEA
S2140146E000BFFDE7F5F74AFB7B6AFA681A607B6A4A
S2140146F0BA689A617B6A3A68DA617B6A3A6A1A62D0
S2140147007B6A04331846FEF7EFFD7B68002B08D062
S2140147107B6A93F8283043F00403DAB27B6A83F8A5
S214014720282000BF1837BD4680BD80B584B000AFD5
S214014730F860B9607A6008E0FB689B69BA68134460
S214014740BB60FB681B6AF8689847FB689A69BB6898
S214014750D118BB687A68F868F5F7E0F90346002BCC
S214014760EAD100BF00BF1037BD4680BD80B584B01A
S21401477000AF786007F108031846F5F78BF9F86083
S214014780BB681946F868F5F73FF9F5F709FA00BF6F
S214014790F0E780B485B000AF786039604FF0500321
S2140147A083F31188BFF36F8FBFF34F8FFB6000BF9A
S2140147B000BE00BFFDE780B483B000AF4FF05003EA
S2140147C083F31188BFF36F8FBFF34F8F7B6000BFFA
S2140147D000BE00BFFDE780B500AF00F01BF800BFCC
S2140147E080BD80B483B000AF78600B46FB707B68F9
S2140147F0FA781A7000BF0C37BD465DF8047B704727
S21401480080B483B000AF786000BF0C37BD465DF85A
S214014810047B704780B400AFBFF34F8F30BFBFF348
S2140148206F8F00BFBD465DF8047B704780B586B0CC
S21401483002AFF860B9607A607B681B0CDAB27B68FD
S2140148401B0AD9B27B68DBB200930B46B968F868DD
S214014850F5F73EFB034618461037BD4680BD80B5CA
S21401486088B002AFF860B96011461A460B46FB7174
S2140148701346BB71FB68042B05D9FB68062B02D8CF
S214014880BB68272B01D9022331E0FB79002B08D125
S214014890BB79002B05D197F82030002B01D10023DE
S2140148A025E007F1160107F1170207F1150300933A
S2140148B00B46B968F868F5F7E1FBFA7DFB79134317
S2140148C0DBB2FB75BA7DBB791343DBB2BB757A7D70
S2140148D097F820301343DBB27B75FA7DB97D7B7D7B
S2140148E000930B46B968F868F5F7F2FA0023184604
S2140148F01837BD4680BD80B586B000AF786000230E
S2140149003B6117E005237B610EE07A6839697869B7
S214014910FFF78CFF0346FB73FB7B002B01D0FB7B71
S2140149200CE07B6901337B617B69062BEDD93B6922
S21401493001333B613B69272BE4D90023184618371E
S214014940BD4680BD80B500AFF5F726FC00BF80BD33
S21401495080B584B000AF78601420FEF7E3FBF86002
S214014960FB68002B30D014220021F86801F064F8AF
S2140149707B681A78FB681A707B685A68FB685A600D
S2140149807B689A68FB689A607B681A7BFB681A7377
S2140149907B685A7BFB685A737B689A7BFB689A73C1
S2140149A07B68DA7BFB68DA737B681A7CFB681A74AF
S2140149B07B685A7CFB685A747B689A7CFB689A749D
S2140149C07B68DA7CFB68DA74FB6818461037BD46EC
S2140149D080BD90B587B002AF7860084611461A468A
S2140149E00346FB700B46BB7013467B707B68FB600F
S2140149F0FB685B681846FB689A68FB7813441C469C
S214014A007978BA7897F8203000930B462146F5F767
S214014A105FFA00BF1437BD4690BD90B587B002AFB0
S214014A207860084611461A460346FB700B46BB7073
S214014A3013467B707B68FB60FB685B681846FB6807
S214014A409A68FB7813441C467978BA7897F8203030
S214014A5000930B462146FFF702FF00BF1437BD4601
S214014A6090BD80B485B000AF7860084611461A46FE
S214014A700346FB700B46BB7013467B707B68FB607E
S214014A80FB68FA785A74FB68BA789A74FB687A7885
S214014A90DA7400BF1437BD465DF8047B7047B0B5C5
S214014AA08AB004AF786039607B683B613B691B7CE8
S214014AB0002B20D03B695B7C002B07D13B699B7C9C
S214014AC0002B03D13B69DB7C002B14D00023FB7544
S214014AD00EE03B695A7C3B69987C3B69DB7CF97D3F
S214014AE0009303467868FFF798FFFB7D0133FB755B
S214014AF0FB7D272BEDD93B691B7B002B1AD03B692D
S214014B005B7BFB733B699B7BBB733B69DB7B7B738B
S214014B103B6958683B699C683B691D78FB7BBA7B9F
S214014B20797B0291019200932B4622460146386812
S214014B30F5F75EFD00BF1837BD46B0BD80B485B041
S214014B4000AF7860084611461A460346FB700B46CE
S214014B50BB7013467B707B68FB60FB68FA785A7300
S214014B60FB68BA789A73FB687A78DA7300BF1437F1
S214014B70BD465DF8047B704780B485B000AF7860B1
S214014B800B46FB707B68FB60FB68FA781A7300BF04
S214014B901437BD465DF8047B704780B485B000AF1E
S214014BA078600B46FB707B68FB60FB68FA781A74CA
S214014BB000BF1437BD465DF8047B704780B485B0EE
S214014BC000AF78607B681B0C03F1804303F58E23EE
S214014BD0FB60FB6819687B689BB201229A40FB6800
S214014BE00A431A6000BF1437BD465DF8047B704760
S214014BF080B500AFF5F752FFF5F7FEFF00BF80BDA9
S214014C0080B586B000AF78602820FEF78BFAB860D2
S214014C10BB68002B54D028220021B86800F00CFF96
S214014C207B681A78BB681A707B685A78BB685A70BA
S214014C3000237B613DE000233B6134E00023FB6001
S214014C402BE07A6879693B690B445900FB680B4491
S214014C509B0013445968BB6878693A69024450005E
S214014C60FA680244023243F822107A6879693B698D
S214014C700B445900FB680B4404339B0013445968EA
S214014C80BB6878693A6902445000FA680244063201
S214014C9043F82210FB680133FB60FB68012BD0DD73
S214014CA03B6901333B613B69002BC7DD7B690133FF
S214014CB07B617B69012BBEDDBB6800225A6001E087
S214014CC000BFFDE7BB6818461837BD4680BD80B4F7
S214014CD087B000AFF860B9607A603B60FB687B61C3
S214014CE07B69B9687A680A4451003A680A44063210
S214014CF053F8223018461C37BD465DF8047B7047D2
S214014D0080B487B000AFF860B9607A603B60FB683A
S214014D107B617B69B9687A680A4451003A680A443B
S214014D20023253F8223018461C37BD465DF8047B24
S214014D30704780B586B000AF78607B68BB600023A3
S214014D407B6129E000233B6120E00023FB6017E044
S214014D50BB6879693A690A445100FA680A44023222
S214014D6053F82230184600F0E7FD034683F00103AE
S214014D70DBB2002B01D0002312E0FB680133FB609D
S214014D80FB68012BE4DD3B6901333B613B69002B8A
S214014D90DBDD7B6901337B617B69012BD2DD01237E
S214014DA018461837BD4680BD2DE9B04F82B000AF1A
S214014DB078603960F9F72CFE3B68002298469146E8
S214014DC042464B464FF000004FF00001590141EAC0
S214014DD0D261500102460B46B2EB080463EB0905AB
S214014DE04FF000024FF00003AB0043EA9473A200B9
S214014DF014461D4614EB080A45EB090B4FF000025A
S214014E004FF000034FEACB0343EA5A734FEACA0254
S214014E1092469B46504659464FF47A724FF000032D
S214014E2000F0EAFE02460B4613461846F3F7FCFA74
S214014E307868FFF77EFF034683F00103DBB2002BA1
S214014E40BAD100BF00BF0837BD46BDE8B08F80B5F8
S214014E5084B000AF78607B68FB60FB685B68002B02
S214014E6009D0FB685B681846FBF773FE0346002B08
S214014E7001D0012300E0002303F00103DBB2184652
S214014E801037BD4680BD80B485B000AF786039600C
S214014E907B68FB60FB683A685A6000BF1437BD4602
S214014EA05DF8047B704780B584B000AF78600B4630
S214014EB0FB707B68FB60FB689B68184600F08AFD08
S214014EC0B860FB78002B09D0B86800F03BF8FB68A7
S214014ED05B6800211846FBF7FEFD08E0B86800F0A5
S214014EE040F8FB685B6801211846FBF7F4FD00BF3C
S214014EF01037BD4680BD80B400AF00BFBD465DF82B
S214014F00047B704780B485B000AFF860B9607A6002
S214014F10002318461437BD465DF8047B704780B5FC
S214014F2084B000AF786039607B68FB60FB685868C6
S214014F30FB681B783A681946FDF767FA00BF103719
S214014F40BD4680BD80B584B000AF78607B68FB60ED
S214014F50FB685B681846FDF7EEFA00BF1037BD46E2
S214014F6080BD80B584B000AF78607B68FB60FB686D
S214014F705B681846FDF7AFFA00BF1037BD4680BD27
S214014F8080B586B000AFF860B9607A60F6F7F0F9E0
S214014F9078617B69002B01D1002307E07B68BA6842
S214014FA0F9687869FFF7ACFE38613B69184618372F
S214014FB0BD4680BD80B584B000AFF860B9607A6048
S214014FC000F0E8FA034618461037BD4680BD80B5A6
S214014FD08AB002AF0346B9607A60FB73FB7B0B2B8A
S214014FE001D90023FB730023FB6127E00023BB618B
S214014FF01EE000237B6115E07A69B969F869FFF75D
S214015000BFFFFA7B13461B019B1A5B00194601235F
S21401501001930123009304230122F9F773FE7B69B0
S21401502001337B617B69012BE6DDBB690133BB6123
S214015030BB69002BDDDDFB690133FB61FB69012BDD
S214015040D4DDF6F795F903460A211846FFF7ACFEBC
S214015050002318462037BD4680BD80B586B002AF16
S2140150600023FB70F6F784F9034601211846FFF783
S2140150701AFF0023FB603EE00023BB6035E00023FF
S2140150807B602CE07A68F968B868FFF779FFFB78EF
S21401509001220192012200920122B42100F064FC57
S2140150A0F6F766F9034632211846FFF77DFE7A6861
S2140150B0F968B868FFF764FFFB78012201920122C4
S2140150C000920222B42100F04FFCF6F751F9034694
S2140150D032211846FFF768FE7B6801337B607B68E8
S2140150E0012BCFDDBB680133BB60BB68012BC6DD7E
S2140150F0FB680133FB60FB68002BBDDDF6F738F972
S214015100034600211846FFF7CEFE00231846103747
S214015110BD4680BD80B586B000AF786000237B6158
S2140151201AE000233B6111E00023FB6008E07B6886
S214015130FA6839697869F6F725FAFB680133FB6086
S214015140FB68012BF3DD3B6901333B613B69002BB7
S214015150EADD7B6901337B617B69012BE1DD00239D
S21401516018461837BD4680BD80B586B000AF78605A
S21401517000237B611AE000233B6111E00023FB6002
S21401518008E07B68FA6839697869F6F785FAFB689A
S2140151900133FB60FB68012BF3DD3B6901333B61A7
S2140151A03B69002BEADD7B6901337B617B69012B5F
S2140151B0E1DD002318461837BD4680BD80B500AF37
S2140151C0F6F708F900BF80BD80B586B000AF0023B2
S2140151D0FB7500233B6127E00023FB601EE00023F4
S2140151E0BB6015E0BA68F9683869FFF7C9FE7860F0
S2140151F07868F9F717FC03461A46FB7D1343DBB2C2
S214015200002B14BF01230023FB75BB680133BB6071
S214015210BB68012BE6DDFB680133FB60FB68002BF6
S214015220DDDD3B6901333B613B69012BD4DDFB7D51
S21401523083F00103DBB2002B02D0F9F7DFFB01E0BC
S214015240F6F7B2F800BF1837BD4680BD80B586B008
S21401525000AF00237B612AE000233B6121E00023AD
S214015260FB6018E0FA6839697869FFF789FEB8606B
S214015270B86800F0CBFB7860FB68DBB21A46396988
S2140152807869F6F757F9386079683868FFF707FCE8
S214015290FB680133FB60FB68012BE3DD3B690133EF
S2140152A03B613B69002BDADD7B6901337B617B69FE
S2140152B0012BD1DD00BF00BF1837BD4680BD90B5BC
S2140152C083B000AF0446084611461A462346FB71D2
S2140152D00346BB710B467B7113463B71FB79B9796B
S2140152E07A791846F6F726F902463B7919461046AA
S2140152F0FFF742FC00BF0C37BD4690BD80B586B0B7
S21401530000AF0346FB7100237B611DE000233B6178
S21401531014E00023FB600BE03B69D8B27B69D9B28D
S214015320FB68DAB2FB79FFF7CAFFFB680133FB6063
S214015330FB68012BF0DD3B6901333B613B69012BC7
S214015340E7DD7B6901337B617B69002BDEDD00BF16
S21401535000BF1837BD4680BD80B582B000AF3B6048
S2140153600346FB710B46BB7113467B71FB79B9791A
S2140153707A791846F6F7DEF83B681B0CD9B23B681B
S2140153801B0ADAB23B68DBB2FFF7D8FB00BF08376F
S214015390BD4680BD80B586B000AF786000237B61D6
S2140153A01DE000233B6114E00023FB600BE03B693A
S2140153B0D8B27B69D9B2FB68DAB27B68FFF7CCFF5B
S2140153C0FB680133FB60FB68012BF0DD3B690133B1
S2140153D03B613B69012BE7DD7B6901337B617B69BF
S2140153E0002BDEDD00BF00BF1837BD4680BD90B57F
S2140153F087B002AFF860B96011461A460B46FB71DA
S2140154001346BB710022B968F868F6F793F80446AC
S21401541097F82000BA79F97997F824300093034673
S2140154202046FFF7D6FA00BF1437BD4690BD80B5BB
S21401543084B000AFF860B9607A60FB707B68DBB25D
S2140154401A46B968F868F6F775F83B7F3A7EF97838
S214015450FFF707FB00BF1037BD4680BD80B588B09B
S21401546002AF0346FB710B46BB7113467B710023EB
S2140154707B611FE000233B6116E00023FB600DE02B
S214015480FA797B790193BB7900931346FA687969B7
S2140154903869FFF7CCFFFB680133FB60FB68012B23
S2140154A0EEDD3B6901333B613B69012BE5DD7B6941
S2140154B001337B617B69002BDCDD00BF00BF183741
S2140154C0BD4680BD80B584B000AFF860B9601146B6
S2140154D01A460B46FB711346BB71FB791A46B9682F
S2140154E0F868F6F727F80246BB7919461046FFF723
S2140154F054FB00BF1037BD4680BD80B586B000AFF7
S2140155000346FB7100237B611BE000233B6112E035
S2140155100023FB6009E0FB68DAB2FB797969386938
S214015520FFF7D0FFFB680133FB60FB68012BF2DD60
S2140155303B6901333B613B69012BE9DD7B69013343
S2140155407B617B69002BE0DD00BF00BF1837BD46DD
S21401555080BD80B400AF00BFBD465DF8047B7047D8
S21401556080B485B000AF78607B681B0C03F1804384
S21401557003F58E23FB60FB6819687B689BB20122EA
S2140155809A40FB680A431A6000BF1437BD465DF8AF
S214015590047B704780B582B000AF0023FB71FB1D12
S2140155A01846F7F7BBFF0346002B01D1FB7900E055
S2140155B0002318460837BD4680BD80B483B000AFCF
S2140155C00346FB7100BF0C37BD465DF8047B704790
S2140155D080B483B000AF78607B6800221A7000BF89
S2140155E00C37BD465DF8047B704780B400AF0023DE
S2140155F01846BD465DF8047B704780B485B000AFA1
S21401560078600B46FB701346BB70BB78FB730023B8
S2140156107B7327E07B7B7A6813441B783B730023FC
S214015620BB7319E0FA7B3B7B5340DBB203F001030B
S214015630002B08D0FB7B5B08FB73FB7B83F07303BB
S214015640DB43FB7302E0FB7B5B08FB733B7B5B0886
S2140156503B73BB7B0133BB73BB7B072BE2D97B7BE5
S21401566001337B737A7BFB789A42D3D3FB7B184654
S2140156701437BD465DF8047B704790B585B000AF22
S2140156807860002207217868FFF7B7FF0346FB73AF
S2140156907B6803F109047B680933184600F020FA99
S2140156A00346DBB2FA7B19462046FFF7A6FF034600
S2140156B0FB73FB7B18461437BD4690BD80B582B0A0
S2140156C000AF786039603B68002B05D03B685B68AB
S2140156D019467868FBF793FB00BF0837BD4680BDC7
S2140156E080B582B000AF0346FB7197F9073013F11E
S2140156F0800F01D1012305E097F907301846F9F725
S21401570025F9002318460837BD4680BD80B483B00E
S21401571000AF78607B6800221A7000BF0C37BD4668
S2140157205DF8047B704780B485B000AFF8600B4627
S2140157307A60FB72FB7AFA681B01134403F58473E3
S2140157401968FB7A7A680A43F9681B010B4403F56A
S21401575084731A6000BF1437BD465DF8047B70473A
S21401576080B485B000AFF8600B467A60FB72FB7AB6
S214015770FA681B01134403F586737A681A6000BF42
S2140157801437BD465DF8047B704780B485B000AF22
S214015790F8600B467A60FB72FB7AFA6810331B01DD
S2140157A013447A681A6000BF1437BD465DF8047B5F
S2140157B0704780B483B000AF78600B46FB70FB780F
S2140157C07A681B01134403F584731A68FB7842F068
S2140157D0010279681B010B4403F584731A6000BF4C
S2140157E00C37BD465DF8047B704780B483B000AFCC
S2140157F078600B46FB70FB787A681B01134403F54F
S21401580084731A68FB7822F0010279681B010B4445
S21401581003F584731A6000BF0C37BD465DF8047B40
S214015820704780B584B000AF78602020FDF77AFC21
S214015830F860FB68002B2CD020220021F86800F0CD
S214015840FBF87B681A68FB681A607B685A68FB6815
S2140158505A60FB6800229A60FB680022DA60FB68E7
S21401586000221A82FB6800225A82FB6800221A76FE
S214015870FB6800225A76002204210820FDF72DFE3F
S2140158800246FB68DA61FB68DB69002B01D100BFC9
S214015890FDE7FB6818461037BD4680BD80B483B06F
S2140158A000AF786039603B68192B3FDC3B68022B00
S2140158B009DC7B68B3F912309BB20A339BB21AB289
S2140158C07B685A8232E03B68052B09DC7B68B3F9BA
S2140158D012309BB207339BB21AB27B685A8225E01C
S2140158E03B680A2B09DC7B68B3F912309BB205339F
S2140158F09BB21AB27B685A8218E03B680F2B09DC10
S2140159007B68B3F912309BB203339BB21AB27B6841
S2140159105A820BE03B68192B08DC7B68B3F912301E
S2140159209BB201339BB21AB27B685A8200BF0C3716
S214015930BD465DF8047B704780B485B000AF7860E3
S2140159407B68002B01D1002308E07B68FB60FB68C5
S214015950DB68002B0CBF01230023DBB2184614378B
S214015960BD465DF8047B704780B586B000AFF86031
S214015970B96011461A460B46FB711346BB71FB68AC
S2140159803B61F868F9F77CF9BA6813465B00134483
S2140159909B007B61FB79022B02D17B695B427B61B9
S2140159A03B697A69DA603B6900225A61BB791AB2AF
S2140159B03B691A82BB791AB23B695A823B6997F8EE
S2140159C020201A763B6997F824205A7600BF1837AC
S2140159D0BD4680BD80B485B000AF78607B68FB6053
S2140159E0FB681B6818461437BD465DF8047B704794
S2140159F080B485B000AF78607B68FB60FB68DB69CC
S214015A0018461437BD465DF8047B704780B485B0F0
S214015A1000AF78607B68FB60FB689B6818461437AC
S214015A20BD465DF8047B704780B500AFF9F7B8F85E
S214015A3000BF80BD00F030BA00F048BAFAF7BAB835
S214015A400346C9B21A788A42184603F1010302D006
S214015A50002AF7D11046704740EA01039B0730B58C
S214015A6011D105460C46214628460A6855F8043BDE
S214015A709A4204F1040406D1A2F1013323EA020397
S214015A8013F0803FEFD010F8013B11F8012B934241
S214015A9001D0981A30BD002BF5D11846FAE740EA36
S214015AA001039B0710B513D10439024651F8043F90
S214015AB0A3F1013424EA030414F0803F05D0D9B2DF
S214015AC002F8011B59B11B12F9E742F8043BEDE756
S214015AD0421E11F8013B02F8013F002BF9D110BD1F
S214015AE010B503469A071C4615D1234654F8042BD5
S214015AF0A2F1013121EA020111F0803FF5D0D1B2C5
S214015B0099B112F47F4F0ED012F47F0F14BF2346C3
S214015B100333013003E01A4612F8011B09B9181ABB
S214015B2010BD1346DEE70233F3E70133F1E7034620
S214015B300843800770B513D11D460E46032A314629
S214015B402B460DD955F8040B0C68844206F1040661
S214015B5006D1A4F1013020EA040010F0803F01D004
S214015B601A440BE0043AE9E713F8010B11F8014B6C
S214015B70A04201D0001B70BD0028FCD09342F3D197
S214015B800020F8E740EA010370B59D0722D10E46D2
S214015B900346032A314608D956F8045BA5F10134B9
S214015BA024EA050414F0803F0DD0013A0139541C53
S214015BB008D011F8014F03F8014B551E64B91A4479
S214015BC0934204D170BD43F8045B043AE1E703F85D
S214015BD0014BF5E70346E8E72A46E8E7034610F8EF
S214015BE0012B002AFBD1C9B210F8012D8A4202D03E
S214015BF08342F9D1002070475FF0000C30B51C00DD
S214015C0022D112006FD0914206D3054608460021E4
S214015C1000F06FF80446284600F06BF80A46214665
S214015C20BDE830401CF0404F08BF704703D54942DD
S214015C30404261F100015FEA8C0C38BF70475B425D
S214015C40524263F10003704742D41C0C04BF1B048C
S214015C500CF1100C13F07F4F04BF1B020CF1080C63
S214015C6013F0704F04BF1B010CF1040C13F0404FEE
S214015C7004BF0CF1020C5FEA83035CBF0CF1010C5C
S214015C805B00CCF1200E22FA0EF4234302FA0CF24A
S214015C9000FA0CF520FA0EF001FA0CF4204321FA72
S214015CA00EF114461A4600F024F8A4FB0023AA1AA3
S214015CB071EB03033CBF1B190138CCF1200E22FA0D
S214015CC00CF203FA0EF4224323FA0CF30021A7E7A1
S214015CD0821A71EB03033CBF02460B464FF00001EC
S214015CE041F100009CE700200021BDE8304000F0B3
S214015CF03DB80423B1EB122F09D2090241EA106123
S214015D000002013B08BF7047B1EB122FF5D3001814
S214015D10494134BF9142891A4041494134BF9142B9
S214015D20891A4041494134BF9142891A404149414B
S214015D3034BF9142891A4041494134BF9142891A80
S214015D404041494134BF9142891A4041494134BFDB
S214015D509142891A4041494134BF9142891A4041D2
S214015D60A3F1010313F00F0FD2D17047704702461B
S214015D70C80240EA525040F21E42A2EB115240F0D5
S214015D800040FF2A20FA02F011D912F4E06F01D187
S214015D904042704711F0804009D04A0012F5001FBA
S214015DA004D86FF0004000EBD170704700207047B8
S214015DB010B540F21E44A4EB1154FF2C07D802463E
S214015DC0C80240EA525040F00040E04010BD01F1E8
S214015DD0404000F58010B0F1804F4FF0FF3088BF93
S214015DE00020F3E7F0B1030C0CBF000401F1807151
S214015DF0030E0CBF000201F50001030F0CBF0001EA
S214015E0001F58001830F0CBF800001F50011002809
S214015E10ACBF400001F5801101EBE02342051046BE
S214015E201946704700200021704710F0004118BF46
S214015E30404201F18041FFF7D5BF4FF08041FFF7A7
S214015E40D1BF30B50D461C4655EA040301460BD4B6
S214015E50630013F5001F1DD8A54219D31AD190422D
S214015E602CBF0020012030BD680010F5001F11D89E
S214015E70630013F5001F0DD80B4313431843F2D0EC
S214015E80A54205D806D1914294BF00200120EAE739
S214015E900120E8E70020E6E740EA0103DB070346C6
S214015EA00CD40346043A22BF51F804CB43F804CB82
S214015EB0B2F10402F7D2043208BF7047013A24BF98
S214015EC011F801CB03F801CBF8D87047034613F05D
S214015ED0030F0ED101F0FF0141EA012141EA014120
S214015EE0043A24BF43F8041BB2F10402F9D202F1CA
S214015EF00402013A24BF03F8011BFAE77047FFFFCB
S214015F008002DC020005B80580079508000A710BBF
S214015F108021017002780A42FCD070470800100008
S214015F20180020003000400060008000C000000122
S214015F3080010002000300040006FFFF00A00640E7
S214015F4000B006400A0034100B00341003000000B5
S214015F50000003010101FFFF4B3130206F72204B1F
S214015F6031322046616D696C790000004B32302079
S214015F706F72204B32322046616D696C79000000E9
S214015F804B33302C204B3131206F72204B36312071
S214015F9046616D696C7900004B3430206F72204B7E
S214015FA032312046616D696C790000004B36302035
S214015FB06F72204B36322046616D696C79000000A5
S214015FC04B37302046616D696C7900005265736508
S214015FD072766564000000004861726477617265DC
S214015FE0207374617475730D0A0000004D6375416A
S214015FF0726D546F6F6C73004552524F5200000021
S2140160002020554944000000202046616D696C79C6
S2140160100000000047726F7570206F66204D637533
S21401602041726D546F6F6C7320636F6D6D616E643A
S214016030730D0A005072696E742068656C70206F6B
S214016040722073746174757320696E666F726D6108
S21401605074696F6E0D0A0000202068656C707C7391
S2140160607461747573000000506572666F726D73AB
S214016070206120736F66747761726520726573653F
S214016080740D0A0020207265736574007B000000A1
S2140160902C0000007D0000004D637541726D546F49
S2140160A06F6C732068656C70000000004D6375416D
S2140160B0726D546F6F6C7320737461747573000026
S2140160C04D637541726D546F6F6C732072657365A5
S2140160D0740000004D342046616D696C7920494496
S2140160E0206F7574206F6620626F756E6473210071
S2140160F04D6375466C617368207374617475730DB6
S2140161000A0000004D6375466C617368000000006C
S21401611073697A65203078002020626C6F636B00AB
S21401612061646472203078002C2073697A652030AF
S2140161307800000020207265676973746572656473
S214016140000000004D6375466C6173682068656CDD
S2140161507000000047726F7570206F6620666C6174
S214016160736820696E6920636F6D6D616E64730D6F
S2140161700A00000044756D70206D656D6F727920A0
S214016180646174610D0A0000202064756D70203C06
S21401619073746172743E203C73697A653E00000038
S2140161A04572617365206D656D6F7279206174202B
S2140161B0616464726573730D0A00000020206572C5
S2140161C0617365203C616464723E203C73697A6544
S2140161D03E0000004D6375466C6173682073746100
S2140161E0747573004D6375466C6173682064756DD4
S2140161F0702000002A2A2A206D656D6F7279206E44
S2140162006F742061636365737369626C650D0A0060
S2140162102A2A2A2077726F6E6720656E6420616471
S21401622064726573730D0A002A2A2A2077726F6ECC
S2140162306720737461727420616464726573730D90
S2140162400A0000004D6375466C61736820657261D3
S214016250736520002A2A2A2061646472657373209C
S2140162606973206E6F7420666C61736820626C6F50
S214016270636B20616C69676E65640D0A000000003F
S2140162802A2A2A206661696C6564207363616E6ED2
S214016290696E672073697A650D0A00004D6375465D
S2140162A06C6173685F496E69742829206661696C40
S2140162B065642100433A2F55736572732F457269E1
S2140162C06368205374796765722E4E3030303731EB
S2140162D033392F446174612F4769745265706F7347
S2140162E02F4D657461436C6F636B436C6F636B2FEB
S2140162F04669726D776172652F4D63754C69622FC1
S2140163007372632F4D6375466C6173682E6300006C
S2140163104F75743A00000000496E703A00000000A4
S214016320206770696F3A30780000000020706F7245
S214016330743A3078000000002070696E3A00000060
S2140163402070756C6C3A00006469730075702000EB
S21401635064776E003F3F3F005452414345000000C2
S2140163604445425547000000494E464F0000000094
S2140163705741524E00000000464154414C00000077
S2140163801B5B313B33346D001B5B313B33326D009D
S2140163901B5B313B33366D001B5B313B33336D008A
S2140163A01B5B313B33316D001B5B313B33356D007D
S2140163B068683A6D6D3A73732C6363001B5B306DCE
S2140163C0000000004C6F67207374617475730D0ACA
S2140163D0000000004D63754C6F6700002063686124
S2140163E06E6E656C0D0A00002020636F6E736F6C15
S2140163F0650000007965730D0A0000006E6F0D0AD6
S2140164000000000020206C6F636B000020206C658C
S21401641076656C0020280000292C206C6F67676960
S2140164206E6720666F722074686973206C65766586
S2140164306C20616E64206869676865720D0A0000E9
S2140164402020636F6C6F720047726F7570206F66E5
S214016450204D63754C6F6720636F6D6D616E64735D
S2140164600D0A0000536574206C6F67206C657665B5
S2140164706C2C203020285452414345292C203120B1
S214016480284445425547292C20322028494E464F5C
S214016490292C203320285741524E292C20342028DD
S2140164A04552524F52292C20352028464154414C02
S2140164B0290D0A0020206C6576656C203C6C65769B
S2140164C0656C3E00536574207175696574206D6F47
S2140164D0646520666F7220636F6E736F6C650D0A5C
S2140164E00000000020207175696574203C6F6E7C89
S2140164F06F66663E0000000053657420636F6C6F24
S21401650072206D6F64650D0A000000002020636F25
S2140165106C6F72203C6F6E7C6F66663E00000000FA
S2140165204D63754C6F672068656C70004D63754CE4
S2140165306F67207374617475730000004D63754C4A
S2140165406F67207175696574206F6E004D63754CB9
S2140165506F67207175696574206F666600000000BC
S2140165604D63754C6F6720636F6C6F72206F6E00A2
S2140165704D63754C6F6720636F6C6F72206F666634
S214016580000000004D63754C6F67206C6576656C86
S21401659020000000496E666F3A20456E61626C65A8
S2140165A020636F6E66696747454E45524154455FA5
S2140165B052554E5F54494D455F53544154532066DE
S2140165C06F722072756E74696D652073746174697B
S2140165D073746963732E0D0A000000005443420071
S2140165E0537461746963000048616E646C650000F1
S2140165F04E616D6500000000537461746500000013
S2140166005072696F00000000537461636B2042652D
S21401661067000000537461636B20456E64000000E0
S21401662053697A6500000000537461636B20546FF0
S21401663070000000556E7573656400005741524E38
S214016640494E473A206D6F7265207461736B7320F3
S2140166507468616E205368656C6C206D6178696D35
S214016660756D206E756D626572206F66207461733C
S2140166706B732E0D0A0000006E6F20283029000073
S21401668079657328000000002900000052756E6EBF
S214016690696E670052656164790000005375737016
S2140166A0656E646564000000426C6F636B65640030
S2140166B044656C6574656400496E76616C69640056
S2140166C0554E4B4E4F574E21000000002042000011
S2140166D0204229004672656552544F5320737461F7
S2140166E074757320696E666F726D6174696F6E0D75
S2140166F00A0000004D637552544F53005631312E37
S214016700302E3000202056657273696F6E000000CF
S214016710202052544F53207469636B7300000000AD
S21401672020487A2C20000000206D730D0A0000001E
S2140167302020467265652068656170002062797464
S21401674065730D0A0000000047726F7570206F6652
S214016750204D637552544F5320636F6D6D616E64A7
S214016760730D0A005072696E74207461736B6C69E4
S21401677073740D0A0000000020207461736B6C694D
S214016780737400004D637552544F532068656C70E6
S214016790000000004D637552544F532073746174AA
S2140167A0757300004D637552544F53207461736BBB
S2140167B06C697374000000004D63755368656C6CFA
S2140167C02068656C700000002D2D2D2D2D2D2D2D92
S2140167D02D2D2D2D2D2D2D2D2D2D2D2D2D2D2D2DE3
S2140167E02D2D2D2D2D2D2D2D2D2D2D2D2D2D2D2DD3
S2140167F02D2D2D2D2D2D2D2D2D2D2D2D2D2D2D2DC3
S2140168002D2D2D2D2D2D00004B3032204C6564533F
S214016810746570706572000047726F7570206F66E0
S214016820204D63755368656C6C20636F6D6D616E8A
S21401683064730D0A000000004D63755368656C6C47
S214016840000000004D63755368656C6C20737461BD
S21401685074757300434D443E20000000436F6D6D18
S214016860616E646C696E65207368656C6C20737408
S214016870617475730D0A00004A616E20323620324B
S2140168803032360020204275696C640031353A306A
S214016890323A303400000000202073696C656E7453
S2140168A00000000020206D756C7469436D64000063
S2140168B02062797465732064656661756C742073F3
S2140168C0697A650D0A000000202073697A65000068
S2140168D02A2A2A204661696C6564206F7220756ECB
S2140168E06B6E6F776E20636F6D6D616E643A20001C
S2140168F02A2A2A20547970652000000020746F200F
S2140169006765742061206C697374206F66206176F8
S21401691061696C61626C6520636F6D6D616E647335
S2140169200D0A00000D0A2A2A2A20456E6420616499
S2140169306472657373206D757374206265206C6173
S21401694072676572206F7220657175616C2074685C
S214016950616E20737461727420616464726573730E
S2140169600D0A00000D0A2A2A2A2052656164206653
S21401697061696C6564210D0A000000000D0A2A2A6F
S2140169802A204661696C7572652072656164696E5C
S21401699067206D656D6F727920626C6F636B210D78
S2140169A00A0000002D2D20003A6D6D003A73730029
S2140169B06661696C656420696E697469616C697A7F
S2140169C0696E67205541525400000000433A2F5526
S2140169D0736572732F4572696368205374796765AE
S2140169E0722E4E303030373133392F446174612F77
S2140169F04769745265706F732F4D657461436C6F90
S214016A00636B436C6F636B2F4669726D776172655A
S214016A102F4D63754C69622F7372632F4D637555E5
S214016A206172743438352E63000000006B55415294
S214016A30545F547844617461526567456D7074792A
S214016A40466C61670D0A00006B554152545F5472E3
S214016A50616E736D697373696F6E436F6D706C658C
S214016A607465466C61670D0A000000006B55415263
S214016A70545F52784461746152656746756C6C4622
S214016A806C61670D0A0000006B554152545F496402
S214016A906C654C696E65466C61670D0A0000000006
S214016AA06B554152545F52784F76657272756E46D9
S214016AB06C61670D0A0000006B554152545F4E6FC2
S214016AC06973654572726F72466C61670D0A0000E4
S214016AD06B554152545F4672616D696E67457272BD
S214016AE06F72466C61670D0A000000006B554152DB
S214016AF0545F5061726974794572726F72466C6147
S214016B00670D0A006B554152545F4C696E427265BF
S214016B10616B466C61670D0A000000006B554152BF
S214016B20545F527841637469766545646765466C5F
S214016B3061670D0A000000006B554152545F5278A0
S214016B40416374697665466C61670D0A0000000052
S214016B506B554152545F4E6F6973654572726F7221
S214016B60496E527844617461526567466C61670D7F
S214016B700A0000006B554152545F50617269747986
S214016B804572726F72496E527844617461526567DC
S214016B90466C61670D0A00006B554152545F54788C
S214016BA04669666F456D707479466C61670D0A00BB
S214016BB06B554152545F52784669666F456D7074E5
S214016BC079466C61670D0A006B554152545F5478E3
S214016BD04669666F4F766572666C6F77466C61675D
S214016BE00D0A00006B554152545F52784669666F34
S214016BF04F766572666C6F77466C61670D0A0000AA
S214016C0052532D34383520554152542073657474CF
S214016C10696E67730D0A00004D63755561727434B1
S214016C203835000020204857205478456E00000073
S214016C302020666C61677300202062617564000025
S214016C4052783A20000000002C20526573706F6E57
S214016C5073653A2000000000202071756575657324
S214016C600000000047726F7570206F662052532D2A
S214016C7034383520636F6D6D616E64730D0A0000E4
S214016C80436C656172205541525420495352206627
S214016C906C6167730D0A00002020636C65617220C9
S214016CA03C666C6167733E004D6375556172743462
S214016CB038352068656C70004D63755561727434A3
S214016CC03835207374617475730000004D63755513
S214016CD061727434383520636C656172200000007F
S214016CE07374617475733A20000000006661696C04
S214016CF06564206372656174696E672052532D3432
S214016D003835205278207175657565006661696C45
S214016D106564206372656174696E672052532D3411
S214016D20383520726573706F6E7365207175657581
S214016D30650000002D333237363800002D323134ED
S214016D4037343833363438004D696E494E4920732E
S214016D5074617475730D0A004D63754D696E494E05
S214016D60490000002020627566666572000000001A
S214016D706E6F7420737570706F727465640D0A009F
S214016D8020207265616C0000726561642D777269FE
S214016D9074650D0A0000000020206D6F6465000018
S214016DA0464C4153480D0A0020204653000000007F
S214016DB04D63754D696E494E492068656C700000DB
S214016DC047726F7570206F66204D63754D696E4909
S214016DD04E4920636F6D6D616E64730D0A0000008D
S214016DE0526561642061206B65792066726F6D2043
S214016DF0612073656374696F6E20696E2061206619
S214016E00696C650D0A000000202072656164203CF3
S214016E10663E203C733E203C6B3E00005772697410
S214016E20652061206B657920776974682076616CCE
S214016E30756520746F20612073656374696F6E20B9
S214016E40696E20612066696C650D0A0020207772E4
S214016E50697465203C663E203C733E203C6B3E20B8
S214016E603C763E0044656C6574652061206B6579EF
S214016E7020696E20612073656374696F6E206F668A
S214016E802066696C650D0A00202064656C6B657967
S214016E90203C663E203C733E203C6B3E00000000DA
S214016EA044656C65746520612073656374696F6EF3
S214016EB020696E20612066696C650D0A000000007D
S214016EC0202064656C736563203C663E203C733EFF
S214016ED0000000004D63754D696E494E492073747C
S214016EE061747573000000004D63754D696E494EFF
S214016EF049207265616420003D0000004D63754DB8
S214016F00696E494E49207772697465200000000059
S214016F104D63754D696E494E492064656C6B6579A4
S214016F20200000004D63754D696E494E4920646529
S214016F306C736563200000004661696C65642063BC
S214016F4072656174696E6720696E69206D75746516
S214016F5078000000433A2F55736572732F457269A6
S214016F606368205374796765722E4E30303037313E
S214016F7033392F446174612F4769745265706F739A
S214016F802F4D657461436C6F636B436C6F636B2F3E
S214016F904669726D776172652F4D63754C69622F14
S214016FA06D696E496E692F4D63754D696E494E491F
S214016FB02E6300004552415345442C206E6F7420C9
S214016FC061636365737369626C650D0A0000000096
S214016FD06D61676963203078000000002C20000096
S214016FE02C2073697A6520003C6E6F742076616C84
S214016FF069643E00696E6920666C6173682073740B
S214017000617475730D0A0000696E690073746172AC
S21401701074203078000000002C20626C6F636B20B7
S214017020307800002C206E6F662000002020666CF1
S2140170306173680020206D617820646174610000CE
S21401704020206461746100003C6572726F72207268
S214017050656164696E6720646174613E0D0A0000B3
S214017060202072616D000000464C4153480000002C
S21401707052414D00696E692068656C700000000021
S21401708044756D70206461746120696E666F726DFF
S2140170906174696F6E0D0A00202064756D700000C2
S2140170A04572617365206461746120696E666F72F2
S2140170B06D6174696F6E0D0A000000002020657214
S2140170C061736500696E692073746174757300007D
S2140170D0696E692064756D7000000000696E692034
S2140170E065726173650000005465726D696E616C4E
S2140170F000000000525454005345474745520000D3
S21401710049444C4500000000546D722053766300DC
S214017110746D724C6F77506F77657200537461743B
S2140171207573206F66204E656F506978656C730DB8
S2140171300A0000006E656F0020206E6F664C616E5F
S2140171406573000020206C616E6553746172740073
S21401715020206C616E65456E6400000020204C4561
S2140171604420696E206C616E6573000020205069B2
S21401717078656C73000000005247420D0A0000005B
S2140171802020436F6C6F7273000000006E656F20E5
S21401719068656C700000000047726F7570206F663E
S2140171A0206E656F20636F6D6D616E64730D0A00EE
S2140171B0436C65617220616C6C20706978656C73D4
S2140171C00D0A00002020636C65617220616C6C0002
S2140171D053657420616C6C20706978656C207769E2
S2140171E07468205247422076616C75650D0A00006E
S2140171F0202073657420616C6C2030783C72676265
S2140172003E00000053657420706978656C20696ED5
S2140172102061206C616E6520616E6420706F7369F9
S21401722074696F6E207769746820524742207661D0
S2140172306C75650D0A0000002020736574203C6C97
S214017240616E653E203C706F733E2030783C7267FD
S214017250623E00006E656F20737461747573000082
S2140172606E656F20636C65617220616C6C00000056
S2140172706E656F2073657420616C6C006E656F209F
S2140172807365742000000000656E61626C65643A87
S21401729020000000796573006E6F20002C20726755
S2140172A0623A2030780000002C206C616E653A202E
S2140172B0000000002C2073746172743A20000000F4
S2140172C02C2063773A2000005374617274696E67EC
S2140172D0204E656F205461736B000000433A2F55B2
S2140172E0736572732F457269636820537479676595
S2140172F0722E4E303030373133392F446174612F5E
S2140173004769745265706F732F4D657461436C6F76
S214017310636B436C6F636B2F4669726D7761726541
S2140173202F436C6F636B436F6D6D6F6E2F61707063
S2140173306C69636174696F6E2E6300004E656F0041
S2140173404661696C6564206372656174696E672065
S21401735062696E6172792073656D6170686F7265BE
S2140173602E000000616464723A3078002C20537459
S214017370657070657220000020204D5B00000000E3
S2140173805D00000052696E67200000002C204861F5
S2140173906E6420002020525B000000004D61747274
S2140173A069782073657474696E67730D0A0000004E
S2140173B06D61747269780000782A792A7A3A200019
S2140173C02020737465707065720000004E554C4C39
S2140173D00000000068616E643A203078000000000A
S2140173E020206272696768746E657373000000001E
S2140173F020206D6F746F72206F6E0000637700003F
S21401740043770000635700004357000063630000A2
S21401741043630000634300004343000073680000B9
S21401742053680000734800005348000047726F75A8
S21401743070206F66206D617472697820636F6D6D60
S214017440616E64732E0D0A005072696E7420616C51
S2140174506C207374657070657220737461747573D3
S21401746020696E666F726D6174696F6E2C206F7223
S21401747020666F7220612073696E676C6520636F8A
S2140174806F7264696E6174650D0A00002020737462
S214017490657070657220737461747573205B78799A
S2140174A07A5D000054657374207468652073746592
S2140174B070706572206F6E2074686520626F6172ED
S2140174C0640D0A00202074657374000053657420EF
S2140174D06D617472697820746F20686F75722028E8
S2140174E0312D31322920706F736974696F6E0D0A00
S2140174F0000000002020686F7572203C686F75726E
S2140175003E00000053657420706978656C20636FD7
S2140175106C6F720D0A00000020207267622070698D
S21401752078656C203C78797A3E203C7267623E0032
S214017530456E61626C696E6720616C6C2068616E75
S21401754064204C4544730D0A000000002020686545
S21401755020616C6C206F6E7C6F666600456E6162A2
S2140175606C652073696E676C652068616E64204C7B
S21401757045442028636F6D6D61207365706172618B
S214017580746564290D0A000020206865203C78791E
S2140175907A3E206F6E7C6F6666000000456E616203
S2140175A06C696E672072696E67204C4544730D0ADC
S2140175B0000000002020726520616C6C206F6E7CDC
S2140175C06F666600456E61626C652073696E676CF6
S2140175D0652072696E67204C45442028636F6D6D87
S2140175E06120736570617261746564290D0A00001B
S2140175F020207265203C78797A3E206F6E7C6F661B
S214017600660000005365742068616E6420636F6CC9
S2140176106F7220666F7220616C6C2068616E647395
S2140176200D0A00002020686320616C6C203C7267A4
S214017630623E00005365742073696E676C6520684E
S214017640616E6420636F6C6F722028636F6D6D616D
S21401765020736570617261746564290D0A0000000B
S21401766020206863203C78797A3E203C7267623E2F
S214017670000000005365742072696E6720636F6CAA
S2140176806F7220666F7220616C6C2072696E677310
S2140176900D0A00002020726320616C6C203C72672A
S2140176A0623E00005365742073696E676C652072D4
S2140176B0696E6720636F6C6F722028636F6D6D61F2
S2140176C020736570617261746564290D0A0000009B
S2140176D020207263203C78797A3E203C7267623EB5
S2140176E0000000005365742064656661756C742043
S2140176F068616E64206C656420636F6C6F720D0A3E
S21401770000000000202068616E6420636F6C6F7259
S214017710203C7267623E00005365742064656661B2
S214017720756C742068616E64206C65642062726991
S2140177306768746E6573732028302D323535290DD0
S2140177400A000000202068616E6420627269676822
S214017750746E657373203C76616C3E003C78797A72
S2140177603E3A20636F6F7264696E6174652C207394
S21401777065706172617465642062792073706163FB
S214017780652C20652E672E2030203020310D0A0012
S2140177903C6D643E3A206D6F6465202863632C203F
S2140177A063772C207368292C206C6F776572636170
S2140177B07365206D6F6465206C65747465722069ED
S2140177C073207769746820616363656C65726174A0
S2140177D0696F6E20636F6E74726F6C20666F7220B5
S2140177E073746172742F73746F702C206F74686574
S2140177F0727769736520652E67204377206F722044
S21401780043570D0A0000000052656C617469766585
S21401781020616E676C65206D6F76652028636F6DDD
S2140178206D6120736570617261746564290D0A006B
S214017830202072203C78797A3E203C613E203C64D0
S2140178403E203C6D643E00004162736F6C7574654A
S21401785020616E676C65206D6F76652028636F6D9D
S2140178606D6120736570617261746564290D0A002B
S214017870202061203C78797A3E203C613E203C64A1
S2140178803E203C6D643E00005175657565206120A3
S214017890277227206F722027612720636F6D6D6125
S2140178A06E642C20652E672E20276D6174726978B0
S2140178B020712030203020302072203930203820AE
S2140178C063632C3020302031206120343520302075
S2140178D04343272C2028636F6D6D612073657061AB
S2140178E07261746564290D0A000000002020712071
S2140178F03C78797A3E203C636D643E00457865634A
S21401790075746520636F6D6D616E647320696E209A
S2140179107175657565730D0A000000002020657895
S21401792071000000536574206D6F746F722064726D
S21401793069766572207265736574206C696E652060
S214017940284C4F5720616374697665290D0A00003B
S2140179502020726573657420686967687C6C6F7730
S21401796000000000537769746368206D6F746F724E
S21401797073206F6E206F72206F66660D0A0000001E
S21401798020206D6F746F72206F6E7C6F66660000CC
S2140179905061726B20746865206D6F746F72287306
S2140179A0290D0A0020207061726B206F6E7C6F6655
S2140179B0660000006D61747269782068656C7000FD
S2140179C06D61747269782073746174757300000058
S2140179D06D61747269782073746570706572207356
S2140179E074617475730000006D6174726978207338
S2140179F0746570706572207374617475732000000D
S214017A006D617472697820686F75722000000000DD
S214017A106D61747269782072200000006D61747265
S214017A2069782061200000006D61747269782071A8
S214017A30200000006D617472697820686520616CB1
S214017A406C2000006D617472697820726520616C2B
S214017A506C2000006D6174726978206865200000F2
S214017A606D61747269782072652000006D617472B0
S214017A70697820686320616C6C2000006D61747207
S214017A80697820726320616C6C2000006D617472ED
S214017A9069782068632000006D61747269782072CD
S214017AA0632000006D61747269782068616E6420DD
S214017AB0636F6C6F722000006D6174726978206864
S214017AC0616E64206272696768746E657373200004
S214017AD06D61747269782072676220706978656C6E
S214017AE0200000006D61747269782065787100006D
S214017AF06D61747269782074657374006D61747257
S214017B00697820726573657420686967680000008B
S214017B106D6174726978207265736574206C6F7715
S214017B20000000006D6174726978206D6F746F7269
S214017B30206F6E006D6174726978206D6F746F725C
S214017B40206F6666000000006D61747269782070AF
S214017B5061726B206F6E00006D61747269782070BF
S214017B6061726B206F6666006D61747269782000C1
S214017B70686320007263200068652000726520003B
S214017B804661696C656420657865637574696E67BE
S214017B902071756575656420636F6D6D616E642017
S214017BA02725732700000000433A2F55736572732B
S214017BB02F4572696368205374796765722E4E305B
S214017BC03030373133392F446174612F476974522D
S214017BD065706F732F4D657461436C6F636B436C97
S214017BE06F636B2F4669726D776172652F436C6F99
S214017BF0636B436F6D6D6F6E2F6D61747269782E56
S214017C006300000045786563757465642071756569
S214017C1075656420636F6D6D616E6420272573271B
S214017C20000000005374617274696E67204D6174C0
S214017C307269785175657565205461736B00000033
S214017C404D61747269785175657565006D6F746FF5
S214017C507200000073657474696E67732E696E69CD
S214017C600000000061646472000000007273343822
S214017C7035000000666C616773000000617070007B
S214017C80656E61626C6564004E6F6E2D766F6C6119
S214017C9074696C65206D656D6F727920636F6E66B1
S214017CA0696775726174696F6E20617265610D0A2C
S214017CB0000000006E766D63000000004552524FD2
S214017CC0520D0A00202052532D3438352061646449
S214017CD072000000206D61673A200000310000004C
S214017CE03000000047726F7570206F66204E564D4B
S214017CF04320636F6D6D616E64730D0A00000000B2
S214017D0053657420666C6167730D0A002020666CEB
S214017D10616773203C76616C3E0000006E766D6391
S214017D202068656C700000006E766D632073746168
S214017D30747573006E766D6320666C616773000000
S214017D406661696C65642067657474696E67205541
S214017D5049440000433A2F55736572732F45726983
S214017D606368205374796765722E4E303030373130
S214017D7033392F446174612F4769745265706F738C
S214017D802F4D657461436C6F636B436C6F636B2F30
S214017D904669726D776172652F436C6F636B436FD3
S214017DA06D6D6F6E2F706C6174666F726D2E6300F1
S214017DB04F4B0A004E4F4B0A0000000040000000E7
S214017DC020636D642000000054783A20257300007B
S214017DD0433A2F55736572732F4572696368205352
S214017DE074796765722E4E303030373133392F440F
S214017DF06174612F4769745265706F732F4D657496
S214017E0061436C6F636B436C6F636B2F4669726D76
S214017E10776172652F436C6F636B436F6D6D6F6E29
S214017E202F72733438352E630000000052532D3400
S214017E3038352073657474696E67730D0A00000027
S214017E4072730000202061646472000020206C6F51
S214017E50670000005365742052532D343835206175
S214017E606464726573730D0A00000000202061646B
S214017E706472203C616464723E00000053656E6467
S214017E802061207465787420746F207468652052B0
S214017E90532D343835206275730D0A002020736522
S214017EA06E64203C746578743E00000053656E6411
S214017EB02061207368656C6C20636F6D6D616E6404
S214017EC020746F207468652052532D343835206134
S214017ED064647265737320616E6420636865636BA6
S214017EE020726573706F6E73650D0A0020207365CE
S214017EF06E64636D64203C616464723E203C636D15
S214017F00643E00004C6F672052532D343835206292
S214017F10757320616374697669747920746F204D76
S214017F2063754C6F670D0A0020206C6F67206F6EBB
S214017F307C6F66660000000072732068656C7000D6
S214017F407273207374617475730000007273206C11
S214017F506F67200072732061646472200000000065
S214017F6072732073656E64200000000072732073C4
S214017F70656E64636D642000435243206572726FC0
S214017F80722C206D736720602573602C20637263EA
S214017F9020253032782C2065787020253032780004
S214017FA05374617274696E672052533438352054A5
S214017FB061736B0052783A202573000020636D646C
S214017FC0206C6173744572726F72000020636D6479
S214017FD02069646C65000000204F4B00204E4F4B1B
S214017FE00000000052532D34383500004661696C9C
S214017FF06564206372656174696E672052532D341F
S2140180003835207461736B004661696C6564206362
S21401801072656174696E672052532D34383520536A
S21401802074616E6461726420492F4F206D757465AA
S214018030780000005374617274696E672053686536
S2140180406C6C205461736B00433A2F5573657273E1
S2140180502F4572696368205374796765722E4E30B6
S2140180603030373133392F446174612F4769745288
S21401807065706F732F4D657461436C6F636B436CF2
S2140180806F636B2F4669726D776172652F436C6FF4
S214018090636B436F6D6D6F6E2F7368656C6C2E63CB
S2140180A0000000005368656C6C0000004661696C56
S2140180B06564206372656174696E67205368656CD8
S2140180C06C207461736B2E00706F733A00000000B1
S2140180D02C2064656C61793A000000002C20237125
S2140180E04974656D3A0000005374657070657220BE
S2140180F073657474696E67730D0A00007374657036
S2140181007065720048572074696D65722C20706521
S21401811072696F6420287573293A200020207469DB
S2140181206D6572003336302064656772656520734D
S214018130746570733A2000002C2066756C6C207292
S2140181406F756E6420286D73293A200020207374A1
S2140181506570730047726F7570206F662073746563
S2140181607070657220636F6D6D616E64730D0A00C9
S214018170456E61626C65206F722064697361626C22
S21401818065206120737465707065720D0A000000C9
S2140181902020656E61626C65203C78797A3E207994
S2140181A07C6E0000737465707065722068656C7013
S2140181B000000000737465707065722073746174DA
S2140181C0757300007374657070657220656E616208
S2140181D06C652000585F01006C5F0100805F010044
S2140181E0985F0100AC5F0100C05F0100CC5F010039
S2140181F0CC5F01000100000000000000000000004C
S2140182000000000000000000000000000000000068
S214018210000000000000000000000000586301009C
S214018220606301006863010070630100F85F01008C
S2140182307863010080630100886301009063010098
S21401824098630100A0630100A8630100C50D010049
S214018250D9360000D9360000AD0D0100D007010166
S214018260001F1C1F1E1F1E1F1F1E1F1E1FFFFFFF9E
S21401827019450000C5440000C544000051450000F2
S21401828000000000000000000000000000000000E8
S21401829000000000000000000000000000000000D8
S2140182A000000000000000000000000000000000C8
S2140182B000000000000000000000000000000000B8
S2140182C000000000000000000000000000000000A8
S2140182D00000000000000000000000000000000098
S2140182E00000000000000000000000000000000088
S2140182F00000000000000000000000000000000078
S2140183000000000000000000000000000000000067
S2140183100000000000000000000000000000000057
S21401832000000000286E756C6C2900FF547275659C
S21401833000FFFFFF46616C736500FFFF303132338B
S21401834034353637383961626364656600FFFFFF8E
S21401835006000006000100001000030600060210D9
S21401836004454545450505050535300050600000C6
S21401837000202838505000000030303050500000A7
S21401838008202028202020000860606060606000CF
S21401839000707878787078000708000007002808D1
S2140183A00800000800080000080007FF050000009C
S2140183B001020B00000500041830343C400406009E
S2140183C001000000000000000000000000000000A6
S2140183D00000000000010000000000000000000096
S2140183E00000000000000000000000000000000087
S2140183F0000000000000000000E0FF1F0020000059
S214018400680C0020840F000000000000000000003F
S214018410D155010055D9000055D90000EB55010092
S214018420D1550100BB550100BB550100EB550100BC
S214018430B9D9000075D9000075D90000F9D9000036
S2140184406137000021360000AD1E0000A9F00000D3
S214018450C9D70000BD5E0000AD6B0000F52100002D
S214018460A1E000009D4A000039BF000005A30000FE
S214018470C52B0000054F0100000000004C820100E2
S2140184801C02002040000000000000000000000068
S21401849005FF0000000000000000000000000000D2
S2140184A000000000000000000000000000000000C6
S2140184B000000000000000000000000000000000B6
S2140184C000000000000000000000000000000000A6
S2140184D00000000000000000000000000000000096
S2140184E00000000000000000000000000000000086
S2140184F00000000000000000000000000000000076
S2140185000000000000000000000000000000000065
S21401851000004040404040404040404141414141D0
S2140185204040404040404040404040404040404045
S2140185304040050202020202020202020202020296
S21401854002022020202020202020202002020202D9
S214018550020202909090909090101010101010103F
S214018560101010101010101010101010100202022F
S2140185700202028888888888880808080808080887
S2140185800808080808080808080808080802020277
S2140185900240000000000000000000000000000093
S2140185A000000000000000000000000000000000C5
S2140185B000000000000000000000000000000000B5
S2140185C000000000000000000000000000000000A5
S2140185D00000000000000000000000000000000095
S2140185E00000000000000000000000000000000085
S2140185F00000000000000000000000000000000075
S2140186000000000000000000000000000000000064
S2080186100000FFFF62
S2140186140080000000093D0000004001AAAAAAAAA1
S214018624FF000000360000001700000001000000F3
S214018634858ED766098CD3D5F5D8090AFB871FBF63
S21401864467F78DCB6907F7BD34123D50C8844F7F59
S214018654A302DE61AE8D40A7E8BD247AEAA21551D5
S214018664572EE6BBFF7FD5F67A832A63771D8613DA
S2140186747C2E9FE105575F692E6B93876E9AA150F6
S214018684940E8B72AE55CCC5B18A0AB1D7726F857A
S214018694175C22D0A3FDC4516198ED899F82DBF15A
S2140186A49DC5FBBC89C1EE8359B15963305C50CC7E
S2140186B4C95ABC9CF930E22F425EF639D27B157555
S2140186C4FB58C1403E9AEB27D9A282C5C2D669059A
S2140186D4B3308EEDD2DD831041A41D1F15E2605622
S2140186E4C52FF30499EF8EE10832594A4CED7B5BB2
S2140186F440FC0281D9415351FA3DFFACB56C096D7A
S2100187041DCCB32BFF153D250A10FFFF0E
S80400016D8D
