:10000000002000206D0100006D0200009BE7000051
:100010007D020000850200008D020000000000004B
:10002000000000000000000000000000F96B00006C
:100030009D02000000000000196C0000AD020000ED
:1000400045D4000051D400005DD4000069D4000004
:1000500075D4000081D400008DD4000099D4000034
:10006000A5D40000B1D40000BDD40000C9D4000064
:10007000D5D40000E1D40000EDD40000F9D4000094
:1000800005D5000011D500001DD5000029D50000C0
:1000900035D5000041D500004DD5000059D50000F0
:1000A00065D5000071D500007DD5000089D5000020
:1000B00095D50000A1D50000ADD50000B9D5000050
:1000C000C5D50000E5380000D1D50000DDD5000021
:1000D000E9D50000F5D5000001D600000DD60000DE
:1000E00019D6000025D60000D18D000031D60000C1
:1000F0003DD6000049D6000055D6000061D600006C
:1001000025CC00006DD6000079D6000085D6000011
:1001100091D600009DD60000A9D60000B5D60000FB
:10012000C1D60000CDD600005D6B0000D9D600001E
:10013000E5D60000F1D60000FDD6000009D700008A
:1001400015D70000C853010000000020180000006F
:10015000C853010000E0FF1F00000000180000204D
:10016000A40C000000E0FF1F0000000080B584B078
:1001700000AF72B601F0D8FB194BFB6013E0FB68CF
:100180001A1DFA601B683B60FB681A1DFA601B6849
:10019000BB60FB681A1DFA601B687B607A68B968EF
:1001A000386800F023F8FB680E4A9342E7D30DE06D
:1001B000FB681A1DFA601B68BB60FB681A1DFA60B9
:1001C0001B687B607968B86800F033F8FB68064A02
:1001D0009342EDD362B612F0C2FF00BFFDE700BF4D
:1001E000440100005C0100006C01000080B489B093
:1001F00000AFF860B9607A60BB68FB61FB68BB6107
:1002000000237B610AE0BA69131DBB61FB69191DFC
:10021000F96112681A607B6904337B617A697B68D3
:100220009A42F0D300BF00BF2437BD465DF8047B7F
:10023000704780B485B000AF786039607B68FB6040
:100240000023BB6007E0FB681A1DFA6000221A60F9
:10025000BB680433BB60BA683B689A42F3D300BF03
:1002600000BF1437BD465DF8047B704780B400AF13
:1002700000BFFDE780B400AF00BFFDE780B400AF72
:1002800000BFFDE780B400AF00BFFDE780B400AF62
:1002900000BFFDE780B400AF00BFFDE780B400AF52
:1002A00000BFFDE780B400AF00BFFDE780B400AF42
:1002B00000BFFDE780B400AF00BFFDE7FFFFFFFF19
:1002C000FFFFFFFFFFFFFFFFFFFFFFFFFFFFFFFF3E
:1002D000FFFFFFFFFFFFFFFFFFFFFFFFFFFFFFFF2E
:1002E000FFFFFFFFFFFFFFFFFFFFFFFFFFFFFFFF1E
:1002F000FFFFFFFFFFFFFFFFFFFFFFFFFFFFFFFF0E
:10030000FFFFFFFFFFFFFFFFFFFFFFFFFFFFFFFFFD
:10031000FFFFFFFFFFFFFFFFFFFFFFFFFFFFFFFFED
:10032000FFFFFFFFFFFFFFFFFFFFFFFFFFFFFFFFDD
:10033000FFFFFFFFFFFFFFFFFFFFFFFFFFFFFFFFCD
:10034000FFFFFFFFFFFFFFFFFFFFFFFFFFFFFFFFBD
:10035000FFFFFFFFFFFFFFFFFFFFFFFFFFFFFFFFAD
:10036000FFFFFFFFFFFFFFFFFFFFFFFFFFFFFFFF9D
:10037000FFFFFFFFFFFFFFFFFFFFFFFFFFFFFFFF8D
:10038000FFFFFFFFFFFFFFFFFFFFFFFFFFFFFFFF7D
:10039000FFFFFFFFFFFFFFFFFFFFFFFFFFFFFFFF6D
:1003A000FFFFFFFFFFFFFFFFFFFFFFFFFFFFFFFF5D
:1003B000FFFFFFFFFFFFFFFFFFFFFFFFFFFFFFFF4D
:1003C000FFFFFFFFFFFFFFFFFFFFFFFFFFFFFFFF3D
:1003D000FFFFFFFFFFFFFFFFFFFFFFFFFFFFFFFF2D
:1003E000FFFFFFFFFFFFFFFFFFFFFFFFFFFFFFFF1D
:1003F000FFFFFFFFFFFFFFFFFFFFFFFFFFFFFFFF0D
:10040000FFFFFFFFFFFFFFFFFFFFFFFFFEFFFFFFFD
:1004100080B483B000AF7860084B1B6823F440229F
:100420007B689B0403F44023044913430B6000BF23
:100430000C37BD465DF8047B704700BF0070044078
:1004400080B483B000AF78600A4B03F580535B68DB
:1004500023F440327B681B0403F440330549134303
:1004600001F58052536000BF0C37BD465DF8047B38
:10047000704700BF0070044080B483B000AF114BE0
:100480001B7BDBB203F00303022B0ED0022B0FD831
:10049000002B02D0012B04D00AE00B4B1B687B60C1
:1004A00009E00A4B1B687B6005E0094B7B6002E0BA
:1004B00000237B6000BF7B6818460C37BD465DF8A3
:1004C000047B704700400640180000201C000020FC
:1004D000006CDC0280B582B000AFFFF7CDFF786022
:1004E0007B68002B01D17B6846E0254B1B78DBB293
:1004F000DB08DBB203F00703FB70FB787A6822FAB3
:1005000003F37B601E4B5B78DBB21B09DBB203F0AD
:100510000303BB701A4B1B7BDBB203F003037B703E
:10052000BB78002B02D07B78002B02D07B78022B8B
:1005300021D1FB78072B14D0072B19DC052B02DC0B
:10054000002B03DA14E0062B04D011E07B685B0972
:100550007B6010E07B680B4AA2FB03231B097B60D6
:1005600009E07B68084AA2FB0323DB087B6002E00A
:1005700000237B6000BF7B6818460837BD4680BDFE
:1005800000400640CDCCCCCCABAAAAAA80B400AF28
:100590000C4B9B79DBB203F00103002B02D10A4B19
:1005A0001B6809E0094B1A68064B1B7ADBB25B0833
:1005B00003F0070322FA03F31846BD465DF8047BF7
:1005C000704700BF004006400000002004000020EB
:1005D00080B500AF074B9B79DBB203F01003002B13
:1005E00003D1FFF777FF034601E0034B1B68184672
:1005F00080BD00BF004006400000002080B400AF76
:10060000074B1B78DBB25BB2002B02DA054B1B6891
:1006100000E000231846BD465DF8047B704700BF2C
:10062000005006401800002080B483B000AF0D4B8E
:100630001B78DBB25BB2002B0CDA0A4B9B78DBB287
:1006400023F03F03FB71084B1B68FA799209D2B281
:10065000D34000E0002318460C37BD465DF8047B0C
:10066000704700BF005006401800002080B582B0DF
:1006700000AF114B1B689B0C03F00303002B02D04F
:10068000032B0CD00FE0FFF7B9FF0346B3F5004F83
:1006900002D14FF4004300E000237B6006E04FF4FA
:1006A0007A737B6002E000237B6000BF7B681846A2
:1006B0000837BD4680BD00BF0070044080B582B0E1
:1006C00000AF0D4B03F580535B681B0C03F0030375
:1006D000002B02D0032B04D006E000F0E9F878608C
:1006E00005E0064B7B6002E000237B6000BF7B6877
:1006F00018460837BD4680BD00700440006CDC021F
:1007000080B584B000AF0346FB71FB79132B7BD817
:1007100001A252F823F000BF69070000690700003A
:100720008707000009080000A5070000090800006D
:10073000C3070000CB070000010800000908000003
:10074000F9070000D3070000DB070000E307000003
:100750000908000009080000090800000908000055
:10076000EB070000F107000000F074F802462A4B86
:1007700003F580535B6C1B0F03F00F030133B2FBD7
:10078000F3F3FB6043E000F065F80246224B03F50B
:1007900080535B6C1B0E03F00F030133B2FBF3F3CA
:1007A000FB6034E000F056F802461B4B03F5805323
:1007B0005B6C1B0C03F00F030133B2FBF3F3FB6024
:1007C00025E0FFF77BFFF86021E0FFF74FFFF860BF
:1007D0001DE00CF0B2FFF86019E000F0A1F8F8603D
:1007E00015E000F065F8F86011E00C4BFB600EE0DE
:1007F0004FF47A73FB600AE0FFF700FFF86006E051
:10080000FFF712FFF86002E00023FB6000BFFB6807
:1008100018461037BD4680BD00700440006CDC02F5
:1008200080B582B000AF7860094A7B685B6802F5EA
:10083000805253647B681B781846FFF701FE7B6883
:100840005B781846FFF7E4FD00BF0837BD4680BD62
:100850000070044080B582B000AF144B9B79DBB2CE
:100860009B0803F003033B603B68022B11D03B68FD
:10087000022B12D83B68002B03D03B68012B04D01D
:100880000BE000F015F878600AE0FFF77FFE786073
:1008900006E0FFF7F1FD786002E000237B6000BF17
:1008A0007B6818460837BD4680BD00BF0040064043
:1008B00080B582B000AF184B5B78DBB203F0020367
:1008C000002B01D0002322E0FFF782FE78607B68D6
:1008D000002B01D17B681AE00F4BDB78DBB25B09A0
:1008E000DBB203F00303FB700B4BDB78DBB2DB09FD
:1008F000DBB203F00103BB70FA78BB780749520002
:10090000134431F813301A467B6802FB03F3184690
:100910000837BD4680BD00BF00400640F8340100E6
:1009200080B500AF064B1B78DBB203F00203002B4F
:1009300001D1002302E0FFF729FE0346184680BDDF
:100940000040064080B485B000AF0346FB710B4603
:10095000BB7113467B713B4B9B79DBB29B0803F069
:100960000303FB60374B9B79DBB203F00103FB729F
:10097000344B1B7ADBB25B08DBB203F00703BB72BC
:100980007A79BB7A9A422CD02E4B1B78DBB203F0DB
:100990000203002B02D1FB68012B12D1FB7A012B41
:1009A0000FD1284B5B78DBB2264A23F00103DBB280
:1009B000537000BF234B9B79DBB203F00103002B84
:1009C000F8D1204B1B7ADBB223F02F03DAB27B790C
:1009D0005B00DBB203F00E03DBB21A491343DBB258
:1009E0000B72184B5B78DBB223F00103DAB2BB79F0
:1009F00003F00103DBB213491343DBB24B70114B1D
:100A00001B78DBB223F00303DAB20E49FB79134300
:100A1000DBB20B70FB68012B04D0FB7903F00203FF
:100A2000002B08D000BF074B9B79DBB203F001021B
:100A3000BB799A42F7D1002318461437BD465DF8BA
:100A4000047B70470040064080B584B000AF034689
:100A50003A60FB710B46BB710023FB73284BDB78BC
:100A6000BB73274B9B79DBB203F01003002B09D13A
:100A70000123FB73224BDB78DBB2214A83F0200396
:100A8000DBB2D3701E4B1B78DBB203F03B03DBB24F
:100A90001B4A43F00403DBB2137000BF184B9B7971
:100AA000DBB203F01003102BF8D1FB7B002B02D03C
:100AB000134ABB7BD370BB7B03F01F03DAB2FB7915
:100AC000DB01D9B2BB795B01DBB203F06003DBB2BF
:100AD0000B43DBB20A491343DBB2CB7000BF084BB8
:100AE0009B79DBB203F00C03002BF8D13B68002BA1
:100AF00001D03B689847002318461037BD4680BD9B
:100B00000040064080B485B000AF78600023FB60F1
:100B100006E0094A7B68934206D0FB680133FB601C
:100B2000FB68002BF5D000E000BFFB6818461437C7
:100B3000BD465DF8047B70470010024080B582B06E
:100B400000AF78607868FFF7DDFF044B18460CF0C3
:100B50001EFE00BF0837BD4680BD00BF01003C102F
:100B600080B500AF044B1B6818460CF02AFEBFF39B
:100B70004F8F00BF00BF80BD2000002080B500AFB8
:100B8000044B5B6818460CF01CFEBFF34F8F00BF90
:100B900000BF80BD2000002080B500AF044B9B68E3
:100BA00018460CF00EFEBFF34F8F00BF00BF80BD94
:100BB0002000002080B500AF044BDB6818460CF025
:100BC00000FEBFF34F8F00BF00BF80BD200000209C
:100BD00080B584B000AF78607B68002B01D104231E
:100BE0001EE07B6800229A647B680022DA637B68DF
:100BF00000221A647B689B6C002B02D10A4A7B6836
:100C00009A647B689B6C184600F04EF978680CF08B
:100C10007FFEF860FB68002B01D0FB6800E000233A
:100C200018461037BD4680BD3000002080B58AB020
:100C300000AFF860B9607A603B60FB6893F83430CD
:100C40007A68B968F8680CF099FE38623B6A002B44
:100C500001D03B6A43E0386800F06CF938623B6AC7
:100C6000002B01D03B6A3AE0FB681B6BFB61FB6821
:100C70001B69BB61FA697B681344013B7B627B6A39
:100C8000BA69B3FBF2F2B96901FB02F29B1A002BBD
:100C90001ED07A6ABB69B2FBF3F301337B617B69D7
:100CA000BA6902FB03F3013B7B6211E0FB6923F0AD
:100CB0007F430D4A43F010631360F86800F004F9B5
:100CC00038623B6A002B08D1FA69BB691344FB61A7
:100CD000FA697B6A9A42E9D900E000BF3B6A18468C
:100CE0002837BD4680BD00BF0400024090B589B0E2
:100CF00000AFF860B9607A603B60FB6893F8393008
:100D0000FB747B68002B01D1042353E0FB7C3A6821
:100D1000B968F8680CF032FEF861FB69002B01D06D
:100D2000FB6947E0FB681B6BBB613B687B613BE099
:100D3000224B1C1D78680CF059FE034623607B682B
:100D400004337B60FB7C042B07D1BB6923F07F431A
:100D50001A4A43F0C063136017E0FB7C082B12D1E2
:100D6000164B03F1080478680CF040FE034623603C
:100D70007B6804337B60BB6923F07F430F4A43F0F9
:100D8000E063136001E0042314E0F86800F09CF8CD
:100D9000F861FB69002B0BD1FB7CBA691344BB6182
:100DA000FB7C7A69D31A7B617B69002BC0D100E0A0
:100DB00000BFFB6918462437BD4690BD04000240C1
:100DC00080B58CB000AFF860B9607A60FB70FB68EA
:100DD00093F83530FB77FB7F7A68B968F8680CF0D8
:100DE000CDFDB861BB69002B01D0BB6955E0FB6844
:100DF0001B6B7B62FB68DA68FB685B69B2FBF3F331
:100E00007B617A6A7B6913445A1E7B695B4213409B
:100E1000FB62FA6A7B6A9A4203D1FA6A7B691344DD
:100E2000FB627B68BB6234E0FA6A7B6AD31A3B627E
:100E30003A6ABB6A9A4201D9BB6A3B62FB7F3A6A53
:100E4000B2FBF3F33B617B6A23F07F43154A43F027
:100E5000807313603B691A04FB781B021A43114B21
:100E6000043342F0FF021A60F86800F02DF8B86110
:100E7000BB69002B01D0BB690FE0BA6A3B6AD31A89
:100E8000BB627A6A3B6A13447B62FA6A7B691344E9
:100E9000FB62BB6A002BC7D1002318463037BD4622
:100EA00080BD00BF0400024080B582B000AF786012
:100EB0000C220449786812F04EF900BF0837BD468D
:100EC00080BD00BF0835010080B584B000AF7860F8
:100ED000174B70221A707B689B6C5A1C7B689A6453
:100EE0007B689B6CFB60FB68114898477B689B6C38
:100EF0005A1E7B689A640E4B1B78FB72FB7A03F0D8
:100F00002003002B01D067230EE0FB7A03F01003CF
:100F1000002B01D0682307E0FB7A03F00103002BCC
:100F200001D0692300E0002318461037BD4680BD7C
:100F30000000024080B483B000AF78607B68064A4E
:100F4000934201D06B2300E0002318460C37BD46C6
:100F50005DF8047B704700BF6B66656B90B597B01A
:100F600000AF78607B68002B01D10423C8E1002327
:100F700087F85730BEE197F857307A68642101FB53
:100F800003F3134400221A7097F857307A686421EB
:100F900001FB03F31344013397F857201A7097F8B5
:100FA0005730642202FB03F37A68134418460CF0AE
:100FB000EDFDB864BB6C002B01D0BB6CA0E100233D
:100FC0007B644FF400333B640123FB634FF4006305
:100FD000BB6320237B6304233B630823FB6208235A
:100FE000BB624FF070637B6218233B628D4B93F8BA
:100FF0002830DBB2FB618B4B93F82B30DBB2BB614B
:1010000097F857307A68642101FB03F313440833DF
:101010007A6C1A6097F857307A68642101FB03F301
:1010200013441433FA6B1A6097F857307A686421C6
:1010300001FB03F313441033BA6B1A6097F857306F
:101040007A68642101FB03F313441B79C3F30003A3
:10105000DBB2002B1DD097F857307A68642101FB72
:1010600003F313441B79C3F34003DBB2002B10D00E
:1010700097F857403B6A7A6A396CF86B00F0E4F9EC
:1010800001467A68642304FB03F313440C331960AC
:101090000CE097F85730FA6B396C01FB02F2796873
:1010A000642000FB03F30B440C331A6097F85730AD
:1010B0007A68642101FB03F313441B79C3F3001323
:1010C000DBB2002B40D097F85730642202FB03F3C9
:1010D00018337A6813447B6197F857307A68642133
:1010E00001FB03F313441B79C3F34013DBB2002B62
:1010F00014D097F857307A68642101FB03F3134446
:1011000008331A687B691A604FF48072FB699A4051
:101110007B695A607B69BA699A6015E07B689A6856
:101120007B691A603F4B93F82830DBB21A464FF4C4
:10113000807303FA02F27B695A603A4B93F82B30C2
:10114000DBB21A467B699A6097F857307A68642157
:1011500001FB03F313441B79C3F38003DBB2002BC1
:1011600071D097F85730642202FB03F320337A687A
:10117000134404333B6197F857307A68642101FBCC
:1011800003F313441B79C3F3C003DBB2002B20D05D
:1011900097F857307A68642101FB03F3134408334E
:1011A0001A683B691A603B697A6B9A6097F8573006
:1011B0007A68642101FB03F313440C331A683B691A
:1011C0009B68194610460CF015FD02463B695A60B3
:1011D00039E00023FB647B689A683B691A603B69CD
:1011E00020229A6000233B650EE097F857307A681A
:1011F000642101FB03F313440C331B68FA6C1344A2
:10120000FB643B6D01333B653B6D002BEDD03B69CF
:101210009B681946F86C0CF0EDFCF86000233B6508
:101220000EE000BF000002407A683B6D642101FBC4
:1012300003F313442833FA681A603B6D01333B65AE
:101240003B6D002BF0D097F857303A6BD0B27A68EC
:10125000642101FB03F31344393302461A7097F8F3
:101260005730FA6AD0B27A68642101FB03F3134461
:10127000343302461A7097F85730BA6AD0B27A6897
:10128000642101FB03F31344353302461A7097F8C7
:1012900057307A68642101FB03F313443633042288
:1012A0001A7097F857307A68642101FB03F31344EE
:1012B000373304221A7097F857307A68642101FB9B
:1012C00003F31344383300221A7097F8573064221E
:1012D00002FB03F37A6813441846FFF779FCB864FD
:1012E000BB6C002B01D0BB6C0AE097F85730013380
:1012F00087F8573097F85730002B3FF43CAE002367
:1013000018465C37BD4690BD80B487B000AFF8602A
:101310000B467A60FB72FB68002B02D07B68002BC7
:1013200001D104238AE000237B61FB7A212B00F2A8
:10133000818001A252F823F0C1130000CB130000FA
:10134000D5130000E7130000F1130000FB130000A9
:101350000D140000171400003514000035140000AF
:101360003514000035140000351400003514000059
:101370003514000035140000351400003514000049
:101380003514000035140000351400003514000039
:101390003514000035140000351400003514000029
:1013A0003514000035140000351400003514000019
:1013B0003514000035140000211400002B14000027
:1013C000FB681A697B681A6037E0FB68DA687B683B
:1013D0001A6032E0FB68DA68FB685B69B2FBF3F223
:1013E0007B681A6029E0FB685A697B681A6024E010
:1013F000FB689A687B681A601FE0FB681B79C3F37F
:101400000013DBB21A467B681A6016E0FB68DA69E3
:101410007B681A6011E0FB681A6A7B681A600CE04E
:10142000FB68DA6B7B681A6007E0FB681A6C7B6804
:101430001A6002E06A237B6100BF7B6918461C3793
:10144000BD465DF8047B704780B487B000AFF8609C
:10145000B9607A603B60104B03F58053DA6C7B68AF
:101460001A403B6822FA03F3FB74FB7C0F2B05D177
:10147000FB68BA6802FB03F37B6105E0FB7C074A6B
:1014800032F813309B027B617B6918461C37BD46DE
:101490005DF8047B704700BF007004401435010004
:1014A00080B485B000AF78600023FB6006E0094A95
:1014B0007B68934206D0FB680133FB60FB68002B1E
:1014C000F5D000E000BFFB6818461437BD465DF854
:1014D000047B70470000044080B584B000AF7860A2
:1014E00039607868FFF7DCFFF860194B18460CF09C
:1014F00053FC3B681B785B0003F002023B68DB781F
:101500009B0003F004031A433B689B78DB0003F065
:1015100008031A433B685B781B0103F030031A434E
:101520007B681A603B689B79DB0003F078023B68BC
:101530001B799B0003F004031A433B685B7903F0BB
:1015400003031A437B685A6000BF1037BD4680BD55
:101550000000381080B485B000AF78600023FB60D5
:1015600006E0094A7B68934206D0FB680133FB60C2
:10157000FB68002BF5D000E000BFFB68184614376D
:10158000BD465DF8047B70470070034080B584B0B1
:1015900000AF786039607868FFF7DCFF1B4B1846B6
:1015A0000CF036FC7B681B6823F002027B681A6033
:1015B0000023FB7312E0FB7B7A681B01134403F5E5
:1015C00084731A68FB7B22F0010279681B010B44CB
:1015D00003F584731A60FB7B0133FB73FB7B032BE6
:1015E000E9D93B681B78002B06D07B681B6823F089
:1015F00001027B681A6005E07B681B6843F001020A
:101600007B681A6000BF1037BD4680BD17003C10D4
:1016100080B483B000AF78600E4B03F580535A6DF1
:101620007B681A600B4B03F580539A6D7B685A6098
:10163000084B03F58053DA6D7B689A60054B03F520
:1016400080531A6E7B68DA6000BF0C37BD465DF8C8
:10165000047B70470070044080B485B000AF7860B0
:101660000223BB600023FB6009E00B4AFB6852F8D1
:1016700023307A689A4207D0FB680133FB60FA682E
:10168000BB689A42F1D300E000BFFB6818461437EC
:10169000BD465DF8047B70473435010080B58AB0E3
:1016A00000AFF860B9607A6000237B62002387F89E
:1016B00023300023FB61BB681B681B017A68B2FB07
:1016C000F3F37B627B6A002B01D101237B62002351
:1016D000BB617B685A00BB681B68B2FBF3F27B6A94
:1016E0005B01D31A7B617B685A007B6A59017B6975
:1016F0000B44B2FBF3F3BB61BB681B68BA699A4247
:1017000004D9BB681B68BA69D31A03E0BB681A68BE
:10171000BB69D31AFB61BB681B685B4AA2FB03234E
:101720005A0913465B001344FA699A4202D940F2FF
:10173000F533A5E0F868FFF78FFF0346534A52F8E8
:10174000233018460CF0B0FBFB68DB78DBB223F0EB
:101750000C03DAB2FB68DA70FB681B78DBB25BB2B1
:1017600023F01F035AB27B6A1B0A5BB213435BB2BE
:10177000DAB2FB681A707B6ADAB2FB685A70FB68EF
:101780009B7ADBB223F01F03DAB27B69DBB203F092
:101790001F03DBB21343DAB2FB689A72FB689B78D3
:1017A000DBB223F0170387F82330BB685B7A9B001A
:1017B000DBB203F00403DAB297F82330134387F85F
:1017C0002330BB681B79002B09D0BB681A7997F8C6
:1017D00023301343DBB243F0100387F82330FB6858
:1017E00097F823209A70BB685A79FB68DA74BB6853
:1017F0009A79FB685A75FB681B7CDBB263F0770350
:10180000DAB2FB681A74FB685B7CDBB263F03F03FF
:10181000DAB2FB685A74BB68DB79002B07D0FB682F
:101820005B7BDBB243F00803DAB2FB685A73BB6838
:101830001B7A002B07D0FB685B7BDBB243F0010314
:10184000DAB2FB685A73FB68DB7887F82330BB6831
:101850009B7A002B05D097F8233043F0080387F8D4
:101860002330BB68DB7A002B05D097F8233043F098
:10187000040387F82330FB6897F82320DA700023ED
:1018800018462837BD4680BD1F85EB513C35010009
:1018900080B483B000AF786039603A68174B13406A
:1018A0003B607B681B78DAB23B68DBB21343DAB289
:1018B0007B681A707B68DB78DAB23B681B0ADBB2A4
:1018C0001343DAB27B68DA707B689B79DAB23B68E3
:1018D0001B0CDBB21343DAB27B689A717B685B7CCA
:1018E000DAB23B681B0EDBB21343DAB27B685A7480
:1018F00000BF0C37BD465DF8047B7047C0F00F0792
:1019000080B500AF054B1B68054A126811460548B3
:101910009847BFF34F8F00BF00BF80BD7800002005
:101920007000002000A0064080B500AF0B4BD3F83C
:1019300088300A4A43F47003C2F88830084B4CF2EE
:101940002052DA81064B4DF62812DA81044B4FF40F
:10195000E9721A800CF0DBFB00BF80BD00ED00E0F7
:101960000020054080B400AF054B03F580531A46B4
:10197000044B536400BFBD465DF8047B704700BF55
:10198000007004400000071180B500AFAA21114883
:101990000CF0C4FB0F480CF06CFA00BF0D480CF0C3
:1019A000CCFB0346802BF9D1FFF7DCFF0123032199
:1019B000094A18460BF0D8FE0223012100221846DE
:1019C000FEF7C0FF0548FEF72BFF054B054A1A60DE
:1019D00000BF80BD00E0074055E100004435010034
:1019E000080000200080B80580B590B000AFB7486F
:1019F0000CF0D7FBB6480CF0D4FBB6480CF0D1FB8A
:101A0000B5480CF0CEFBB5480CF0CBFB002387F8B3
:101A10003C30002387F83D3007F13C031A46012192
:101A2000AF480CF08EF9002387F83830002387F890
:101A3000393007F138031A460221A9480CF081F920
:101A4000A84B1B88BB8607F134031A461221A44811
:101A50000CF077F9012387F83030002387F8313014
:101A600007F130031A4613219D480CF06AF901234F
:101A700087F82C30002387F82D3007F12C031A4605
:101A8000002199480CF05DF9012387F828300023E4
:101A900087F8293007F128031A46012192480CF0F3
:101AA00050F9012387F82430002387F8253007F107
:101AB00024031A4605218D480CF043F9012387F8C9
:101AC0002030002387F8213007F120031A46062131
:101AD00086480CF036F901233B7700237B7707F12A
:101AE0001C031A46042182480CF02BF901233B7693
:101AF00000237B7607F118031A4605217C480CF079
:101B000020F900233B7500237B7507F114031A4667
:101B1000062177480CF015F900233B7400237B74F1
:101B200007F110031A46072171480CF00AF9012346
:101B30003B7300237B7307F10C031A4610216D4899
:101B40000CF0FFF801233B7200237B7207F10803BE
:101B50001A46112167480CF0F4F801233B71002369
:101B60007B713B1D1A46122162480CF0EAF80123F2
:101B70003B7000237B703B461A4613215D480CF0F6
:101B8000E0F8012201215C480CF025FB0122122122
:101B900059480CF020FB0122132157480CF01BFB85
:101BA0000122022154480CF016FB01220021534867
:101BB0000CF011FB0122012150480CF00CFB032218
:101BC00001214F480CF007FB4D4B5B6823F08073FD
:101BD00023F003034A4A43F0030353600122022126
:101BE00047480CF0F8FA0322032145480CF0F3FAB9
:101BF000434BDB6823F0807323F00303404A43F038
:101C00000303D360032204213D480CF0E4FA3C4B6B
:101C10001B6923F0807323F00303394A43F0030365
:101C200013610122052136480CF0D5FA0122062164
:101C300033480CF0D0FA0122042132480CF0CBFAE0
:101C4000012205212F480CF0C6FA012206212D4859
:101C50000CF0C1FA2B4B9B6923F0807323F0030334
:101C6000284A43F0030393610122072125480CF021
:101C7000B2FA244BDB6923F0807323F00303214A7B
:101C800043F00303D361012210211F480CF0A3FA93
:101C9000012211211C480CF09EFA012212211A483F
:101CA0000CF099FA0122132117480CF094FA174B03
:101CB00003F580531B69154A23F0300302F5805267
:101CC000136100BF4037BD4680BD00BF090038101A
:101CD0000A0038100B0038100C0038100D003810B6
:101CE00000F00F404C35010040F00F4080F00F40F5
:101CF000C0F00F4000F10F400090044000A00440ED
:101D000000B0044000C0044000D004400070044013
:101D100080B59CB000AF78607B685B681A46244948
:101D200024480DF042F807F10C0318460CF076FA3F
:101D3000034687F86F3097F86F30002B0AD107F110
:101D40001C0107F10C035322184600F073F80346F8
:101D500087F86F3097F86F30002B06D007F11C031F
:101D6000154A532118460DF065F87B685A6807F14B
:101D70001C03194611480DF018F87B685B6819467A
:101D80000F480CF0C9FD00F0E1F801467B685B6884
:101D90001A460C480DF009F87B685B68194608483C
:101DA0000CF0BAFD002318467037BD4680BD00BF59
:101DB000D0350100E4350100F0350100F8350100AF
:101DC000F84601000036010080B582B000AF7860AF
:101DD0007B685B681A460B490B480CF0D4FF7B68A4
:101DE0005B681A4609490A480CF0CDFF7B685B68BE
:101DF0001A46084908480CF0C6FF00231846083761
:101E0000BD4680BD0C360100E43501002C360100D2
:101E100050360100603601007C36010080B400AF0E
:101E2000024B034ADA6000BFFDE700BF00ED00E0AF
:101E30000400FA0580B586B000AFF860B9607A603A
:101E4000164A7968B8680CF0F5FF00237B6118E04A
:101E5000134A7968B8680DF012F8FA687B69134480
:101E60001B781A467968B8680DF0AEF97B690E2BBD
:101E700004D80C4A7968B8680DF001F87B69013321
:101E80007B617B690F2BE3D9074A7968B8680CF04E
:101E9000F6FF002318461837BD4680BD8436010082
:101EA00038420100883601008C36010080B586B0CA
:101EB00000AFF860B9607A600023FB751E49F868CE
:101EC00011F05BF90346002B06D01C49F86811F0AD
:101ED00054F90346002B07D1BB6801221A707868B9
:101EE000FFF772FF034623E01549F86811F045F942
:101EF0000346002B06D01349F86811F03EF903465B
:101F0000002B08D1BB6801221A707868FFF700FF28
:101F10000346FB750BE00C49F86811F02EF90346F7
:101F2000002B04D1BB6801221A70FFF777FFFB7DFD
:101F300018461837BD4680BDDC3A010090360100D6
:101F4000EC3A0100A4360100B836010080B483B039
:101F500000AF0D4B03F580535B6A1B0903F00303CD
:101F60007B607B68002B07DB7B68082B04DC074A5F
:101F70007B6852F8233000E0054B18460C37BD460D
:101F80005DF8047B704700BF0070044058500100AA
:101F9000CC36010080B483B000AF786039607B68D4
:101FA000054A1360044A3B68536000BF0C37BD46C6
:101FB0005DF8047B704700BF7C00002080B588B0CE
:101FC00000AFF860B9607A600023FB777968F86841
:101FD00000F038F80346002B01D01B2329E01748F6
:101FE0000BF030FFB861BB69002B01D01B2320E050
:101FF000012002F09DFA0CF04FF97861F9687B68D6
:10200000BA680F480BF056FDB861BB69002B02D0CF
:102010001B23FB7700E000BF78690CF04EF90748FE
:102020000BF027FFB861BB69002B01D01B23FB77A6
:10203000FB7F18462037BD4680BD00BF00E007404B
:102040008400002080B586B000AF7860396000233E
:10205000BB600023FB75396878680CF04AF90346C9
:10206000002B01D000234CE028480BF0EBFE386138
:102070003B69002B01D01B2343E0012002F058FAFA
:1020800007F108031A4600212148FFF73DF938619E
:102090003B69002B01D01B2333E0BB68B3F5006F15
:1020A00001D01B232DE00CF0F7F8F8607968194B8C
:1020B0003A6817480BF0C8FC38613B69002B05D023
:1020C0001B23FB75F8680CF0F8F810E0F8680CF0CA
:1020D000F4F8796801233A680D480BF021FD386166
:1020E0003B69002B02D01B23FB7500E000BF0748B3
:1020F0000BF0BFFE38613B69002B01D01B23FB7541
:10210000FB7D18461837BD4680BD00BF00E0074084
:10211000840000206B66656B80B58EB000AF786080
:102120007B685B681A462A492A480CF03EFE07F194
:102130000803294A302118460CF07CFE07F10803F9
:102140004FF40062302118460DF06DF807F10803D6
:10215000224A302118460CF092FE7B685A6807F13B
:10216000080319461E480CF020FE07F108031D4A1B
:10217000302118460CF05EFE1B4B1A6807F108036D
:10218000302118460DF0BCF807F10803174A30213A
:1021900018460CF074FE144B5A6807F108033021FE
:1021A00018460DF0ADF807F108030C4A3021184627
:1021B0000CF065FE7B685A6807F1080319460C4865
:1021C0000CF0F3FD002318463837BD4680BD00BF34
:1021D000E8360100FC36010008370100F84601002E
:1021E00010370100183701007C0000202037010063
:1021F0002C37010080B58CB004AFF860B9607A600C
:102200007249F86810F0B9FF0346002B06D07049F8
:10221000F86810F0B2FF0346002B20D17B685B68A2
:102220001A466C496C480CF0AEFD7B685B681A4638
:102230006A496B480CF0A7FD7B685B681A466949E0
:1022400069480CF0A0FD7B685B681A4667496848DE
:102250000CF099FDBB6801221A700023B1E06549BA
:10226000F86810F08AFF0346002B06D06249F86830
:1022700010F083FF0346002B07D1BB6801221A70C0
:102280007868FFF749FF03469BE00E225B49F86838
:1022900010F0DEFF0346002B50D1BB6801221A70FC
:1022A000FB680E33FB6107F1180207F11C031146AE
:1022B00018460DF08BF80346002B37D107F11402B6
:1022C00007F11C03114618460DF080F80346002B59
:1022D00024D17B69002B21DDBB691A467B69194635
:1022E00010460BF0FAFF0346002B0FD0B969BB690B
:1022F0007A6913445A1E7B680293414B0193102361
:1023000000930423002001F021F859E07B689B68CA
:1023100019463C480CF000FB1B2352E07B689B688D
:10232000194639480CF0F8FA1B234AE07B689B6891
:10233000194636480CF0F0FA1B2342E00F223449CC
:10234000F86810F085FF0346002B39D1BB680122E5
:102350001A70FB680F33FB6107F1180207F11C03C9
:10236000114618460DF032F80346002B28D1BB6900
:10237000C3F30A03002B07D07B689B6819462548E6
:102380000CF0CAFA1B231CE007F1140207F11C032E
:10239000114618460DF01AF80346002B08D1BB6908
:1023A0001A467B6919461046FFF74CFE034608E0C3
:1023B0007B689B68194618480CF0AEFA1B2300E0B6
:1023C000002318462037BD4680BD00BFDC3A01001F
:1023D0003C3701004C370100FC3601002C3601006F
:1023E000503601006C37010080370100983701003A
:1023F000B4370100EC3A0100CC370100DC370100B2
:1024000091E30000EC37010008380100203801009A
:102410003C3801004C3801007838010080B582B0AA
:1024200000AF64220021084810F097FE0648FEF72E
:1024300095FD78607B68002B01D000BFFDE700BFF1
:102440000837BD4680BD00BF8400002080B582B043
:1024500000AF786014220449786810F07CFE00BF59
:102460000837BD4680BD00BF7850010080B586B0FA
:1024700000AFF860B9607A60FB687B61BB680022DE
:102480001A70F8680CF04EF80346002B05D0364A57
:102490007968B8680CF0F3FC04E0344A7968B868ED
:1024A0000CF0EDFCF8680CF0F2F80346002B05D0B8
:1024B0002F4A7968B8680CF0E2FC04E02D4A79688C
:1024C000B8680CF0DCFC2C4A7968B8680CF0D7FCD2
:1024D0007B695B681A467968B8680CF011FF274A77
:1024E0007968B8680CF0CBFC7B699B681A46796800
:1024F000B8680CF005FF224A7968B8680CF0BFFC98
:102500007B69DB681A467968B8680CF047FF1D4A9A
:102510007968B8680CF0B3FC7B691B7C022B12D085
:10252000022B16DC002B02D0012B06D011E0164A3C
:102530007968B8680CF0A3FC11E0144A7968B868AF
:102540000CF09DFC0BE0124A7968B8680CF097FC1F
:1025500005E0104A7968B8680CF091FC00BF00BF34
:102560001837BD4680BD00BF943801009C3801007B
:1025700084420100A4380100A8380100B4380100E9
:10258000C0380100C8380100D0380100D43801003B
:10259000D8380100DC38010080B483B000AF786027
:1025A0007B681B68214A13607B6804331B68204AE0
:1025B00013607B6808331B681E4A13607B680C330A
:1025C0001B681D4A13607B6810331B681B4A13602D
:1025D0007B6814331B681A4A13607B6818331B68C6
:1025E000184A13607B681C331B68174A1360174B2B
:1025F0001B68174A1360174B1B68174A1360174B69
:102600001B68174A1360174B1B68174A1360174B58
:102610001B68174A1360174B1B68174A136000BEEC
:1026200000BF0C37BD465DF8047B7047E800002012
:10263000EC000020F0000020F4000020F800002052
:10264000FC000020000100200401002028ED00E033
:10265000080100202CED00E00C01002030ED00E02E
:10266000100100203CED00E01401002034ED00E0FA
:102670001801002038ED00E01C01002080B582B078
:1026800000AF786014220449786810F064FD00BF40
:102690000837BD4680BD00BF8C50010090B5B9B071
:1026A00002AF7860002387F8D3307B685B681946F7
:1026B000AB480CF031F900233B7307F10C00042305
:1026C00000932023A74A20210DF0C5F87B685A68A3
:1026D00007F10C03114618460CF01EF900233B735A
:1026E00007F10C000723009320239F4A20210DF0BF
:1026F000B2F87B685A6807F10C03114618460CF0D3
:102700000BF900233B7307F10C000B2300932023EC
:10271000964A20210DF09FF87B685A6807F10C0358
:10272000114618460CF0F8F800233B7307F10C0033
:102730000523009320238E4A20210DF08CF87B681E
:102740005A6807F10C03114618460CF0E5F800230F
:102750003B7307F10C00092300932023854A2021B5
:102760000DF079F87B685A6807F10C03114618469A
:102770000CF0D2F800233B7307F10C000823009300
:1027800020237D4A20210DF066F87B685A6807F106
:102790000C03114618460CF0BFF800233B7307F1F9
:1027A0000C000B2300932023744A20210DF053F8D2
:1027B0007B685A6807F10C03114618460CF0ACF818
:1027C00000233B7307F10C000B23009320236C4A7A
:1027D00020210DF040F87B685A6807F10C03114680
:1027E00018460CF099F800233B7307F10C000823FE
:1027F00000932023634A20210DF02DF87B685A684E
:1028000007F10C03114618460CF086F800233B73C1
:1028100007F10C001523009320235B4A20210DF0C3
:102820001AF87B685A6807F10C03114618460CF039
:1028300073F800233B7307F10C0008230093202357
:10284000524A20210DF007F87B685A6807F10C0303
:10285000114618460CF060F87B685B6819464C48D6
:102860000CF05AF804F020FDC7F8CC00D7F8CC30B3
:10287000102B11D907F10C03464A202118460CF001
:10288000D9FA7B689A6807F10C03114618460CF0D8
:1028900043F81023C7F8CC3007F1880310211846FD
:1028A00005F01EFCC7F8CC000023C7F8D43081E245
:1028B000D7F8D4309B00D8333B4453F8503C002B1E
:1028C00000F07382D7F8D4309B00D8333B4453F8E0
:1028D000500C07F12C010523012205F0BFF8D7F8B1
:1028E000D4309B00D8333B4453F8500C07F17C04A0
:1028F00007F1800207F1840107F17B03009323466F
:1029000005F03CFC002387F858307A6B07F1580338
:10291000202118460CF042FD00233B7307F15802BA
:1029200007F10C0004230093202320210CF093FFD7
:102930007B685A6807F10C03114618460BF0ECFF50
:10294000002387F8583097F87B30002B26D107F109
:102950005803114A202118460CF06CFA34E000BFED
:10296000E0380100283901002C3901003439010018
:102970003C390100443901004C390100543901004F
:10298000603901006C39010074390100803901009F
:10299000F846010088390100C439010007F15803E5
:1029A000584A202118460CF045FA97F87B2007F189
:1029B0005803202118460CF075FB07F15803524AC2
:1029C000202118460CF05BFA00233B7307F15802F4
:1029D00007F10C0007230093202320210CF03BFF7C
:1029E0007B685A6807F10C03114618460BF094FFF8
:1029F00007F15803454A202118460CF01BFAD7F876
:102A0000D4309B00D8333B4453F8503C1A4607F16E
:102A10005803202118460CF073FC00233B7307F188
:102A2000580207F10C000B230093202320210CF007
:102A300012FF7B685A6807F10C03114618460BF029
:102A40006BFF00233B73D7F8D4309B00D8333B4453
:102A500053F8503C184604F033FC024607F10C00D2
:102A600005230093202320210CF0F5FE7B685A6893
:102A700007F10C03114618460BF04EFF97F838305B
:102A8000052B51D801A252F823F000BFA52A00005F
:102A9000B52A0000D52A0000C52A0000E52A00005A
:102AA000F52A000007F15803194A202118460CF0B6
:102AB000C1F941E007F15803164A202118460CF0ED
:102AC000B9F939E007F15803134A202118460CF0F0
:102AD000B1F931E007F15803104A202118460CF0F3
:102AE000A9F929E007F158030D4A202118460CF0F6
:102AF000A1F921E007F158030A4A202118460CF0F9
:102B000099F919E0CC390100D439010038420100AB
:102B1000D8390100E0390100E8390100F439010039
:102B2000FC390100043A010007F15803A84A2021AA
:102B300018460CF07FF900BF00233B7307F15802E1
:102B400007F10C0009230093202320210CF083FEC1
:102B50007B685A6807F10C03114618460BF0DCFE3F
:102B6000002387F8583007F15803282220211846FF
:102B70000CF0B8F93A6C07F15803202118460CF014
:102B80000DFC07F158032C22202118460CF0AAF95D
:102B9000FA6B07F15803202118460CF0FFFB07F1F0
:102BA00058032922202118460CF09CF900233B737E
:102BB00007F1580207F10C0008230093202320217D
:102BC0000CF049FE7B685A6807F10C031146184661
:102BD0000BF0A2FE07F158037E4A202118460CF0A4
:102BE00029F9D7F884301A4607F1580320211846EE
:102BF0000CF086FB00233B7307F1580207F10C0031
:102C00000B230093202320210CF025FE7B685A68BB
:102C100007F10C03114618460BF07EFE07F158032E
:102C20006C4A202118460CF005F9D7F880301A4676
:102C300007F15803202118460CF062FB00233B7378
:102C400007F1580207F10C000B23009320232021E9
:102C50000CF001FE7B685A6807F10C031146184618
:102C60000BF05AFED7F884301A46D7F88030D31AC2
:102C70009BB20833A7F8CA30002387F85830B7F85A
:102C8000CA2007F1580005230093202320210CF0CF
:102C90003BFA07F15803504A202118460CF0EFF890
:102CA00000233B7307F1580207F10C00082300933F
:102CB000202320210CF0CFFD7B685A6807F10C031C
:102CC000114618460BF028FE07F15803414A20210F
:102CD00018460CF0AFF8FB6F1A4607F15803202195
:102CE00018460CF00DFB07F158033C4A202118460A
:102CF0000CF0C5F8D7F884301A46FB6FD31A9BB294
:102D000004339AB207F158000523009320232021B1
:102D10000CF0FAF907F15803314A202118460CF05B
:102D2000AEF800233B7307F1580207F10C0015239E
:102D30000093202320210CF08EFD7B685A6807F158
:102D40000C03114618460BF0E7FD002387F85830B6
:102D5000B7F854309B009AB207F15800052300934E
:102D6000202320210CF0D0F907F158031A4A202122
:102D700018460CF084F800233B7307F1580207F162
:102D80000C0008230093202320210CF064FD7B68B5
:102D90005A6807F10C03114618460BF0BDFD7B681D
:102DA0005B6819460F480BF0B7FDD7F8D4300133F4
:102DB000C7F8D430D7F8D420D7F8CC309A42FFF4F3
:102DC00077AD97F8D3301846DC37BD4690BD00BFCD
:102DD0000C3A010038420100183A01001C3A010087
:102DE000203A0100F846010080B586B000AF786057
:102DF0007B685B681A46334933480BF0D6FF7B6823
:102E00005B681A46314932480BF0CFFF7B685B683C
:102E1000194630480BF080FD7B685B681A462E49E6
:102E20002E480BF0C2FF07F108034FF47A7210210D
:102E3000184601F0FBF87B685A6807F10803114651
:102E400018460BF069FD7B685B68194624480BF057
:102E500063FD07F1080301221021184601F0E6F88E
:102E60007B685A6807F10803114618460BF054FDB9
:102E70007B685B6819461B480BF04EFD7B685B68FE
:102E80001A46154918480BF090FF03F0CDFB024697
:102E900007F108031021184601F000FA7B685A6810
:102EA00007F10803114618460BF036FD7B685B6896
:102EB00019460E480BF030FD002318461837BD4662
:102EC00080BD00BF243A0100443A01004C3A0100A1
:102ED000543A0100F8460100D03C0100603A01007C
:102EE000703A0100783A0100803A01008C3A010002
:102EF00080B582B000AF78607B685B681A460B498A
:102F00000B480BF040FF7B685B681A4609490A488A
:102F10000BF039FF7B685B681A46084908480BF0DC
:102F200032FF002318460837BD4680BD983A01009D
:102F3000443A01002C36010050360100B43A010039
:102F4000C83A010080B584B000AFF860B9607A601B
:102F50001F49F86810F011F90346002B06D01D49EF
:102F6000F86810F00AF90346002B07D1BB6801226C
:102F70001A707868FFF7BCFF034625E01649F86829
:102F800010F0FBF80346002B06D01449F86810F047
:102F9000F4F80346002B07D1BB6801221A70786849
:102FA000FFF722FF03460FE00D49F86810F0E5F83F
:102FB0000346002B07D1BB6801221A707868FFF71F
:102FC0006DFB034600E0002318461037BD4680BD68
:102FD000DC3A0100D43A0100EC3A0100E43A010085
:102FE000F43A010080B500AF72B603480BF051FC13
:102FF00003F0D6FC00BF80BD0000381080B584B05F
:1030000000AF0346FB710A23FB60FB1D012219463A
:10301000002003F049F90346012B0AD1184B1B7815
:10302000002B27D0164B1B78013BDAB2144B1A70D9
:1030300020E0134B1B780133DAB2114B1A70104B9E
:103040001B78632B03D90E4B64221A7015E004F031
:10305000C3FD0346022B03D1052003F0D9FE02E095
:10306000052001F065FAFB68002B05DDFB68053BD8
:10307000FB60CAE700BF00E000BF1037BD4680BD5F
:10308000B40C002080B584B000AFF860B9607A60FD
:103090003249F86810F071F80346002B06D0304929
:1030A000F86810F06AF80346002B3CD17B685B6837
:1030B00019462C480BF030FC7B685B6819462A489F
:1030C0000BF02AFC7B685B68194626480BF024FC51
:1030D0007B685B68194625480BF01EFC7B685B68C3
:1030E000194620480BF018FC7B685B6819461E489F
:1030F0000BF012FC7B685B6819461A480BF00CFC5D
:103100007B685B681A461A491A480BF03CFE7B68DC
:103110005B681A46184919480BF035FEBB68012256
:103120001A70002316E01649F86810F026F80346D6
:10313000002B06D01349F86810F01FF80346002B47
:1031400007D1BB6801221A70786800F035F8034691
:1031500000E0002318461037BD4680BDDC3A010070
:10316000083B0100F8460100183B0100583B0100F4
:10317000683B0100883B01002C36010050360100FD
:10318000EC3A0100943B010080B582B000AF78605A
:103190007B685B68194606480BF0BEFB7B685B6882
:1031A000194604480BF0B8FB00BF0837BD4680BD88
:1031B000F8460100A43B010080B58AB000AF7860FA
:1031C0007B685B681A462B492B480BF0EEFD7B6849
:1031D0005B681A4629492A480BF0E7FD7B685B6863
:1031E000194628480BF098FB7B685B68194626480F
:1031F0000BF092FB7B685B68194624480BF08CFB54
:1032000000233B7207F108032322202118460BF00C
:1032100069FE07F108031D4A202118460BF02FFE16
:103220007B685A6807F10803194619480BF0BDFD81
:103230007B685B681A46174917480BF0B6FD07F123
:103240000803C8222021184601F028F807F10803D6
:10325000124A202118460BF012FE7B685A6807F1CB
:10326000080319460E480BF0A0FD00231846283726
:10327000BD4680BDAC3B0100883B0100C83B01005E
:10328000D43B0100743A0100DC3B0100F846010028
:10329000E83B0100F43B0100FC3B0100083C01005D
:1032A000203C010080B582B000AF786039603B6897
:1032B0009B68194612480BF02FFB3B689B68194628
:1032C00078680BF029FB3B689B6819460D480BF0AA
:1032D00023FB3B689B6819460B480BF01DFB3B68C2
:1032E0009B68194609480BF017FB3B689B68194619
:1032F00007480BF011FB00BF0837BD4680BD00BF7B
:10330000283C0100F8460100483C0100DC3A01007D
:10331000543C010080B483B000AF7860044A7B68FD
:103320001360002318460C37BD465DF8047B7047D8
:10333000E801002080B400AF034B1B681846BD466F
:103340005DF8047B704700BFE801002090B5A9B08C
:1033500000AFF860B9607A60FB70002387F899309D
:103360007A68BB689A4208D2D7F8B8309B68194689
:1033700085480BF0D1FA022301E1BB68C7F89C3005
:10338000F6E07A68D7F89C30D31A5A1C97F8B03018
:103390009A4204D397F8B03087F89A3009E07B68F6
:1033A000DAB2D7F89C30DBB2D31ADBB2013387F83C
:1033B0009A3097F89A3007F17802D7F8B440D7F8E6
:1033C0009C10F868A0470346002B08D0D7F8B83007
:1033D0009B6819466D480BF09FFA1B23CFE097F8C6
:1033E0009930002B08D0D7F8B8309B681946684848
:1033F0000BF092FA1223C2E007F11003654A65212F
:1034000018460BF017FDFB7807F11000D7F89C2049
:1034100065210CF082FA07F110033A226521184663
:103420000BF060FDD7F8B8305A6807F11003114669
:1034300018460BF071FA00233B74002387F89B3089
:1034400022E097F89B30002B06D107F110032022D1
:10345000652118460BF046FD97F89B30A0333B449E
:1034600013F8282C07F11003652118460BF0ACFE69
:1034700007F110032022652118460BF033FD97F861
:103480009B30013387F89B3097F89B2097F89A3050
:103490009A42D6D30BE007F110033F4A6521184644
:1034A0000BF0EDFC97F89B30013387F89B3097F8D1
:1034B0009B2097F8B0309A42EDD3D7F8B8305A68CD
:1034C00007F11003114618460BF026FAD7F8B8306A
:1034D0005B6820209847002387F89B3021E097F80D
:1034E0009B30A0333B4413F8283C87F8983097F87A
:1034F00098301F2B0BD997F99830002B07DBD7F8A2
:10350000B8305B6897F898201046984704E0D7F8E1
:10351000B8305B682E20984797F89B30013387F8C6
:103520009B3097F89B2097F89A309A42D7D30BE0BC
:1035300007F11003184A652118460BF0A0FC97F814
:103540009B30013387F89B3097F89B2097F8B03079
:103550009A42EDD3D7F8B8305B6819460F480BF0A4
:10356000DBF997F8B030D7F89C201344C7F89C30AB
:10357000D7F89C207B689A427FF603AF0023184659
:10358000A437BD4690BD00BF7C3C0100BC3C01009F
:10359000D43C010038420100FC3C0100F846010027
:1035A00080B485B000AF78600023FB737B68002B8C
:1035B00001D101237B60EFF3108072B6B87302E093
:1035C000FB7B0133FB73FB7B002B07D1FB7B114A99
:1035D000D35C83F00103DBB2002BF1D1FB7B002B2A
:1035E00008D1FB7B0B4A0021D154FB7B0A497A6846
:1035F00041F82320B87B80F31088FB7B012B01D19D
:10360000FF2300E0FB7B18461437BD465DF8047BC2
:10361000704700BFF0010020EC01002080B485B0AD
:1036200000AF0346FB71FB79FF2B10D0EFF3108046
:1036300072B6F873FB79094A002142F82310FB792E
:10364000074A0121D154F87B80F3108800E000BFC5
:103650001437BD465DF8047B704700BFEC010020C5
:10366000F001002080B485B000AF0346FB71FB7908
:10367000FF2B01D1012310E0EFF3108072B6B87375
:10368000FB79094A52F82330002B0CBF0123002399
:10369000FB73B87B80F31088FB7B18461437BD465C
:1036A0005DF8047B704700BFEC01002080B483B05C
:1036B00000AFEFF3108072B6B8710023FB7110E019
:1036C000FB790E4A52F82330002B07D0FB790B4AC6
:1036D00052F82320013A094941F82320FB790133AC
:1036E000FB71FB79002BEBD0B87980F3108800BF19
:1036F0000C37BD465DF8047B704700BFEC0100202D
:1037000080B483B000AF0023FB710BE0FB790A4A61
:10371000002142F82310FB79084A0121D154FB799A
:103720000133FB71FB79002BF0D000BF00BF0C37D9
:10373000BD465DF8047B7047EC010020F0010020DD
:1037400080B483B000AF0346FB7197F90730002BBC
:103750000BDBFB7903F01F02074997F907305B0980
:10376000012000FA02F241F8232000BF0C37BD46C9
:103770005DF8047B704700BF00E100E080B483B0D7
:1037800000AF03463960FB7197F90730002B0ADB65
:103790003B68DAB20C4997F907301201D2B20B44F8
:1037A00083F800230AE03B68DAB20849FB7903F0AA
:1037B0000F03043B1201D2B20B441A7600BF0C3740
:1037C000BD465DF8047B704700E100E000ED00E0DD
:1037D00080B500AF034B1B68002118460DF0EFF9D0
:1037E00000BF80BDF801002080B582B000AF084B5B
:1037F0001B68F91D002218460DF007FE0346012B39
:1038000001D00023FB71FB7918460837BD4680BD07
:10381000F801002080B582B000AF786039603A6866
:10382000796803480AF0EDFB00BF0837BD4680BD4C
:1038300000B0064080B582B000AF0346FB71104B6C
:103840001B685A1C0E490A600E49FA79CA54FB7962
:103850000A2B03D00A4B1B68C72B0DD1084B1B68E2
:10386000084A0021D15407480BF0D4FA054B002236
:103870001A70034B00221A6000BF0837BD4680BD96
:10388000FC0100200002002080B584B000AF786009
:103890000A4B1B6807F10F01002218460DF0B5FD19
:1038A0000346012B03D1FA7B7B681A7002E07B6828
:1038B00000221A7000BF1037BD4680BDF401002001
:1038C00080B500AF064B1B6818460DF064FF034639
:1038D000002B14BF01230023DBB2184680BD00BFBC
:1038E000F401002080B586B000AF0023BB60002348
:1038F0007B6033480AF01BFB38613B6903F080634F
:10390000002B01D00023FB753B6903F02803002B3B
:103910003DD02B4B9B7DFB7536E029480BF06DFAB3
:103920000346FB73FB7B002B2BD0264B1B780A2B0B
:1039300005D1FB7B402B02D1234B01221A70224B75
:103940001B78002B08D0214B186807F1080207F1FB
:103950000F0100230DF0D3FBFA7B1A4B1A701A4BA0
:103960001B78002B05D0FB7B0A2B02D1164B0022C3
:103970001A70174B18683A1D07F10F0100230DF05C
:10398000BEFBFB7D013BFB75FB7D002BC5D13B697D
:1039900043F0806343F008033B61396908480AF04B
:1039A000EAFABB68002B02D17B68002B01D003F040
:1039B000C3F8BFF34F8F00BF00BF1837BD4680BDAF
:1039C00000B0064014000020B50C0020F8010020D3
:1039D000F401002080B584B000AF3B4618460AF0E1
:1039E0007DFA4FF4E1333B6000233B710123FB720E
:1039F0000123BB720123FB7100233B720D20FCF7F6
:103A00007FFE02463B4619461548FDF747FEF86023
:103A1000FB68002B01D000BFFDE7114B5B7BDBB2E5
:103A20000F4A43F00403DBB253730D4B5B7BDBB2F5
:103A30000B4A43F00203DBB25373012108480AF03A
:103A400008FB08490648FDF723FF05212120FFF761
:103A500095FE21200BF0BBF900BF1037BD4680BD9D
:103A600000B006400020080480B582B000AF786046
:103A700039607B6803F08003002B06D03B685B68ED
:103A80001A46694969480BF090F97B6803F04003D6
:103A9000002B06D03B685B681A46654963480BF00B
:103AA00084F97B6803F02003002B06D03B685B6839
:103AB0001A4660495D480BF078F97B6803F0100303
:103AC000002B06D03B685B681A465B4957480BF0F1
:103AD0006CF97B6803F00803002B06D03B685B6839
:103AE0001A46564951480BF060F97B6803F004030D
:103AF000002B06D03B685B681A4651494B480BF0D7
:103B000054F97B6803F00203002B06D03B685B6826
:103B10001A464C4945480BF048F97B6803F001030D
:103B2000002B06D03B685B681A4647493F480BF0BC
:103B30003CF97B6803F40043002B06D03B685B68CC
:103B40001A46424939480BF030F97B6803F4804348
:103B5000002B06D03B685B681A463D4933480BF0A2
:103B600024F97B6803F48073002B06D03B685B6804
:103B70001A4638492D480BF018F97B6803F4000306
:103B8000002B06D03B685B681A46334927480BF088
:103B90000CF97B6803F48003002B06D03B685B685C
:103BA0001A462E4921480BF000F97B68002B06DAF3
:103BB0003B685B681A462A491C480BF0F6F87B689C
:103BC00003F08043002B06D03B685B681A4625490A
:103BD00016480BF0EAF87B6803F00073002B06D060
:103BE0003B685B681A46204910480BF0DEF87B689A
:103BF00003F08063002B06D03B685B681A461B49C4
:103C00000A480BF0D2F87B6803F08063002B06D0E3
:103C10003B685B681A46154904480BF0C6F800BFBC
:103C20000837BD4680BD00BF003D0100D03C01000B
:103C30001C3D0100403D01005C3D0100743D010060
:103C40008C3D0100A43D0100C03D0100D83D0100B4
:103C5000F03D01000C3E0100243E0100483E010001
:103C60006C3E0100843E01009C3E0100B83E010014
:103C700080B59CB000AF78607B685B681A463C49B1
:103C80003C480BF092F87B685B681A463A493B481F
:103C90000BF08BF83A480AF04AF9F86607F10C0382
:103CA000384A602118460BF0C5F807F10C03FA6E8C
:103CB000602118460BF024FB07F10C03324A602107
:103CC00018460BF0DCF87B685A6807F10C031946BC
:103CD0002E480BF06AF87968F86EFFF7C5FE07F119
:103CE0000C034FF4E1326021184600F0D7FA07F1D7
:103CF0000C03254A602118460BF0C1F87B685A680E
:103D000007F10C03194622480BF04FF807F10C039A
:103D1000204A602118460BF08DF807F10C034FF490
:103D20004062602118460BF039FB07F10C031A4A78
:103D3000602118460BF0A3F807F10C036022602104
:103D400018460BF02BFB07F10C030F4A60211846B5
:103D50000BF095F87B685A6807F10C0319460F4879
:103D60000BF023F8002318467037BD4680BD00BF16
:103D7000D43E0100EC3E0100F83E0100003F01008E
:103D800000B0064038420100F84601000C3F010037
:103D9000143F01001C3F0100243F0100343F01009B
:103DA00080B582B000AF78607B685B681A460B49CB
:103DB0000B480AF0E8FF7B685B681A4609490A4825
:103DC0000AF0E1FF7B685B681A46084908480AF078
:103DD000DAFF002318460837BD4680BD403F01008A
:103DE000EC3E01002C360100503601005C3F010022
:103DF000743F010080B588B000AFF860B9607A60A8
:103E00003349F8680FF0B9F90346002B06D0314961
:103E1000F8680FF0B2F90346002B07D1BB68012206
:103E20001A707868FFF7BCFF03464CE02A49F8682F
:103E30000FF0A3F90346002B06D02849F8680FF0CD
:103E40009CF90346002B07D1BB6801221A707868E1
:103E5000FFF70EFF034636E011222149F8680FF004
:103E6000F7F90346002B2DD1BB6801221A70FB68BD
:103E700011337B6107F1180207F11403114618464C
:103E80000BF0A4FA0346002B1AD1BB69194615485A
:103E90000AF071F8F8617B685B68194612480AF00D
:103EA0003BFDFA697B685B68194610460AF04DFDD8
:103EB0007B685B6819460D480AF02EFD002302E07E
:103EC0001B2300E0002318462037BD4680BD00BFFD
:103ED000DC3A0100843F0100EC3A0100943F01000C
:103EE000A83F010000B00640BC3F0100F8460100B9
:103EF00080B500AFFFF76EFD002201214FF4406056
:103F00000CF0E6FE03460C4A13600B4B1B68002BBB
:103F100001D100BFFDE70022012160200CF0D8FE96
:103F20000346064A1360054B1B68002B01D100BFF6
:103F3000FDE700BF80BD00BFF4010020F8010020B4
:103F400080B489B000AFF860B9601346FB80FB68AD
:103F5000BB610023FB77BB68013BBB60FB88002B88
:103F60002CD1BB68002B29D0FB7F5A1CFA771A464C
:103F7000BB69134430221A70BB68013BBB601DE073
:103F8000FA88294BA3FB0213D9080B469B000B446C
:103F90005B00D31A9BB2DAB2FB7F591CF977194642
:103FA000BB690B443032D2B21A70BB68013BBB60B4
:103FB000FB881D4AA2FB0323DB08FB80FB88002B48
:103FC00002D0BB68002BDBD10023BB771AE0BB7F9C
:103FD000BA6913441B78FB75FA7FBB7FD31A013B88
:103FE000BA691A44BB7FB9690B4412781A70FA7F18
:103FF000BB7FD31A013BBA691344FA7D1A70BB7FA9
:104000000133BB77FB7F5B08DBB2BA7F9A42DED31A
:10401000FB7FBA69134400221A7000BF2437BD46E3
:104020005DF8047B704700BFCDCCCCCC80B588B0A8
:1040300000AFF860B9601346FB80FB68BB610023EA
:10404000FB77FB88DB0BDBB2FB75B7F9063013F5AA
:10405000004F05D1434AB968F8680AF0EBFE7EE0EC
:10406000BB68013BBB60FB7D002B03D0FB885B4240
:104070009BB2FB80B7F90630002B32D1BB68002B16
:104080002FD0FB7F5A1CFA771A46BB6913443022A3
:104090001A70BB68013BBB6023E0B7F90620324BC6
:1040A00083FB02139910D317C91A0B469B000B44CC
:1040B0005B00D31A1BB2DAB2FB7F591CF9771946A1
:1040C000BB690B443032D2B21A70BB68013BBB6093
:1040D000B7F90630244A82FB03129210DB17D31A79
:1040E000FB80B7F90630002B02DDBB68002BD4D172
:1040F000FB7D002B0AD0BB68002B07D0FB7F5A1C2E
:10410000FA771A46BB6913442D221A700023BB7735
:104110001AE0BB7FBA6913441B78BB75FA7FBB7F7B
:10412000D31A013BBA691A44BB7FB9690B441278B0
:104130001A70FA7FBB7FD31A013BBA691344BA7D68
:104140001A70BB7F0133BB77FB7F5B08DBB2BA7FA2
:104150009A42DED3FB7FBA69134400221A702037DB
:10416000BD4680BDC83F01006766666680B588B001
:1041700000AFF860B9607A60FB68BB610023FB7731
:104180007B68DB0FDBB2FB757B68B3F1004F05D1B9
:10419000404AB968F8680AF04DFE78E0BB68013B18
:1041A000BB60FB7D002B02D07B685B427B607B6841
:1041B000002B2FD1BB68002B2CD0FB7F5A1CFA7729
:1041C0001A46BB69134430221A70BB68013BBB60BE
:1041D00020E07A68304B83FB02139910D317C91A79
:1041E0000B469B000B445B00D11ACAB2FB7F591CE3
:1041F000F9771946BB690B443032D2B21A70BB68EA
:10420000013BBB607B68244A82FB03129210DB17E0
:10421000D31A7B607B68002B02DDBB68002BD8D1F2
:10422000FB7D002B0AD0BB68002B07D0FB7F5A1CFC
:10423000FA771A46BB6913442D221A700023BB7704
:104240001AE0BB7FBA6913441B78BB75FA7FBB7F4A
:10425000D31A013BBA691A44BB7FB9690B4412787F
:104260001A70FA7FBB7FD31A013BBA691344BA7D37
:104270001A70BB7F0133BB77FB7F5B08DBB2BA7F71
:104280009A42DED3FB7FBA69134400221A702037AA
:10429000BD4680BDD03F01006766666680B489B0C8
:1042A00000AFF860B9607A60FB68BB610023FB7700
:1042B000BB68013BBB607B68002B2BD1BB68002B2C
:1042C00028D0FB7F5A1CFA771A46BB691344302268
:1042D0001A70BB68013BBB601CE07968284BA3FBEC
:1042E0000123DA0813469B0013445B00CA1AD2B2BA
:1042F000FB7F591CF9771946BB690B443032D2B2A7
:104300001A70BB68013BBB607B681D4AA2FB03239C
:10431000DB087B607B68002B02D0BB68002BDCD104
:104320000023BB771AE0BB7FBA6913441B78FB7587
:10433000FA7FBB7FD31A013BBA691A44BB7FB969C4
:104340000B4412781A70FA7FBB7FD31A013BBA690B
:104350001344FA7D1A70BB7F0133BB77FB7F5B0888
:10436000DBB2BA7F9A42DED3FB7FBA6913440022E4
:104370001A7000BF2437BD465DF8047B704700BF4C
:10438000CDCCCCCC80B588B000AFF860B9607A6095
:104390003B600023FB610023BB610023FB7500230E
:1043A000BB75FB68002B05D0BB68002B04D07B6875
:1043B000002B01D11B2380E0FB681B78222B07D147
:1043C000FB680133FB60BB690133BB610123FB75F3
:1043D000FB6A002B01D13B4BFB62FB7D002B14D011
:1043E000FB681B78222B09D1FB680133FB60BB699A
:1043F0000133BB61FB681B78222B47D1FB681B781C
:10440000002B27D10123BB7541E0FB681B78202BD3
:104410003DD0FB681B78092B39D0FB681B780A2B31
:1044200035D0FB681B780B2B31D0FB681B780C2B2D
:104430002DD0FB681B780D2B29D0FB681B78002B37
:1044400025D0FB681B781946F86A0EF08AFE0346F1
:10445000002B1CD1BB68002B11D0FB6901337A689B
:104460009A4207D9FB681A78BB681A70BB68013397
:10447000BB6004E0BB6800221A700023BB60FB69CC
:104480000133FB61FB680133FB60A6E700BFBB683B
:10449000002B02D0BB6800221A703B68002B04D0AE
:1044A000FA69BB691A443B681A60BB6A002B03D0E7
:1044B000FB695A1CBB6A1A60BB7D18462037BD4693
:1044C00080BD00BFD03C010080B485B000AF7860F3
:1044D0007B68FB60084B1B68FA681344FB6000BFF5
:1044E000054B1B68FA689A42FAD800BF00BF143720
:1044F000BD465DF8047B7047041000E080B485B0D1
:1045000000AF78607B68FB60084B1B68FA68134457
:10451000FB6000BF054B1B68FA689A42FAD800BFDF
:1045200000BF1437BD465DF8047B7047041000E0FF
:1045300080B584B000AF78600A4B1B680A4AA2FBC2
:1045400003239B09FB6005E0F868FFF7D7FF7B6852
:10455000013B7B607B68002BF6D100BF00BF1037AA
:10456000BD4680BD08000020D34D621080B400AF6E
:10457000094B1B68084A43F080731360074B002205
:104580001A60074B1B68064A43F00103136000BF23
:10459000BD465DF8047B7047FCED00E0041000E0D0
:1045A000001000E080B582B000AF7860A42204491A
:1045B00078680EF0D0FD00BF0837BD4680BD00BF53
:1045C000C050010080B584B000AF78607B68FB60AC
:1045D000FB681B78002B31D0FB685B68184609F03C
:1045E000F1FF0120FFF7A4FFFB685B68184609F0A4
:1045F000FEFF144B1A6813469B0013445B001A46D7
:10460000114B9A421AD90F4B1A6813469B00134458
:104610005B001A460D4B9A4202D20BF06CFA0DE089
:10462000084B1A6813469B0013445B001A46084B5C
:10463000A3FB02239B0C1846FFF746FF00BF103771
:10464000BD4680BD080000203F420F00C0D8A70033
:1046500083DE1B4380B584B000AF78600B46FB70EF
:104660007B68FB60FB78FA6801331B011344186810
:10467000FB78FA681B0113440D331B78002B14BF21
:1046800001230023DBB283F00103DBB203F001035B
:10469000DBB2194609F0D5FFFB78FA681B01134419
:1046A0000C3301221A70144B1A6813469B001344F2
:1046B0005B001A46114B9A421AD90F4B1A681346DF
:1046C0009B0013445B001A460D4B9A4202D20BF03A
:1046D00012FA0DE0084B1A6813469B0013445B0066
:1046E0001A46084BA3FB02239B0C1846FFF7ECFE6F
:1046F00000BF1037BD4680BD080000203F420F00BC
:10470000C0D8A70083DE1B4380B584B000AF7860BB
:104710000B46FB707B68FB60FB78FA6801331B017A
:1047200013441868FB78FA681B0113440D331B7897
:10473000194609F086FFFB78FA681B0113440C3315
:1047400000221A70144B1A6813469B0013445B0036
:104750001A46124B9A421AD90F4B1A6813469B00FD
:1047600013445B001A460E4B9A4202D20BF0C3F977
:104770000DE0094B1A6813469B0013445B001A4670
:10478000084BA3FB02239B0C1846FFF79DFE00BFBE
:104790001037BD4680BD00BF080000203F420F001B
:1047A000C0D8A70083DE1B4380B500AF064B1B6853
:1047B0004FF0FF3118460CF067FB0346012B01D088
:1047C00000BFFDE700BF80BDC802002080B500AF7C
:1047D000054B1B6818460CF022FB0346012B01D049
:1047E00000BFFDE700BF80BDC802002080B586B0D5
:1047F00000AF78607B685B681A46264926480AF055
:10480000D4FA07F10803402210211846FFF746FDAD
:1048100007F10803214A102118460AF030FB7B6893
:104820005A6807F1080319461D480AF0BEFA07F155
:1048300008031C4A102118460AF0FCFA7B685A68E3
:1048400007F10803194618480AF0AFFA07F1080300
:10485000164A102118460AF0EDFA7B685A6807F1EB
:104860000803194612480AF0A0FA07F10803114A92
:10487000102118460AF0DEFA00BF7B685A6807F17B
:10488000080319460C480AF090FA00231846183716
:10489000BD4680BDDC3F0100EC3F01008C3A0100C9
:1048A000F83F010004400100144001001C400100D9
:1048B0002C400100344001003C40010080B5C8B0EC
:1048C00002AF07F58C73A3F58673186007F58C7338
:1048D000A3F58873196007F58C73A3F58A731A60C2
:1048E00007F58C73A3F58673AD4918680EF045FC87
:1048F0000346002B0AD007F58C73A3F58673A949EC
:1049000018680EF03AFC0346002B4AD107F58C7369
:10491000A3F58A731B685B681A46A349A3480AF08B
:1049200032FA07F58C73A3F58A731B685B681A4625
:104930009F49A0480AF027FA07F58C73A3F58A73FC
:104940001B685B681A469C499C480AF01CFA07F5EC
:104950008C73A3F58A731B685B681A46984999485B
:104960000AF011FA07F58C73A3F58A731B685B686C
:104970001A46954995480AF006FA07F58C73A3F58F
:104980008A731B685B681A46914992480AF0FBF9E2
:1049900007F58C73A3F588731B6801221A70002336
:1049A0001DE307F58C73A3F586738B4918680EF029
:1049B000E4FB0346002B0AD007F58C73A3F586733E
:1049C000864918680EF0D9FB0346002B0FD107F576
:1049D0008C73A3F588731B6801221A7007F58C731A
:1049E000A3F58A731868FFF701FF0346F7E207F59E
:1049F0008C73A3F586730F22794918680EF028FC92
:104A00000346002B40F0F48007F58C73A3F5887300
:104A10001B6801221A7007F58C73A3F586731B6857
:104A20000F33C7F81431D7F8140107F1100307F159
:104A3000140100220192002200924022FFF7A2FC02
:104A40000346002B06D107F58C73A3F584731B680E
:104A5000002B01D11B23C2E2D7F8142107F58C7378
:104A6000A3F584731B681344C7F8143107F58A73E0
:104A700018460BF02AF8D7F8140107F1100307F1D4
:104A8000E40100220192002200923022FFF77AFC1A
:104A90000346002B06D107F58C73A3F584731B68BE
:104AA000002B01D11B239AE2D7F8142107F58C7350
:104AB000A3F584731B681344C7F8143107F58A7390
:104AC00018460BF002F8D7F8140107F1100307F1AC
:104AD000B40100220192002200923022FFF752FC22
:104AE0000346002B06D107F58C73A3F584731B686E
:104AF000002B01D11B2372E2D7F8142107F58C7328
:104B0000A3F584731B681344C7F81431D7F8143124
:104B10001B78002B01D01B2361E207F1540207F13F
:104B2000B40107F1E40007F114030193602300933B
:104B300013462C4A00F0BCFD0346002B01D11B2379
:104B40004DE207F58C73A3F58A731B685A6807F169
:104B5000B4031146184609F0DFFE07F58C73A3F580
:104B60008A731B685B6819461F4809F0D5FE07F574
:104B70008C73A3F58A731B685A6807F154031146B6
:104B8000184609F0C9FE07F58C73A3F58A731B68F4
:104B90005B681946154809F0BFFE00231FE200BFFD
:104BA000DC3A01004440010054400100EC3F0100A8
:104BB0002C36010050360100744001009C40010079
:104BC000B0400100E0400100F84001001C4101003C
:104BD0003441010054410100EC3A010068410100F8
:104BE0007C410100D03C01008C410100F8460100ED
:104BF00007F58C73A3F586731022B84918680EF078
:104C000027FB0346002B40F0C28007F58C73A3F509
:104C100088731B6801221A7007F58C73A3F58673DD
:104C20001B681033C7F81431D7F8140107F11003CB
:104C300007F1140100220192002200924022FFF7A6
:104C4000A1FB0346002B06D107F58C73A3F58473F3
:104C50001B68002B01D11B23C1E1D7F8142107F5F4
:104C60008C73A3F584731B681344C7F8143107F5DC
:104C70008A7318460AF029FFD7F8140107F11003C8
:104C800007F1E40100220192002200923022FFF796
:104C900079FB0346002B06D107F58C73A3F58473CB
:104CA0001B68002B01D11B2399E1D7F8142107F5CC
:104CB0008C73A3F584731B681344C7F8143107F58C
:104CC0008A7318460AF001FFD7F8140107F11003A0
:104CD00007F1B40100220192002200923022FFF776
:104CE00051FB0346002B06D107F58C73A3F58473A3
:104CF0001B68002B01D11B2371E1D7F8142107F5A4
:104D00008C73A3F584731B681344C7F8143107F53B
:104D10008A7318460AF0D9FED7F8140107F1100378
:104D200007F1540100220192002200926022FFF755
:104D300029FB0346002B06D107F58C73A3F584737A
:104D40001B68002B01D11B2349E1D7F8142107F57B
:104D50008C73A3F584731B681344C7F81431D7F818
:104D600014311B78002B01D01B2338E107F1140309
:104D700007F1540207F1B40107F1E40000F002FE6C
:104D80000346002B01D11B2329E1002327E107F56E
:104D90008C73A3F586731122514918680EF058FAE6
:104DA0000346002B40F09E8007F58C73A3F58873B3
:104DB0001B6801221A7007F58C73A3F586731B68B4
:104DC0001133C7F81431D7F8140107F1100307F1B4
:104DD000140100220192002200924022FFF7D2FA31
:104DE0000346002B06D107F58C73A3F584731B686B
:104DF000002B01D11B23F2E0D7F8142107F58C73A7
:104E0000A3F584731B681344C7F8143107F58A733C
:104E100018460AF05AFED7F8140107F1100307F1FB
:104E2000E40100220192002200923022FFF7AAFA48
:104E30000346002B06D107F58C73A3F584731B681A
:104E4000002B01D11B23CAE0D7F8142107F58C737E
:104E5000A3F584731B681344C7F8143107F58A73EC
:104E600018460AF032FED7F8140107F1100307F1D3
:104E7000B40100220192002200923022FFF782FA50
:104E80000346002B06D107F58C73A3F584731B68CA
:104E9000002B01D11B23A2E0D7F8142107F58C7356
:104EA000A3F584731B681344C7F81431D7F8143181
:104EB0001B78002B01D01B2391E007F1140307F1AD
:104EC000B40107F1E400002200F05CFD0346002B72
:104ED00001D11B2383E0002381E000BF904101004A
:104EE000A441010007F58C73A3F5867311223E4996
:104EF00018680EF0ADF90346002B6FD107F58C73DF
:104F0000A3F588731B6801221A7007F58C73A3F54B
:104F100086731B681133C7F81431D7F8140107F1F1
:104F2000100307F114010022019200220092402296
:104F3000FFF728FA0346002B06D107F58C73A3F57B
:104F400084731B68002B01D11B2348E0D7F8142180
:104F500007F58C73A3F584731B681344C7F81431E9
:104F600007F58A7318460AF0B0FDD7F8140107F167
:104F7000100307F1E4010022019200220092302286
:104F8000FFF700FA0346002B06D107F58C73A3F553
:104F900084731B68002B01D11B2320E0D7F8142158
:104FA00007F58C73A3F584731B681344C7F8143199
:104FB000D7F814311B78002B01D01B230FE007F129
:104FC000140307F1E4000022002100F0DBFC03469B
:104FD000002B01D11B2302E0002300E00023184630
:104FE00007F58C77BD4680BDB841010080B500AFA4
:104FF00004200BF0FCFE0346054A1360044B1B68BB
:10500000002B01D100BFFDE70BF00EF800BF80BD03
:10501000C802002080B582B000AF78603960FFF729
:10502000C3FB1022002138680EF097F83B684FF45C
:10503000FC321A603B681B6803F118023B685A6037
:105040003B681B681B68124A934203D0FFF7BEFB04
:10505000002318E03B681B680433796818460EF09B
:105060008CF80346002B03D0FFF7B0FB00230AE0C7
:105070003B685A683B689A603B6801225A733B68F8
:1050800001221A73012318460837BD4680BD00BFB0
:10509000BEBAEDFE80B582B000AF78603960FFF730
:1050A00083FB1022002138680EF057F84FF480720D
:1050B000002115480EF051F83B68134A1A603B680E
:1050C0001B6803F118023B685A603B681B680F4A73
:1050D0001A603B681B6804337A681021184609F08F
:1050E000A9FE3B681B6800225A613B685A683B680E
:1050F0009A603B6801225A733B6800221A730123AD
:1051000018460837BD4680BDCC020020BEBAEDFE71
:1051100080B584B000AF786039603B681B7B002BA2
:1051200001D001233AE078680EF06BF8F8601D4A70
:105130003B689B68D31ABB603B689B687A68B96818
:10514000184609F077FE3B689A68FB681A443B688A
:105150009A603B689A683B681B6803F580739A42C3
:1051600007D33B681B6803F580723B689A60002395
:1051700014E03B689A683B6859683B681B685B6948
:105180000B449A4209D33B689A683B685B68D21A21
:105190003B681B685A61012300E001231846103761
:1051A000BD4680BDCC03002080B584B000AF7860E0
:1051B0003960FFF7F9FA78680AF07FFE0346002BA2
:1051C00029D0184BFB60FB680433796818460DF052
:1051D000D4FF0346002B03D0FFF7F8FA00231DE0AD
:1051E000FB6804333A681021184609F023FE4FF497
:1051F00080720C494FF4FC3009F0BAF80346002BDA
:1052000003D0FFF7E3FA002308E04FF48072002197
:1052100004480DF0A2FFFFF7D9FA01231846103712
:10522000BD4680BDCC02002080B590B000AFF860D4
:10523000B9607A601821B86809F04FF8034683F026
:105240000103DBB2002B0FD007F110032C4A3021F1
:10525000184609F0EFFDFB685A6807F1100319467C
:10526000786809F0A2FD48E007F11003254A3021D3
:10527000184609F0DFFDBB681A6807F110033021FA
:1052800018460AF03DF807F110031F4A302118466E
:1052900009F0F5FDBB681B681C4A934217D1BB6837
:1052A0001A1D07F110033021184609F0E8FD07F137
:1052B0001003174A3021184609F0E1FDBB685A690E
:1052C00007F11003302118460AF068F806E007F1EC
:1052D0001003104A3021184609F0D1FD07F11003E0
:1052E0000D4A3021184609F0CAFDFB685A6807F1DB
:1052F00010031946786809F058FD4037BD4680BD57
:10530000CC410100E8410100F4410100BEBAEDFECC
:10531000F841010000420100F846010080B594B058
:1053200000AF78607B685B681A463D493D4809F0EC
:105330003CFD07F120033C4A3021184609F07AFD74
:1053400007F120034FF4FC323021184609F0D8FF52
:1053500007F12003354A3021184609F090FD07F186
:1053600020034FF400623021184609F05CFF07F17A
:1053700020032F4A3021184609F081FD07F1200350
:1053800001223021184609F0A6FE07F12003294A20
:105390003021184609F073FD7B685A6807F1200335
:1053A0001946254809F001FD07F120034FF48072EA
:1053B00030211846FEF772FF07F120031F4A302103
:1053C000184609F05CFD7B685A6807F1200319460E
:1053D0001B4809F0EAFC07F10803182219464FF4AC
:1053E000FC3008F0A4FF0346002B07D107F10803A7
:1053F000144A19467868FFF717FF06E07B685B6878
:105400001A4611490F4809F0D0FC104A1049786833
:10541000FFF70AFF002318465037BD4680BD00BF86
:105420000C420100204201002442010030420100F0
:105430003C420100F8460100444201008C3A010060
:105440004C420100584201006042010078420100D4
:10545000CC02002080B598B000AF7860FFF7A4F9C7
:1054600007F12C03182219464FF4FC3008F05FFFB7
:105470000346002B09D07B685B6819463E4809F05B
:105480004BFAFFF7A3F91B2372E0FB6A3B4A9342F6
:1054900048D13B6C7B653A4B3B6507F12C03394A9D
:1054A00019467868FFF7C0FE33E07B6D202B02D9E8
:1054B0002023BB6501E07B6DBB653B6DBA6D07F1D9
:1054C0000C01184608F033FF0346002B06D07B681A
:1054D0005B681946284809F01FFA1DE0BB6D3A6D5C
:1054E00013443B657A6DBB6DD31A7B650023FB6467
:1054F0000BE07B685B6807F10C01FA6C0A441278D8
:1055000010469847FB6C0133FB64BB6DFA6C9A4202
:10551000EFD37B6D002BC8DC7B685B6819461A48AB
:1055200009F0FAF9194B7B64194A796C7868FFF72E
:105530007BFE7B6C1B68114A934216D17B6C18333F
:10554000FB650023BB640BE07B685B68FA6D127837
:1055500010469847FB6D0133FB65BB6C0133BB64A0
:105560007B6C5B69BA6C9A42EED3FFF72FF900238C
:1055700018466037BD4680BD60420100BEBAEDFEF0
:1055800018F8010080420100F8460100CC0200201A
:105590008842010080B584B000AFF860B9607A60DD
:1055A0003549F8680DF0E9FD0346002B06D0334974
:1055B000F8680DF0E2FD0346002B20D17B685B68A4
:1055C0001A462F492F4809F0DEFB7B685B681A46B4
:1055D0002D492E4809F0D7FB7B685B681A462C4999
:1055E0002C4809F0D0FB7B685B681A462A492B4897
:1055F00009F0C9FBBB6801221A70002337E0284973
:10560000F8680DF0BAFD0346002B06D02549F8686E
:105610000DF0B3FD0346002B07D1BB6801221A70C1
:105620007868FFF77BFE034621E01F49F8680DF01C
:10563000A4FD0346002B07D1BB6801221A707868CD
:10564000FFF708FF034612E01849F8680DF095FDD2
:105650000346002B0AD1BB6801221A704FF4006187
:105660004FF4FC30FCF7EEFC034600E00023184644
:105670001037BD4680BD00BFDC3A01008C420100FE
:105680004C370100204201002C3601005036010049
:1056900098420100B0420100B8420100D44201002A
:1056A000EC3A0100DC420100E8420100F442010052
:1056B00080B58EB004AFF860B9607A603B600023BB
:1056C0007B623B68002B05D03B6B002B02DDBB6887
:1056D000002B01D1002331E007F114031946786B48
:1056E000FFF798FC0346002B16D007F114000023A7
:1056F00003933B6B02933B6801934FF0FF3300939E
:105700004FF0FF33BA68F9680AF03BFE786207F1A0
:10571000140318460AF0ECFB7B6A002B0AD17B6865
:10572000002B01D0796800E006493A6B0023386805
:105730000AF0FFFC38680DF064FD03461846283770
:10574000BD4680BDD03C010080B598B002AFF86086
:10575000B9607A603B6007F114023B680193402313
:1057600000931346154AB968F868FFF7A1FF7865FA
:105770007B6D002B1CD07B6D012B10DD7B7D1846D3
:1057800007F0A4FD0346582B09D107F1140310229A
:105790000021184607F016FE034600BF09E007F196
:1057A00014030A220021184607F00CFE034600E00D
:1057B0007B6818465837BD4680BD00BFD03C01000D
:1057C00080B586B000AFF860B9607A60BB68002B26
:1057D00024D0B8680DF015FD0346002B1ED0FB68E1
:1057E0005B221A70FB68581C00233C22B9680AF03F
:1057F000A0FC0021F8680DF0B4FC78617B695A1CAC
:105800007A615D221A70074978690DF0D9FC7B68CE
:10581000002B03D07968F868FFF77AFC00BF1837CF
:10582000BD4680BDF846010080B586B000AFF86087
:10583000B9607A603B6078680AF0C1FE0346FB7588
:1058400000233D22B968F8680AF073FC0021F8686B
:105850000DF087FC38613B695A1C3A613D221A7091
:105860003A69FB68D31AC3F13E031A46FB7D796897
:1058700038690AF05EFC0021F8680DF072FC3861AE
:10588000074938690DF09CFC3B68002B03D0396850
:10589000F868FFF73DFC00BF1837BD4680BD00BF6C
:1058A000F846010080B588B000AFF860B9607A6052
:1058B0003B6033480DF0A5FC03467B610023FB6190
:1058C0004FF0FF33BB61B96A78680AF08AFBFB6866
:1058D00000221A701AE0FB69BB61FB69FA68D018F4
:1058E000FB69C3F140037A6819460AF032FB02E013
:1058F000FB690133FB61BB681B68FA699A4205DAF0
:10590000FB69FA6813441B78002BF1D1BB681B6854
:10591000FA699A4203DAFA69BB699A42DBD1FB68F9
:105920001B78002B0ED0FB69402B02D1FB69013B99
:10593000FB61FB69FA68134400221A703968F86841
:10594000FFF7E6FBB96A78680AF037FBBB6800220C
:105950001A60FA697B699A420DDDFA697B69D31A8C
:10596000FA681344064918460DF007FC0346002B5D
:1059700001D1012300E0002318462037BD4680BD39
:10598000F846010090B5A9B004AFF860B9607A603C
:105990003B6007F16C0319463868FFF73BFB034691
:1059A000002B27D1BB68002B22D07B68002B1FD097
:1059B00007F15C0319463868FFF76CFB0346002BC0
:1059C00001D10023FAE207F15C0207F11403F96840
:1059D0001846FFF7F5FE07F15C0307F114007A683B
:1059E000B968FFF721FF07F15C0318460AF080FA57
:1059F0000123E3E2BB68002B2BD07B68002B28D06F
:105A000007F16C0007F1540303934023029307F15D
:105A1000140301934FF0FF3300934FF0FF33BA6844
:105A2000F9680AF0AEFCC7F88800D7F88830002B78
:105A300034D007F11403796818460DF09EFB034635
:105A4000002B2BD107F16C0318460AF051FA012301
:105A5000B4E2BB68002B22D07B68002B1FD107F17A
:105A60006C00002303934023029307F11403019376
:105A70004FF0FF3300934FF0FF33BA68F9680AF034
:105A800080FCC7F88800D7F88830002B07D107F1D1
:105A90006C0318460AF02CFA01238FE200BF07F1CD
:105AA0006C0318460AF024FA07F1140340223968FF
:105AB00018460AF06BFD07F15C0207F1140311466A
:105AC0001846FFF7E7FA0346002B01D1002375E2E1
:105AD00007F16C0319463868FFF79CFA0346002B60
:105AE00016D107F15C0207F11403F9681846FFF7B5
:105AF00067FE07F15C0307F114007A68B968FFF7E5
:105B000093FE07F15C0318460AF0F2F9012355E20F
:105B100007F1580207F16C03114618460AF04DFAD6
:105B200000233B61FB68002B04D0F8680DF069FB93
:105B3000034600E00023C7F88430D7F88430002BF8
:105B400040F3C28007F16C0207F1140340211846AC
:105B50000AF0FFF90346002B38D107F15C0407F186
:105B60006C0207F1100107F1140007F158030093CC
:105B70002346FFF797FEF867BB68002B1BD07B68B6
:105B8000002B18D0FB6F002B05D107F15C031946E1
:105B9000C248FFF7BDFA07F15C0207F11403F96888
:105BA0001846FFF70DFE07F15C0307F114007A6851
:105BB000B968FFF739FE07F1140307F15C0107F13B
:105BC0006C003A680AF04BFD0346F7E107F1140355
:105BD00018460AF063FAC7F880005D21D7F8800004
:105BE0000DF08DFBC7F88C00D7F880301B785B2B4D
:105BF00005D1D7F88C30002B01D0012300E0002321
:105C0000C7F88830D7F88830002B28D0D7F88030F4
:105C1000013318460AF042FAC7F88000D7F880101E
:105C2000D7F88C000AF051FAC7F88C00D7F88C200E
:105C3000D7F88030D31AD7F884209A420CD1D7F8FD
:105C400084301A46F968D7F880000AF0F5F903465F
:105C5000002B01D1012300E00023C7F88830D7F8DA
:105C60008830002B02D0BB68002B28D007F1100130
:105C700007F11403402218460AF0D2FC0346002B19
:105C80001DD107F15C0407F16C0207F1100107F167
:105C9000140007F1580300932346FFF703FE07F1B2
:105CA0006C0207F11403402118460AF052F907F17B
:105CB000100107F11403402218460AF0B1FCD7F88E
:105CC0008830002B3FF43EAF07F15C0407F16C0213
:105CD00007F1100107F1140007F158030093234660
:105CE000FFF7E0FDBB68002B0FD107F16C0207F155
:105CF0001403402118460AF02CF907F1580207F165
:105D00006C03114618460AF058F9BB68002B04D002
:105D1000B8680DF076FA034600E00023C7F8843037
:105D200007F16C0207F11403402118460AF011F93B
:105D30000346002B30D107F15C0407F16C0207F138
:105D4000100107F1140007F1580300932346FFF7F1
:105D5000A9FDF867BB68002B13D07B68002B10D01F
:105D6000FB6F002B05D107F15C0319464B48FFF789
:105D7000CFF907F15C0307F114007A68B968FFF7FF
:105D800053FD07F1140307F15C0107F16C003A6859
:105D90000AF065FC034611E107F1140318460AF006
:105DA0007DF9C7F880003D21D7F880000DF0D9F9C2
:105DB000C7F88C00D7F88C30002B06D13A21D7F8E1
:105DC00080000DF0CEF9C7F88C00D7F88C30002B8E
:105DD0001ED0D7F88430002B1ADDD7F88010D7F802
:105DE0008C000AF072F90246D7F88030D31AD7F83F
:105DF00084209A420CD1D7F884301A46B968D7F873
:105E000080000AF019F90346002B01D1012300E0BC
:105E10000023C7F88830BB68002B03D0D7F8883040
:105E2000002B3DD1D7F880301B785B2B38D0BB6876
:105E3000002B08D107F1580207F16C0311461846F0
:105E40000AF0BBF86CE707F1100107F114034022D8
:105E500018460AF0E5FB0346002B7FF461AF07F11B
:105E60005C0407F16C0207F1100107F1140007F15F
:105E7000580300932346FFF715FD07F16C0207F165
:105E80001403402118460AF064F807F1100107F1E5
:105E90001403402218460AF0C3FB41E7F84601000C
:105EA000D7F880301B785B2B0CBF01230023DBB2BB
:105EB000FB6707F15C0407F16C0207F1100107F1C1
:105EC000140007F1580300932346FFF7EBFCBB686F
:105ED000002B0AD07B68002B07D007F15C0307F189
:105EE00014007A68B968FFF79FFC07F16C0207F1AC
:105EF0001403402118460AF02CF8FB6F002B08D041
:105F000007F1100107F11403402218460AF088FB3C
:105F100031E007F1580207F16C03114618460AF008
:105F20004CF828E007F1100107F11403402218464D
:105F30000AF076FB0346002B1DD107F15C0407F144
:105F40006C0207F1100107F1140007F158030093E8
:105F50002346FFF7A7FC07F16C0207F11403402169
:105F6000184609F0F6FF07F1100107F1140340226B
:105F700018460AF055FB07F16C0207F114034021A3
:105F8000184609F0E6FF0346002BCBD107F15C046D
:105F900007F16C0207F1100107F1140007F1580333
:105FA00000932346FFF77EFC07F1140307F15C0121
:105FB00007F16C003A680AF052FB03461846943722
:105FC000BD4690BD80B586B000AF786039600023D3
:105FD0007B617B683B617A68204B83FB02139910DD
:105FE000D317C91A0B469B000B445B00D31AFB6006
:105FF000FB68002B05DAFB68DBB2C3F13003DBB2D0
:1060000003E0FB68DBB23033DBB27A69511C7961A3
:1060100011463A680A4413707B68104A82FB0312E7
:106020009210DB17D31A7B607B68002BD3D13B69BE
:10603000002B07DA7B695A1C7A611A463B681344C5
:106040002D221A707B693A68134400221A7038684E
:106050000AF020FB00BF1837BD4680BD6766666644
:1060600080B582B000AF1F4B7B607B6803221A6152
:106070007B6803225A617B681B4A9A617B681B4AD2
:10608000DA617B6820221A627B6800229A627B6850
:1060900000225A627B680022DA627B68124A1A6622
:1060A0007B68134A5A667B6820229A667B680022C6
:1060B0001A677B680022DA667B6800225A677B6871
:1060C00007330C4918460DF07BF87B680A491846DF
:1060D0000DF076F87B6820229A7100BF0837BD4624
:1060E00080BD00BFCC0300200043010074040020E9
:1060F000940400200C4301001043010080B58CB0D3
:1061000000AFF860B9607A603E4B3B623B6A1B7837
:10611000DBB2002B01D1FFF7A3FFFA6813465B0047
:106120001344DB006033374A1344FB61BB687B6276
:10613000FB691B69BB62FB69DB68BB610023FB6217
:10614000BA6ABB699A422BD9FB699A68BB6AD31AAF
:106150007B617A697B68934228BF13467B61FB6948
:106160005A68BB6A13443B617A693969786A0CF0F2
:10617000F2FFFA6A7B691344FB627A6A7B69134413
:106180007B627A687B69D31A7B60BA6A7B69134445
:10619000BB62FB699B68BA6A9A4201D10023BB6269
:1061A000BA69BB6AD31A7B617A697B68934228BF5C
:1061B00013467B617B69002B19D0FB695A68BB6A67
:1061C00013443B617A693969786A0CF0C4FFFA6A52
:1061D0007B691344FB627A6A7B6913447B627A6849
:1061E0007B69D31A7B60BA6A7B691344BB62FB6A22
:1061F000002B02D0FB69BA6A1A61FB6A1846303775
:10620000BD4680BDCC03002080B588B000AFF860EB
:10621000B9607A60BB68BB61FB685A1C13465B00BF
:106220001344DB001F4A13447B617B695B69022BCB
:1062300029D0022B2ED8002B02D0012B13D029E01D
:1062400078690AF00DFB38613A697B689A4202D29C
:106250000023FB6121E07B68FB617A68B96978699A
:106260000AF0BAFA19E078690AF0FAFA38617A683D
:106270003B69934228BF1346FB61FA69B9697869A3
:106280000AF0AAFA09E07A68B96978690AF049FA65
:10629000F86102E00023FB6100BFFB69184620376C
:1062A000BD4680BDCC03002080B588B000AFF8604B
:1062B000B9607A600E4BFB61FB691B78DBB2002B87
:1062C00001D1FFF7CDFEEFF311834FF0500181F3C1
:1062D0001188BB617A68B968F868FFF795FF786143
:1062E000BB6983F311887B6918462037BD4680BDA2
:1062F000CC03002080B584B000AF0E4BBB60BB6800
:106300001B78DBB2002B01D1FFF7AAFE0A4B7B60A2
:106310007B681B693B607B68DB683A689A4202D005
:106320000123FB6001E00023FB60FB681846103787
:10633000BD4680BDCC0300202C04002080B586B073
:1063400000AF7860114B7B617B691B78DBB2002B5F
:1063500001D1FFF785FEEFF311834FF0500181F378
:1063600011883B617B685A1C13465B001344DB00B9
:10637000064A134418460AF073FAF8603B6983F33F
:106380001188FB6818461837BD4680BDCC03002035
:1063900080B58CB000AF7860396000237B62704BB1
:1063A0001B68002B0BD14FF0500383F31188BFF310
:1063B0006F8FBFF34F8FBB6100BF00BFFDE77B68EE
:1063C000002B22D00823DB437A689A421BD808228C
:1063D0007B6813447B607B6803F00703002B14D0B9
:1063E0007B6803F00703C3F108033B623B6ADB43AE
:1063F0007A689A4204D87A683B6A13447B6004E066
:1064000000237B6001E000237B6000F03FFE7B689F
:10641000002BC0F288807B68002B00F08480514BF9
:106420001B687A689A427ED84F4BBB624E4B1B6802
:10643000FB6204E0FB6ABB62FB6A1B68FB62FB6AEF
:106440005B687A689A4203D9FB6A1B68002BF1D11A
:10645000434B1B68FA6A9A4265D0BB6A1B680822E4
:1064600013447B62FB6A1A68BB6A1A60FB6A5B684A
:106470007A689A420BD94FF0500383F31188BFF327
:106480006F8FBFF34F8F7B6100BF00BFFDE7FB6ADB
:106490005A687B68D21A08235B009A4224D9FA6AA8
:1064A0007B681344FB61FB6903F00703002B0BD0EF
:1064B0004FF0500383F31188BFF36F8FBFF34F8FFB
:1064C0003B6100BF00BFFDE7FB6A5A687B68D21AD8
:1064D000FB695A60FB6A7A685A60BB6A1A68FB6992
:1064E0001A60BB6AFA691A601E4B1A68FB6A5B681D
:1064F000D31A1C4A13601B4B1A681C4B1B689A4228
:1065000003D2184B1B68194A1360FB6A5B6843F09F
:106510000042FB6A5A60FB6A00221A60144B1B6837
:106520000133134A136000F0BFFD7B6A002B01D1D9
:106530000BF07AFC7B6A03F00703002B0BD04FF0C3
:10654000500383F31188BFF36F8FBFF34F8FFB604E
:1065500000BF00BFFDE77B6A18463037BD4680BDEF
:10656000BC040020C0040020B4040020C4040020A7
:10657000C804002080B586B000AF78607B687B617E
:106580007B68002B47D008235B427A6913447B6108
:106590007B693B613B695B68002B0BDB4FF0500371
:1065A00083F31188BFF36F8FBFF34F8FFB6000BF82
:1065B00000BFFDE73B691B68002B0BD04FF0500379
:1065C00083F31188BFF36F8FBFF34F8FBB6000BFA2
:1065D00000BFFDE73B695B68002B1CDA3B691B6869
:1065E000002B18D13B695B6823F000423B695A607D
:1065F00000F04CFD3B695A68094B1B681344084A7C
:106600001360386900F01CF8064B1B680133054A1B
:10661000136000F049FD00BF1837BD4680BD00BFC4
:10662000C0040020CC04002080B400AF034B1B68E2
:106630001846BD465DF8047B704700BFC0040020CB
:1066400080B485B000AF7860284BFB6002E0FB6847
:106650001B68FB60FB681B687A689A42F7D8FB6886
:10666000BB60FB685B68BA6813447A689A4208D1D9
:10667000FB685A687B685B681A44FB685A60FB6871
:106680007B607B68BB607B685B68BA681A44FB68A8
:106690001B689A4218D1FB681A68154B1B689A420E
:1066A0000DD07B685A68FB681B685B681A447B687E
:1066B0005A60FB681B681A687B681A6008E00C4B1C
:1066C0001A687B681A6003E0FB681A687B681A60C6
:1066D000FA687B689A4202D0FB687A681A6000BF49
:1066E0001437BD465DF8047B704700BFB40400203A
:1066F000BC04002080B48FB000AF786000233B6200
:1067000000233B630023FB625A4B1B68002B0BD01A
:106710004FF0500383F31188BFF36F8FBFF34F8F98
:106720007B6100BF00BFFDE7FB6ADB007A681344B2
:106730007B627FE07B6A5B687B637B6A1B68BB6212
:10674000BB6A03F00703002B0ED0BB6A0733BB62A2
:10675000BB6A23F00703BB627B6A1B681A46BB6AED
:10676000D31A7A6B13447B63BB6AFB61FB6A002B11
:1067700006D1FB69404A13603F4B00225A6021E07A
:106780003C4B1B68002B0BD14FF0500383F3118857
:10679000BFF36F8FBFF34F8F3B6100BF00BFFDE7BB
:1067A000344B1B681A46BB6A93420BD84FF0500318
:1067B00083F31188BFF36F8FBFF34F8FFB6000BF70
:1067C00000BFFDE72B4B1B68BB61FA697B6B134471
:1067D000BB620822BB6A9B1ABB62BB6A23F0070339
:1067E000BB62BB6A234A1360224B1B6800225A60BB
:1067F000204B1B6800221A60FB693B623B6ABA6A45
:10680000D21A3B6A5A601B4B1A683B6A1A60BB6912
:10681000002B02D0BB693A6A1A603B6A5B683A6B2C
:1068200013443B63FB6A0133FB62FB6ADB007A685B
:1068300013447B627B6A5B68002B7FF47BAF0F4A5B
:106840003B6B13600E4A3B6B13603B6B002B0BD111
:106850004FF0500383F31188BFF36F8FBFF34F8F57
:10686000BB6000BF00BFFDE700BF3C37BD465DF821
:10687000047B7047BC040020B4040020C404002042
:10688000C004002080B483B000AF0346FB7197F9C9
:106890000730002B0BDBFB7903F01F02074997F948
:1068A00007305B09012000FA02F241F8232000BF03
:1068B0000C37BD465DF8047B704700BF00E100E087
:1068C00080B483B000AF03463960FB7197F907309D
:1068D000002B0ADB3B68DAB20C4997F9073012014A
:1068E000D2B20B4483F800230AE03B68DAB20849CD
:1068F000FB7903F00F03043B1201D2B20B441A766A
:1069000000BF0C37BD465DF8047B704700E100E036
:1069100000ED00E080B582B000AF3B46184607F0BE
:1069200055FA3B4619461548FAF7D6FD0F213A208D
:10693000FFF7C6FF3A20FFF7A5FF10480AF067F8F7
:106940001320F9F7DDFE03460D4AA2FB03239B0942
:1069500019460A480AF033F808480AF058F8402166
:1069600006480AF001F805480AF039F840210348C2
:1069700009F0E1FF00BF0837BD4680BD00000440BC
:10698000D34D621080B500AF04480AF028F84021CA
:10699000024809F0D0FF00BF80BD00BF00000440E6
:1069A00080B500AF02480AF032F800BF80BD00BFDA
:1069B0000000044080B400AF054B1B68044A43F458
:1069C0007003136000BFBD465DF8047B704700BFD5
:1069D00088ED00E080B584B000AF294BFB60FB6818
:1069E0001B78DBB2BB60FB68FF221A70FB681B7868
:1069F000DBB2FB71FB79DBB203F05003DAB2214B5F
:106A00001A70214B07221A6009E01F4B1B68013BDB
:106A10001D4A1360FB79DBB25B00DBB2FB71FB79D3
:106A2000DBB203F08003802BEFD0174B1B681B02F7
:106A3000154A1360144B1B6803F4E063124A136099
:106A4000BB68DAB2FB681A70104B1B680F4A43F43C
:106A5000700313600E4B00221A60FFF75BFFFFF715
:106A600091FFFFF7A7FF0B4B1B680A4A43F0404317
:106A7000136000F097F8002318461037BD4680BD1C
:106A800000E400E0B60C0020D004002020ED00E07F
:106A90000C00002034EF00E080B483B000AF4FF072
:106AA000500383F31188BFF36F8FBFF34F8F7B6069
:106AB00000BF124B1B680133104A13600F4B1B6859
:106AC000012B10D10E4B1B68DBB2002B0BD04FF00B
:106AD000500383F31188BFF36F8FBFF34F8F3B6079
:106AE00000BF00BFFDE7BFF34F8FBFF36F8F00BF45
:106AF0000C37BD465DF8047B704700BF0C000020DA
:106B000004ED00E080B483B000AF0A4B1B68013B8A
:106B1000084A1360074B1B68002B05D100237B60DC
:106B20007B6883F3118800BF00BF0C37BD465DF85A
:106B3000047B70470C00002080B400AF064B4FF080
:106B400080521A60BFF34F8FBFF36F8F00BFBD46F7
:106B50005DF8047B704700BF04ED00E080B582B0B3
:106B600000AF80210E4809F019FF4FF0500383F366
:106B70001188BFF36F8FBFF34F8F7B6000BF00F0B2
:106B8000C5FB0346002B01D0FFF7D6FF00233B6077
:106B90003B6883F3118800BF00BF0837BD4680BD46
:106BA0000000044080B400AF114B1B78DBB2002B17
:106BB00001D100BFFDE70F4B1B78642B01D900BF4B
:106BC000FDE74FF060404FF46D4140EA01004FF0A7
:106BD000080140EA01000068006880F3088862B696
:106BE00000DF00BF00BFBD465DF8047B704700BFFB
:106BF0006851010044520100054B19680868B0E86B
:106C0000F04F80F309884FF0000080F3118870473F
:106C1000D404002000BF00BFEFF30980114B1A68B5
:106C20001EF0100F08BF20ED108A20E9F04F106011
:106C30002DE908404FF0500080F3118800F086FCE9
:106C40004FF0000080F31188BDE80840196808681B
:106C5000B0E8F04F1EF0100F08BFB0EC108A80F3C0
:106C600009887047D404002000BF00BF80B485B0FD
:106C700000AFEFF30583FB60FB680F2B15D9184AB3
:106C8000FB6813441B78FB72164B1B78FA7A9A4206
:106C90000BD24FF0500383F31188BFF36F8FBFF314
:106CA0004F8F7B6000BF00BFFDE70F4B1B6803F4F5
:106CB000E0620E4B1B689A420BD94FF0500383F3EE
:106CC0001188BFF36F8FBFF34F8F3B6000BF00BFD2
:106CD000FDE700BF1437BD465DF8047B704700BF79
:106CE000F0E300E0B60C00200CED00E0D004002042
:106CF00080B584B000AF7860FFF7CEFE3E4B1B68D6
:106D000001333D4A13603D4B1B68002B09D13B4AC0
:106D10007B681360384B1B68012B10D100F030FEEC
:106D20000DE0374B1B68002B09D1344B1B68DA6A26
:106D30007B68DB6A9A4202D8304A7B681360314B29
:106D40001B6801332F4A13602E4B1A687B68DA6385
:106D50007B68DA6A2C4B1B689A4203D97B68DB6A32
:106D6000294A13607B68DA6A284913469B0013445A
:106D70009B000B4404331B68FB607B68FA689A60D5
:106D8000FB689A687B68DA60FB689B687A68043203
:106D90005A607B681A1DFB689A607B68DA6A134642
:106DA0009B0013449B00194A1A447B685A617B6814
:106DB000DA6A164913469B0013449B000B441B6878
:106DC000591C124813469B0013449B00034419604E
:106DD000FFF798FE0A4B1B68002B08D0074B1B6877
:106DE000DA6A7B68DB6A9A4201D2FFF7A5FE00BF30
:106DF0001037BD4680BD00BFC0050020D404002070
:106E0000CC050020DC050020C8050020D8040020A7
:106E100080B584B000AF78600023FB607B68002BF6
:106E200018D000F033F9104B1B68012B0BD04FF03A
:106E3000500383F31188BFF36F8FBFF34F8FBB6095
:106E400000BF00BFFDE70021786801F0D3F800F033
:106E50002BF9F860FB68002B01D1FFF76DFE00BF36
:106E60001037BD4680BD00BFE805002080B58AB060
:106E700000AF78607B68FB61FB69002B0BD14FF0A2
:106E8000500383F31188BFF36F8FBFF34F8FBB6045
:106E900000BF00BFFDE7334B1B68FA699A4203D17C
:106EA000002387F8273056E0FFF7F6FDFB695B69A2
:106EB000BB61FB699B6A7B612B4B1B683B612B4B66
:106EC0001B68FB60FFF71EFE7B69294A934203D1D2
:106ED000012387F827303EE0BA693B699A4203D024
:106EE000BA69FB689A4203D1022387F8273032E05F
:106EF000BB69204A934220D1FB699B6A002B18D1C1
:106F0000032387F8273000233B620EE0FA693B6ACF
:106F1000134450331B78DBB2012B03D1022387F8D3
:106F2000273018E03B6A01333B623B6A002BEDDD02
:106F300011E0022387F827300DE0BB690E4A934227
:106F400002D0BB69002B03D1042387F8273002E06D
:106F5000012387F8273097F8273018462837BD4691
:106F600080BD00BFD4040020780500207C050020EF
:106F700080050020AC0500209405002080B588B075
:106F800002AF01237B610023BB600023FB6011E0A3
:106F90001C4AFB68134419783A1DFB6813440A46DF
:106FA0001A703A1DFB6813441B78002B06D0FB684F
:106FB0000133FB60FB68032BEADD00E000BF002328
:106FC0003B6115E0104BBB603B699B000F4A1344CB
:106FD000391D01930023009300232022B8680AF092
:106FE000DEFD78617B69002B06D03B6901333B6194
:106FF0003B69002BE6DD00E000BF7B6918461837CF
:10700000BD4680BD184301005D790000E405002005
:1070100080B584B000AFFFF7B1FFF860FB68012BCB
:1070200016D14FF0500383F31188BFF36F8FBFF376
:107030004F8FBB6000BF114B4FF0FF321A60104BF7
:1070400001221A600F4B00221A60FFF7C3FC0FE009
:10705000FB68B3F1FF3F0BD14FF0500383F311886E
:10706000BFF36F8FBFF34F8F7B6000BF00BFFDE7A3
:10707000054B1B6800BF1037BD4680BDE0050020F2
:10708000CC050020C40500206451010080B400AF8D
:10709000044B1B680133034A136000BFBD465DF813
:1070A000047B7047E805002080B588B000AF00235E
:1070B000FB610023BB61FFF7EFFC00233B61724BD8
:1070C0001B68002B0BD14FF0500383F31188BFF3E3
:1070D0006F8FBFF34F8F3B6000BF00BFFDE76A4B70
:1070E0001B68013B684A1360674B1B68002B40F02C
:1070F000C380664B1B68002B00F0BE808DE0644BA4
:10710000DB68DB68FB61FB699B6AFB60FB69DB6931
:10711000FA69126A9A60FB691B6AFA69D2695A6055
:10712000FB685A68FB6918339A4203D1FB691A6AF3
:10713000FB685A60FB6900229A62FB681B685A1E52
:10714000FB681A60FB695B69BB60FB699B68FA6955
:10715000D2689A60FB69DB68FA6992685A60BB681A
:107160005A68FB6904339A4203D1FB69DA68BB6849
:107170005A60FB6900225A61BB681B685A1EBB68D3
:107180001A60FB69DA6A434B1B689A4203D9FB69B0
:10719000DB6A404A1360FB69DA6A3F4913469B0089
:1071A00013449B000B4404331B687B60FB697A68C3
:1071B0009A607B689A68FB69DA607B689B68FA6909
:1071C00004325A60FB691A1D7B689A60FB69DA6AAF
:1071D00013469B0013449B002F4A1A44FB695A61D3
:1071E000FB69DA6A2C4913469B0013449B000B444D
:1071F0001B68591C284813469B0013449B000344FA
:107200001960FB69DA6A254B1B68DB6A9A4204D96C
:10721000234A3B69012142F823101D4B1B68002BB8
:107220007FF46DAFFB69002B01D000F0A9FC1D4B72
:107230001B687B617B69002B12D000F067F8034666
:10724000002B04D0164A3B69012142F823107B69C8
:10725000013B7B617B69002BEFD1124B00221A604E
:107260000F4A3B6952F82330002B05D00123BB6144
:107270000A4B1B68FFF760FCFFF744FCBB6918462C
:107280002037BD4680BD00BFE8050020C0050020B6
:1072900080050020C8050020D8040020D404002068
:1072A000D4050020D005002080B400AF034B1B683C
:1072B0001846BD465DF8047B704700BFC00500203E
:1072C00080B485B000AF78607B68002B02D10E4B94
:1072D0001B6800E07B68FB60FB68002B0BD14FF064
:1072E000500383F31188BFF36F8FBFF34F8FBB60E1
:1072F00000BF00BFFDE7FB68343318461437BD46B6
:107300005DF8047B704700BFD404002080B58AB0CC
:1073100000AF00237B62824B1B68002B40F0F4809F
:10732000804B1B6801333B627E4A3B6A13603B6AB9
:10733000002B21D17C4B1B681B68002B0BD04FF01E
:10734000500383F31188BFF36F8FBFF34F8F7B60C0
:1073500000BF00BFFDE7744B1B68FB61734B1B68EC
:10736000714A1360714AFB691360714B1B680133EA
:107370006F4A136000F004FC6E4B1B683A6A9A4235
:10738000C0F0A780684B1B681B68002B04D1694BB9
:107390004FF0FF321A609CE0634B1B68DB68DB68D0
:1073A000BB61BB695B687B613A6A7B699A4203D2C5
:1073B000604A7B6913608CE0BB695B693B61BB69B8
:1073C0009B68BA69D2689A60BB69DB68BA699268DF
:1073D0005A603B695A68BB6904339A4203D1BB695E
:1073E000DA683B695A60BB6900225A613B691B68D5
:1073F0005A1E3B691A60BB699B6A002B1ED0BB6991
:107400009B6AFB60BB69DB69BA69126A9A60BB69F7
:107410001B6ABA69D2695A60FB685A68BB6918333B
:107420009A4203D1BB691A6AFB685A60BB690022A1
:107430009A62FB681B685A1EFB681A60BB69DA6AAD
:107440003D4B1B689A4203D9BB69DB6A3A4A136019
:10745000BB69DA6A394913469B0013449B000B440D
:1074600004331B68BB60BB69BA689A60BB689A68E2
:10747000BB69DA60BB689B68BA6904325A60BB6951
:107480001A1DBB689A60BB69DA6A13469B001344F5
:107490009B002A4A1A44BB695A61BB69DA6A2749C8
:1074A00013469B0013449B000B441B68591C234844
:1074B00013469B0013449B0003441960BB69DA6ABE
:1074C0001F4B1B68DB6A9A427FF65CAF01237B622D
:1074D00058E71B4B1B68DA6A184913469B00134494
:1074E0009B000B441B68012B01D901237B62154BC8
:1074F0001B68002B01D100F069FE134B1B68002BA9
:1075000009D001237B6206E00E4B1B6801330D4A54
:10751000136000F05BFE7B6A18462837BD4680BDCD
:10752000E8050020C4050020780500207C05002027
:10753000D8050020E0050020C8050020D804002060
:10754000D4040020D0050020D405002080B584B0EC
:1075500000AF314B1B68002B03D0304B01221A6067
:1075600055E02E4B00221A602D4B1B681A682C4BDD
:107570001B681B6B9A4209D8294B1B683433BB60CC
:10758000274B1B68B96818460AF03CFC254B1B6862
:10759000FB6011E0FB68002B0BD14FF0500383F32D
:1075A0001188BFF36F8FBFF34F8F3B6000BF00BFE9
:1075B000FDE7FB68013BFB601B49FA6813469B0033
:1075C00013449B000B441B68002BE3D0FA6813465E
:1075D0009B0013449B00144A13447B607B685B68E8
:1075E0005A687B685A607B685A687B6808339A429D
:1075F00003D17B68DA687B685A607B685B68DB680C
:10760000074A1360074AFB681360054B1B6800BFFD
:107610001037BD4680BD00BFE8050020D40500201E
:10762000D4040020C8050020D804002080B584B010
:1076300000AF786039607B68002B0BD14FF05003AE
:1076400083F31188BFF36F8FBFF34F8FFB6000BFD1
:1076500000BFFDE7074B1B6818331946786809F02F
:107660004BFA0121386800F0C5FC00BF1037BD4659
:1076700080BD00BFD404002080B48BB000AF786020
:107680007B68DB68DB683B623B6A002B0BD14FF009
:10769000500383F31188BFF36F8FBFF34F8FFB60ED
:1076A00000BF00BFFDE73B6A9B6AFB613B6ADB6989
:1076B0003A6A126A9A603B6A1B6A3A6AD2695A60ED
:1076C000FB695A683B6A18339A4203D13B6A1A6ACB
:1076D000FB695A603B6A00229A62FB691B685A1E6A
:1076E000FB691A604A4B1B68002B5FD13B6A5B69E0
:1076F0007B613B6A9B683A6AD2689A603B6ADB6846
:107700003A6A92685A607B695A683B6A04339A42C3
:1077100003D13B6ADA687B695A603B6A00225A618E
:107720007B691B685A1E7B691A603B6ADA6A394BAF
:107730001B689A4203D93B6ADB6A364A13603B6A8C
:10774000DA6A354913469B0013449B000B4404330B
:107750001B683B613B6A3A699A603B699A683B6A7D
:10776000DA603B699B683A6A04325A603B6A1A1DC8
:107770003B699A603B6ADA6A13469B0013449B009C
:10778000254A1A443B6A5A613B6ADA6A224913461F
:107790009B0013449B000B441B68591C1E48134656
:1077A0009B0013449B00034419601BE01B4B5B6868
:1077B000BB613B6ABA69DA61BB699A683B6A1A6263
:1077C000BB699B683A6A18325A603B6A03F1180237
:1077D000BB699A603B6A114A9A62104B1B6801337D
:1077E0000E4A13603B6ADA6A0D4B1B68DB6A9A42E9
:1077F00005D901237B620B4B01221A6001E00023B3
:107800007B627B6A18462C37BD465DF8047B704767
:10781000E8050020C8050020D804002080050020CD
:10782000D4040020D405002080B483B000AF786079
:10783000064B1A687B681A60054B1A687B685A60A9
:1078400000BF0C37BD465DF8047B7047D8050020AB
:10785000C405002080B588B000AF786039607B68CF
:10786000002B0BD14FF0500383F31188BFF36F8FC0
:10787000BFF34F8F3B6100BF00BFFDE73B68002BAC
:107880000BD14FF0500383F31188BFF36F8FBFF319
:107890004F8FFB6000BF00BFFDE7FFF7FDF8264BF1
:1078A0001B68BB617B685B68BA69D31A7B61234B39
:1078B0001B6893F85130002B07D0204B1B68002227
:1078C00083F851200123FB612EE03B681B68B3F174
:1078D000FF3F02D10023FB6126E07B681A68184B4A
:1078E0001B689A420AD07B685B68BA699A4205D3E2
:1078F0000123FB613B6800221A6015E03B681B68AE
:107900007A699A420BD23B681A687B69D21A3B6843
:107910001A607868FFF788FF0023FB6104E03B688A
:1079200000221A600123FB61FFF7ECF8FB6918469F
:107930002037BD4680BD00BFC4050020D404002010
:10794000D805002080B400AF034B01221A6000BFAD
:10795000BD465DF8047B7047D405002080B582B039
:1079600000AF786000F04CF8044B1B68012B01D984
:10797000FFF7E2F80AF068FAF4E700BFD804002045
:1079800080B582B000AF00237B600CE07A681346BC
:107990009B0013449B00124A1344184609F07FF8D9
:1079A0007B6801337B607B68052BEFD90D4809F0BC
:1079B00076F80D4809F073F80C4809F070F80C4897
:1079C00009F06DF80B4809F06AF80B4B054A1A608C
:1079D0000A4B054A1A6000BF0837BD4680BD00BF8C
:1079E000D8040020500500206405002080050020F8
:1079F00094050020AC050020780500207C050020BF
:107A000080B582B000AF19E0FFF746F8104BDB6895
:107A1000DB687B607B680433184609F0A6F80D4BE1
:107A20001B68013B0B4A13600B4B1B68013B0A4A66
:107A30001360FFF767F878680AF084F9064B1B6853
:107A4000002BE1D100BF00BF0837BD4680BD00BF9D
:107A500094050020C0050020A805002080B586B050
:107A600000AFF860B9607A60FB70FB68002B02D150
:107A7000414B1B6800E0FB683B61BB683A691A60D8
:107A80003B6903F13402BB685A603B69DA6ABB6840
:107A90001A613B691A6BBB68DA613B691A68BB689B
:107AA0001A623B699A6BBB685A623B69DA6BBB68C6
:107AB0009A603B695A6CBB685A61BB6800229A6144
:107AC000FB78052B3CD02C4B1B683A699A4203D1BA
:107AD000BB6800221A733AE0BB68FA781A73FB7825
:107AE000032B20D1FFF7D2FA3B699B6A002B03D00E
:107AF000BB6802221A7314E000237B610EE03A692E
:107B00007B69134450331B78DBB2012B03D1BB6874
:107B100002221A7305E07B6901337B617B69002BCC
:107B2000EDDDFFF7C1FAFEF7B7FF3B699B6A134A29
:107B3000934202D1BB6801221A73FEF7E3FF06E00D
:107B40003869FFF793F903461A46BB681A737B68D6
:107B5000002B09D03B691B6B18460AF0D7F8034687
:107B60001A46BB681A8502E0BB6800221A8500BF6E
:107B70001837BD4680BD00BFD4040020800500201A
:107B800080B400AF0A4B1B681B68002B04D1094B63
:107B90004FF0FF321A6005E0054B1B68DB681B687D
:107BA000044A136000BFBD465DF8047B704700BF08
:107BB00078050020E005002080B483B000AF054BBD
:107BC0001B687B607B6818460C37BD465DF8047BFC
:107BD000704700BFD404002080B483B000AF0B4BCB
:107BE0001B68002B02D101237B6008E0084B1B6857
:107BF000002B02D102237B6001E000237B607B68C5
:107C000018460C37BD465DF8047B7047CC05002054
:107C1000E805002080B586B000AF78607B683B61E6
:107C200000237B617B68002B7BD03B69DA6A3F4B8A
:107C30001B68DB6A9A426BD23B699B6903F4004381
:107C4000002B06D1394B1B68DB6AC3F106023B6986
:107C50009A613B6959693B69DA6A13469B00134490
:107C60009B00334A134499424AD13B690433184676
:107C700008F07BFF2D4B1B68DA6A3B69DA623B69CF
:107C8000DA6A2C4B1B689A4203D93B69DB6A294AA2
:107C900013603B69DA6A264913469B0013449B0034
:107CA0000B4404331B68FB603B69FA689A60FB680D
:107CB0009A683B69DA60FB689B683A6904325A60EB
:107CC0003B691A1DFB689A603B69DA6A13469B00A0
:107CD00013449B00164A1A443B695A613B69DA6AAD
:107CE000134913469B0013449B000B441B68591C0B
:107CF0000F4813469B0013449B000344196004E0A3
:107D00000A4B1B68DA6A3B69DA6201237B6108E08F
:107D10003B695A6C054B1B68DB6A9A4201D201230E
:107D20007B617B6918461837BD4680BDD4040020AE
:107D3000D8040020C805002080B588B000AF786066
:107D40007B68BB610023FB617B68002B00F08180B6
:107D5000424B1B68BA699A420BD04FF0500383F331
:107D60001188BFF36F8FBFF34F8F3B6100BF00BF20
:107D7000FDE7BB699B6C002B0BD14FF0500383F3E5
:107D80001188BFF36F8FBFF34F8FFB6000BF00BF41
:107D9000FDE7BB699B6C5A1EBB699A64BB69DA6AD2
:107DA000BB695B6C9A4254D0BB699B6C002B50D171
:107DB000BB690433184608F0D8FEBB695A6CBB692E
:107DC000DA62BB69DB6AC3F10602BB699A61BB690F
:107DD000DA6A234B1B689A4203D9BB69DB6A204AE3
:107DE0001360BB69DA6A1F4913469B0013449B006A
:107DF0000B4404331B687B61BB697A699A607B69B9
:107E00009A68BB69DA607B699B68BA6904325A6018
:107E1000BB691A1D7B699A60BB69DA6A13469B00CD
:107E200013449B000F4A1A44BB695A61BB69DA6A62
:107E30000C4913469B0013449B000B441B68591CC0
:107E4000084813469B0013449B0003441960012318
:107E5000FB61FB6918462037BD4680BDD404002075
:107E6000C8050020D804002080B58AB000AF786033
:107E700039607B683B620123FB617B68002B00F06B
:107E800097803B6A9B6C002B0BD14FF0500383F320
:107E90001188BFF36F8FBFF34F8F3B6100BF00BFEF
:107EA000FDE73B6A5B6C3A689A4202D93B687B62A9
:107EB00002E03B6A5B6C7B623B6ADB6A7A6A9A42ED
:107EC00076D03B6A9B6CFA699A4271D13A4B1B6837
:107ED0003A6A9A420BD14FF0500383F31188BFF3F3
:107EE0006F8FBFF34F8FFB6000BF00BFFDE73B6AA2
:107EF000DB6ABB613B6A7A6ADA623B6A9B6903F4BC
:107F00000043002B04D17B6AC3F106023B6A9A61ED
:107F10003B6A5969BA6913469B0013449B00274A80
:107F20001344994244D13B6A0433184608F01DFEBD
:107F30003B6ADA6A224B1B689A4203D93B6ADB6AC6
:107F40001F4A13603B6ADA6A1C4913469B001344BC
:107F50009B000B4404331B687B613B6A7A699A601F
:107F60007B699A683B6ADA607B699B683A6A04328B
:107F70005A603B6A1A1D7B699A603B6ADA6A13464B
:107F80009B0013449B000D4A1A443B6A5A613B6AAA
:107F9000DA6A0A4913469B0013449B000B441B6892
:107FA000591C064813469B0013449B000344196068
:107FB00000BF2837BD4680BDD4040020D80400206F
:107FC000C805002080B483B000AF094B1B687B60FC
:107FD0007B68002B04D07B689B6C5A1C7B689A647E
:107FE0007B6818460C37BD465DF8047B704700BFC0
:107FF000D404002080B588B000AF78603960324B7F
:108000001B68FB61314B1B68BB61314B1B687B619B
:10801000304B1B68002283F851202E4B1B68043321
:10802000184608F0A2FD7B68B3F1FF3F24D13B68FE
:10803000002B21D0284B5B683B61264B1B683A69BB
:108040009A60244B1B683A699268DA60214B1A687F
:108050003B699B6804325A601E4B1B681A1D3B69C2
:108060009A601C4B1B681C4A5A611B4B1B680133EE
:10807000194A136000BF22E0FA697B681344FB6071
:10808000144B1B68FA685A60FA68FB699A4207D277
:10809000104B1B6804331946786908F02DFD0EE07B
:1080A0000C4B1B6804331946B86908F025FD0B4BCF
:1080B0001B68FA689A4202D2084AFB68136000BF44
:1080C0002037BD4680BD00BFC405002078050020D4
:1080D0007C050020D4040020AC050020E005002031
:1080E00080B584B000AF786039600623FB60002360
:1080F000BB60FEF7CBFFFB68013BFB60FA681346F1
:108100009B0013449B00184A981807F108033A682B
:10811000796809F027FEFB68002BECD1134B186837
:1081200007F108033A68796809F01CFE104B1868DB
:1081300007F108033A68796809F014FE07F10803AB
:108140003A6879680B4809F00DFE07F108033A68B0
:108150007968094809F006FEFEF7A6FFBB681846D5
:108160001037BD4680BD00BFD80400207805002030
:108170007C050020AC0500209405002080B586B069
:1081800000AFF860B9607A603B60FEF785FCFB6881
:10819000002B02D10C4B1B6800E0FB687B617B6904
:1081A0009A6BBB681A607B691A6B7B681A607B6983
:1081B0001A683B681A603B6A00221A70FEF7A2FC3C
:1081C00000BF1837BD4680BDD404002080B500AF85
:1081D000074B1B680133064A1360054B1B68092BCC
:1081E00004DDFBF763FA024B00221A6000BF80BD7A
:1081F000EC05002080B500AFAA21024809F02AFE54
:1082000000BF80BD00E0074080B485B000AF78605B
:108210000B46FB707B681B0CFB737B681B0ABB73F4
:108220007B687B73FB7BFA7802FB03F3124AA2FBA9
:108230000323DB09FB73BB7BFA7802FB03F30E4AD3
:10824000A2FB0323DB09BB737B7BFA7802FB03F3FE
:10825000094AA2FB0323DB097B73FB7B1A04BB7B6C
:108260001B021A437B7B13437B607B6818461437E1
:10827000BD465DF8047B70478180808080B487B004
:1082800000AFF860B96011461A460B46FB71134601
:10829000BB71FB68042B05D9FB68062B02D8BB68B1
:1082A000272B01D90223B6E0BA6813465B001344BA
:1082B000DB007B6100233B6133E097F90630002B44
:1082C00012DA584A7B6913441B785AB20121FB68C1
:1082D00001FA03F35BB213435BB2D9B2514A7B6933
:1082E00013440A461A7013E04E4A7B6913441B7804
:1082F0005AB20121FB6801FA03F35BB2DB435BB2C4
:1083000013405BB2D9B2474A7B6913440A461A70DC
:10831000BB795B00BB717B6901337B613B690133D6
:108320003B613B69072BC8DD00233B6133E097F9D4
:108330000730002B12DA3B4A7B6913441B785AB290
:108340000121FB6801FA03F35BB213435BB2D9B2BC
:10835000344A7B6913440A461A7013E0314A7B6938
:1083600013441B785AB20121FB6801FA03F35BB294
:10837000DB435BB213405BB2D9B22A4A7B69134438
:108380000A461A70FB795B00FB717B6901337B61E4
:108390003B6901333B613B69072BC8DD00233B612F
:1083A00035E097F92030002B12DA1E4A7B6913441E
:1083B0001B785AB20121FB6801FA03F35BB2134345
:1083C0005BB2D9B2174A7B6913440A461A7013E0AC
:1083D000144A7B6913441B785AB20121FB6801FAE5
:1083E00003F35BB2DB435BB213405BB2D9B20D4A1D
:1083F0007B6913440A461A7097F820305B0087F8AF
:1084000020307B6901337B613B6901333B613B6910
:10841000072BC6DD002318461C37BD465DF8047BDC
:10842000704700BFF005002080B489B000AFF8604D
:10843000B9607A603B60FB68042B05D9FB68062BAA
:1084400002D8BB68272B01D9022372E000237B7678
:108450007B7EBB76BB7EFB76BA6813465B0013441B
:10846000DB00FB6100237B6118E0BB7E5B00BB7619
:10847000334AFB6913441B781A46FB6842FA03F33C
:1084800003F00103002B03D0BB7E43F00103BB7656
:10849000FB690133FB617B6901337B617B69072BDE
:1084A000E3DD00237B6118E0FB7E5B00FB76244A62
:1084B000FB6913441B781A46FB6842FA03F303F086
:1084C0000103002B03D0FB7E43F00103FB76FB6925
:1084D0000133FB617B6901337B617B69072BE3DD42
:1084E00000237B6118E07B7E5B007B76144AFB698E
:1084F00013441B781A46FB6842FA03F303F00103A6
:10850000002B03D07B7E43F001037B76FB690133B4
:10851000FB617B6901337B617B69072BE3DD7B6852
:10852000FA7E1A703B68BA7E1A70BB6A7A7E1A703D
:10853000002318462437BD465DF8047B704700BF12
:10854000F005002080B500AF4FF4707200210348A1
:108550000AF003FE0023184680BD00BFF00500208E
:1085600080B500AF044B4FF47071184600F02EFF39
:108570000346184680BD00BFF005002080B58AB0D4
:1085800000AF78607B685B681A463F493F4806F059
:108590000CFC07F10803022220211846FBF77EFE9F
:1085A00007F108033A4A2021184606F068FC7B6868
:1085B0005A6807F108031946364806F0F6FB07F13A
:1085C0000803052220211846FBF768FE07F108037F
:1085D0002F4A2021184606F052FC7B685A6807F1A2
:1085E000080319462C4806F0E0FB07F108030622B1
:1085F00020211846FBF752FE07F10803244A2021E8
:10860000184606F03CFC7B685A6807F108031946D7
:10861000224806F0CAFB07F1080328222021184649
:10862000FBF73CFE07F10803194A2021184606F023
:1086300026FC7B685A6807F108031946184806F0BB
:10864000B4FB07F10803502220211846FBF726FE51
:1086500007F108030E4A2021184606F010FC7B683B
:108660005A6807F1080319460E4806F09EFB7B681E
:108670005B681A460C490D4806F097FB0023184624
:108680002837BD4680BD00BF2043010038430100AC
:10869000F84601003C4301004843010054430100F7
:1086A00060430100704301007C43010084430100EA
:1086B00080B58AB000AFF860B9607A60002387F8AF
:1086C00027307049F8680AF058FD0346002B06D0A1
:1086D0006D49F8680AF051FD0346002B27D17B68ED
:1086E0005B681A4669496A4806F04DFB7B685B681F
:1086F0001A466849684806F046FB7B685B681A467C
:108700006649674806F03FFB7B685B681A46654927
:10871000654806F038FB7B685B681A466349644825
:1087200006F031FBBB6801221A700023A5E0614905
:10873000F8680AF022FD0346002B06D05E49F8686F
:108740000AF01BFD0346002B07D1BB6801221A70FB
:108750007868FFF713FF03468FE05849F8680AF07E
:108760000CFD0346002B08D1FFF7ECFEFFF7F8FEE7
:10877000BB6801221A7000237FE00B225049F86881
:108780000AF066FD0346002B1FD1BB6801221A7058
:10879000FB680B33BB6107F1140207F118031146A4
:1087A000184607F06FF9034687F8273097F8273007
:1087B000002B02D097F827305FE07B69184609F05C
:1087C000C9FBFFF7CDFE002357E008223D49F868BA
:1087D0000AF03EFD0346002B4DD1BB6801221A7002
:1087E000FB680833BB6107F1200207F1180311464B
:1087F000184606F0EBFD034687F8273097F8273038
:10880000002B36D13B6A042B33DD3B6A062B30DC70
:1088100007F11C0207F118031146184606F0D6FDB1
:10882000034687F8273097F82730002B21D1FB69C2
:10883000002B1EDBFB69272B1BDC07F1140207F161
:1088400018031146184607F01DF9034687F827302C
:1088500097F82730002B02D097F827300DE03B6ABD
:108860001846FB6919467B691A4609F00EFBFFF7AB
:1088700077FE002301E097F8273018462837BD46D9
:1088800080BD00BFDC3A0100904301009C43010021
:10889000384301002C36010050360100B44301007A
:1088A000C8430100D4430100F4430100084401001F
:1088B0003C440100EC3A01005844010064440100CA
:1088C000744401008044010080B582B000AF78603C
:1088D0001422044978680AF03EFC00BF0837BD4600
:1088E00080BD00BF7851010080B489B000AFF8604E
:1088F000B9607A60BB68002B0ADABB6803F587535E
:10890000BB607B6803F587537B60FB682833FB60A3
:10891000FB68002B02DAFB682833FB60FB686C22E3
:1089200002FB03F3BB61BB696B337B61BA69BB6854
:108930009A4205DBBA697B689A4201DCBB69BB607D
:108940007A69BB689A4205DB7A697B689A4201DCE6
:108950007B697B607A69BB689A4214DBBA697B6881
:108960009A4210DC7A68BB68D31A01333B613A69DA
:1089700013461B029B1A084A82FB03125211DB1793
:10898000D31AFB6101E00023FB61FB691846243721
:10899000BD465DF8047B7047F712DA4B90B58DB099
:1089A00002AFF860B9607A60FB70FB683633FB6039
:1089B000FB68002B14DAFB685B42FB60FB689A4A99
:1089C00082FB03121A441113DA178A1A4FF48751E3
:1089D00001FB02F29B1AFB60FB68C3F58753FB6047
:1089E000FB68914A82FB03121A441113DA178A1AA0
:1089F0004FF4875101FB02F29B1AFB60FB688B4A24
:108A000082FB03125211DB17D31A3B623B6A581EDA
:108A1000FB68A3F13601FB6835331A46FFF764FFA4
:108A200003463B61FB68A3F13601FB6835331A4608
:108A3000386AFFF759FF03467B613B6A581CFB68A5
:108A4000A3F13601FB6835331A46FFF74DFF0346A5
:108A5000BB613B69BA6B02FB03F3754A82FB0312ED
:108A60001A44D211DB17D31AFB773B69FA6B02FB6E
:108A700003F36F4A82FB03121A44D211DB17D31A95
:108A8000BB773B693A6C02FB03F3694A82FB031232
:108A90001A44D211DB17D31A7B773B6A013B7B6206
:108AA0007B6A002B01DA27237B62FB7883F00103CA
:108AB000DBB2002B06D07B6A002B03D07B6AC3F1AC
:108AC00028037B62FB7F002B05D1BB7F002B02D1EB
:108AD0007B7F002B0CD0B8687A687B6A13441C46F5
:108AE000B97FFA7F7B7F00930B462146FFF7C6FBD9
:108AF0007B69BA6B02FB03F34D4A82FB03121A44F3
:108B0000D211DB17D31AFB777B69FA6B02FB03F3F5
:108B1000474A82FB03121A44D211DB17D31ABB77E0
:108B20007B693A6C02FB03F3414A82FB03121A444D
:108B3000D211DB17D31A7B773B6A7B62FB7883F019
:108B40000103DBB2002B06D07B6A002B03D07B6ACB
:108B5000C3F128037B62FB7F002B05D1BB7F002B79
:108B600002D17B7F002B0CD0B8687A687B6A1344F3
:108B70001C46B97FFA7F7B7F00930B462146FFF7A7
:108B80007DFBBB69BA6B02FB03F3294A82FB03122C
:108B90001A44D211DB17D31AFB77BB69FA6B02FBBD
:108BA00003F3234A82FB03121A44D211DB17D31AB0
:108BB000BB77BB693A6C02FB03F31D4A82FB0312CD
:108BC0001A44D211DB17D31A7B773B6A01337B62DD
:108BD0007B6A272B01DD00237B62FB7883F0010396
:108BE000DBB2002B06D07B6A002B03D07B6AC3F17B
:108BF00028037B62FB7F002B05D1BB7F002B02D1BA
:108C00007B7F002B0CD0B8687A687B6A13441C46C3
:108C1000B97FFA7F7B7F00930B462146FFF72EFB3F
:108C200000BF2C37BD4690BD49D6B9F2F712DA4BDA
:108C30008180808080B586B000AFF860B9607A60CE
:108C4000FB687B61294A7968B86806F018F97B6986
:108C50001B7C002B01D0264B00E0264B1A4679687E
:108C6000B86806F00CF97B695B7C1A047B699B7C15
:108C70001B0213437A69D27C13433B611E4A796815
:108C8000B86806F0FCF83A697968B86806F002FB43
:108C90001A4A7968B86806F0F2F87B695B681A4688
:108CA0007968B86806F07AFB154A7968B86806F002
:108CB000E6F87B699B681A467968B86806F06EFB2F
:108CC000104A7968B86806F0DAF87B691B78002BDF
:108CD00001D0074B00E0074B1A467968B86806F0E8
:108CE000CEF800BF1837BD4680BD00BF8C440100E0
:108CF000984401009C440100A0440100AC440100E0
:108D0000B8440100C444010080B586B000AFF860EB
:108D1000B9607A60FB687B61144A7968B86806F0CC
:108D2000AEF87B691B7B002B01D0114B00E0114B8F
:108D30001A467968B86806F0A2F87B695B7B1A046A
:108D40007B699B7B1B0213437A69D27B13433B6194
:108D5000094A7968B86806F092F83A697968B8689B
:108D600006F098FA00BF1837BD4680BD8C4401005C
:108D7000984401009C440100A044010080B483B0E9
:108D800000AF03463960FB7197F90730002B0ADB0F
:108D90003B68DAB20C4997F907301201D2B20B44A2
:108DA00083F800230AE03B68DAB20849FB7903F054
:108DB0000F03043B1201D2B20B441A7600BF0C37EA
:108DC000BD465DF8047B704700E100E000ED00E087
:108DD00080B400AF1B4B1B6803F08003002B05D051
:108DE000184B1B68174A23F080031360154BDB6890
:108DF00003F08003002B05D0124BDB68114A23F0EF
:108E00008003D3600F4B5B6903F08003002B05D018
:108E10000C4B5B690B4A23F080035361094BDB6900
:108E200003F08003002B05D0064BDB69054A23F0D5
:108E30008003D361BFF34F8F00BF00BFBD465DF815
:108E4000047B70470080034080B500AF234809F0E1
:108E5000E4F9234B00221A60214B1B68204A23F0BF
:108E6000980313601E4B1B681D4A23F08703136091
:108E70001B4B00225A601A4B3C229A60184B10225E
:108E8000DA60174B10225A61154B1022DA61144B2D
:108E90000A221A61124B1A229A61114B33221A626A
:108EA0000F4BDB6843F040030D4A23F08003D3608F
:108EB0000B4B5B6943F04003094A23F08003536185
:108EC000074BDB6943F04003054A23F08003D3617D
:108ED00000212A20FFF752FF00BF80BD18003C1080
:108EE0000080034080B400AF134B00225A60124B45
:108EF000DB6843F04003104A23F08003D3600E4B3D
:108F00005B6943F040030C4A23F0800353610A4B32
:108F1000DB6943F04003084A23F08003D361064B2A
:108F20001B6823F09803044A43F00803136000BF52
:108F3000BD465DF8047B70470080034080B400AFFD
:108F4000174B1B68164A23F098031360144BDB6819
:108F5000134A23F0C003D360114B5B69104A23F01E
:108F6000C00353610E4BDB690D4A23F0C003D3618C
:108F70000B4BDB680A4A23F08003D360084B5B6924
:108F8000074A23F080035361054BDB69044A23F051
:108F90008003D36100BFBD465DF8047B704700BF0E
:108FA0000080034080B582B000AF00237B6061E0A9
:108FB000B64A7B6880335B01134400221A60B34ACF
:108FC0007B6880335B011344043300221A80AF4A6C
:108FD0007B6880335B011344063300221A80AB4A5E
:108FE0007B685B01134403F58053083300221A6049
:108FF000A64A7B685B01134403F580530C330022BF
:109000001A60A24A7B685B01134403F58053103356
:1090100000221A609D4A7B685B01134403F580536C
:10902000143300221A80994A7B685B01134403F5CC
:109030008053163301221A80944A7B685B011344E3
:1090400003F58053183300221A60904A7B685B0155
:10905000134403F580531C3300221A808B4A7B682B
:109060005B01134403F580531E3301221A807B6891
:1090700001337B607B68022B9ADD844B1B68834A3B
:1090800043F080031360814B03F580531A4601239C
:1090900093607E4B03F580531A46012393627B4B0A
:1090A00003F580531A4601239364784B03F58053EC
:1090B000DB889BB2754AC3F30A0399B202F5805369
:1090C0000A46DA80714B03F58053DB8C9BB26F4A02
:1090D000C3F30A0399B202F580530A46DA846B4B54
:1090E00003F58053B3F846309BB2684AC3F30A03D2
:1090F00099B202F580530A46A3F84620634B03F564
:10910000805300229A80614B03F5805301229A8498
:109110005E4B03F580530022A3F844205B4B03F51C
:109120008053DB889BB2594A23F4E06399B202F57D
:1091300080530A46DA80554B03F58053DB8C9BB293
:10914000524A23F4E06399B202F580530A46DA8466
:109150004E4B03F58053B3F846309BB24B4A23F491
:10916000E06399B202F580530A46A3F846204848C6
:1091700009F053F8454B03F580531A46454B1361EC
:10918000424B03F580531A46434B13633F4B03F5A1
:1091900080531A46414B13653C4B03F58053DB88E3
:1091A0009BB23A4A23F0F80399B202F580530A467B
:1091B000DA80364B03F58053DB8C9BB2334A23F0C5
:1091C000F80399B202F580530A46DA842F4B03F56F
:1091D0008053B3F846309BB22C4A23F0F80399B27F
:1091E00002F580530A46A3F84620284B03F5805326
:1091F00000229A82254B03F5805300229A86234B46
:1092000003F580530022A3F85420204B03F580532C
:10921000DB889BB21D4A23F0070399B202F5805305
:109220000A46DA80194B03F58053DB8C9BB2174A50
:1092300023F0070399B202F580530A46DA84134BF0
:1092400003F58053B3F846309BB2104A23F007036E
:1092500099B202F580530A46A3F846200B4B03F55A
:1092600080539B8B9BB21BB243F008031AB2074B8F
:1092700092B203F580539A83044B03F580539B8F7E
:109280009BB21BB243F008030AE000BF008000401D
:109290000C00381084F00F4080F00F4088F00F4031
:1092A0001AB2484B92B203F580539A87454B03F5A7
:1092B0008053B3F85C309BB21BB243F008031AB280
:1092C000404B92B203F58053A3F85C203E48F7F779
:1092D00035FC3D4B1B78DBB23B4A03F07F03DBB22E
:1092E0001370394B5B78DBB2374A03F07F03DBB294
:1092F0005370354B9B78DBB2334A03F07F03DBB20C
:109300009370314B1B78DBB22F4A23F04003DBB262
:1093100013702D4B5B78DBB22B4A23F04003DBB29A
:109320005370294B9B78DBB2274A23F04003DBB212
:109330009370254B1B78DBB25BB223F03F035BB22B
:1093400043F014035AB2204BD2B21A701E4B5B7812
:10935000DBB25BB223F03F035BB243F015035AB2BA
:10936000194BD2B25A70184B9B78DBB25BB223F028
:109370003F035BB243F016035AB2134BD2B29A705A
:10938000114B1B78DBB25BB263F07F035AB20E4B1A
:10939000D2B21A700C4B5B78DBB25BB263F07F0326
:1093A0005AB2094BD2B25A70074B9B78DBB25BB210
:1093B00063F07F035AB2044BD2B29A7000BF0837F1
:1093C000BD4680BD008000400010024080B586B0E0
:1093D00000AF786039609E4B00221A779C4B0122C7
:1093E0001A779B4B02221A77994A9A4B02F58052C0
:1093F0001360974B03F580531A467B681362944AB7
:10940000944B02F580521364914B03F58053DB8A31
:109410009BB21BB223F4FF4323F07F031AB23B68D5
:109420001BB213431AB28A4B92B203F58053DA820D
:10943000874B03F58053DB8E9BB21BB223F4FF43B3
:1094400023F07F031AB23B681BB213431AB2804B5E
:1094500092B203F58053DA867D4B03F58053B3F85F
:1094600056309BB21BB223F4FF4323F07F031AB2A2
:109470003B681BB213431AB2754B92B203F580538B
:10948000A3F85620724B03F58053DB8B9BB21BB2C3
:1094900023F4FF4323F07F031AB23B681BB213434C
:1094A0001AB26B4B92B203F58053DA83684B03F523
:1094B0008053DB8F9BB21BB223F4FF4323F07F0367
:1094C0001AB23B681BB213431AB2614B92B203F556
:1094D0008053DA875E4B03F58053B3F85E309BB25E
:1094E0001BB223F4FF4323F07F031AB23B681BB285
:1094F00013431AB2564B92B203F58053A3F85E2081
:10950000554B00225A60544BFF221A65524B1B6880
:10951000514A23F080031360504B1B78DBB25BB2DF
:1095200063F07F035AB24D4BD2B21A704B4B5B784B
:10953000DBB25BB263F07F035AB2484BD2B25A70CF
:10954000464B9B78DBB25BB263F07F035AB2434B6E
:10955000D2B29A703E4B0222DA763D4B0122DA7685
:109560003B4B0022DA763C4BFF221A653A4B1B68D4
:10957000394A23F080031360374BDB6843F0010363
:10958000354A23F08003D360334B5B6943F001031A
:10959000314A23F0800353612F4BDB6943F0010311
:1095A0002D4A23F08003D361FFF79CFC0023FB7559
:1095B0000A20F9F7F5FF0346BB75BB7D1846FAF79D
:1095C00051F80346002B02D00123FB7526E0204B07
:1095D00003F580539B8B9BB203F080033B611C4BD4
:1095E00003F580539B8F9BB203F08003FB60184B05
:1095F00003F58053B3F85C309BB203F08003BB608B
:109600003B69002B05D0FB68002B02D0BB68002B08
:1096100003D10120FDF7FCFBCFE700BFFFF78EFC75
:10962000BB7D1846F9F7FAFF0D4B1B68322202FB8F
:1096300003F30C4A934225D9094B1B68322202FBE3
:1096400003F3094A934211D206F055FA1AE000BF1B
:10965000008000404552010000800340001002409D
:10966000080000203F420F00C0D8A7001F4B1B6816
:10967000322202FB03F31E4AA2FB03239B0C184673
:10968000FAF722FF1B4B1B78DBB21A4A03F07F0369
:10969000DBB21370174B5B78DBB2164A03F07F0323
:1096A000DBB25370134B9B78DBB2124A03F07F039B
:1096B000DBB29370104BDB680F4A23F08103D36059
:1096C0000D4B5B690C4A23F0810353610A4BDB6944
:1096D000094A23F08103D361FB7D002B01D00823CD
:1096E00000E0002318461837BD4680BD0800002062
:1096F00083DE1B43001002400080034080B582B02F
:1097000000AF786024220449786809F024FD00BF86
:109710000837BD4680BD00BF8C51010080B400AF4A
:10972000034B1B681846BD465DF8047B704700BFBD
:10973000B009002080B483B000AF7860044A7B6831
:10974000136000BF0C37BD465DF8047B704700BF57
:10975000B009002080B582B000AF084B1B683A1DED
:109760001146184607F098FD7B68012B0CBF0123BA
:109770000023DBB218460837BD4680BDB40900207F
:1097800080B500AF044B186800230022002107F0C9
:10979000B2FB00BF80BD00BFB409002080B584B01B
:1097A00000AF78606420FDF733FBFEF7CBFEFEF7D9
:1097B000D7FE4FF4FA70FDF72BFB012009F0CEF82D
:1097C00000F090F8F860F86809F014F90022002120
:1097D000012009F073F9FFF7D3FF0A4B1B684FF024
:1097E000FF31184607F0E5FEB860BB68012B05D1D4
:1097F000FEF7A8FE09F05AF8FEF7B2FE1420FDF7B6
:1098000007FBEAE7B409002080B582B002AF164832
:10981000FCF770FF00230193022300930023E12251
:109820001249134808F0BBF90346012B01D000BFD1
:10983000FDE703220021012007F04AFA03460D4A02
:1098400013600C4B1B68002B01D100BFFDE7094BD7
:10985000186800230022002107F04DFB02F0ACF94C
:10986000FDF7D6FB00BFFDE7B0510100CC4401007D
:109870009D970000B409002080B586B000AF3B1D65
:109880001846F8F7FBFE01233B71084BBB60084B01
:10989000FB6002233B613B1D184604F095FF034625
:1098A000044A136000BF1837BD4680BD80F00F40EA
:1098B00000B00440B809002080B584B000AFF86063
:1098C000B9601346FB71064B1868FB79BA68F968F2
:1098D00008F02CFD034618461037BD4680BD00BF7A
:1098E000BC09002080B500AF054B1B68054A127803
:1098F00011461846FEF788FC0346184680BD00BF97
:10990000100000201500002080B5AAB000AFF8605C
:10991000B9607A603B607A68B968F86808F05FFE01
:10992000C7F8A4007A68B968F86808F072FE0346C0
:1099300087F8A330002387F8203007F12003324A4C
:109940008021184605F09BFA97F8A32007F1200321
:109950008021184605F038FC07F120032B4A8021AE
:10996000184605F08CFA07F1200380221946D7F833
:10997000A40003F00FFB07F12003254A80211846BD
:1099800005F07DFA07F11003224A1021184605F070
:1099900051FAFB68DAB207F110031021184605F0FE
:1099A00081FB07F110032C221021184605F09AFACA
:1099B000BB68DAB207F110031021184605F072FBFC
:1099C00007F110032C221021184605F08BFA7B6852
:1099D000DAB207F110031021184605F063FB07F116
:1099E00010030D4A1021184605F049FA3B685A68E1
:1099F00007F1200107F11003184605F0D6F900BF62
:109A0000A837BD4680BD00BFD0440100D844010046
:109A1000F8460100E4440100EC44010080B5A8B020
:109A200000AFF860B9607A603B60002387F82030AF
:109A300007F12003364A8021184605F0FBF97B68C0
:109A4000DBB21A46B968F868FFF736FF07F1200362
:109A500080221946FFF7EEF807F120032D4A8021F6
:109A6000184605F00CFA7B68DBB21A46B968F8684C
:109A7000FFF722FF07F1200380221946FFF744F980
:109A800007F12003244A8021184605F0F8F907F170
:109A90001003224A1021184605F0CCF9FB68DAB20F
:109AA00007F110031021184605F0FCFA07F1100326
:109AB0002C221021184605F015FABB68DAB207F11E
:109AC00010031021184605F0EDFA07F110032C22BF
:109AD0001021184605F006FA7B68DAB207F1100388
:109AE0001021184605F0DEFA07F110030C4A102188
:109AF000184605F0C4F93B685A6807F1200107F1E0
:109B00001003184605F051F900BFA037BD4680BDCF
:109B1000F0440100F8440100F8460100004501004E
:109B2000EC44010080B594B000AF78607B685B685E
:109B30001A465B495B4805F038F907F10C035A4AAD
:109B40004021184605F076F907F10C030222402166
:109B5000184605F0A7FA07F10C032A2240211846FF
:109B600005F0C0F907F10C0301224021184605F069
:109B700099FA07F10C032A224021184605F0B2F9A0
:109B800007F10C0302224021184605F08BFA07F179
:109B90000C03464A4021184605F071F97B685A6863
:109BA00007F10C031946424805F0FFF8414B5B688A
:109BB000184606F059F8F864FB6C002B07D007F143
:109BC0000C0340221946F86CF8F750FC06E007F148
:109BD0000C03394A4021184605F02CF907F10C0313
:109BE000324A4021184605F04AF97B685A6807F165
:109BF0000C031946314805F0D8F807F10C03304A38
:109C00004021184605F016F92E4B1A6807F10C038F
:109C10004021184605F03EFB07F10C03234A402182
:109C2000184605F02CF97B685A6807F10C031946B1
:109C3000254805F0BAF807F10C03214A40211846DF
:109C400005F0F8F8214B1A7807F10C03402118466B
:109C500005F0BAFA07F10C03144A4021184605F042
:109C60000EF97B685A6807F10C031946184805F08D
:109C70009CF8FFF753FD0346184608F017FC03460F
:109C8000002B01D0134900E013497B685B681A463A
:109C9000124805F08AF8002318465037BD4680BDAB
:109CA000084501001C45010024450100F84601005B
:109CB0002C450100C4090020384501007C36010014
:109CC00040450100100000204C4501001500002017
:109CD00054450100F83E0100F43B010064450100D9
:109CE00080B58AB000AFF860B9607A603B6007F178
:109CF00024031946F86805F069FB0346002B40F081
:109D0000BD817B6A002BC0F2B9817B6A012B00F315
:109D1000B58107F120031946F86805F057FB0346A3
:109D2000002B40F0AB813B6A002BC0F2A7813B6A5D
:109D3000002B00F3A38107F11C031946F86805F016
:109D400045FB0346002B40F09981FB69002BC0F2D4
:109D50009581FB69012B00F3918107F118031946E6
:109D6000F86805F033FB0346002B40F0878107F1CC
:109D700014031946F86805F029FB0346002B40F050
:109D80007D817B69002BC0F27981FB681B681B78A1
:109D9000202B04D1FB681B685A1CFB681A60FB6807
:109DA0001B681B78002B0AD1BB6B00221A703B6C1E
:109DB00001221A703B6C1A78FB6B1A7033E1FB6856
:109DC0001B680222A149184609F042FA0346002BFB
:109DD0000FD1FB681B689A1CFB681A60BB6B0122E1
:109DE0001A703B6C01221A703B6C1A78FB6B1A706C
:109DF00019E1FB681B6802229549184609F028FA08
:109E00000346002B0ED1FB681B689A1CFB681A6086
:109E1000BB6B01221A70FB6B00221A703B6C012293
:109E20001A7000E1FB681B6802228A49184609F093
:109E30000FFA0346002B0ED1FB681B689A1CFB68C7
:109E40001A60BB6B01221A70FB6B01221A703B6C0B
:109E500000221A70E7E0FB681B6802227E49184660
:109E600009F0F6F90346002B0FD1FB681B689A1C1A
:109E7000FB681A60BB6B01221A703B6C00221A70DF
:109E80003B6C1A78FB6B1A70CDE0FB681B680222F2
:109E90007249184609F0DCF90346002B0FD1FB6824
:109EA0001B689A1CFB681A60BB6B02221A703B6C21
:109EB00001221A703B6C1A78FB6B1A70B3E0FB68D6
:109EC0001B6802226649184609F0C2F90346002BB6
:109ED0000ED1FB681B689A1CFB681A60BB6B0222E0
:109EE0001A70FB6B00221A703B6C01221A709AE008
:109EF000FB681B6802225B49184609F0A9F9034672
:109F0000002B0ED1FB681B689A1CFB681A60BB6BA8
:109F100002221A70FB6B01221A703B6C00221A702D
:109F200081E0FB681B6802224F49184609F090F94E
:109F30000346002B0FD1FB681B689A1CFB681A6054
:109F4000BB6B02221A703B6C00221A703B6C1A78B1
:109F5000FB6B1A7067E0FB681B68022243491846D6
:109F600009F076F90346002B0FD1FB681B689A1C99
:109F7000FB681A60BB6B00221A703B6C01221A70DE
:109F80003B6C1A78FB6B1A704DE0FB681B68022271
:109F90003749184609F05CF90346002B0ED1FB68DF
:109FA0001B689A1CFB681A60BB6B00221A70FB6B63
:109FB00000221A703B6C01221A7034E0FB681B68A7
:109FC00002222C49184609F043F90346002B0ED112
:109FD000FB681B689A1CFB681A60BB6B00221A7036
:109FE000FB6B01221A703B6C00221A701BE0FB68AD
:109FF0001B6802222049184609F02AF90346002B63
:10A000000FD1FB681B689A1CFB681A60BB6B0022AF
:10A010001A703B6C00221A703B6C1A78FB6B1A703A
:10A0200001E01B232BE07A6ABB681A603A6A7B68FE
:10A030001A60FA693B681A60BA693B6B1A607B69FF
:10A04000DAB27B6B1A70002319E000BF7045010083
:10A0500074450100784501007C4501008045010000
:10A0600084450100884501008C45010090450100B0
:10A0700094450100984501009C4501001B231846AA
:10A080002837BD4680BD00BF80B582B000AF786084
:10A090007B685B681A465849584804F074FE7B6830
:10A0A0005B681A465649574804F06DFE7B685B684A
:10A0B0001A465549554804F066FE7B685B681A46A7
:10A0C0005349544804F05FFE7B685B681A46524966
:10A0D000524804F058FE7B685B681A465049514864
:10A0E00004F051FE7B685B681A464F494F4804F004
:10A0F0004AFE7B685B681A464D494E4804F043FEB1
:10A100007B685B681A464C494C4804F03CFE7B680F
:10A110005B681A464A494B4804F035FE7B685B6829
:10A120001A464949494804F02EFE7B685B681A4686
:10A130004749484804F027FE7B685B681A46464951
:10A14000464804F020FE7B685B681A46444945484F
:10A1500004F019FE7B685B681A464349434804F0E3
:10A1600012FE7B685B681A464149424804F00BFEC8
:10A170007B685B681A464049404804F004FE7B68EF
:10A180005B681A463E493D4804F0FDFD7B685B680C
:10A190001A463C493C4804F0F6FD7B685B681A4669
:10A1A0003A493B4804F0EFFD7B685B681A46394941
:10A1B000394804F0E8FD7B685B681A46374938483F
:10A1C00004F0E1FD7B685B681A463649364804F0C6
:10A1D000DAFD7B685B681A463449354804F0D3FDE4
:10A1E0007B685B681A463349334804F0CCFD002392
:10A1F00018460837BD4680BDA04501001C4501003A
:10A200002C36010050360100BC450100004601001B
:10A21000184601003846010040460100684601002A
:10A22000784601008C460100A4460100C0460100AA
:10A23000D0460100FC4601001047010028470100FC
:10A240003847010064470100784701009847010042
:10A25000A8470100D4470100E84701000848010071
:10A26000184801004448010058480100784801009E
:10A270008C480100B8480100D0480100D03C0100E2
:10A28000044901007C490100A4490100BC490100C6
:10A29000E4490100FC490100604A0100704A0100E4
:10A2A000904A0100984A0100C44A0100D84A0100BE
:10A2B000F44A0100044B0100184B0100B0B5B2B0E4
:10A2C00006AFF860B9607A60002387F8AF309D4927
:10A2D000F86808F052FF0346002B06D09A49F86848
:10A2E00008F04BFF0346002B08D1BB6801221A700F
:10A2F0007868FFF7C9FE034600F0B5BE9349F868D9
:10A3000008F03BFF0346002B06D09149F86808F09F
:10A3100034FF0346002B08D1BB6801221A7078680D
:10A32000FFF700FC034600F09EBE8A49F86808F07B
:10A3300024FF0346002B0BD1BB6801221A707868FA
:10A3400008F017FA786808F03EFA002300F08BBE98
:10A3500016228149F86808F07BFF0346002B5CD188
:10A360000023FB67FB6FC7F88030D7F88030C7F851
:10A370008430BB6801221A70FB681633C7F894302A
:10A3800007F1840207F194031146184605F01EF800
:10A390000346002B3ED1D7F88430002B3ADBD7F8A8
:10A3A0008430012B36DC07F1800207F1940311465B
:10A3B000184605F00BF80346002B2BD1D7F8803058
:10A3C000002B27DBD7F88030002B23DC07F17C0241
:10A3D00007F194031146184604F0F8FF0346002BDA
:10A3E00018D1FB6F002B15DBFB6F012B12DCD7F8AC
:10A3F0008400D7F88010FA6F7B68FFF785FAD7F8EA
:10A400008400D7F88010FA6F7B68FFF707FB002302
:10A4100000F029BE1B2300F026BE0C224F49F8682D
:10A4200008F016FF0346002B23D1BB6801221A70E7
:10A43000FB680C33C7F8943007F17B0207F19403F3
:10A440001146184605F072F80346002B0ED197F816
:10A450007B300C2B0AD897F87B307A6842F2107167
:10A46000184608F0E3F8034600F0FDBD1B2300F09A
:10A47000FABD09223A49F86808F0EAFE0346002BC3
:10A4800070D1BB6801221A70FB680933C7F8943099
:10A49000D7F894301B782C2B04D1D7F894300133A3
:10A4A000C7F8943007F16C0407F1700207F17401EA
:10A4B00007F1940007F19203049307F193030393C8
:10A4C00007F19103029307F19003019307F18C03C5
:10A4D00000932346FFF704FC034687F8AF3097F854
:10A4E000AF30002B1DD17B6F396FFA6E184608F024
:10A4F00076F80546D7F88C1097F8910097F89040B9
:10A5000097F8933097F892200192009323460246E1
:10A51000284608F0BAFD02F0CDFA002387F8AF30E4
:10A5200002E01B2387F8AF3097F8AF30002B04D13F
:10A53000D7F894301B782C2BAAD097F8AF3000F0C6
:10A5400092BD00BFDC3A0100284B0100EC3A01004B
:10A55000344B0100444B01005C4B0100744B010083
:10A56000844B01000922C249F86808F071FE0346D5
:10A57000002B5FD1BB6801221A70FB680933C7F852
:10A580009430D7F894301B782C2B04D1D7F8943022
:10A590000133C7F8943007F1600407F1640207F152
:10A5A000680107F1940007F19203049307F1930304
:10A5B000039307F19103029307F19003019307F1CD
:10A5C0008C0300932346FFF78BFB034687F8AF30DD
:10A5D00097F8AF30002B1DD1BB6E796E3A6E1846DE
:10A5E00007F0FDFF0546D7F88C1097F8910097F813
:10A5F000904097F8933097F8922001920093234669
:10A600000246284602F0D0FB02F054FA002387F8F5
:10A61000AF3002E01B2387F8AF3097F8AF30002B44
:10A6200004D1D7F894301B782C2BAAD097F8AF30F0
:10A6300000F019BD09228F49F86808F009FE0346A9
:10A64000002B40F0AF80BB6801221A70FB68093311
:10A65000C7F89430002387F8AF30D7F894301B78D0
:10A660002C2B04D1D7F894300133C7F8943007F17C
:10A67000580207F194031146184604F0A7FE03465A
:10A68000002B7ED1BB6D002B7BDBBB6D012B78DCFF
:10A6900007F1540207F194031146184604F096FEA0
:10A6A0000346002B6DD17B6D002B6ADB7B6D002B8D
:10A6B00067DC07F1500207F194031146184604F0D5
:10A6C00085FE0346002B5CD13B6D002B59DB3B6DB7
:10A6D000012B56DC07F19403184605F0F6F9D7F87C
:10A6E0009430C7F89C300023C7F8A83009E0D7F8A9
:10A6F000A8300133C7F8A830D7F894300133C7F831
:10A700009430D7F894301B78002B04D0D7F89430CD
:10A710001B782C2BEBD1D7F8A8300133184606F064
:10A72000FCF80346FB65FB6D002B03D11B2387F868
:10A73000AF3033E0BB6D796D3A6D184607F04FFFCF
:10A74000C7F89800FB6DD7F8A820D7F89C101846DA
:10A7500008F0A9FDFA6DD7F8A830134400221A704A
:10A76000D7F8980008F0D5FC07F15C0100236422BB
:10A7700006F0C1FB0346012B06D01B2387F8AF3040
:10A780000CE01B2387F8AF3097F8AF30002B05D1D2
:10A79000D7F894301B782C2B3FF45CAF97F8AF3090
:10A7A00000F061BC0E223449F86808F051FD034600
:10A7B000002B2BD1BB6801221A70FB680E33C7F83F
:10A7C0009430D7F894302D49184608F0D6FC03464B
:10A7D000002B07D1012008F0C1F808F01EF8002373
:10A7E00000F041BCD7F894302549184608F0C5FC64
:10A7F0000346002B07D1002008F0B0F808F00DF850
:10A80000002300F030BC1B2300F02DBC0E221D499C
:10A81000F86808F01DFD0346002B35D1BB68012206
:10A820001A70FB680E33C7F89430D7F89430134988
:10A83000184608F0A2FC0346002B07D1012008F0BF
:10A840008CF907F0EAFF002300F00DBCD7F8943034
:10A850000B49184608F091FC0346002B06D1002056
:10A8600008F07BF907F0D9FF0023FCE31B23FAE390
:10A87000904B01009C4B0100A84B0100C84C01000B
:10A88000D84C0100B84B01000A22A849F86808F02A
:10A89000DFFC0346002B40F08880BB6801221A7061
:10A8A000FB680A33C7F89430D7F894301B782C2B08
:10A8B00004D1D7F894300133C7F8943007F14C0233
:10A8C00007F194031146184604F080FD0346002B5F
:10A8D0005FD1FB6C002B5CDBFB6C012B59DC07F1BF
:10A8E000480207F194031146184604F06FFD034631
:10A8F000002B4ED1BB6C002B4BDBBB6C002B48DC20
:10A9000007F1440207F194031146184604F05EFD76
:10A910000346002B3DD17B6C002B3ADB7B6C012B7B
:10A9200037DC07F19403184605F0CFF8D7F89430D8
:10A930007F49184608F021FC0346002B0ED1FB6C22
:10A94000D8B2BB6CD9B27B6CDAB2012307F0E7FF57
:10A9500007F063FF002387F8AF301AE0D7F8943090
:10A960007449184608F009FC0346002B0ED1FB6C15
:10A97000D8B2BB6CD9B27B6CDAB2002307F0CFFF40
:10A9800007F04BFF002387F8AF3002E01B2387F866
:10A99000AF3097F8AF30002B04D1D7F894301B7844
:10A9A0002C2B81D097F8AF305DE30A226249F8681A
:10A9B00008F04EFC0346002B40F08880BB68012263
:10A9C0001A70FB680A33C7F89430D7F894301B78B4
:10A9D0002C2B04D1D7F894300133C7F8943007F109
:10A9E000400207F194031146184604F0EFFC0346B9
:10A9F000002B5CD13B6C002B59DB3B6C012B56DCF4
:10AA000007F13C0207F194031146184604F0DEFCFE
:10AA10000346002B4BD1FB6B002B48DBFB6B002B61
:10AA200045DC07F1380207F194031146184604F09B
:10AA3000CDFC0346002B3AD1BB6B002B37DBBB6B45
:10AA4000012B34DC07F19403184605F03EF8D7F8E3
:10AA500094303749184608F090FB0346002B0CD180
:10AA6000386CF96BBB6BDAB2012308F05BF807F0C6
:10AA7000D4FE002387F8AF301CE0D7F894302D497E
:10AA8000184608F07AFB0346002B0CD1386CF96BA2
:10AA9000BB6BDAB2002308F045F807F0BEFE0023D6
:10AAA00087F8AF3006E01B2387F8AF3002E01B23A6
:10AAB00087F8AF3097F8AF30002B04D1D7F8943037
:10AAC0001B782C2B81D097F8AF30CCE20E221B499B
:10AAD000F86808F0BDFB0346002B31D1BB680122AA
:10AAE0001A70FB680E33C7F8943007F1890307F139
:10AAF0008A0207F18B0107F1940004F03DFF034641
:10AB0000002B10D197F88B301A0497F88A301B026B
:10AB1000134397F889201343184607F06BFF07F09B
:10AB20007CFE00239FE21B239DE200BFC84B010077
:10AB3000C84C0100D84C0100D44B0100E04B01008F
:10AB40000E22AC49F86808F083FB0346002B22D1A3
:10AB5000BB6801221A70FB680E33C7F8943007F106
:10AB6000890307F18A0207F18B0107F1940004F0D1
:10AB700003FF0346002B0CD197F88B3097F88A100F
:10AB800097F88920184607F099FF07F046FE002342
:10AB900069E21B2367E20A229749F86808F058FB2C
:10ABA0000346002B7DD1BB6801221A70FB680A3373
:10ABB000C7F89430D7F894301B782C2B04D1D7F8F1
:10ABC00094300133C7F8943007F1340207F194034D
:10ABD0001146184604F0FAFB0346002B4BD17B6B61
:10ABE000002B48DB7B6B012B45DC07F1300207F1C2
:10ABF00094031146184604F0E9FB0346002B3AD1B2
:10AC00003B6B002B37DB3B6B002B34DC07F12C025A
:10AC100007F194031146184604F0D8FB0346002BB5
:10AC200029D1FB6A002B26DBFB6A012B23DC07F111
:10AC3000890307F18A0207F18B0107F1940004F000
:10AC40009BFE0346002B16D17B6BD8B23B6BD9B26F
:10AC5000FB6ADCB297F88B301A0497F88A301B0233
:10AC6000134397F889201343224607F0A5FE0023DB
:10AC700087F8AF3002E01B2387F8AF3007F1940369
:10AC8000184604F022FF97F8AF30002B04D1D7F814
:10AC900094301B782C2B8DD007F0BFFD97F8AF3088
:10ACA000E1E10A225549F86808F0D2FA0346002B80
:10ACB00079D1BB6801221A70FB680A33C7F8943057
:10ACC000D7F894301B782C2B04D1D7F8943001336B
:10ACD000C7F8943007F1280207F19403114618468B
:10ACE00004F074FB0346002B47D1BB6A002B44DB06
:10ACF000BB6A012B41DC07F1240207F194031146E2
:10AD0000184604F063FB0346002B36D17B6A002B08
:10AD100033DB7B6A002B30DC07F1200207F1940360
:10AD20001146184604F052FB0346002B25D13B6A1E
:10AD3000002B22DB7B6A012B1FDC07F1890307F163
:10AD40008A0207F18B0107F1940004F015FE034617
:10AD5000002B12D1B86A796A3C6A97F88B5097F841
:10AD60008A3097F88920019200932B46224607F0FB
:10AD70008EFE002387F8AF3002E01B2387F8AF3048
:10AD800007F19403184604F0A0FE97F8AF30002BAB
:10AD900004D1D7F894301B782C2B91D007F03DFDCF
:10ADA00097F8AF305FE112221549F86808F050FAC1
:10ADB0000346002B28D1BB6801221A70FB681233AE
:10ADC000C7F8943007F194030E49184604F05AFE70
:10ADD0000346002B01D01B2345E1FEF783FDC7F896
:10ADE000A000D7F8A00007F005FE07F016FD00232D
:10ADF00039E100BFF04B0100004C01000C4C010098
:10AE0000184C01001000002017229949F86808F03A
:10AE10001FFA0346002B29D1BB6801221A70FB6878
:10AE20001733C7F8943007F11C0207F19403114659
:10AE3000184604F0CBFA0346002B15D1FB69002B12
:10AE400012DBFB69FF2B0FDCFB69DAB2894B1A704E
:10AE5000FEF748FDC7F8A400D7F8A40007F0CAFD24
:10AE600007F0DBFC0023FEE01B23FCE011228249FB
:10AE7000F86808F0EDF90346002B5CD1BB680122AD
:10AE80001A70FB681133C7F8943007F1180207F104
:10AE900094031146184604F099FA0346002B48D152
:10AEA000BB69002B45DBBB69012B42DC07F11402B7
:10AEB00007F194031146184604F088FA0346002B64
:10AEC00037D17B69002B34DB7B69002B31DC07F148
:10AED000100207F194031146184604F077FA03466E
:10AEE000002B26D13B69002B23DB3B69012B20DCA7
:10AEF00007F1890307F18A0207F18B0107F194003A
:10AF000004F03AFD0346002B13D1B86979693B6917
:10AF1000DCB297F88B5097F88A3097F88920019225
:10AF200000932B46224607F092FD07F076FC0023A3
:10AF300099E01B2397E05149F86808F01EF9034691
:10AF4000002B0AD14E4B186800230022002105F087
:10AF5000D2FFBB6801221A7083E04A49F86808F002
:10AF60000CF90346002B06D1BB6801221A7007F0CA
:10AF7000A3FB034677E04449F86808F0FEF803466F
:10AF8000002B0AD1BB6801221A70404B5B6801217B
:10AF9000184604F080FE002365E03D49F86808F09B
:10AFA000ECF80346002B0AD1BB6801221A70374B1C
:10AFB0005B680021184604F06EFE002353E035491B
:10AFC000F86808F0DAF80346002B0BD1BB680122C1
:10AFD0001A70FEF7A3FB03460121184607F092FA08
:10AFE000002340E02C49F86808F0C7F80346002B1E
:10AFF0000BD1BB6801221A70FEF790FB03460021BB
:10B00000184607F07FFA00232DE02449F86808F07D
:10B01000B4F80346002B11D1BB6801221A707A687C
:10B0200042F210710C2007F001FBFEF777FB03469C
:10B030000021184607F066FA002314E01849F86862
:10B0400008F09BF80346002B0BD1BB6801221A7055
:10B05000FEF764FB03460121184607F053FA00236C
:10B0600001E097F8AF301846B037BD46B0BD00BF1D
:10B070002C4C010015000020444C0100584C0100EC
:10B08000C0090020644C0100704C0100C40900207C
:10B09000844C0100984C0100A84C0100BC4C0100FC
:10B0A000CC4C010080B5A4B000AFF8F743F9386785
:10B0B0000023C7F88C30B3E10023C7F88830A5E13E
:10B0C0000023C7F8843097E1D7F88420D7F8881098
:10B0D000D7F88C0007F083FAF866F86E07F0BDFF2A
:10B0E0000346002B00F08381F86E08F012F8B86672
:10B0F00007F1640300221946B86E06F086F903468C
:10B10000012B40F074813B1DCE4A6021184603F0AC
:10B1100091FE7B6E1B78612B03D07B6E1B78722BAC
:10B1200043D17B6E01331B78202B3ED17B6E1A7886
:10B130003B1D6021184603F0D5FE3B1D20226021F7
:10B14000184603F0CFFED7F88C30DAB23B1D6021F1
:10B15000184603F0A7FF3B1D20226021184603F08C
:10B16000C1FED7F88830DAB23B1D6021184603F0E3
:10B1700099FF3B1D20226021184603F0B3FED7F84B
:10B180008430DAB23B1D6021184603F08BFF3B1D73
:10B1900020226021184603F0A5FE7B6E9A1C3B1D01
:10B1A0006021184603F06BFE13E17B6E0322A64973
:10B1B000184608F04DF80346002B3CD13B1DA24A2F
:10B1C0006021184603F05BFED7F88C30DAB23B1DE5
:10B1D0006021184603F066FF3B1D202260211846BF
:10B1E00003F080FED7F88830DAB23B1D60211846A4
:10B1F00003F058FF3B1D20226021184603F072FE29
:10B20000D7F88430DAB23B1D6021184603F04AFFBC
:10B210003B1D20226021184603F064FE7B6EDA1C81
:10B220003B1D6021184603F02AFE3B1D8749184646
:10B2300004F0A2FACDE07B6E03228549184608F09F
:10B2400007F80346002B3CD13B1D814A602118467C
:10B2500003F015FED7F88C30DAB23B1D602118469A
:10B2600003F020FF3B1D20226021184603F03AFE28
:10B27000D7F88830DAB23B1D6021184603F012FF80
:10B280003B1D20226021184603F02CFED7F88430A5
:10B29000DAB23B1D6021184603F004FF3B1D20225B
:10B2A0006021184603F01EFE7B6EDA1C3B1D6021F8
:10B2B000184603F0E4FD3B1D6449184604F05CFAAF
:10B2C00087E07B6E03226349184607F0C1FF0346FF
:10B2D000002B37D13B1D5F4A6021184603F0CFFD9C
:10B2E000D7F88C30DAB23B1D6021184603F0DAFE45
:10B2F0003B1D20226021184603F0F4FDD7F888306A
:10B30000DAB23B1D6021184603F0CCFE3B1D202223
:10B310006021184603F0E6FDD7F88430DAB23B1D11
:10B320006021184603F0BEFE3B1D20226021184616
:10B3300003F0D8FD7B6EDA1C3B1D6021184603F03C
:10B340009EFD46E07B6E03224349184607F080FFCE
:10B350000346002B37D13B1D3F4A6021184603F0BE
:10B360008EFDD7F88C30DAB23B1D6021184603F011
:10B3700099FE3B1D20226021184603F0B3FDD7F84B
:10B380008830DAB23B1D6021184603F08BFE3B1D6E
:10B3900020226021184603F0A5FDD7F88430DAB2E8
:10B3A0003B1D6021184603F07DFE3B1D20226021DD
:10B3B000184603F097FD7B6EDA1C3B1D6021184692
:10B3C00003F05DFD05E07A6E3B1D6021184603F039
:10B3D00056FD0023FB70F91C3B1D3A6F1846FEF723
:10B3E0006DFF0346002B7B6E1846FBF7C3F8D7F8BA
:10B3F00084300133C7F88430D7F88430012B7FF7CD
:10B4000063AED7F888300133C7F88830D7F8883072
:10B41000002B7FF755AED7F88C300133C7F88C304E
:10B42000D7F88C30012B7FF747AE0023C7F8803068
:10B430000023FB6734E00023BB672BE000237B671E
:10B4400022E000BFDC4C0100E44C0100743A010032
:10B45000E84C0100EC4C0100F04C01007A6FB96F30
:10B46000F86F07F0BCF8F866F86E07F052FEB866A1
:10B47000B86E06F090F90246D7F880301344C7F84A
:10B4800080307B6F01337B677B6F012BE6DDBB6F09
:10B490000133BB67BB6F002BD0DDFB6F0133FB6754
:10B4A000FB6F012BC7DDD7F88030002B14BF0123C1
:10B4B0000023DBB218469037BD4680BD80B584B00E
:10B4C00000AF78600C4B1B684FF0FF31184606F058
:10B4D00070F8F860FB68012BF4D1FFF7E3FD034639
:10B4E000FB72FB7A002B02D00A20FBF791FCFB7A5F
:10B4F000002BF2D1E6E700BFC009002080B5C4B040
:10B5000000AF07F168031846F9F74CF807F15C0340
:10B51000184601F0B5FA07F128031846FEF7EEF8D1
:10B52000012387F86830894BFB66894B3B671323FF
:10B530007B67884BC7F88030874BC7F8843011236E
:10B54000C7F88830834BC7F89030834BC7F89430E6
:10B550001023C7F898307F4BC7F8A4307E4BC7F84C
:10B56000A8301223C7F8AC307A4BC7F8B4307A4B06
:10B57000C7F8B8301323C7F8BC30784BC7F8C830C9
:10B58000774BC7F8CC300123C7F8D030734BC7F8DE
:10B59000D830734BC7F8DC300023C7F8E030714B6C
:10B5A000C7F8EC30704BC7F8F0300523C7F8F4301B
:10B5B0006C4BC7F8FC306C4BC7F800310423C7F85C
:10B5C000043107F16803184604F09AFA03467B66D3
:10B5D0007B6E664A5360654B01221A707B6E634A2C
:10B5E000D360624B00221A727B6E604A53615F4BDC
:10B5F00003221A747B6E5D4AD3615C4B02221A7679
:10B600005B4B3B66594BFB6507F15C03184607F043
:10B6100099FC0346FB64574BFB6507F15C03184636
:10B6200007F090FC03463B65534BFB6507F15C0359
:10B63000184607F087FC03467B65504BFB6507F116
:10B640005C03184607F07EFC0346BB6507F0D2FAA0
:10B65000034687F82830012387F82930FB6CFB620A
:10B660003B6D3B637B6D7B63BB6DBB6307F1140379
:10B670001846FDF729F90523BB610023FB61002370
:10B680003B7507F11403184606F091FC0346FB6373
:10B6900007F11403184606F08AFC03463B640623B0
:10B6A000BB6107F11403184606F081FC03467B6476
:10B6B00007F11403184606F07AFC0346BB6407F151
:10B6C0002803184606F0CBFD03462D4A13603B467F
:10B6D0001846F6F7BBFE07F58873A3F588731B4A77
:10B6E0005A6007F58873A3F58873194A9A6007F5BD
:10B6F0008873A3F588731222DA6007F58873A3F5BF
:10B70000887301225A7007F58873A3F588730022A5
:10B710001A703B46184602F01EFFC7F80C01184B82
:10B720001B68D7F80C11184606F0DCFE144B1B689A
:10B730000021184606F0E6FE7B6E1846F8F742FF39
:10B7400000BF07F58877BD4680BD00BF00F00F4001
:10B750000090044000F10F4000D0044040F00F4042
:10B7600000A00440C0F00F4000C00440C409002005
:10B770007D250100CC090020D4090020DC0900202F
:10B78000BC09002080B500AFFFF7B8FE034B1B6873
:10B790001846FDF7CFFF00BF80BD00BFBC090020E9
:10B7A00080B582B002AF00230193032300930023EE
:10B7B000C8220E490E4806F0F2F90346012B01D0CB
:10B7C00000BFFDE703220021012005F081FA0346B6
:10B7D000084A1360074B1B68002B01D100BFFDE72F
:10B7E000FFF7D0FF00BFBD4680BD00BFF44C010095
:10B7F000BDB40000C009002080B584B000AFF8607F
:10B80000B96011461A460B46FB711346BB710D4ACF
:10B81000B968F86803F00EFBFB791A46B968F86856
:10B8200003F040FCBB791A46B968F86803F03AFCAB
:10B830003B7E1A46B968F86803F034FC00BF103745
:10B84000BD4680BD004D010080B582B000AF78607C
:10B85000074B012207490848F9F776FF0346DAB299
:10B860007B681A70002318460837BD4680BD00BFAC
:10B87000084D0100184D0100204D010080B582B037
:10B8800000AF0346FB71FA79044B0549054804F003
:10B890002FFF002318460837BD4680BD084D010024
:10B8A000184D0100204D010080B582B000AF7860D6
:10B8B000074B002207490848F9F746FF03461A4696
:10B8C0007B681A60002318460837BD4680BD00BF5C
:10B8D000084D0100284D0100304D010080B582B0B7
:10B8E00000AF78607A68054B0549064804F000FF10
:10B8F000002318460837BD4680BD00BF084D010033
:10B90000284D0100304D010090B589B002AF0446CA
:10B91000084611461A462346FB710346BB710B4687
:10B920007B7113463B71B979FA7907F108007B798D
:10B9300000930B461021FFF75FFF3B791A4607F192
:10B940000800044B044904F0D3FE002318461C37BA
:10B95000BD4690BD084D0100344D010080B596B044
:10B9600000AF78607B685B681A464349434803F040
:10B970001CFA07F113031846FFF766FF034687F822
:10B98000573097F85730002B15D107F114033C4A74
:10B990004021184603F04EFAFA7C07F114034021C7
:10B9A000184603F011FC07F11403364A40211846EB
:10B9B00003F065FA06E007F11403334A4021184604
:10B9C00003F038FA7B685A6807F1140319462F48C8
:10B9D00003F0EBF907F10C031846FFF765FF034688
:10B9E00087F8573097F85730002B30D107F1140300
:10B9F000234A4021184603F01DFAFA6807F11403A0
:10BA00004021184603F07CFC07F11403204A402132
:10BA1000184603F034FAFB6803F00103002B07D04B
:10BA200007F114031B4A4021184603F028FA06E0E8
:10BA300007F11403184A4021184603F020FA07F1D1
:10BA40001403104A4021184603F019FA06E007F1E2
:10BA500014030D4A4021184603F0ECF97B685A683C
:10BA600007F1140319460D4803F09FF90023184607
:10BA70005837BD4680BD00BF3C4D0100684D0100F8
:10BA800038420100F8460100704D0100784D010078
:10BA9000884D0100904D0100944D01000C3F0100C4
:10BAA00080B582B000AF78607B685B681A460B494E
:10BAB0000B4803F068F97B685B681A4609490A4835
:10BAC00003F061F97B685B681A460849084803F08F
:10BAD0005AF9002318460837BD4680BD984D01002D
:10BAE000684D01002C36010050360100B44D0100B4
:10BAF000C04D010080B586B000AFF860B9607A60D3
:10BB00002849F86807F039FB0346002B06D0264980
:10BB1000F86807F032FB0346002B07D1BB6801220F
:10BB20001A707868FFF7BCFF034637E01F49F868D2
:10BB300007F023FB0346002B06D01D49F86807F0E9
:10BB40001CFB0346002B07D1BB6801221A707868E2
:10BB5000FFF704FF034621E00A221649F86807F0C0
:10BB600077FB0346002B18D1BB6801221A70FB68D3
:10BB70000B337B6107F1100207F1140311461846DD
:10BB800003F024FC0346002B05D13B691846FFF760
:10BB9000A5FE034602E01B2300E0002318461837E9
:10BBA000BD4680BDDC3A0100D04D0100EC3A0100F9
:10BBB000DC4D0100E84D010080B500AF1C4806F0E7
:10BBC000FFFF02F05FFEF7F70DFAF8F7CFFC02F087
:10BBD0005CFB03F09BFE02F04EFE02F0D7FD02F08C
:10BBE00095FEF7F78DFDF9F701FAFDF745FE00F038
:10BBF000DFFE04F05BF907F0A8FA06F0ABFC00F0FA
:10BC0000CDFDF8F775F9FFF7CBFD06F020FB06F048
:10BC1000C8F9FCF7EFFA06F0CCFFF6F7FFFB4FF49C
:10BC200000614FF4FC30F6F7B5F900BF80BD00BFEE
:10BC30000A00381080B582B000AF0346FB71044B98
:10BC40005B68FA791046984700BF0837BD4680BD4B
:10BC5000B050010080B582B000AF0346FB710C4BC1
:10BC60001B684FF0FF31184605F00EF90346012B13
:10BC700009D1084B5B68FA7910469847044B1B685A
:10BC8000184605F0CCF800BF0837BD4680BD00BFA0
:10BC9000E4090020B050010080B582B000AF7860A8
:10BCA0000B4B1B684FF0FF31184605F0EDF80346CB
:10BCB000012B08D1074B1B6878689847044B1B6819
:10BCC000184605F0ACF800BF0837BD4680BD00BF80
:10BCD000E4090020B050010080B582B000AF00231D
:10BCE000FB710C4B1B684FF0FF31184605F0CCF888
:10BCF0000346012B09D1084BDB6898470346FB71CB
:10BD0000044B1B68184605F08AF8FB79184608377B
:10BD1000BD4680BDE4090020B050010080B582B06E
:10BD200000AF786006E008497B685A1C7A601B788F
:10BD3000184688477B681B78002BF4D100BF00BFF2
:10BD40000837BD4680BD00BF35BC000080B588B057
:10BD500000AFF8607A603B600B46FB72FB7A402BC9
:10BD600002D1FB6800221A70FB681B78052B00F2D9
:10BD7000F68001A252F823F091BD0000B5BD00008D
:10BD8000BFBD00001DBE000077BE0000C3BE0000A6
:10BD90007B6800221A70FB7A402B09D1FB7A1A4685
:10BDA0003968786803F09EF8FB6801221A70D7E0C2
:10BDB0000023D6E0FB6802221A700023D1E0FB7A50
:10BDC0001A463968786803F08DF8FB7A202B1DD16C
:10BDD0007B680133BB6107F1170207F118031146B5
:10BDE000184603F056FC0346002B0BD106F002FF69
:10BDF00003461A46FB7D9A4204D1FB6803221A705F
:10BE00000023AEE0FB6800221A7005E0FB7A0A2BE3
:10BE100002D1FB6800221A700023A2E0FB7A1A46C6
:10BE20003968786803F05EF8FB7A202B1BD17B68B9
:10BE30000433BB6107F1170207F1180311461846D6
:10BE400003F027FC0346002B09D1FB7D97F828203F
:10BE50009A4204D1FB6804221A70002381E0FB6837
:10BE600000221A7005E0FB7A0A2B02D1FB6800223F
:10BE70001A70002375E0FB7A1A463968786803F077
:10BE800031F8FB7A202B14D17B680733BB6107F1B3
:10BE900018033649184603F0FCFB0346002B04D177
:10BEA000FB6805221A7000235BE0FB6800221A7011
:10BEB00005E0FB7A0A2B02D1FB6800221A700023EE
:10BEC0004FE0FB7A1A463968786803F00BF8FB7A82
:10BED0000A2B42D17B680A33BB61BB6924491846EF
:10BEE00007F04BF90346002B14D17B680C3300227A
:10BEF0001A70786806F0F1FE0346FB77FB680022B3
:10BF00001A701A4B1B78FA7F9A4201D1012328E05C
:10BF1000022326E01749786807F02FF90346002B23
:10BF200014D17B680D3300221A70786806F0D5FEB4
:10BF30000346FB77FB6800221A700C4B1B78FA7FD4
:10BF40009A4201D102230CE002230AE0FB7A0A2B79
:10BF500003D1FB6800221A7002E0002301E000BF59
:10BF600002E718462037BD4680BD00BFB70C002051
:10BF7000F44D0100F84D010080B58EB002AFF860BD
:10BF80007A603B600B46FB7207F1140300221A60D3
:10BF90005A609A60DA601A615A610023BB743B6888
:10BFA000002B26D07B68002B23D0284B00221A7050
:10BFB0003B681B6807F1130210469847FB7C002B77
:10BFC00014D0FB7C1A464FF40071204802F08AFF1F
:10BFD000FB7C0A2B0AD11D4B1B78402B03D07968C0
:10BFE0001A4806F0FCFE194B00221A70FB7C002B4D
:10BFF000DED1F7F7F9FB0346FB74FB7C002B17D06F
:10C00000F97C07F1140207F11200FB7A0093182360
:10C01000FFF79CFE034687F82F3097F82F30012B4F
:10C0200003D097F82F30022BB9D197F82F3009E0C1
:10C030003220FAF7EDFEFB68323BFB60FB68002B19
:10C04000ADDC032318463037BD4680BDE80900202B
:10C0500080B5B8B000AFB9607A603B600346FB734F
:10C06000002387F8DF30D7F8EC30002B02D16A4B81
:10C07000C7F8EC3006F0BEFD03461A46FB7B934240
:10C0800002D0FB7B002B0AD10122D7F8E810B86858
:10C0900000F016FCFB7B002B01D00023B7E007F17A
:10C0A00014035E4AC821184602F0C4FEFA7B07F169
:10C0B0001403C821184603F087F807F1140320225F
:10C0C000C821184602F00EFF06F094FD03461A46FA
:10C0D00007F11403C821184603F076F807F114039A
:10C0E0002022C821184602F0FDFE07F114030022A9
:10C0F000C821184603F068F807F11403484AC8211C
:10C10000184602F0BCFE07F11403BA68C8211846AD
:10C1100002F0B5FE07F11403184606F0DEFD0346F3
:10C1200087F8DE3097F8DE301B0987F8DD3097F8A6
:10C13000DD30092B01D8302200E0372297F8DD30BE
:10C140001344DBB2FB7697F8DE3003F00F0387F879
:10C15000DD3097F8DD30092B01D8302200E037229E
:10C1600097F8DD301344DBB23B772E4B1B684FF062
:10C17000FF31184604F088FE0346012B45D1F7F73E
:10C1800027FB07F114031846FFF7C8FD2648FFF701
:10C19000C5FDFB7B002B03D1002387F8DF302FE0A8
:10C1A0006420FAF735FEF97BD7F8EC30D7F8E820B1
:10C1B0007868FFF7E1FE034687F8DC3097F8DC305B
:10C1C000012B03D1002387F8DF3019E097F8DC302A
:10C1D000032B03D10C2387F8DF3006E097F8DC301F
:10C1E000022B02D1142387F8DF303B68002B03D1E8
:10C1F0001B2387F8DF3003E03B68013B3B60BEE771
:10C20000084B1B68184604F00AFE97F8DF30184602
:10C21000E037BD4680BD00BFE8510100004E01007F
:10C22000044E0100E4090020F83C010080B586B00E
:10C2300000AF78607B685B681A461449144802F0C6
:10C24000B4FD07F10803134A1021184602F0F2FD6D
:10C2500006F0D0FC03461A4607F1080310211846E1
:10C2600002F0B2FF07F108030B4A1021184602F052
:10C2700006FE7B685A6807F108031946074802F072
:10C2800094FD002318461837BD4680BD0C4E0100B2
:10C29000204E010038420100F8460100244E010002
:10C2A00080B582B000AF78607B685B681A4612493F
:10C2B000124802F068FD7B685B681A461049114815
:10C2C00002F061FD7B685B681A460F490F4802F077
:10C2D0005AFD7B685B681A460D490E4802F053FD13
:10C2E0007B685B681A460C490C4802F04CFD002341
:10C2F00018460837BD4680BD403F0100204E010072
:10C300002C360100503601002C4E0100444E010035
:10C31000544E0100744E0100844E0100C44E0100D1
:10C3200080B5BAB002AFF860B9607A605E49F8686B
:10C3300006F023FF0346002B06D05C49F86806F0A0
:10C340001CFF0346002B07D1BB6801221A707868D6
:10C35000FFF7A6FF0346A3E05549F86806F00DFF76
:10C360000346002B06D05349F86806F006FF034643
:10C37000002B07D1BB6801221A707868FFF756FFBF
:10C3800003468DE008224C49F86806F061FF034639
:10C39000002B23D1BB6801221A70FB680833C7F851
:10C3A000DC3007F1D80207F1DC031146184603F030
:10C3B0000DF80346002B0FD1D7F8D830002B0BDB3C
:10C3C000D7F8D830FF2B07DCD7F8D830DBB21846C7
:10C3D000FFF754FA034663E01B2361E00822374964
:10C3E000F86806F035FF0346002B0BD1BB6801222D
:10C3F0001A70FB6808331846FFF790FC3048FFF7C7
:10C400008DFC4CE00B222F49F86806F021FF034613
:10C41000002B44D1BB6801221A70FB680B33C7F8AC
:10C42000DC3007F1D80207F1DC031146184602F0B0
:10C43000CDFF0346002B30D104E0D7F8DC300133C8
:10C44000C7F8DC30D7F8DC301B78202BF5D0D7F8D4
:10C45000DC301B78222B10D107F1100107F1DC032F
:10C46000C822184603F0AAF90346002B01D01B236B
:10C4700016E007F11003C7F8DC30D7F8D830D8B28F
:10C48000D7F8DC10104B01937B680093002342F235
:10C490001072FFF7DDFD034602E01B2300E00023DE
:10C4A0001846E037BD4680BDDC3A0100DC4E010095
:10C4B000EC3A0100E44E0100F04E0100FC4E010098
:10C4C000F83C0100084F0100E851010080B58CB034
:10C4D00000AF0346FB710B46BB7113467B71BB7902
:10C4E000002B75D007F10C033B4A2021184602F0BF
:10C4F000A1FCFA7907F10C032021184602F064FE32
:10C5000007F10C0320222021184602F0EBFC06F074
:10C5100071FB03461A4607F10C032021184602F06E
:10C5200053FE07F10C0320222021184602F0DAFC0A
:10C5300007F10C0300222021184602F045FE7B790A
:10C54000002B07D107F10C03244A2021184602F0E2
:10C5500096FC06E007F10C03214A2021184602F060
:10C560008EFC07F10C03184606F0B7FB034687F86C
:10C570002F3097F82F301B0987F82E3097F82E3080
:10C58000092B01D8302200E0372297F82E301344CF
:10C59000DBB2FB7497F82F3003F00F0387F82E30CF
:10C5A00097F82E30092B01D8302200E0372297F877
:10C5B0002E301344DBB23B7507F10C030A22202115
:10C5C000184602F08FFC07F10C031846FFF7A6FB94
:10C5D00000BF3037BD4680BD004E0100144F010042
:10C5E000184F010080B586B000AF78605F4B002225
:10C5F0001A7002E00A20FAF70BFC5D4BDB689847E3
:10C60000034683F00103DBB2002BF3D1594AC82162
:10C61000564802F010FB0346002BEED1FF23FB73BC
:10C62000FF23BB73514B1B78402B40F090804F4849
:10C6300006F0E7FD03460A2B40F2898007F10E035E
:10C6400007F10F0207F11001484806F067FB0346A7
:10C65000FB75FB7D142B09D1474B14221A70FB7B11
:10C66000B97BFA7D1846FFF731FF79E0FB7D002B9F
:10C6700076D11B23FB753B694049184606F07DFDCA
:10C680000346002B0CD13C4B1B78FB75FB7BB97B25
:10C69000FA7D1846FFF71AFF374B00221A705FE049
:10C6A0003B693749184606F068FD0346002B14D154
:10C6B000FDF734F80346184605F06AFE0346002BE2
:10C6C00002D00023FB7501E01B23FB75FB7BB97BCC
:10C6D000FA7D1846FFF7FAFE42E03B690522294938
:10C6E000184606F0B5FD0346002B22D1F7F770F887
:10C6F0003B6905333B61BB7B002B08D13B690122C1
:10C700002149184600F0DCF80346FB7507E03B6959
:10C7100001221E49184600F0D3F80346FB75164A5D
:10C72000FB7D1370FB7BB97BFA7D1846FFF7CEFECD
:10C7300016E03B691649184606F01FFD0346002B1C
:10C740000ED03B691349184606F017FD08E0124A5F
:10C75000C821064802F093FB044800F069F800E0A5
:10C7600000BF024B00221A7047E700BFE80B002011
:10C77000B0500100E8510100B80C0020204F01002A
:10C78000304F0100044E0100D8510100C851010092
:10C79000144F0100184F0100F846010080B582B027
:10C7A00002AF0023019304230093002340F24512BB
:10C7B0000B490C4805F0F3F90346012B01D000BFEB
:10C7C000FDE7042004F013FB0346074A1360064B01
:10C7D0001B68002B01D100BFFDE700BFBD4680BD37
:10C7E0003C4F0100E5C50000E409002080B582B09F
:10C7F00000AF00237B6011E00C497A6813465B00B0
:10C8000013449B000B441B68DB6898470346002BCE
:10C8100001D0012306E07B6801337B607B68002B3D
:10C82000EAD0002318460837BD4680BD30520100CB
:10C8300080B584B000AF78600023FB6033E01E4910
:10C84000FA6813465B0013449B000B441B681B4AA9
:10C85000934218D10020F9F771FDB860786806F0AE
:10C86000D0FC0246BB6893421AD91349FA681346B2
:10C870005B0013449B000B441B685B681946786897
:10C8800002F04AF80CE00C49FA6813465B001344C6
:10C890009B000B441B685B681946786802F03CF803
:10C8A000FB680133FB60FB68002BC8D000BF00BFF2
:10C8B0001037BD4680BD00BF30520100A0500100BE
:10C8C00080B584B000AFF860B9601346FB71BB68F7
:10C8D000002B01D1064BBB60FB79064AB968F868AA
:10C8E00002F0EBF8034618461037BD4680BD00BF86
:10C8F000A0500100F851010090B585B000AF7860FC
:10C900000023BB604FF47A70FAF782FA0023FB60D1
:10C910000DE02449FA6813465B0013449B000B4466
:10C9200004331B6800221A70FB680133FB60FB684C
:10C93000002BEED00023FB6018E01A49FA6813467A
:10C940005B0013449B000B4404331868C82415494A
:10C95000FA6813465B0013449B000B441A68124BA1
:10C96000214602F0C0F9FB680133FB60FB68002B35
:10C97000E3D0FFF73BFF034683F00103DBB2002B5C
:10C98000D8D01420FAF744FABB681433BB60BB68F4
:10C99000C72BCFDD054B1B68184601F05DFF002358
:10C9A000BB60C7E730520100F8510100B809002010
:10C9B00080B582B002AF00230193022300930023CD
:10C9C00040F271220749084805F0E9F80346012BB7
:10C9D00001D000BFFDE7054B1846F6F79BFC00BFF2
:10C9E000BD4680BD444F0100F9C80000A0500100C1
:10C9F00080B483B000AF0346FB7197F90730002B7A
:10CA00000BDBFB7903F01F02074997F907305B093D
:10CA1000012000FA02F241F8232000BF0C37BD4686
:10CA20005DF8047B704700BF00E100E080B483B094
:10CA300000AF03463960FB7197F90730002B0ADB22
:10CA40003B68DAB20C4997F907301201D2B20B44B5
:10CA500083F800230AE03B68DAB20849FB7903F067
:10CA60000F03043B1201D2B20B441A7600BF0C37FD
:10CA7000BD465DF8047B704700E100E000ED00E09A
:10CA800080B582B000AF786008220449786806F06B
:10CA900062FB00BF0837BD4680BD00BF3C520100AD
:10CAA00080B500AF0021024806F030FA00BF80BD1B
:10CAB0000070034080B500AF0021024806F00AFA7A
:10CAC00000BF80BD0070034080B586B000AF7860C5
:10CAD0007B68FB60FB68DB68002B01D1002396E0DC
:10CAE000FB68B3F91230002B0AD0FB68B3F912309F
:10CAF0009BB2013B9BB21AB2FB685A82012386E0CB
:10CB0000FB68DB68002B02DD01237B6102E04FF054
:10CB1000FF337B61FB689A687B691A44FB689A6003
:10CB2000FB685B68002B06D0FB685B68FA681268DC
:10CB3000796910469847FB68DA687B69D21AFB6806
:10CB4000DA60FB68B3F91020FB685A82FB681B7E31
:10CB5000002B03D1FB685B7E002B57D0FB68DB68A2
:10CB60003B613B69002B02DA3B695B423B61FB683E
:10CB70001B7E002B26D03B694FF4B47202FB03F3FB
:10CB8000254A93421ED9FB685B691A464FF4B47379
:10CB900002FB03F3204A934204D8FB685B695A1CEA
:10CBA000FB685A61FB685B691A464FF4B47302FB79
:10CBB00003F31A4AA2FB03231B0B1946F86806F07D
:10CBC000FEF923E0FB685B7E002B1FD03B694FF42E
:10CBD000B47202FB03F3124A934217D8FB685B69F5
:10CBE000002B04DDFB685B695A1EFB685A61FB6819
:10CBF0005B691A464FF4B47302FB03F3074AA2FBC6
:10CC000003231B0B1946F86806F0D9F901231846CF
:10CC10001837BD4680BD00BFBFB6010049D6B9F286
:10CC2000DFA5010080B500AF01220021044806F015
:10CC300028F905F0F9FDBFF34F8F00BF00BF80BD9D
:10CC4000007003402DE9B04F88B000AF07F11C031E
:10CC5000184606F0ECF800233B7707F11C03194651
:10CC60002E48F4F793FC0220F3F74AFD0346002216
:10CC70009A46934652465B469118B9605B41FB6009
:10CC8000D7E9022312EB0A0443EB0B054FF0000235
:10CC90004FF00003AB0043EA9473A20014461D4614
:10CCA000B4EB0A0865EB0B094FF000024FF00003EC
:10CCB0004FEA891343EA98634FEA8812B2EB0801FE
:10CCC000396063EB09037B60D7E900120B4613EB75
:10CCD0000A033B61134643EB0B037B61104A4FF0A1
:10CCE0000003D7E9040106F018FB02460B46134681
:10CCF0001A460021094806F0D9F802220021074807
:10CD000006F0A2F806213020FFF790FE302006F052
:10CD100078F800BF2037BD46BDE8B08F00700340F3
:10CD200040420F0080B487B000AF78607B683B6101
:10CD3000EFF3108072B6F8733B699B687B617B6987
:10CD4000002B13DA7B695B42164A82FB03121A44FA
:10CD50001113DA178A1A4FF4875101FB02F29B1A5A
:10CD60007B617B69C3F587537B610DE07B690D4A6D
:10CD700082FB03121A441113DA178A1A4FF48751EF
:10CD800001FB02F29B1A7B613B697A699A60F87B2E
:10CD900080F310887B6918461C37BD465DF8047B1C
:10CDA000704700BF49D6B9F280B58AB000AFF860CD
:10CDB000B96011461A460B46FB711346BB7100233E
:10CDC0007B62FB68BB61F868FFF7ACFF78617B6949
:10CDD0006E4A82FB03125210DB17D31A3B61BB6809
:10CDE000002B0EDBBB686A4A82FB03121A44111245
:10CDF000DA178A1A4FF4B47101FB02F29B1A3B62F4
:10CE000010E0BB685B42624A82FB03121A441112B3
:10CE1000DA178A1A4FF4B47101FB02F29A1AC2F5BA
:10CE2000B4733B62FB79002B18D13A6A3B69D31A81
:10CE3000FB61FB69002B08DBFB69B42B02DC0123DF
:10CE4000FB710BE00223FB7108E0FB6913F1B30FE8
:10CE500002DA0123FB7101E00223FB71FB79012B54
:10CE60003DD13A693B6A9A4204DC3A6A3B69D31A7B
:10CE7000FB6105E03A693B6AD31AC3F5B473FB6101
:10CE8000FA6913465B0013449B007B62BB68B3F5F1
:10CE9000B47F0FDBBB683E4A82FB03121A441212B6
:10CEA000DB17D31A4FF4875202FB03F37A6A134459
:10CEB0007B6254E0BB6813F5B47F50DCBB685B4217
:10CEC000334A82FB03121A441212DB17D31A4FF4AF
:10CED000875202FB03F37A6A13447B623FE0FB79DB
:10CEE000022B3CD13A6A3B699A4204DC3A693B6ABC
:10CEF000D31AFB6105E03A6A3B69D31AC3F5B473F0
:10CF0000FB61FA69134692009B1A9B007B62BB6827
:10CF1000B3F5B47F0FDBBB681D4A82FB03121A44D2
:10CF20001212DB179B1A4FF4875202FB03F37A6A43
:10CF300013447B6213E0BB6813F5B47F0FDCBB685E
:10CF40005B42134A82FB03121A441212DB179B1A2C
:10CF50004FF4875202FB03F37A6A13447B62BB6986
:10CF60007A6ADA60BB6900225A61BB791AB2BB697E
:10CF70001A82BB6997F830201A76BB6997F834207B
:10CF80005A7600BF2837BD4680BD00BFABAAAA2A8B
:10CF9000B7600BB680B588B002AFF860B9607A6050
:10CFA000FB687B611B4A7968B86801F068FF7B69A0
:10CFB0009A680523009320237968B86802F0E7F89F
:10CFC000154A7968B86801F05AFF7B69B3F91020F7
:10CFD0000223009320237968B86802F0B6F87B69D1
:10CFE000DB69002B12D00D4A7968B86801F047FF61
:10CFF0007B69DB69184604F0CEFB03461AB20223B4
:10D00000009320237968B86802F09FF800BF1837B2
:10D01000BD4680BD4C4F0100544F0100604F0100E0
:10D0200080B5A2B000AF78607B685B681A462A4979
:10D030002A4801F0BAFE07F10803294A8021184660
:10D0400001F0F8FE07F1080340F2B62280211846ED
:10D0500002F08CF907F10803224A8021184601F0FA
:10D060000EFF7B685A6807F1080319461E4801F055
:10D070009CFE07F108031D4A8021184601F0DAFEE4
:10D0800007F108034FF487528021184602F06EF929
:10D0900007F10803164A8021184601F0F0FE07F157
:10D0A000080340F6B8328021184602F05FF907F114
:10D0B00008030C4A8021184601F0E1FE7B685A689B
:10D0C00007F1080319460B4801F06FFE00231846CC
:10D0D0008837BD4680BD00BF6C4F0100804F010006
:10D0E000884F0100F8460100A04F0100A84F010041
:10D0F000BC4F0100D04F010080B582B000AF786016
:10D100007B685B681A460B490B4801F03CFE7B6864
:10D110005B681A4609490A4801F035FE7B685B687E
:10D120001A460849084801F02EFE00231846083721
:10D13000BD4680BDD84F0100804F01002C36010054
:10D1400050360100F44F01001450010080B58AB040
:10D1500000AFF860B9607A60002387F8273054493F
:10D16000F86806F00AF80346002B06D05149F86823
:10D1700006F003F80346002B07D1BB6801221A70A2
:10D180007868FFF7B9FF03468DE04B49F86805F072
:10D19000F4FF0346002B06D04849F86805F0EDFF80
:10D1A0000346002B07D1BB6801221A707868FFF78D
:10D1B00037FF034677E00F224149F86806F048F848
:10D1C0000346002B6DD1BB6801221A70FB680F3338
:10D1D0007B6107F1200207F114031146184602F0A3
:10D1E000F5F80346002B59D13B6A002B56DB3B6A0E
:10D1F000012B53DC07F11C0207F1140311461846FA
:10D2000002F0E4F80346002B48D1FB69002B45DB14
:10D21000FB69002B42DC07F1180207F114031146E9
:10D22000184602F0D3F80346002B37D1BB69002B18
:10D2300034DBBB69012B31DC07F11403184602F023
:10D2400044FC7B691F49184605F097FF0346002BF5
:10D250000CD13B6AD8B2FB69D9B2BB69DAB20123FF
:10D26000FEF752FB002387F8273017E07B69164949
:10D27000184605F082FF0346002B0CD13B6AD8B25A
:10D28000FB69D9B2BB69DAB20023FEF73DFB00238C
:10D2900087F8273002E01B2387F8273097F82730DC
:10D2A00001E097F8273018462837BD4680BD00BFFB
:10D2B000DC3A010028500100EC3A0100385001002E
:10D2C00048500100E4390100083F0100034B0344CA
:10D2D00093F880301B0748BF203870474652010042
:10D2E0000A4B034493F880309A0605D530388842BB
:10D2F000A8BF4FF0FF3070471A0701D55738F6E73F
:10D30000DB064CBF37384FF0FF30F0E746520100E4
:10D310002DE9F0471446294A07468946054629461D
:10D3200015F8010BE0B1131893F88030DB07F6D441
:10D33000302815D1287800F0DF03582B01F10202C4
:10D3400009D134F0100337D16878CA1C1024214663
:10D3500015461C4607E00123002CF8D10824F6E707
:10D36000B4B1214600240026B046B246FFF7B8FF0C
:10D3700000280FDA04B16F1EC9F80070BAF1000F6F
:10D3800017D00F4B22221A604FF0FF30BDE8F08714
:10D390000A21E8E706FB01031A0C08FB0128B8F58F
:10D3A000803F15F8010B9EB228BF4FF0010A0124FF
:10D3B000DCE746EA0840E9E70123C8E746520100F6
:10D3C000B00C0020DFF878C0F7B5034607460E46DC
:10D3D0001D4613F8011B21B30CEB010090F88040AF
:10D3E00014F00104F4D12B291DD02D290ABF1D46AC
:10D3F00000244FF4007401A92846FFF789FF26B1E5
:10D40000019BAB4208BF3B46336074B10028BBBFF1
:10D410000A4B222240421A60B8BF4FF0004003B0CE
:10D42000F0BD0C46E7E71D46E5E70028BFBF034B0C
:10D4300022221A606FF00040F1E700BFB00C00201C
:10D440004652010080B500AFF3F78AFB00BF80BDF4
:10D4500080B500AFF3F792FB00BF80BD80B500AF91
:10D46000F3F79AFB00BF80BD80B500AFF3F7A2FBD6
:10D4700000BF80BD80B500AFF2F71CFF00BF80BDCC
:10D4800080B500AFF2F716FF00BF80BD80B500AFDA
:10D49000F2F710FF00BF80BD80B500AFF2F70AFFC2
:10D4A00000BF80BD80B500AFF2F704FF00BF80BDB4
:10D4B00080B500AFF2F7FEFE00BF80BD80B500AFC3
:10D4C000F2F7F8FE00BF80BD80B500AFF2F7F2FEC4
:10D4D00000BF80BD80B500AFF2F7ECFE00BF80BD9D
:10D4E00080B500AFF2F7E6FE00BF80BD80B500AFAB
:10D4F000F2F7E0FE00BF80BD80B500AFF2F7DAFEC4
:10D5000000BF80BD80B500AFF2F7D4FE00BF80BD84
:10D5100080B500AFF2F7CEFE00BF80BD80B500AF92
:10D52000F2F7C8FE00BF80BD80B500AFF2F7C2FEC3
:10D5300000BF80BD80B500AFF2F7BCFE00BF80BD6C
:10D5400080B500AFF2F7B6FE00BF80BD80B500AF7A
:10D55000F2F7B0FE00BF80BD80B500AFF2F7AAFEC3
:10D5600000BF80BD80B500AFF2F7A4FE00BF80BD54
:10D5700080B500AFF2F79EFE00BF80BD80B500AF62
:10D58000F2F798FE00BF80BD80B500AFF2F792FEC3
:10D5900000BF80BD80B500AFF2F78CFE00BF80BD3C
:10D5A00080B500AFF2F786FE00BF80BD80B500AF4A
:10D5B000F2F780FE00BF80BD80B500AF00F09EFD99
:10D5C00000BF80BD80B500AFF2F774FE00BF80BD24
:10D5D00080B500AFF2F76EFE00BF80BD80B500AF32
:10D5E000F2F768FE00BF80BD80B500AFF2F762FEC3
:10D5F00000BF80BD80B500AFF2F75CFE00BF80BD0C
:10D6000080B500AFF2F756FE00BF80BD80B500AF19
:10D61000F2F750FE00BF80BD80B500AFF2F74AFEC2
:10D6200000BF80BD80B500AFF2F744FE00BF80BDF3
:10D6300080B500AFF2F73EFE00BF80BD80B500AF01
:10D64000F2F738FE00BF80BD80B500AFF2F732FEC2
:10D6500000BF80BD80B500AFF2F72CFE00BF80BDDB
:10D6600080B500AFF2F726FE00BF80BD80B500AFE9
:10D67000F2F720FE00BF80BD80B500AFF2F71AFEC2
:10D6800000BF80BD80B500AFF2F714FE00BF80BDC3
:10D6900080B500AFF2F70EFE00BF80BD80B500AFD1
:10D6A000F2F708FE00BF80BD80B500AFF2F702FEC2
:10D6B00000BF80BD80B500AFF2F7FCFD00BF80BDAC
:10D6C00080B500AFF2F7F6FD00BF80BD80B500AFBA
:10D6D000F2F7F0FD00BF80BD80B500AFF2F7EAFDC4
:10D6E00000BF80BD80B500AFF2F7E4FD00BF80BD94
:10D6F00080B500AFF2F7DEFD00BF80BD80B500AFA2
:10D70000F2F7D8FD00BF80BD80B500AFF2F7D2FDC3
:10D7100000BF80BD80B500AFF2F7CCFD00BF80BD7B
:10D7200080B500AF00F074FD00F028FD00F033FD7F
:10D73000FCF76AF80023184680BD80B582B000AFC0
:10D74000F2F746FF7860F3F785F80346DB087A685E
:10D750009A4204D87B68002B01D07B6800E000234C
:10D7600018460837BD4680BD80B582B000AF03467D
:10D770003A60FB710B46BB71B979FB793A68184680
:10D78000F3F762F9034618460837BD4680BD80B4FA
:10D7900085B000AF78607B681B0C03F1804303F514
:10D7A0008E23FB60FB6819687B689BB201229A405C
:10D7B000FB680A431A6000BF1437BD465DF8047B5E
:10D7C000704790B589B000AF78607B689B687A68D5
:10D7D000127CDA777B689A687B681B7C5B01134458
:10D7E00003F580531C331B889BB203F08003002B8E
:10D7F00014BF01230023BB767B68DB68002B0CD1B0
:10D800007B681B68002B7FD07B681C687B6859682D
:10D81000BA7E00237868A04776E07B689A687B68C8
:10D820001B7C5B01134403F5805318331B687B6139
:10D830007B68DB681A467B699B1A7B617B695B09A5
:10D840003B61BB7E002B02D03B69FB760EE03B695F
:10D85000002B04D03B69DBB2013BDBB205E07B6807
:10D860001B7D5BB2DBB2013BDBB2FB767B685B7C92
:10D870005AB297F91B309A4213D17B68DB7CFB7359
:10D880007B681B7DBB7397F90F2097F90E309A4286
:10D8900004D17B68DB7C5BB2FB6112E00023FB619F
:10D8A0000FE0FB7E7A68527C52B29B1AFB61FB69E7
:10D8B000002B06DA7B681B7D5BB21A46FB691344BA
:10D8C000FB6197F91B207B685A747B68DB7C5BB239
:10D8D000DAB2FB69DBB2D31ADBB25AB27B68DA7414
:10D8E0007B681B68002B07D07B681C687B685968C5
:10D8F000FB69BA7E7868A047BB7E002B04D07B68AA
:10D900009B687A68127C1A7700BF2437BD4690BDA9
:10D9100080B483B000AF78607B68002B01D1042312
:10D9200026E07A6892F84C3043F0010382F84C30DC
:10D930007A6892F84C3043F0020382F84C307B68EE
:10D940001022A3F860207B681322A3F862207B6872
:10D9500000225A657B68082283F851207B680022E8
:10D9600083F850207B684FF48072A3F85220002384
:10D9700018460C37BD465DF8047B704780B487B00D
:10D9800000AFF860B9607A60FB7066237B61FB686A
:10D99000002B01D1042323E0FB78013BDBB21A46C4
:10D9A000BB681340002B07D1FB78013BDBB21A4662
:10D9B0007B681340002B01D0652311E0FB689B6856
:10D9C000BA689A420BD3BA687B681A44FB689968B4
:10D9D000FB68DB680B449A4201D800237B617B69BA
:10D9E00018461C37BD465DF8047B704780B487B08D
:10D9F00000AF786000237B617B683B613B6903F08B
:10DA00000303002B03D13B691B687B6115E00023F6
:10DA1000FB600FE03B691B781A46FB68DB0002FAEB
:10DA200003F37A6913437B613B6901333B61FB6814
:10DA30000133FB60FB68032BECD97B6918461C376C
:10DA4000BD465DF8047B704780B586B000AFF860D6
:10DA5000B9607A603B6007F113037A68B968F868C7
:10DA600000F0E2F878617B69002B01D07B691DE052
:10DA7000FB7C1A46642302FB03F3FA681344B9687B
:10DA8000184600F019F978617B69002B01D07B6999
:10DA90000CE0FB7C1A46642302FB03F3FA68D018FF
:10DAA0003B687A68B968F3F7C1F803461846183737
:10DAB000BD4680BD80B586B000AFF860B9607A60C1
:10DAC0003B6007F113033A68B968F86800F0ACF8F6
:10DAD00078617B69002B01D07B691DE0FB7C1A46D5
:10DAE000642302FB03F3FA681344B968184600F094
:10DAF000E3F878617B69002B01D07B690CE0FB7C4B
:10DB00001A46642302FB03F3FA68D0183B687A686C
:10DB1000B968F3F7EBF8034618461837BD4680BDE1
:10DB200080B586B000AFF860B9607A60FB7007F12D
:10DB300013037A68B968F86800F076F878617B6951
:10DB4000002B01D07B691DE0FB7C1A46642302FB9D
:10DB500003F3FA681344B968184600F0ADF8786129
:10DB60007B69002B01D07B690CE0FB7C1A466423A7
:10DB700002FB03F3FA68D018FB787A68B968F3F708
:10DB80001FF9034618461837BD4680BD80B485B0DE
:10DB900000AF78600023FB607B685B78002B16D1B8
:10DBA0007A68137943F0010313717A68137943F0AB
:10DBB000020313717A68137943F0080313717A68CA
:10DBC000137943F0200313710023FB6001E0042369
:10DBD000FB607A68137943F0040313717A68137950
:10DBE00043F010031371FB6818461437BD465DF807
:10DBF000047B704780B485B000AF786039603B68C3
:10DC00009B027A689A4205D97A683B68B2FBF3F3C3
:10DC1000FB6002E04FF48063FB60FB68184614373A
:10DC2000BD465DF8047B704790B486B000AFF860E5
:10DC3000B9607A603B60FB68002B01D1042336E0B9
:10DC40000023FB752FE0FB7DFA68642101FB03F3E1
:10DC5000134408331B68BA689A4221D3BA687B68B8
:10DC60001A44FB7DF968642000FB03F30B4408337E
:10DC70001968FB7DF868642404FB03F303440C3348
:10DC80001B680B449A420BD8FB7DFA68642101FBA8
:10DC900003F3134401331A783B681A70002306E03B
:10DCA000FB7D0133FB75FB7D002BCCD06623184632
:10DCB0001837BD4690BC704780B483B000AF786021
:10DCC00039607B68002B01D1042317E07B685B7807
:10DCD000002B0FD07B681B7903F00103DBB2002B14
:10DCE00008D07B689B683A68D31A03F500027B680A
:10DCF0001A6302E07B683A681A63002318460C37FF
:10DD0000BD465DF8047B704780B487B000AFF86013
:10DD1000B9601346FB7101237B61FB79002B05D1B0
:10DD20007A69BB689A40FB689A6004E07A69BB68CC
:10DD30009A40FB685A6000BF1C37BD465DF8047B03
:10DD4000704780B586B000AFF860B9607A60012393
:10DD50007B617B681B78002B0AD1FB685A69796963
:10DD6000BB6801FA03F3DB431A40FB685A610FE01A
:10DD70007B685B781A46B968F868FFF7C5FFFB68EF
:10DD80005A697969BB6801FA03F31A43FB685A615F
:10DD900000BF1837BD4680BD80B485B000AF786045
:10DDA0007B681B0C03F1804303F58E23FB60FB684B
:10DDB00019687B689BB201229A40FB680A431A608B
:10DDC00000BF1437BD465DF8047B704780B582B054
:10DDD00000AF786007220021786805F0BEF97B6803
:10DDE00000221A707B6800225A707B6800229A70A9
:10DDF0007B680022DA707B6801221A717B6801223D
:10DE00005A717B6800229A7100BF0837BD4680BDF9
:10DE100080B485B000AF78607B681B0C03F1804351
:10DE200003F58E23FB60FB6819687B689BB20122B7
:10DE30009A40FB680A431A6000BF1437BD465DF87C
:10DE4000047B704780B485B000AF78607B685B78F6
:10DE5000DBB2FB60FB6823F06003FB60FB68DAB2B7
:10DE60007B685A70002318461437BD465DF8047B62
:10DE7000704780B485B000AF78607B685B78DBB2B8
:10DE8000FB60FB6823F06003FB60FB6843F060030A
:10DE9000FB60FB68DAB27B685A70002318461437BF
:10DEA000BD465DF8047B704780B485B000AF7860F4
:10DEB0007B681B0C03F1804303F58E23FB60FB683A
:10DEC00019687B689BB201229A40FB680A431A607A
:10DED00000BF1437BD465DF8047B704780B582B043
:10DEE00000AF78600C220021786805F036F97B6875
:10DEF0004FF4E1321A607B6800221A717B680022BD
:10DF00005A717B6801229A717B680022DA717B6802
:10DF100000221A727B6800225A727B6800229A7271
:10DF20007B680022DA7200BF0837BD4680BD80B42E
:10DF300085B000AF78607B681B79DBB2FB607B68E3
:10DF40005B79DBB21B02FA681343FB607B681B7BC7
:10DF5000DBB21B04FA681343FB607B689B7CDBB27B
:10DF60001B06FA681343FB60FB6818461437BD466E
:10DF70005DF8047B704780B584B000AF786039608D
:10DF80007B685B79FB72FB7A03F03F03FB723B68B3
:10DF90001B0ADAB2FB7A1343DAB27B685A713B6828
:10DFA0001B0EDAB27B689A743B6803F01703002BF0
:10DFB00003D07B681B797B68DB793B6803F008033F
:10DFC000002B0BD07B681B797B68DB797B685B7CE3
:10DFD000DBB243F04003DAB27B685A747868FFF72B
:10DFE000A6FF02463B681340002B03D040F2EE33FD
:10DFF000FB6001E00023FB60FB6818461037BD465C
:10E0000080BD80B485B000AFF860B9607A600CE084
:10E0100000BFFB681B79DBB25BB2002BF9DABB688F
:10E020005A1CBA601A78FB68DA717B685A1E7A60EB
:10E03000002BEDD100BFFB681B79DBB203F040037E
:10E04000002BF8D000BF00BF1437BD465DF8047B3D
:10E05000704780B485B000AF78600B46FB7000233A
:10E06000FB730023BB737B689B7CFB737B68DB7853
:10E07000DBB203F00C03BB73FB7B03F04003002B0C
:10E0800035D07B68DB78DBB223F00C03DAB27B6837
:10E09000DA707B685B7CDBB263F03F03DAB27B68EB
:10E0A0005A74FB78002B08D07B681B7CDBB243F0F2
:10E0B0000803DAB27B681A7407E07B681B7CDBB26A
:10E0C00023F00803DAB27B681A747B685B7CDBB2EE
:10E0D00063F03F03DAB27B685A747B68DB78DAB2AC
:10E0E000BB7B1343DAB27B68DA70002300E00123C4
:10E0F00018461437BD465DF8047B704780B500AF05
:10E10000F3F7FEFBBFF34F8F00BF00BF80BD80B4AD
:10E1100000AF00BFBD465DF8047B704780B483B09C
:10E1200000AF78600B46FB707B68FA781A7000BF0E
:10E130000C37BD465DF8047B704780B483B000AFF8
:10E1400078607B68DB78DBB218460C37BD465DF83B
:10E15000047B704780B483B000AF47F230537B60DC
:10E1600000E000BF7B685A1E7A60002BF9D100BF27
:10E1700000BF0C37BD465DF8047B704780B500AF2B
:10E18000F3F702FC00BF80BD80B400AF00BFBD4606
:10E190005DF8047B704780B500AFFFF7F5FF00BF67
:10E1A00080BD80B485B000AF78607B681B0C03F144
:10E1B000804303F58E23FB60FB6819687B689BB284
:10E1C00001229A40FB680A431A6000BF1437BD461B
:10E1D0005DF8047B704780B485B000AFF860B9602B
:10E1E0001346FB71FB68BA6853F8223023F4E062EF
:10E1F000FB791B0203F4E06342EA0301FB68BA689F
:10E2000043F8221000BF1437BD465DF8047B704709
:10E2100080B500AFF3F7E8FB00BF80BD80B588B0E4
:10E2200000AF786007F108031846F3F7F1F900230F
:10E23000FB6107E07A68FB69134400221A70FB69EE
:10E240000133FB61FB690F2BF4D90023FB61002331
:10E25000BB610FE007F10802FB69134419787A6883
:10E26000BB6913440A461A70FB690133FB61BB6941
:10E270000133BB61FB690F2B02D8FB690F2BE9D976
:10E28000002318462037BD4680BD80B400AF00BFD4
:10E29000BD465DF8047B704780B483B000AFEFF3F8
:10E2A00010833B603B687B6072B600BF7B6818469A
:10E2B0000C37BD465DF8047B704780B485B000AF75
:10E2C00078607B68FB60FB6883F3108800BF00BF49
:10E2D0001437BD465DF8047B704780B483B000AF4F
:10E2E00078603960012318460C37BD465DF8047B21
:10E2F000704780B485B000AF786039607B68FB60A0
:10E300000BE0FB681B78FF2B01D0002309E0FB68C2
:10E310000133FB603B68013B3B603B68002BF0D165
:10E32000012318461437BD465DF8047B704780B55D
:10E3300084B000AFF860B9607A607968F868FFF778
:10E34000CCFF034683F00103DBB2002B06D07A68D2
:10E35000FF21B86804F001FF122305E07A68F9682C
:10E36000B86804F0F8FE002318461037BD4680BD9B
:10E3700080B584B000AFF860B9607A607A68B96837
:10E38000F868F3F71BFE034618461037BD4680BDFC
:10E3900080B584B000AFF860B9607A603B60BB685C
:10E3A00039681846FFF799FF034683F00103DBB293
:10E3B000002B06D03A68FF21786804F0CEFE1B23BC
:10E3C00006E0BB683A681946786804F0C4FE00238A
:10E3D00018461037BD4680BD80B483B000AF78606A
:10E3E00039607B683A685A6000BF0C37BD465DF8FB
:10E3F000047B704780B483B000AF786039607B687D
:10E400003A689A6000BF0C37BD465DF8047B7047E0
:10E4100080B483B000AF786039607B683A68DA60B6
:10E4200000BF0C37BD465DF8047B704780B483B0F5
:10E4300000AF786039607B681A693B6822FA03F3A1
:10E4400003F0010318460C37BD465DF8047B7047A6
:10E4500080B485B000AFF860B9601346FB71FB680B
:10E46000BA6853F8223023F4E062FB791B0203F40C
:10E47000E06342EA0301FB68BA6843F8221000BF78
:10E480001437BD465DF8047B704780B584B000AF9B
:10E4900078600B46FB701346BB7007F10C03022239
:10E4A0000021184604F059FEFB78002B02D000230F
:10E4B0003B7301E001233B73BB787B737B68586837
:10E4C0007B68DB6807F10C021946FFF73AFC00BFD6
:10E4D0001037BD4680BD80B584B000AF78607B68E2
:10E4E000FB6000220121F868FFF7CFFFFB680122E3
:10E4F0001A7000BF1037BD4680BD80B584B000AF34
:10E5000078600B46FB707B68FB60FB781A46002145
:10E51000F868FFF7BAFFFB6800221A7000BF1037D7
:10E52000BD4680BD80B485B000AF78607B68FB607D
:10E53000FB681B78002B14BF01230023DBB283F0A0
:10E540000103DBB203F00103DBB218461437BD460A
:10E550005DF8047B704780B584B000AF786014200C
:10E5600002F0DBF9F860FB68002B10D014220021C8
:10E57000F86804F0F2FD7B681A78FB681A70FB6893
:10E58000181D7B6804331022194604F0E4FD7B68F3
:10E5900019787B685B781A46F868FFF776FF7B6826
:10E5A0001B7C1946F86800F0A1F87B6898687B68C6
:10E5B000DB6801221946FFF74BFFFB68184610374E
:10E5C000BD4680BD80B584B000AF78607B68FB60DD
:10E5D000FB685A68FB68DB68012101FA03F31946FE
:10E5E0001046FFF707FF00BF1037BD4680BD80B55E
:10E5F00084B000AF78607B68FB60FB685A68FB689A
:10E60000DB68012101FA03F319461046FFF7E4FE27
:10E6100000BF1037BD4680BD80B584B000AF7860C4
:10E620007B68FB60FB685A68FB68DB68012101FAC4
:10E6300003F319461046FFF7EBFE00BF1037BD4647
:10E6400080BD80B584B000AF78600B46FB707B68FE
:10E65000FB60FB78002B0BD0FB685A68FB68DB681B
:10E66000012101FA03F319461046FFF7B5FE0AE04F
:10E67000FB685A68FB68DB68012101FA03F319465D
:10E680001046FFF7B7FE00BF1037BD4680BD80B50E
:10E6900084B000AF78607B68FB60FB685A68FB68F9
:10E6A000DB6819461046FFF7C1FE0346002B14BF76
:10E6B00001230023DBB218461037BD4680BD80B56C
:10E6C00082B000AF78607868FFF7E1FF0346002B67
:10E6D00014BF01230023DBB283F00103DBB203F09C
:10E6E0000103DBB218460837BD4680BD80B485B053
:10E6F00000AF78600B46FB707B68FB60FB68FA78C4
:10E700001A74FB78002B10D1FB689B68FA68D268FA
:10E7100053F82230FA689268F968C96823F0807368
:10E7200023F0030342F821302AE0FB78012B12D1B9
:10E73000FB689B68FA68D26853F8223023F0807334
:10E7400023F00303FA689268F968C96843F0030389
:10E7500042F8213014E0FB78022B11D1FB689B6852
:10E76000FA68D26853F8223023F0807323F0030351
:10E77000FA689268F968C96843F0020342F82130E8
:10E7800000BF1437BD465DF8047B704780B400AF0E
:10E7900000BFBD465DF8047B704704207146084207
:10E7A00002D0EFF3098001E0EFF3088081690A8865
:10E7B0004BF6AB639A4201D0F3F7EEBE02318161B2
:10E7C00020210160704700BF80B58AB000AF78603B
:10E7D00007F10C031846F3F739FE00233B737B68FF
:10E7E000191D07F10C0304331022184604F0B3FC82
:10E7F0007B681B78002B0ED07B685B78002B14BFE6
:10E8000001230023DBB283F00103DBB203F0010339
:10E81000DBB27B7302E07B685B787B7307F10C03F0
:10E820001846FFF798FE7862082002F076F8386202
:10E830003B6A002B0BD008220021386A04F08DFCC3
:10E840003B6A7A6A1A607B681A783B6A1A713B6A7B
:10E8500018462837BD4680BD80B584B000AF7860CB
:10E860007B68FB60FB681B681846FFF7D5FE00BF9E
:10E870001037BD4680BD80B400AF00BFBD465DF817
:10E88000047B704780B400AF00BFBD465DF8047BD9
:10E89000704780B485B000AF78607B681B0C03F1D3
:10E8A000804303F58E23FB60FB6819687B689BB28D
:10E8B00001229A40FB680A431A6000BF1437BD4624
:10E8C0005DF8047B704780B500AFF7F713FD034692
:10E8D000002B14BF01230023DBB2184680BD80B596
:10E8E00084B000AF786001F0F9FFF860FB68B3F125
:10E8F000FF3F03D17B6800221A7003E0FB68DAB2A5
:10E900007B681A7000BF1037BD4680BD80B500AF70
:10E9100001F0FDFF00BF80BD80B582B000AF786020
:10E9200039603B68002B0CD006E07B685A1C7A608B
:10E930001A783B68104698477B681B78002BF4D107
:10E9400000E000BF0837BD4680BD80B586B000AF8F
:10E950007860396007F10C037A680B211846F5F7E7
:10E960009DFC07F10C0339681846FFF7D5FF00BF7F
:10E970001837BD4680BD80B485B000AFB9607A60FD
:10E980003B600346FB733B6800221A700023184665
:10E990001437BD465DF8047B704780B586B000AF84
:10E9A000F860B9607A603B603B68DB689847034673
:10E9B000002B53D00023FB753B681B6807F117023F
:10E9C00010469847FB7D002B40D0FB7D082B02D0E2
:10E9D000FB7D7F2B0DD1BA68FB689A4235D9BB68A5
:10E9E000013BBB60BB6800221A707B6801337B600F
:10E9F0002BE0F87DBA68FB68D31A1A4607F11603B4
:10EA0000F968FFF7B8FF0346002B0CD007E000239E
:10EA1000FB753B681B6807F1170210469847FB7DA2
:10EA2000002BF4D1C6E7FA7DBB681A70BB680133CE
:10EA3000BB607B68013B7B60FB7D0D2B09D0FB7DC0
:10EA40000A2B06D07B68012B02D9B3E700BF00E098
:10EA500000BFBB6800221A70012300E000231846A3
:10EA60001837BD4680BD80B586B000AFF860B9608C
:10EA70007A603B600023FB753B68002B01D11B23B0
:10EA800017E07B68002B0FD11B2312E03B681B684B
:10EA90007A68B968F86898470346002B01D01B23B1
:10EAA000FB753B6804333B603B681B68002BEDD172
:10EAB000FB7D18461837BD4680BD80B586B000AFD7
:10EAC000F860B9607A60FB700023FB750023BB75AA
:10EAD000BB68002B01D11B233CE0FB681B78002B9B
:10EAE00001D1002336E0FB681B78232B0CBF0123E8
:10EAF0000023BB75BB7D002B02D0FB680133FB609C
:10EB000000237B7507F115017B68BA68F868FFF789
:10EB1000AAFF0346FB757B7D83F00103DBB2002B6C
:10EB200002D1FB7D002B05D0B968F868F4F7BAFB79
:10EB30001B23FB75BB7D83F00103DBB2002B08D0E8
:10EB4000FB7883F00103DBB2002B02D0B868F4F746
:10EB50001BFBFB7D18461837BD4680BD80B586B0CF
:10EB600000AFF860B9607A603B600023FB757B689A
:10EB7000002B01D11B235AE0F86804F042FB3861F6
:10EB8000FA683B69D118BA683B69D21A7B68F868A1
:10EB9000FFF703FF0346002B48D0F86804F031FB71
:10EBA00038613B69002B01D11B2340E03B69012BFD
:10EBB0000AD1FB681B780A2B03D0FB681B780D2B4E
:10EBC00002D1FB6800221A70BB68013B3A699A4285
:10EBD0000CD397F820303A687968F868FFF76DFF32
:10EBE000FB6800221A700423FB751FE03B69013BA0
:10EBF000FA6813441B780A2B06D03B69013BFA687C
:10EC000013441B780D2B11D13B69013BFA68134467
:10EC100000221A7097F820303A687968F868FFF790
:10EC20004CFF0346FB75FB6800221A70FB7D1846FB
:10EC30001837BD4680BD80B586B000AFF860B960BA
:10EC40007A607B68002B01D11B2348E0F86804F050
:10EC5000D8FA7861FA687B69D118BA687B69D21AE8
:10EC60007B68F868FFF799FE0346002B36D0F868FA
:10EC700004F0C7FA78617B69002B01D11B232EE0D9
:10EC80007B69012B0AD1FB681B780A2B03D0FB6838
:10EC90001B780D2B02D1FB6800221A70BB68013B68
:10ECA0007A699A4204D3FB6800221A70042316E0A2
:10ECB0007B69013BFA6813441B780A2B06D07B69F9
:10ECC000013BFA6813441B780D2B07D17B69013B8C
:10ECD000FA68134400221A70002300E00823184643
:10ECE0001837BD4680BD80B586B002AFF860B96008
:10ECF0007A603B60002300933B687A68B968F868E3
:10ED0000FFF72CFF034618461037BD4680BD80B57F
:10ED100084B000AFF860B96011461A460B46FB712B
:10ED20001346BB71FB68002B18D009E0FB685A1C26
:10ED3000FA601A78BB6910469847BB79013BBB71F2
:10ED4000FB681B78002B09D0BB79002BEED105E0C6
:10ED5000BB6920209847BB79013BBB71BB79002B75
:10ED6000F6D1FA79BB6910469847BB6920209847CD
:10ED7000BB68002B03D0B969B868FFF7CDFD00BFB1
:10ED80001037BD4680BD80B586B002AFF860B9606F
:10ED90007A607B6800931A233B22B968F868FFF712
:10EDA000B6FF00BF1037BD4680BD80B586B002AF4C
:10EDB000F860B9607A607B6800930D233A22B968E5
:10EDC000F868FFF7A4FF00BF1037BD4680BD80B5CF
:10EDD00082B000AF0346FB7197F9073013F1800F43
:10EDE00001D1012305E097F907301846F4F7A8FC94
:10EDF000002318460837BD4680BD80B483B000AFFD
:10EE000078607B68DB79DBB218460C37BD465DF86D
:10EE1000047B704780B582B000AF7860786804F0FA
:10EE2000F0F9034619467868F4F7F4FC00BF083798
:10EE3000BD4680BD80B485B000AFF860B9607A602F
:10EE4000BB68013BBB600AE07A68531C7B60FB68CF
:10EE5000591CF96012781A70BB68013BBB60BB6833
:10EE6000002B03D07B681B78002BEDD1FB680022C0
:10EE70001A7000BF1437BD465DF8047B704780B43C
:10EE800085B000AFF860B9607A60BB68013BBB60D9
:10EE900005E0FB680133FB60BB68013BBB60BB68FE
:10EEA000002B0FD0FB681B78002BF2D10AE07A68A8
:10EEB000531C7B60FB68591CF96012781A70BB68A0
:10EEC000013BBB60BB68002B03D07B681B78002B29
:10EED000EDD1FB6800221A7000BF1437BD465DF803
:10EEE000047B704780B485B000AFF860B96013460A
:10EEF000FB71BB68013BBB6005E0FB680133FB6055
:10EF0000BB68013BBB60BB68002B03D0FB681B7870
:10EF1000002BF2D1BB68002B04D0FB685A1CFA60AE
:10EF2000FA791A70FB6800221A7000BF1437BD46C8
:10EF30005DF8047B704780B584B000AFF860B960BD
:10EF40001346FB71FB799BB21A46B968F868F4F76F
:10EF5000F7FF00BF1037BD4680BD80B485B000AF5D
:10EF600078600B46FB701346BB700023BB7305E053
:10EF700097F90E30DBB20133DBB2BB7397F90E3079
:10EF80007A6813441B78002BF2D1BB78FB7397F996
:10EF90000F2097F90E309A4231D097F90F2097F948
:10EFA0000E309A422BDD15E097F90E307A681A443C
:10EFB00097F90F3079680B4412781A7097F90F306F
:10EFC000DBB2013BDBB2FB7397F90E30DBB2013BE6
:10EFD000DBB2BB7397F90E30002BE5DA0BE097F943
:10EFE0000F307A681344FA781A7097F90F30DBB251
:10EFF000013BDBB2FB7397F90F30002BEFDA00BF58
:10F000001437BD465DF8047B704780B584B000AF0F
:10F01000F860B96011461A460B46FB8013467B71B7
:10F02000B7F906301A46B968F868F4F7FFFF3A7E78
:10F030007B791946F868FFF790FF00BF1037BD468F
:10F0400080BD80B584B000AFF860B96011461A4643
:10F050000B46FB8013467B71FB881A46B968F8683B
:10F06000F4F76EFF3A7E7B791946F868FFF775FF73
:10F0700000BF1037BD4680BD80B584B000AFF860DA
:10F08000B9607A60FB707A68B968F868F5F76EF86D
:10F090003A7EFB781946F868FFF75FFF00BF10372C
:10F0A000BD4680BD80B586B000AFF860B96013463C
:10F0B000FB71FA7907F1100305211846FFF73BFFB2
:10F0C00007F110031A46B968F868FFF7D8FE00BFC9
:10F0D0001837BD4680BD80B586B000AFF860B96016
:10F0E0001346FB80FA8807F1100307211846F4F74E
:10F0F00027FF07F110031A46B968F868FFF7BFFE4B
:10F1000000BF1837BD4680BD80B588B002AFF8603B
:10F11000B96011461A460B46FB8013467B7179791C
:10F12000FA8807F1100097F8203000930B4607216A
:10F13000FFF787FF07F110031A46B968F868FFF771
:10F140009EFE00BF1837BD4680BD80B588B002AFB7
:10F15000F860B96011461A460B46FB8013467B7176
:10F160007979B7F9062007F1100097F8203000935D
:10F170000B460721FFF749FF07F110031A46B9684C
:10F18000F868FFF77CFE00BF1837BD4680BD80B52C
:10F190008AB002AFF860B9607A60FB70FA7807F164
:10F1A000140097F82830009313467A680C21FFF773
:10F1B00063FF07F114031A46B968F868FFF75FFEAA
:10F1C00000BF2037BD4680BD80B586B000AFF86077
:10F1D000B9601346FB710023BB75FB7903F00F0385
:10F1E000FB75FB7D092B01D8302200E03722FB7D27
:10F1F0001344DBB27B75FB791B09FB75FB7D092B87
:10F2000001D8302200E03722FB7D1344DBB23B758E
:10F2100007F114031A46B968F868FFF730FE00BF1B
:10F220001837BD4680BD80B586B000AFF860B960C4
:10F230001346FB8000233B750323FB75FB88DBB281
:10F2400003F00F03BB75BB7D092B01D8302100E013
:10F25000372197F91730BA7D0A44D2B218333B44AC
:10F2600003F8082CFB881B09FB8097F91730DBB2E9
:10F27000013BDBB2FB7597F91730002BDEDA07F1A3
:10F2800010031A46B968F868FFF7F9FD00BF183790
:10F29000BD4680BD80B588B000AFF860B9607A60C7
:10F2A0000023BB760523FB777B68DBB203F00F03FB
:10F2B000BB77BB7F092B01D8302100E0372197F9BC
:10F2C0001F30BA7F0A44D2B220333B4403F80C2CDF
:10F2D0007B681B097B6097F91F30DBB2013BDBB217
:10F2E000FB7797F91F30002BDEDA07F114031A467B
:10F2F000B968F868FFF7C3FD00BF2037BD4680BD81
:10F3000080B588B000AFF860B9607A6000233B77C1
:10F310000723FB777B68DBB203F00F03BB77BB7F70
:10F32000092B01D8302100E0372197F91F30BA7F2F
:10F330000A44D2B220333B4403F80C2C7B681B09EF
:10F340007B6097F91F30DBB2013BDBB2FB7797F9AB
:10F350001F30002BDEDA07F114031A46B968F8688B
:10F36000FFF78DFD00BF2037BD4680BD80B588B05A
:10F3700000AFF860B9607A6007F114037A680C2175
:10F380001846F4F7F3FE07F114031A46B968F86853
:10F39000FFF775FD00BF2037BD4680BD80B588B042
:10F3A00000AFF860B9607A6007F114037A680B2146
:10F3B0001846F4F773FF07F114031A46B968F868A2
:10F3C000FFF75DFD00BF2037BD4680BD80B485B02E
:10F3D00000AF7860396000237B723B6800221A60BE
:10F3E00004E07B681B685A1C7B681A607B681B689A
:10F3F0001B78202BF5D07B681B681B78FB72FB7A8F
:10F400002D2B0AD101237B727B681B685A1C7B68F9
:10F410001A607B681B681B78FB72FB7A302B38D133
:10F420007B681B685A1C7B681A607B681B681B78AA
:10F43000FB72FB7A622B0DD0782B17D11023BB7295
:10F440007B681B685A1C7B681A607B681B681B788A
:10F45000FB7228E00223BB727B681B685A1C7B6826
:10F460001A607B681B681B78FB721CE0FB7A202B00
:10F4700002D9FB7A2E2B01D1002351E0FB7A2F2BEE
:10F4800002D9FB7A392B01D91B2349E00823BB722F
:10F4900009E0FB7A2F2B02D9FB7A392B01D91B23E8
:10F4A0003EE00A23BB720023FB6029E0FB7A602B5D
:10F4B00002D9FB7A203BFB72FB7A303BFB72FB7A72
:10F4C000102B07D9FB7A073BFB72FB7A092B01D87B
:10F4D0001B2325E0FA7ABB7A9A4201D31B231FE053
:10F4E000BB7AFA6803FB02F2FB7A1344FB607B6889
:10F4F0001B685A1C7B681A607B681B681B78FB7250
:10F50000FB7A202B02D9FB7A2E2BCFD17B7A002BD2
:10F5100002D0FB685B42FB60FA683B681A6000231C
:10F5200018461437BD465DF8047B704780B485B03B
:10F5300000AF786039600423FB737B681B68BB6095
:10F5400002E0BB680133BB60BB681B78202BF8D09E
:10F550003B6800221A7014E03B681B781A46920040
:10F5600013445B00DAB2BB681B781344DBB2303B58
:10F57000DAB23B681A70FB7B013BFB73BB6801335B
:10F58000BB60BB681B782F2B06D9BB681B78392B57
:10F5900002D8FB7B002BDFD1FB7B002B01D10423A6
:10F5A00008E0FB7B042B01D11B2303E07B68BA68D6
:10F5B0001A60002318461437BD465DF8047B704777
:10F5C00080B483B000AF0346FB71FB792F2B02D9C7
:10F5D000FB79392B0BD9FB79602B02D9FB79662B90
:10F5E00005D9FB79402B04D9FB79462B01D801239F
:10F5F00000E0002303F00103DBB218460C37BD46E0
:10F600005DF8047B704780B485B000AF78603960E6
:10F610007B681B681B78FB73FB7B2F2B0ED9FB7B56
:10F62000392B0BD8FB7B303BDAB23B681A707B6816
:10F630001B685A1C7B681A60002324E0FB7B602B4C
:10F640000ED9FB7B662B0BD8FB7B573BDAB23B68B2
:10F650001A707B681B685A1C7B681A60002312E0D2
:10F66000FB7B402B0ED9FB7B462B0BD8FB7B373B20
:10F67000DAB23B681A707B681B685A1C7B681A6098
:10F68000002300E01B2318461437BD465DF8047BB9
:10F69000704780B586B000AF786039600223FB7593
:10F6A0007B681B683B613B6800221A7002E03B6983
:10F6B00001333B613B691B78202BF8D03B691B78F9
:10F6C0001846FFF77DFF034683F00103DBB2002BF2
:10F6D0000DD01B231DE03B681B781B01DAB2FB7BBE
:10F6E0001344DAB23B681A70FB7D013BFB75FB7D6E
:10F6F000002B0AD007F10F0207F11003114618463C
:10F70000FFF781FF0346002BE5D03A697B681A605A
:10F71000002318461837BD4680BD80B584B000AFC1
:10F7200078603960786803F06CFD0346FB603868E8
:10F7300003F067FD0346BB60BA68FB689A420CDDC4
:10F74000012315E0FB68013BFB60BB68013BBB602C
:10F75000BB68002B01DA00230AE0FB687A681344D7
:10F760001A78BB6839680B441B789A42EAD00123A7
:10F7700018461037BD4680BD80B584B000AF7860B4
:10F78000396039687868FFF7C8FF0346002B01D05D
:10F790001B230FE0386803F034FDF860786803F04D
:10F7A00030FDB860BA68FB68D31A7A681344002247
:10F7B0001A70002318461037BD4680BD80B487B04C
:10F7C00000AFF860B9607A60FB681B687B617B689A
:10F7D000012B01D11B2338E07B68013BBA6813443D
:10F7E00000221A707B68013B7B607B691B78222BAF
:10F7F00001D01B2329E07B6901337B610AE07A6930
:10F80000531C7B61BB68591CB96012781A707B6805
:10F81000013B7B607B691B78222B06D07B691B78C0
:10F82000002B02D07B68002BE9D17B691B78222B4F
:10F8300001D01B2309E07B6901337B61BB68002297
:10F840001A70FB687A691A60002318461C37BD4697
:10F850005DF8047B704780B586B000AFF860B96092
:10F860007A60FB7000233B61BB68012B4AD9FB68BF
:10F870007B6105E07B6901337B613B6901333B615F
:10F880007B691B78002BF5D1FA683B69D018BA6800
:10F890003B69D31A7A681946FFF7F1FABA683B69EF
:10F8A000D31ABB600AE07B6901337B6197F8203093
:10F8B000013B87F82030BB68013BBB607B691B784C
:10F8C000002B14D097F82030002B10D0BB68012BF0
:10F8D000E9D80CE07B695A1C7A61FA781A7097F8BB
:10F8E0002030013B87F82030BB68013BBB6097F8B4
:10F8F0002030002B02D0BB68012BEBD87B690022A3
:10F900001A7000E000BF1837BD4680BD80B400AF5C
:10F9100000BFBD465DF8047B704780B584B000AF82
:10F92000F860B9607A60FB70FB78012B07D17B68C7
:10F93000DBB21A46B968F868FFF746FC18E0FB78B6
:10F94000022B07D17B689BB21A46B968F868FFF7AB
:10F950006AFC0DE0FB78032B05D17A68B968F8687A
:10F96000FFF798FC04E07A68B968F868FFF7C8FC0C
:10F9700000BF1037BD4680BD80B58AB000AFF860CB
:10F98000B9607A603B60FB681B687B6202E07B6A5F
:10F9900001337B627B6A1B78202BF8D07B6A1B7853
:10F9A000302B26D17B6A01331B78782B21D107F1CC
:10F9B000200207F1240311461846FFF707FD03460E
:10F9C000002B16D13B6AB3F1807F12DA3B6A1B141D
:10F9D000DAB2BB681A703B6A1B12DAB27B681A7023
:10F9E0003B6ADAB23B681A707A6AFB681A600023D5
:10F9F00044E007F11C0207F1240311461846FFF703
:10FA0000E5FC0346002B38D1FB69002B35DBFB6995
:10FA1000FF2B32DC07F1180207F1240311461846C8
:10FA2000FFF7D4FC0346002B27D1BB69002B24DB56
:10FA3000BB69FF2B21DC07F1140207F124031146F7
:10FA40001846FFF7C3FC0346002B16D17B69002B39
:10FA500013DB7B69FF2B10DCFB69DAB2BB681A7021
:10FA6000BB69DAB27B681A707B69DAB23B681A70DC
:10FA70007A6AFB681A60002300E01B2318462837C7
:10FA8000BD4680BD80B584B000AF7860396007F1B5
:10FA90000C0307F10D0207F10E017868FFF76CFF08
:10FAA0000346FB73FB7B002B0AD1BB7B1A047B7BD9
:10FAB0001B0213433A7B1A433B681A60002300E0A1
:10FAC0001B2318461037BD4680BD80B483B000AFFD
:10FAD000786004E07B681B685A1C7B681A607B684E
:10FAE0001B681B78202BF5D000BF00BF0C37BD462C
:10FAF0005DF8047B704700BF00BF00BF704700BFC8
:10FB000090B58BB000AF7860482000F006FF3862F7
:10FB10003B6A002B00F0A38048220021386A03F0E2
:10FB20001CFB7B681A783B6A1A7007F10C031846B5
:10FB3000F2F78CFC7B681B78002B14D000233B73FE
:10FB40007B68191D07F10C0304331022184603F0DB
:10FB500002FB00237B7307F10C031846FEF7FBFC46
:10FB600002463B6A5A60002387F8273073E000237F
:10FB70003B7397F827201346DB0013449B00203388
:10FB80007A68134403F1080107F10C0304331022CF
:10FB9000184603F0E0FA00237B7397F8274007F13B
:10FBA0000C031846FEF7D7FC01463A6A631C1B019A
:10FBB00013440433196097F8272097F827107868C2
:10FBC0001346DB0013449B000344143318783A6A4D
:10FBD0000B0113440D3302461A7097F827303A6A26
:10FBE0001B0113440C3301221A7097F827303A6A2C
:10FBF0001B011344083300221A6000233B7397F85B
:10FC000027201346DB0013449B0010337A6813440B
:10FC100003F1080107F10C0304331022184603F026
:10FC20009AFA00237B7397F8274007F10C031846D4
:10FC3000FEF791FC01463A6A631C1B0113441960EC
:10FC400097F827301946386AF4F704FD97F82730FB
:10FC5000013387F8273097F82730032B87D93B6A81
:10FC600018462C37BD4690BD80B485B000AF786093
:10FC70007B68FB60FB68002B06D0FB681B78002BC1
:10FC800002D0FB685B6800E0002318461437BD46CD
:10FC90005DF8047B704780B584B000AF78600B4698
:10FCA000FB707B68FB60FB68002B0AD0FB681B784D
:10FCB000002B06D0FB685B68FA7811461846FEF701
:10FCC000C0FC00BF1037BD4680BD80B586B000AF18
:10FCD000F8600B467A60FB72FB687B617B68002BE7
:10FCE0000DDCFB7A7A691B0113440C331B78002B63
:10FCF00005D0FB7A19467869F4F706FD12E07B68B7
:10FD0000002B0FDDFB7A7A691B0113440C331B783F
:10FD100083F00103DBB2002B04D0FB7A194678692B
:10FD2000F4F798FCFB7A7A6901331B01134404331E
:10FD30001B681846FEF75BFCFB7A7A691B011344CB
:10FD40000C331B78002B0CD0FB7A79691A010A441A
:10FD500008321268013279691B010B4408331A60BA
:10FD60000BE0FB7A79691A010A4408321268013AF9
:10FD700079691B010B4408331A60FB7A7A690133F5
:10FD80001B01134404331B681846FEF71BFC00BF1D
:10FD90001837BD4680BD80B584B000AF78607B6801
:10FDA000BB60BB681B78002B04D0BB685B6818463F
:10FDB000FEF791FB0023FB6015E0BA68FB68013396
:10FDC0001B0113441B681846FEF785FBBA68FB68E5
:10FDD00001331B01134404331B681846FEF77BFBF9
:10FDE000FB680133FB60FB68032BE6DD00BF00BF4F
:10FDF0001037BD4680BD80B584B000AF78607B68A9
:10FE0000BB60BB681B78002B05D0BB685B68012119
:10FE10001846FEF772FB0023FB603FE0BA68FB6800
:10FE20001B0113440C331B78002B1AD0BA68FB68F3
:10FE300001331B0113441868BA68FB681B011344A3
:10FE40000D331B78002B14BF01230023DBB283F09A
:10FE50000103DBB203F00103DBB21946FEF74DFBF1
:10FE60000EE0BA68FB6801331B0113441868BA68D6
:10FE7000FB681B0113440D331B781946FEF73DFB4D
:10FE8000BA68FB6801331B01134404331B6800216B
:10FE90001846FEF732FBFB680133FB60FB68032B5F
:10FEA000BCDD00BF00BF1037BD4680BD80B400AFD1
:10FEB00000BFBD465DF8047B704780B584B000AFDD
:10FEC0007860786803F09DF9F860FB68002B01D139
:10FED000002309E0FB68013B7A6813441B787E2B02
:10FEE00001D1012300E0002318461037BD4680BD34
:10FEF00080B584B000AF78600123FB607B6800228E
:10FF00005A737B681B7B83F00103DBB2002B19D093
:10FF10007B681B6804331846FFF7CFFF034683F066
:10FF20000103DBB2002B0DD07B681B684FF480729D
:10FF300019464FF4FC30FEF71BFA0346002B01D0A4
:10FF40000023FB60F4F742FCFB6818461037BD46FF
:10FF500080BD80B586B000AFF860B9607A60FB689C
:10FF600000221A707B689A687B6859687B681B68F6
:10FF70005B690B449A4209D37B685A687B681B68AB
:10FF80005B691A447B689A60002312E07B689B6877
:10FF90001B78FB757B689B685A1C7B689A60FB7DAD
:10FFA0001A46B968F868FEF79DFFFB7D0A2BD9D188
:10FFB000012318461837BD4680BD80B483B000AF1A
:10FFC000786039607B689A687B685B68D31A1A46E8
:10FFD0003B681A60012318460C37BD465DF8047B68
:10FFE000704780B483B000AF786039607B685A682E
:10FFF0003B681B681A447B689A607B689A687B68D8
:020000021000EC
:100000001B6803F580739A4207D37B681B6803F56E
:1000100080727B689A60002300E0012318460C3749
:10002000BD465DF8047B704780B400AF00231846DE
:10003000BD465DF8047B7047B0B485B000AFF86092
:10004000B9607A6017E0FB685A1CFA601B781D469D
:10005000602D02DD7A2D00DC203DBB685A1CBA60A1
:100060001B781C46602C02DD7A2C00DC203CA5426B
:1000700001D02B1B0DE07B685A1E7A60002B07D045
:10008000FB681B78002BDED1BB681B78002BDAD114
:10009000002318461437BD46B0BC704780B483B007
:1000A00000AF786002E07B6801337B607B681B787F
:1000B000002B03D07B681B78202BF4D97B68184673
:1000C0000C37BD465DF8047B704780B483B000AF49
:1000D0007860396002E07B68013B7B607A683B684E
:1000E0009A4209D97B68013B1B78002B04D07B68BE
:1000F000013B1B78202BEED97B6818460C37BD4698
:100100005DF8047B704780B584B000AF7860002153
:10011000786803F026F8034679681846FFF7D5FF9C
:10012000F860FB6800221A707B6818461037BD46DD
:1001300080BD80B487B000AFF860B9607A60FB70B2
:10014000FB78012B04D17B68022B01D80023FB70C4
:10015000FB78022B6CD0022B00F3A480002B02D082
:10016000012B1FD09EE000237B610AE0BA687B6907
:100170001A44F9687B690B4412781A707B69013361
:100180007B617B68013B7A699A4205D2BA687B69D8
:1001900013441B78002BE9D1FA687B6913440022D1
:1001A0001A707FE000237B617B695A1C7A61FA68D0
:1001B000134422221A7000233B611FE0BA683B6996
:1001C00013441B78222B0BD17B68033B7A699A423C
:1001D00020D27B695A1C7A61FA6813445C221A7037
:1001E000BA683B691A44F9687B690B4412781A7043
:1001F0003B6901333B617B6901337B61BA683B69D1
:1002000013441B78002B06D07B68023B7A699A4224
:10021000D4D300E000BF7B695A1C7A61FA681344AA
:1002200022221A70FA687B69134400221A7039E09E
:1002300000233B613B697B6123E0BA683B6913445F
:100240001B78222B05D0BA683B6913441B785C2BC2
:1002500009D13B690133BA6813441B78222B02D1C0
:100260003B6901333B61BA683B691A44F9687B69B1
:100270000B4412781A703B6901333B617B6901338F
:100280007B61BA683B6913441B78002B04D07B6800
:10029000013B7A699A42D0D3FA687B691344002201
:1002A0001A7000BFFB6818461C37BD465DF8047B1A
:1002B000704780B584B000AF786039600023FB6080
:1002C0007B68BB6023E0BB681B78222B10D1BB6826
:1002D00001331B78222B03D1BB680133BB6013E0D1
:1002E000FB68002B0CBF01230023DBB2FB600BE09B
:1002F000BB681B785C2B07D1BB6801331B78222BB2
:1003000002D1BB680133BB60BB680133BB60BB6813
:100310001B78002B0AD0BB681B783B2B03D0BB6833
:100320001B78232BCFD1FB68002BCCD1BB680022DC
:100330001A707868FFF7E7FE3B6800221A707B6846
:100340001B78222B18D10021786802F00AFFB860D0
:10035000BB68002B10D0BB68013B1B78222B0BD154
:100360007B6801337B60BB68013BBB60BB680022DC
:100370001A703B6802221A707B6818461037BD4617
:1003800080BD80B59AB000AFF860B9607A603B601C
:10039000BB68002B04D0B86802F033FF034600E0CE
:1003A0000023FB65FB6D002B02DC3B68002B58DB58
:1003B0004FF0FF333B6607F11403FA6840211846FB
:1003C000FFF7C7FD0346002B01D10023DAE007F158
:1003D00014031846FFF762FEB8655D21B86D02F0A0
:1003E0008EFF7866BB6D1B785B2BE4D17B6E002B98
:1003F000E1D0BB6D01331846FFF750FEB865B96D0B
:10040000786EFFF762FE78667A6EBB6DD31AFA6D6E
:100410009A420BD1BB68002B08D0FB6D1A46B96815
:10042000B86DFFF709FE0346002B06D03B6E013383
:100430003B663A6E3B689A42BDD13B68002B10DBAD
:100440003A6E3B689A420AD17B6E00221A70BA6FEC
:100450000023B96D786FFFF76CFE012392E0002353
:1004600090E07B68002B04D0786802F0CAFE034657
:1004700000E00023FB654FF0FF333B66FB6F002B72
:1004800003D0F96FF868FFF798FD07F11403FA68D5
:1004900040211846FFF75DFD0346002B09D007F108
:1004A00014031846FFF7FAFDB865BB6D1B785B2B8C
:1004B00001D1002366E007F114031846FFF7EEFDB3
:1004C000B8653D21B86D02F04CFE78667B6E002B5E
:1004D00004D13A21B86D02F044FE7866BB6D1B78FA
:1004E0003B2BCBD0BB6D1B78232BC7D07B6E002B57
:1004F000C4D0FB6D002B12D0B96D786EFFF7E5FD0F
:100500000246BB6DD31AFA6D9A4208D1FB6D1A46AA
:100510007968B86DFFF790FD0346002B06D03B6E5F
:1005200001333B663A6E3B6F9A42A7D13B6F002B7B
:1005300013DB3A6E3B6F9A420DD17B6E00221A702C
:10054000B86DFFF7E0FDBA6F0023B96D786FFFF764
:10055000F0FD012316E0002314E07B6E0133184602
:10056000FFF79CFDB86507F157031946B86DFFF713
:10057000A0FEB865BA6F97F85730B96D786FFFF77E
:10058000D8FD012318466837BD4680BD80B586B0CA
:1005900000AFF860B9607A607A680023B968F868DB
:1005A000FFF7C7FD0021F86802F0DBFD78617B6989
:1005B000013B7E221A7000BF1837BD4680BD80B453
:1005C00085B000AF78607B68FB6002E0FB680133B8
:1005D000FB60FB681B78002B0BD0FB681B78222B81
:1005E00007D0FB681B783B2B03D0FB681B78232BC1
:1005F000ECD1FB681B78002B08D1FA687B689A4223
:1006000006D9FB68013B1B78202B01D1012300E0B8
:100610000023DBB218461437BD465DF8047B7047F3
:1006200080B586B000AFF860B9607A60F86802F013
:10063000E8FD03467B61BB681A687B6913447A68EE
:100640009A4201DC002306E0BB681A687B691A4401
:10065000BB681A60012318461837BD4680BD80B5B7
:1006600084B000AFF860B9607A603B60F868FFF76B
:100670003FFCB868FFF73CFC402279683868FFF718
:1006800085FF79683868F4F78FFD01231846103725
:10069000BD4680BD80B586B000AF786000237B6129
:1006A000786802F0AEFD0346013B3B6117E07B69D1
:1006B0007A6813441B78FB733B697A681A447B6938
:1006C00079680B4412781A703B697A681344FA7B94
:1006D0001A707B6901337B613B69013B3B617A693D
:1006E0003B699A42E3DB00BF00BF1837BD4680BDBF
:1006F00080B58CB000AFF860B9607A603B6007F1FC
:10070000100319467868F5F75DFC07F110023B68A5
:10071000B968F868F5F736F9034618463037BD462C
:1007200080BD80B58AB000AFF860B9607A60002300
:100730003B62FB68DB68FB61FB681B69BB61BA69F4
:10074000FB699A4205D9BA69FB69D31A013B7B62FE
:1007500007E0FB689A68B969FB69CB1A1344013B4F
:100760007B62FB689A68FB69D31A7A6A934228BF56
:1007700013467B627A6A7B68934228BF13467B628A
:10078000FB685A68FB6913447B617A6AB9687869C7
:1007900002F0E1FC3A6A7B6A13443B62BA687B6A06
:1007A0001344BB607A687B6AD31A7B60FA697B6A00
:1007B0001344FB61FB689B68FA699A4201D10023EC
:1007C000FB61FB68FA69DA607B68002BB4D13B6A95
:1007D00018462837BD4680BD80B588B000AFF860A8
:1007E000B9607A60FB68DB68FB61FB689A68FB694B
:1007F000D31ABB61BA697B689A420FD9FB685A6801
:10080000FB6913443B617A68B968386902F0A3FC5C
:10081000FA697B681A44FB68DA601DE0BB697B619A
:10082000FB685A68FB6913443B617A69B9683869A7
:1008300002F091FC7A68BB69D31A7B61FB685B6844
:100840003B61BA68BB6913447A691946386902F09A
:1008500082FCFB687A69DA6000BF2037BD4680BD44
:1008600080B487B000AF78607B681B693B617B68B0
:10087000DB68FB603A69FB689A4208D87B689A6833
:10088000FB68D21A3B691344013B7B6104E03A697F
:10089000FB68D31A013B7B617B6918461C37BD4658
:1008A0005DF8047B704780B586B000AFF860B96032
:1008B0007A60EFF311834FF0500181F311887B616F
:1008C0007A68B968F868F5F719FC38617B6983F3D1
:1008D00011883B6918461837BD4680BD80B582B087
:1008E00000AFFB1C012219460020FFF7DCFF034686
:1008F0007B607B68012B02D1FB787B6002E04FF0CC
:10090000FF337B607B6818460837BD4680BD80B5E5
:1009100000AFF5F7A5FB00BF80BD80B582B000AF8A
:1009200078604FF0FF317868F5F732FD03461846DE
:100930000837BD4680BD80B485B000AF78603960AF
:100940007B681B68FB60FB6823F08003FB60FA6830
:100950003B681343FB607B68FA681A6000BF14377A
:10096000BD465DF8047B704780B485B000AF786009
:1009700039607B681B68FB60FB6823F08003FB60C9
:100980003B68DB43FA681340FB607B68FA681A60D7
:1009900000BF1437BD465DF8047B704780B483B058
:1009A00000AF786039607B681A683B681A437B68DF
:1009B0001A6000BF0C37BD465DF8047B704780B4F9
:1009C00083B000AF786039603B68013B9AB27B68C6
:1009D0009A6000BF0C37BD465DF8047B704780B459
:1009E00085B000AF78607B681B68FB60FB6823F014
:1009F0008003FB60FB6843F00103FB607B68FA68DF
:100A00001A6000BF1437BD465DF8047B704780B4A0
:100A100085B000AF78607B681B68FB60FB6823F0E3
:100A20008003FB60FB6823F00103FB607B68FA68CE
:100A30001A6000BF1437BD465DF8047B704780B470
:100A400085B000AFF860B9607A60FB68043BFB607A
:100A5000FB684FF080721A60FB68043BFB60BA6869
:100A6000FB681A60FB68043BFB60FB6800221A60AD
:100A7000FB68143BFB607A68FB681A60FB68043B08
:100A8000FB60FB686FF002021A60FB68203BFB60B2
:100A9000FB6818461437BD465DF8047B704780B488
:100AA00083B000AF78607B6803F108027B685A600E
:100AB0007B684FF0FF329A607B6803F108027B6825
:100AC000DA607B6803F108027B681A617B680022A8
:100AD0001A6000BF0C37BD465DF8047B704780B4D8
:100AE00083B000AF78607B6800221A6100BF0C37CA
:100AF000BD465DF8047B704780B485B000AF786078
:100B000039603B681B68BB60BB68B3F1FF3F03D132
:100B10007B681B69FB600CE07B680833FB6002E0CC
:100B2000FB685B68FB60FB685B681B68BA689A429D
:100B3000F6D2FB685A683B685A603B685B683A6863
:100B40009A603B68FA689A60FB683A685A603B684A
:100B50007A681A617B681B685A1C7B681A6000BF40
:100B60001437BD465DF8047B704780B485B000AF94
:100B700078607B681B69FB607B685B687A68926859
:100B80009A607B689B687A6852685A60FB685B6809
:100B90007A689A4203D17B689A68FB685A607B68DE
:100BA00000221A61FB681B685A1EFB681A60FB680A
:100BB0001B6818461437BD465DF8047B704780B546
:100BC00086B000AF7860396001237B617B683B6150
:100BD0003B69002B0BD14FF0500383F31188BFF317
:100BE0006F8FBFF34F8FFB6000BF00BFFDE73B6916
:100BF000002B57D03B69DB6B002B53D03B691A6C41
:100C00003B69DB6B0021A3FB0223002B00D00121F9
:100C10000B46002B46D1F5F73FFF3B691A683B694D
:100C2000DB6B3969096C01FB03F31A443B699A6079
:100C30003B6900229A633B691A683B695A603B69C9
:100C40001A683B69DB6B013B3969096C01FB03F3F3
:100C50001A443B69DA603B69FF2283F844203B6910
:100C6000FF2283F845203B68002B0ED13B691B69AE
:100C7000002B14D03B6910331846F6F7FDFC0346F1
:100C8000002B0CD0F5F758FF09E03B6910331846EC
:100C9000FFF705FF3B6924331846FFF700FFF5F720
:100CA00031FF01E000237B617B69002B0BD14FF00A
:100CB000500383F31188BFF36F8FBFF34F8FBB6077
:100CC00000BF00BFFDE77B6918461837BD4680BDF1
:100CD00080B58AB002AFF860B9601346FB7100239B
:100CE000FB61FB68002B2ED00021BA68FB68A3FBD8
:100CF0000223002B00D001210B46002B23D1FB68DF
:100D0000BA6802FB03F313F1550F1CD8FB68BA68ED
:100D100002FB03F3BB61BB6954331846FFF7FDFDCB
:100D2000F861FB69002B1DD0FB697B617B69543343
:100D30007B61FA79FB69009313467A69B968F868B0
:100D400000F015F80EE0FB69002B0BD14FF05003BB
:100D500083F31188BFF36F8FBFF34F8F3B6100BFE9
:100D600000BFFDE7FB6918462037BD4680BD80B552
:100D700084B000AFF860B9607A60FB70BB68002B8C
:100D800003D1BB69BA691A6002E0BB697A681A606C
:100D9000BB69FA68DA63BB69BA681A640121B86989
:100DA000FFF70DFFBB69FA7883F85020BB6900227A
:100DB0009A6400BF1037BD4680BD80B582B000AFD9
:100DC00078607B68002B0ED07B6800229A607B687D
:100DD00000221A607B680022DA60002300220021D2
:100DE000786800F088F800BF0837BD4680BD80B540
:100DF00086B000AF0346FB7101237B6100233B619A
:100E0000FB791A4639697869FFF762FFF860F8687C
:100E1000FFF7D3FFFB6818461837BD4680BD90B575
:100E200087B000AF78607B683B613B69002B0BD1DA
:100E30004FF0500383F31188BFF36F8FBFF34F8FD1
:100E4000FB6000BF00BFFDE73B699C68F6F7B4FE9E
:100E500003469C4211D13B69DB685A1E3B69DA604C
:100E60003B69DB68002B05D1002300220021386993
:100E700000F041F801237B6101E000237B617B6985
:100E800018461C37BD4690BD90B587B000AF78605E
:100E900039607B683B613B69002B0BD14FF05003FD
:100EA00083F31188BFF36F8FBFF34F8FFB6000BFD9
:100EB00000BFFDE73B699C68F6F77EFE03469C4257
:100EC00007D13B69DB685A1C3B69DA6001237B610F
:100ED0000CE03968386900F06CFB78617B69002BA5
:100EE00004D03B69DB685A1C3B69DA607B691846B1
:100EF0001C37BD4690BD80B58EB000AFF860B960BC
:100F00007A603B6000237B63FB683B633B6B002B99
:100F10000BD14FF0500383F31188BFF36F8FBFF3F2
:100F20004F8F7B6200BF00BFFDE7BB68002B03D182
:100F30003B6B1B6C002B01D1012300E00023002B35
:100F40000BD14FF0500383F31188BFF36F8FBFF3C2
:100F50004F8F3B6200BF00BFFDE73B68022B03D110
:100F60003B6BDB6B012B01D1012300E00023002B45
:100F70000BD14FF0500383F31188BFF36F8FBFF392
:100F80004F8FFB6100BF00BFFDE7F6F725FE03466C
:100F9000002B02D17B68002B01D1012300E000234C
:100FA000002B0BD14FF0500383F31188BFF36F8FE9
:100FB000BFF34F8FBB6100BF00BFFDE7F5F76CFDCE
:100FC0003B6B9A6B3B6BDB6B9A4202D33B68022B09
:100FD00033D13B6B9B6BFB623A68B968386B00F0AE
:100FE00011FCB8623B6B9B6C002B0ED03B68022B54
:100FF00002D1FB6A002B1CD1386B00F020FD0346A8
:10100000002B16D0F5F798FD13E03B6B5B6A002BC5
:101010000AD03B6B24331846F6F72EFB0346002B11
:1010200007D0F5F789FD04E0BB6A002B01D0F5F786
:1010300083FDF5F767FD01235DE07B68002B03D19D
:10104000F5F760FD002356E07B6B002B06D107F11E
:1010500010031846F6F7E8FB01237B63F5F752FD12
:10106000F6F714F8F5F718FD3B6B93F844305BB2D4
:10107000B3F1FF3F03D13B6B002283F844203B6B6D
:1010800093F845305BB2B3F1FF3F03D13B6B0022D5
:1010900083F84520F5F736FD3A1D07F11003114698
:1010A0001846F6F7D7FB0346002B1ED1386B00F02D
:1010B000AEFC0346002B12D03B6B10337A6811460E
:1010C0001846F6F7B3FA386B00F02CFCF5F7ECFF96
:1010D0000346002B7FF472AFF5F72EFD6EE7386BF9
:1010E00000F020FCF5F7E0FF68E7386B00F01AFC31
:1010F000F5F7DAFF002318463837BD4680BD80B5C6
:1011000092B000AFF860B9607A603B60FB683B6406
:101110003B6C002B0BD14FF0500383F31188BFF3CE
:101120006F8FBFF34F8FFB6200BF00BFFDE7BB684F
:10113000002B03D13B6C1B6C002B01D1012300E081
:101140000023002B0BD14FF0500383F31188BFF322
:101150006F8FBFF34F8FBB6200BF00BFFDE73B68DF
:10116000022B03D13B6CDB6B012B01D1012300E08F
:101170000023002B0BD14FF0500383F31188BFF3F2
:101180006F8FBFF34F8F7B6200BF00BFFDE7F5F7A6
:101190006DFDEFF311824FF0500383F31188BFF31D
:1011A0006F8FBFF34F8F3A62FB613B6AFB633B6C0F
:1011B0009A6B3B6CDB6B9A4202D33B68022B5ED18D
:1011C0003B6C93F8453087F83B303B6C9B6B7B6303
:1011D0003A68B968386C00F015FB97F93B30B3F109
:1011E000FF3F29D13B6C9B6C002B12D03B68022B3C
:1011F00002D17B6B002B3FD1386C00F020FC034602
:10120000002B39D07B68002B36D07B6801221A6016
:1012100032E03B6C5B6A002B2ED03B6C24331846CB
:10122000F6F72AFA0346002B26D07B68002B23D042
:101230007B6801221A601FE0F6F736F8386397F9E9
:101240003B303A6B9A4217D997F93B307F2B0BD141
:101250004FF0500383F31188BFF36F8FBFF34F8FAD
:10126000BB6100BF00BFFDE797F83B300133DBB245
:101270005AB23B6C83F8452001237B6401E00023D4
:101280007B64FB6B7B617B6983F3118800BF7B6CA4
:1012900018464837BD4680BD80B590B000AF786035
:1012A00039607B68BB63BB6B002B0BD14FF05003E5
:1012B00083F31188BFF36F8FBFF34F8F7B6200BF43
:1012C00000BFFDE7BB6B1B6C002B0BD04FF0500336
:1012D00083F31188BFF36F8FBFF34F8F3B6200BF63
:1012E00000BFFDE7BB6B1B68002B03D1BB6B9B688A
:1012F000002B01D1012300E00023002B0BD14FF084
:10130000500383F31188BFF36F8FBFF34F8FFB61DF
:1013100000BF00BFFDE7F5F7A9FCEFF311824FF026
:10132000500383F31188BFF36F8FBFF34F8FBA6100
:101330007B61BB697B63BB6B9B6B3B63BB6BDB6B99
:101340003A6B9A4254D2BB6B93F8453087F82F30F2
:101350003B6B5A1CBB6B9A6397F92F30B3F1FF3F7D
:1013600023D1BB6B9B6C002B0CD0B86B00F067FBE0
:101370000346002B39D03B68002B36D03B68012256
:101380001A6032E0BB6B5B6A002B2ED0BB6B243340
:101390001846F6F771F90346002B26D03B68002B60
:1013A00023D03B6801221A601FE0F5F77DFFB86289
:1013B00097F92F30BA6A9A4217D997F92F307F2BB5
:1013C0000BD14FF0500383F31188BFF36F8FBFF33E
:1013D0004F8F3B6100BF00BFFDE797F82F3001330F
:1013E000DBB25AB2BB6B83F845200123FB6301E0FB
:1013F0000023FB637B6BFB60FB6883F3118800BFFA
:10140000FB6B18464037BD4680BD80B58CB000AF41
:10141000F860B9607A600023FB62FB68BB62BB6A5C
:10142000002B0BD14FF0500383F31188BFF36F8F64
:10143000BFF34F8F3B6200BF00BFFDE7BB68002BCF
:1014400003D1BB6A1B6C002B01D1012300E00023F8
:10145000002B0BD14FF0500383F31188BFF36F8F34
:10146000BFF34F8FFB6100BF00BFFDE7F6F7B4FB92
:101470000346002B02D17B68002B01D1012300E041
:101480000023002B0BD14FF0500383F31188BFF3DF
:101490006F8FBFF34F8FBB6100BF00BFFDE7F5F754
:1014A000FBFABB6A9B6B7B627B6A002B19D0B96825
:1014B000B86A00F011FA7B6A5A1EBB6A9A63BB6A6B
:1014C0001B69002B09D0BB6A10331846F6F7D4F815
:1014D0000346002B01D0F5F72FFBF5F713FB012393
:1014E00063E07B68002B03D1F5F70CFB00235CE085
:1014F000FB6A002B06D107F110031846F6F794F9A2
:101500000123FB62F5F7FEFAF5F7C0FDF5F7C4FA23
:10151000BB6A93F844305BB2B3F1FF3F03D1BB6ABF
:10152000002283F84420BB6A93F845305BB2B3F1E4
:10153000FF3F03D1BB6A002283F84520F5F7E2FAAA
:101540003A1D07F1100311461846F6F783F90346D2
:10155000002B1DD1B86A00F044FA0346002B11D0CD
:10156000BB6A24337A6811461846F6F75FF8B86A02
:1015700000F0D8F9F5F798FD0346002B8FD1F5F769
:10158000DBFA8CE7B86A00F0CDF9F5F78DFD86E758
:10159000B86A00F0C7F9F5F787FDB86A00F021FADC
:1015A0000346002B3FF47BAF002318463037BD467F
:1015B00080BD80B58CB000AF786039600023FB62DD
:1015C0007B687B620023BB627B6A002B0BD14FF0F0
:1015D000500383F31188BFF36F8FBFF34F8FBB614D
:1015E00000BF00BFFDE77B6A1B6C002B0BD04FF0E8
:1015F000500383F31188BFF36F8FBFF34F8F7B616D
:1016000000BF00BFFDE7F6F7E7FA0346002B02D163
:101610003B68002B01D1012300E00023002B0BD1FC
:101620004FF0500383F31188BFF36F8FBFF34F8FD9
:101630003B6100BF00BFFDE7F5F72EFA7B6A9B6BAD
:101640003B623B6A002B1ED03B6A5A1E7B6A9A6340
:101650007B6A1B68002B04D1F6F7B4FC02467B6A58
:101660009A607B6A1B69002B09D07B6A103318468D
:10167000F6F702F80346002B01D0F5F75DFAF5F70F
:1016800041FA012383E03B68002B03D1F5F73AFAD6
:1016900000237CE0FB6A002B06D107F10803184603
:1016A000F6F7C2F80123FB62F5F72CFAF5F7EEFC2A
:1016B000F5F7F2F97B6A93F844305BB2B3F1FF3F80
:1016C00003D17B6A002283F844207B6A93F845307B
:1016D0005BB2B3F1FF3F03D17B6A002283F8452060
:1016E000F5F710FA3A4607F1080311461846F6F7DF
:1016F000B1F80346002B2CD1786A00F072F903464A
:10170000002B20D07B6A1B68002B09D1F5F7C4F9A8
:101710007B6A9B681846F6F77DFAB862F5F7F2F92E
:101720007B6A24333A6811461846F5F77FFF786ADA
:1017300000F0F8F8F5F7B8FC0346002B7FF47CAF17
:10174000F5F7FAF978E7786A00F0ECF8F5F7ACFC11
:1017500072E7786A00F0E6F8F5F7A6FC786A00F020
:1017600040F90346002B3FF467AFBB6A002B0DD056
:10177000F5F792F9786A00F02DF8F8617B6A9B68BA
:10178000F9691846F6F770FBF5F7BCF9002318461F
:101790003037BD4680BD80B584B000AF78607B68CF
:1017A000002B0BD14FF0500383F31188BFF36F8FE1
:1017B000BFF34F8FBB6000BF00BFFDE7F5F76CF9CB
:1017C0007B689B6BFB60F5F79DF9FB68184610374B
:1017D000BD4680BD80B485B000AF78607B685B6A31
:1017E000002B06D07B681B6B1B68C3F10603FB60F4
:1017F00001E00023FB60FB6818461437BD465DF826
:10180000047B704780B586B000AFF860B9607A603D
:1018100000237B61FB689B6B3B61FB681B6C002BAF
:101820000DD1FB681B68002B4DD1FB689B681846E7
:10183000F6F782FA7861FB6800229A6043E07B68E1
:10184000002B19D1FB685868FB681B6C1A46B968F5
:1018500001F081FCFB685A68FB681B6C1A44FB684A
:101860005A60FB685A68FB689B689A422BD3FB68F6
:101870001A68FB685A6026E0FB68D868FB681B6C36
:101880001A46B96801F067FCFB68DA68FB681B6CF4
:101890005B421A44FB68DA60FB68DA68FB681B6825
:1018A0009A4207D2FB689A68FB681B6C5B421A4439
:1018B000FB68DA607B68022B05D13B69002B02D004
:1018C0003B69013B3B613B695A1CFB689A637B693E
:1018D00018461837BD4680BD80B582B000AF78602D
:1018E00039607B681B6C002B18D07B68DA687B68DA
:1018F0001B6C1A447B68DA607B68DA687B689B68DB
:101900009A4203D37B681A687B68DA607B68D9687F
:101910007B681B6C1A46386801F01DFC00BF083755
:10192000BD4680BD80B584B000AF7860F5F7B4F8EF
:101930007B6893F84530FB731EE07B689B6C002B43
:1019400008D0786800F07BF80346002B10D0F5F73C
:10195000F9FF0DE07B685B6A002B12D07B682433B3
:101960001846F5F789FE0346002B01D0F5F7EAFF8C
:10197000FB7B013BDBB2FB7397F90F30002BDCDC08
:1019800000E000BF7B68FF2283F84520F5F7BAF836
:10199000F5F782F87B6893F84430BB7311E07B68FD
:1019A0001B69002B12D07B6810331846F5F764FED4
:1019B0000346002B01D0F5F7C5FFBB7B013BDBB233
:1019C000BB7397F90E30002BE9DC00E000BF7B68A9
:1019D000FF2283F84420F5F795F800BF1037BD4685
:1019E00080BD80B584B000AF7860F5F755F87B68AE
:1019F0009B6B002B02D10123FB6001E00023FB6005
:101A0000F5F780F8FB6818461037BD4680BD80B5F5
:101A100084B000AF7860F5F73FF87B689A6B7B681D
:101A2000DB6B9A4202D10123FB6001E00023FB60E3
:101A3000F5F768F8FB6818461037BD4680BD80B5DD
:101A40008AB000AF78607B689B6C3B6200237B624E
:101A50003B6A002B0BD14FF0500383F31188BFF387
:101A60006F8FBFF34F8F7B6100BF00BFFDE73B6A05
:101A70009A6B3B6ADB6B9A420BD34FF0500383F3B4
:101A80001188BFF36F8FBFF34F8F3B6100BF00BF63
:101A9000FDE73B6A9A6B3B6ADB6B9A423DD23B6A3D
:101AA00093F84530FB773B1D00221946386AFFF753
:101AB000A9FE786297F91F30B3F1FF3F0ED13B6A60
:101AC0005B6A002B29D03B6A24331846F5F7D4FD16
:101AD0000346002B21D001237B621EE0F5F7E4FBD7
:101AE000B86197F91F30BA699A4216D997F91F3031
:101AF0007F2B0BD14FF0500383F31188BFF36F8F0F
:101B0000BFF34F8FFB6000BF00BFFDE7FB7F0133DA
:101B1000DBB25AB23B6A83F845207B6A1846283705
:101B2000BD4680BD80B58AB004AFF860B9603B6047
:101B30001346FB80FB889B001846FEF7EEFE3861DB
:101B40003B69002B13D05420FEF7E7FE78617B69D8
:101B5000002B08D054220021786901F0FEFA7B693D
:101B60003A691A6305E03869F4F704FD01E00023DF
:101B70007B617B69002B0DD0FA88002303937B697E
:101B800002937B6A01933B6A00933B68B968F868EB
:101B900000F029F87B6918461837BD4680BD80B52E
:101BA00088B002AFF860B9603B601346FB80FA88EA
:101BB0007B6A01933B6A00933B68B968F868FFF75A
:101BC000B1FF38613B69002B05D03869F5F790F813
:101BD00001237B6102E04FF0FF337B617B69184694
:101BE0001837BD4680BD80B588B000AFF860B960D9
:101BF0007A603B603B6B186B7B689B001A46A521A3
:101C000001F0ABFA3B6B1A6B7B6803F18043013B3D
:101C10009B001344BB61BB6923F00703BB61BB6935
:101C200003F00703002B0BD04FF0500383F3118810
:101C3000BFF36F8FBFF34F8F7B6100BF00BFFDE726
:101C40003B6BBA699A63BB68002B1ED00023FB6113
:101C500012E0BA68FB69134419783A6BFB691344C4
:101C600034330A461A70BA68FB6913441B78002B98
:101C700006D0FB690133FB61FB69032BE9D900E066
:101C800000BF3B6B002283F83720BB6A052B0BD9C2
:101C90004FF0500383F31188BFF36F8FBFF34F8F63
:101CA0003B6100BF00BFFDE7BB6A052B01D90523DF
:101CB000BB623B6BBA6ADA623B6BBA6A5A643B6BD3
:101CC00004331846FEF70BFF3B6B18331846FEF73C
:101CD00006FF3B6B3A6B1A61BB6AC3F106023B6BB2
:101CE0009A613B6B3A6B5A623A68F968B869FEF7D9
:101CF000A6FE02463B6B1A60FB6A002B02D0FB6A11
:101D00003A6B1A6000BF2037BD4680BD80B485B0F5
:101D100000AF78600023FB6005E07B6801337B60E7
:101D2000FB680133FB607B681B78A52BF5D0FB6853
:101D30009B08FB60FB689BB218461437BD465DF8F4
:101D4000047B704780B582B000AF78607B681B6B06
:101D50001846F4F70FFC7868F4F70CFC00BF08375E
:101D6000BD4680BD80B489B000AFF860B9607A60CC
:101D70003B60FB681B68002B3ED0FB68FB61FB6986
:101D80005B685A68FB695A60FB695A68FB690833EB
:101D90009A4203D1FB69DA68FB695A60FB695B68A8
:101DA000DB68BB61FB687B617B695B685A687B6948
:101DB0005A607B695A687B6908339A4203D17B6910
:101DC000DA687B695A607B695B68DB683B613B680A
:101DD0001B687A689A4206D93B681B689B00BA6800
:101DE00013443A691A603B681B685A1C3B681A60C6
:101DF0003A69BB699A42D5D100BF2437BD465DF828
:101E0000047B704780B485B000AF786039604FF0D4
:101E1000500383F31188BFF36F8FBFF34F8FFB60C5
:101E200000BF00BE00BFFDE780B483B000AF4FF03D
:101E3000500383F31188BFF36F8FBFF34F8F7B6025
:101E400000BF00BE00BFFDE780B500AF00F011F895
:101E500000BF80BD80B483B000AF78600B46FB70DC
:101E60007B68FA781A7000BF0C37BD465DF8047BBA
:101E7000704780B400AFBFF34F8F30BFBFF36F8F99
:101E800000BFBD465DF8047B704780B586B002AFE9
:101E9000F860B9607A607B681B0CDAB27B681B0A59
:101EA000D9B27B68DBB200930B46B968F868F6F7E5
:101EB000E5F9034618461037BD4680BD80B588B0A9
:101EC00002AFF860B96011461A460B46FB71134623
:101ED000BB71FB68042B05D9FB68062B02D8BB68D5
:101EE000272B01D9022331E0FB79002B08D1BB79E4
:101EF000002B05D197F82030002B01D1002325E0DD
:101F000007F1160107F1170207F1150300930B46BD
:101F1000B968F868F6F788FAFA7DFB791343DBB203
:101F2000FB75BA7DBB791343DBB2BB757A7D97F83D
:101F300020301343DBB27B75FA7DB97D7B7D009346
:101F40000B46B968F868F6F799F900231846183770
:101F5000BD4680BD80B586B000AF786000233B6190
:101F600017E005237B610EE07A6839697869FFF72D
:101F70008CFF0346FB73FB7B002B01D0FB7B0CE04B
:101F80007B6901337B617B69062BEDD93B690133AA
:101F90003B613B69272BE4D9002318461837BD461F
:101FA00080BD80B500AFF6F7CDFA00BF80BD80B52B
:101FB00084B000AF78601420FEF7AFFCF860FB68D7
:101FC000002B30D014220021F86801F0C6F87B689D
:101FD0001A78FB681A707B685A68FB685A607B68DD
:101FE0009A68FB689A607B681A7BFB681A737B6847
:101FF0005A7BFB685A737B689A7BFB689A737B6891
:10200000DA7BFB68DA737B681A7CFB681A747B687E
:102010005A7CFB685A747B689A7CFB689A747B686C
:10202000DA7CFB68DA74FB6818461037BD4680BD61
:1020300090B587B002AF7860084611461A4603464D
:10204000FB700B46BB7013467B707B68FB60FB68C4
:102050005B681846FB689A68FB7813441C467978DD
:10206000BA7897F8203000930B462146F6F706F928
:1020700000BF1437BD4690BD90B587B002AF786001
:10208000084611461A460346FB700B46BB701346C2
:102090007B707B68FB60FB685B681846FB689A682E
:1020A000FB7813441C467978BA7897F8203000936F
:1020B0000B462146FFF702FF00BF1437BD4690BD17
:1020C00080B485B000AF7860084611461A460346D2
:1020D000FB700B46BB7013467B707B68FB60FB6834
:1020E000FA785A74FB68BA789A74FB687A78DA746A
:1020F00000BF1437BD465DF8047B7047B0B58AB0A9
:1021000004AF786039607B683B613B691B7C002BC6
:1021100020D03B695B7C002B07D13B699B7C002B6B
:1021200003D13B69DB7C002B14D00023FB750EE050
:102130003B695A7C3B69987C3B69DB7CF97D009369
:1021400003467868FFF798FFFB7D0133FB75FB7D45
:10215000272BEDD93B691B7B002B1AD03B695B7B9E
:10216000FB733B699B7BBB733B69DB7B7B733B698D
:1021700058683B699C683B691D78FB7BBA7B797B1F
:102180000291019200932B46224601463868F6F7E9
:1021900005FC00BF1837BD46B0BD80B485B000AFA8
:1021A0007860084611461A460346FB700B46BB7022
:1021B00013467B707B68FB60FB68FA785A73FB6898
:1021C000BA789A73FB687A78DA7300BF1437BD4621
:1021D0005DF8047B704780B485B000AF78600B4633
:1021E000FB707B68FB60FB68FA781A7300BF1437DA
:1021F000BD465DF8047B704780B485B000AF786061
:102200000B46FB707B68FB60FB68FA781A7400BFB2
:102210001437BD465DF8047B704780B485B000AFCD
:1022200078607B681B0C03F1804303F58E23FB6011
:10223000FB6819687B689BB201229A40FB680A43DD
:102240001A6000BF1437BD465DF8047B704780B547
:1022500000AFF6F7F9FDF6F7A5FE00BF80BD80B52B
:1022600086B000AF78602820FEF757FBB860BB68E7
:10227000002B54D028220021B86800F06EFF7B6844
:102280001A78BB681A707B685A78BB685A7000234A
:102290007B613DE000233B6134E00023FB602BE0E9
:1022A0007A6879693B690B445900FB680B449B00D1
:1022B00013445968BB6878693A6902445000FA6867
:1022C0000244023243F822107A6879693B690B4470
:1022D0005900FB680B4404339B0013445968BB68E6
:1022E00078693A6902445000FA680244063243F8B9
:1022F0002210FB680133FB60FB68012BD0DD3B69DA
:1023000001333B613B69002BC7DD7B6901337B6196
:102310007B69012BBEDDBB6800225A6001E000BF73
:10232000FDE7BB6818461837BD4680BD80B487B04E
:1023300000AFF860B9607A603B60FB687B617B69E5
:10234000B9687A680A4451003A680A44063253F878
:10235000223018461C37BD465DF8047B704780B4B8
:1023600087B000AFF860B9607A603B60FB687B6162
:102370007B69B9687A680A4451003A680A440232B3
:1023800053F8223018461C37BD465DF8047B704771
:1023900080B586B000AF78607B68BB6000237B614E
:1023A00029E000233B6120E00023FB6017E0BB68CD
:1023B00079693A690A445100FA680A44023253F8CA
:1023C0002230184600F049FE034683F00103DBB2D9
:1023D000002B01D0002312E0FB680133FB60FB6897
:1023E000012BE4DD3B6901333B613B69002BDBDD05
:1023F0007B6901337B617B69012BD2DD01231846A8
:102400001837BD4680BD2DE9B04F82B000AF78606F
:102410003960FAF74FFB3B680022984691464246E6
:102420004B464FF000004FF00001590141EAD261E4
:10243000500102460B46B2EB080463EB09054FF06E
:1024400000024FF00003AB0043EA9473A20014466D
:102450001D4614EB080A45EB090B4FF000024FF044
:1024600000034FEACB0343EA5A734FEACA0292468B
:102470009B46504659464FF47A724FF0000300F0E5
:102480004CFF02460B4613461846F4F7C1FC786829
:10249000FFF77EFF034683F00103DBB2002BBAD1C6
:1024A00000BF00BF0837BD46BDE8B08F80B584B01F
:1024B00000AF78607B68FB60FB685B68002B09D02D
:1024C000FB685B681846FCF7FAF80346002B01D05E
:1024D000012300E0002303F00103DBB218461037AC
:1024E000BD4680BD80B485B000AF786039607B6840
:1024F000FB60FB683A685A6000BF1437BD465DF860
:10250000047B704780B584B000AF78600B46FB70E9
:102510007B68FB60FB689B68184600F0ECFDB860C8
:10252000FB78002B09D0B86800F03BF8FB685B68CB
:1025300000211846FCF785F808E0B86800F040F87C
:10254000FB685B6801211846FCF77BF800BF103779
:10255000BD4680BD80B400AF00BFBD465DF8047BC2
:10256000704780B485B000AFF860B9607A6000232E
:1025700018461437BD465DF8047B704780B584B0BB
:1025800000AF786039607B68FB60FB685868FB6867
:102590001B783A681946FDF798FB00BF1037BD4617
:1025A00080BD80B584B000AF78607B68FB60FB685D
:1025B0005B681846FDF71FFC00BF1037BD4680BDA5
:1025C00080B584B000AF78607B68FB60FB685B68B7
:1025D0001846FDF7E0FB00BF1037BD4680BD80B553
:1025E00086B000AFF860B9607A60F7F797F8786165
:1025F0007B69002B01D1002307E07B68BA68F9688A
:102600007869FFF7ACFE38613B6918461837BD465C
:1026100080BD80B584B000AFF860B9607A6000F02A
:10262000E9FA034618461037BD4680BD80B58AB02A
:1026300002AF0346B9607A60FB73FB7B0B2B01D9B9
:102640000023FB730023FB6127E00023BB611EE036
:1026500000237B6115E07A69B969F869FFF7BFFF6C
:10266000FA7B13461B019B1A5B0019460123019359
:102670000123009304230122FAF796FB7B690133BF
:102680007B617B69012BE6DDBB690133BB61BB6903
:10269000002BDDDDFB690133FB61FB69012BD4DD20
:1026A000F7F73CF803460A211846FFF7ACFE002373
:1026B00018462037BD4680BD80B586B002AF0023E6
:1026C000FB70F7F72BF8034601211846FFF71AFFB6
:1026D0000023FB603EE00023BB6035E000237B600D
:1026E0002CE07A68F968B868FFF779FFFB78012277
:1026F0000192012200920122B42100F0C6FCF7F7FA
:102700000DF8034632211846FFF77DFE7A68F96816
:10271000B868FFF764FFFB78012201920122009262
:102720000222B42100F0B1FCF6F7F8FF0346322193
:102730001846FFF768FE7B6801337B607B68012BDE
:10274000CFDDBB680133BB60BB68012BC6DDFB6816
:102750000133FB60FB68002BBDDDF6F7DFFF0346AE
:1027600000211846FFF7CEFE002318461037BD465D
:1027700080BD80B586B000AF786000237B611AE031
:1027800000233B6111E00023FB6008E07B68FA68EE
:1027900039697869F7F7B8F8FB680133FB60FB68C3
:1027A000012BF3DD3B6901333B613B69002BEADD23
:1027B0007B6901337B617B69012BE1DD00231846D6
:1027C0001837BD4680BD80B586B000AF7860002365
:1027D0007B611AE000233B6111E00023FB6008E00D
:1027E0007B68FA6839697869F7F718F9FB6801338B
:1027F000FB60FB68012BF3DD3B6901333B613B6907
:10280000002BEADD7B6901337B617B69012BE1DD14
:10281000002318461837BD4680BD80B500AFF6F7D7
:10282000AFFF0023184680BD80B586B000AF0023FF
:10283000FB7500233B6127E00023FB601EE00023C3
:10284000BB6015E0BA68F9683869FFF7C8FE7860C0
:102850007868FAF739F903461A46FB7D1343DBB271
:10286000002B14BF01230023FB75BB680133BB6041
:10287000BB68012BE6DDFB680133FB60FB68002BC6
:10288000DDDD3B6901333B613B69012BD4DDFB7D21
:1028900083F00103DBB2002B02D0FAF701F901E06B
:1028A000F6F758FF00BF1837BD4680BD80B586B02B
:1028B00000AF00237B612AE000233B6121E000237D
:1028C000FB6018E0FA6839697869FFF788FEB8603C
:1028D000B86800F02CFC7860FB68DBB21A463969F6
:1028E0007869F6F7E9FF386079683868FFF706FC21
:1028F000FB680133FB60FB68012BE3DD3B690133BF
:102900003B613B69002BDADD7B6901337B617B69CD
:10291000012BD1DD00BF00BF1837BD4680BD90B58B
:1029200083B000AF0446084611461A462346FB71A1
:102930000346BB710B467B7113463B71FB79B9793A
:102940007A791846F6F7B8FF02463B7919461046E1
:10295000FFF741FC00BF0C37BD4690BD80B586B087
:1029600000AF0346FB7100237B611DE000233B6148
:1029700014E00023FB600BE03B69D8B27B69D9B25D
:10298000FB68DAB2FB79FFF7CAFFFB680133FB6033
:10299000FB68012BF0DD3B6901333B613B69012B97
:1029A000E7DD7B6901337B617B69002BDEDD00BFE6
:1029B00000BF1837BD4680BD80B582B000AF3B6018
:1029C0000346FB710B46BB7113467B71FB79B979EA
:1029D0007A791846F6F770FF3B681B0CD9B23B6852
:1029E0001B0ADAB23B68DBB2FFF7D7FB00BF083740
:1029F000BD4680BD80B586B000AF786000237B61A6
:102A00001DE000233B6114E00023FB600BE03B6909
:102A1000D8B27B69D9B2FB68DAB27B68FFF7CCFF2A
:102A2000FB680133FB60FB68012BF0DD3B69013380
:102A30003B613B69012BE7DD7B6901337B617B698E
:102A4000002BDEDD00BF00BF1837BD4680BD90B54E
:102A500087B002AFF860B96011461A460B46FB71A9
:102A60001346BB710022B968F868F6F725FF0446E3
:102A700097F82000BA79F97997F824300093034643
:102A80002046FFF7D5FA00BF1437BD4690BD80B58C
:102A900084B000AFF860B9607A60FB707B68DBB22D
:102AA0001A46B968F868F6F707FF3B7F3A7EF9786F
:102AB000FFF706FB00BF1037BD4680BD80B588B06C
:102AC00002AF0346FB710B46BB7113467B710023BB
:102AD0007B611FE000233B6116E00023FB600DE0FB
:102AE000FA797B790193BB7900931346FA68796987
:102AF0003869FFF7CCFFFB680133FB60FB68012BF3
:102B0000EEDD3B6901333B613B69012BE5DD7B6910
:102B100001337B617B69002BDCDD00BF00BF183710
:102B2000BD4680BD80B584B000AFF860B960114685
:102B30001A460B46FB711346BB71FB791A46B968FE
:102B4000F868F6F7B9FE0246BB7919461046FFF75A
:102B500053FB00BF1037BD4680BD80B586B000AFC7
:102B60000346FB7100237B611BE000233B6112E005
:102B70000023FB6009E0FB68DAB2FB797969386908
:102B8000FFF7D0FFFB680133FB60FB68012BF2DD30
:102B90003B6901333B613B69012BE9DD7B69013313
:102BA0007B617B69002BE0DD00BF00BF1837BD46AD
:102BB00080BD80B400AF00BFBD465DF8047B7047A8
:102BC00080B485B000AF78607B681B0C03F1804354
:102BD00003F58E23FB60FB6819687B689BB20122BA
:102BE0009A40FB680A431A6000BF1437BD465DF87F
:102BF000047B704780B582B000AF0023FB71FB1DE2
:102C00001846F8F721FE0346002B01D1FB7900E0BE
:102C1000002318460837BD4680BD80B483B000AF9E
:102C20000346FB7100BF0C37BD465DF8047B70475F
:102C300080B483B000AF78607B6800221A7000BF58
:102C40000C37BD465DF8047B704780B400AF0023AD
:102C50001846BD465DF8047B704780B485B000AF70
:102C600078600B46FB701346BB70BB78FB73002388
:102C70007B7327E07B7B7A6813441B783B730023CC
:102C8000BB7319E0FA7B3B7B5340DBB203F00103DB
:102C9000002B08D0FB7B5B08FB73FB7B83F073038B
:102CA000DB43FB7302E0FB7B5B08FB733B7B5B0856
:102CB0003B73BB7B0133BB73BB7B072BE2D97B7BB5
:102CC00001337B737A7BFB789A42D3D3FB7B184624
:102CD0001437BD465DF8047B704790B585B000AFF2
:102CE0007860002207217868FFF7B7FF0346FB737F
:102CF0007B6803F109047B680933184600F081FA08
:102D00000346DBB2FA7B19462046FFF7A6FF0346CF
:102D1000FB73FB7B18461437BD4690BD80B588B069
:102D200000AFF860B9607A603B607B6800221A707F
:102D30003B6800221A70BB68FA681A60FB681B784F
:102D4000402B47D1FB680133BB6107F1170207F144
:102D5000180311461846FCF79CFC0346002B39D19A
:102D6000FFF748FF03461A46FB7D9A4202D0FB7DDF
:102D7000002B2FD107F1160207F118031146184650
:102D8000FCF787FC0346002B24D1BA7D7B681A70C0
:102D9000FA7D3B681A7007F1150207F11803114616
:102DA0001846FCF776FC0346FB77FB7F002B01D02F
:102DB000142310E0F868FFF790FF0346BB777B7D94
:102DC000BA7F9A4201D0142305E0BA69BB681A6041
:102DD000002300E01B2318462037BD4680BD80B588
:102DE00082B000AF786039603B68002B05D03B684B
:102DF0005B6819467868FBF78FFD00BF0837BD4652
:102E000080BD80B582B000AF0346FB7197F90730F3
:102E100013F1800F01D1012305E097F9073018461F
:102E2000F9F7E6FD002318460837BD4680BD80B49B
:102E300083B000AF78607B6800221A7000BF0C3747
:102E4000BD465DF8047B704780B485B000AFF86084
:102E50000B467A60FB72FB7AFA681B01134403F598
:102E600084731968FB7A7A680A43F9681B010B447A
:102E700003F584731A6000BF1437BD465DF8047B08
:102E8000704780B485B000AFF8600B467A60FB7283
:102E9000FB7AFA681B01134403F586737A681A609B
:102EA00000BF1437BD465DF8047B704780B485B021
:102EB00000AFF8600B467A60FB72FB7AFA68103359
:102EC0001B0113447A681A6000BF1437BD465DF8D1
:102ED000047B704780B483B000AF78600B46FB7012
:102EE000FB787A681B01134403F584731A68FB7836
:102EF00042F0010279681B010B4403F584731A60E8
:102F000000BF0C37BD465DF8047B704780B483B0CA
:102F100000AF78600B46FB70FB787A681B011344A6
:102F200003F584731A68FB7822F0010279681B01AB
:102F30000B4403F584731A6000BF0C37BD465DF87F
:102F4000047B704780B584B000AF78602020FDF727
:102F5000E4FCF860FB68002B2CD020220021F868EC
:102F600000F0FBF87B681A68FB681A607B685A6897
:102F7000FB685A60FB6800229A60FB680022DA60F6
:102F8000FB6800221A82FB6800225A82FB6800223A
:102F90001A76FB6800225A76002204210820FDF7E9
:102FA00097FE0246FB68DA61FB68DB69002B01D102
:102FB00000BFFDE7FB6818461037BD4680BD80B4F2
:102FC00083B000AF786039603B68192B3FDC3B6809
:102FD000022B09DC7B68B3F912309BB20A339BB237
:102FE0001AB27B685A8232E03B68052B09DC7B68A9
:102FF000B3F912309BB207339BB21AB27B685A8284
:1030000025E03B680A2B09DC7B68B3F912309BB2E0
:1030100005339BB21AB27B685A8218E03B680F2BCB
:1030200009DC7B68B3F912309BB203339BB21AB24E
:103030007B685A820BE03B68192B08DC7B68B3F98C
:1030400012309BB201339BB21AB27B685A8200BF26
:103050000C37BD465DF8047B704780B485B000AF87
:1030600078607B68002B01D1002308E07B68FB605F
:10307000FB68DB68002B0CBF01230023DBB2184682
:103080001437BD465DF8047B704780B586B000AF4D
:10309000F860B96011461A460B46FB711346BB71C6
:1030A000FB683B61F868F9F73DFEBA6813465B00C0
:1030B00013449B007B61FB79022B02D17B695B424D
:1030C0007B613B697A69DA603B6900225A61BB79AE
:1030D0001AB23B691A82BB791AB23B695A823B69C0
:1030E00097F820201A763B6997F824205A7600BF7B
:1030F0001837BD4680BD80B485B000AF78607B686E
:10310000FB60FB681B6818461437BD465DF8047BFE
:10311000704780B485B000AF78607B68FB60FB6867
:10312000DB6918461437BD465DF8047B704780B4F0
:1031300085B000AF78607B68FB60FB689B681846D1
:103140001437BD465DF8047B704780B500AFF9F7D2
:1031500079FD00BF80BD00F09BB900F0B3B9FAF76C
:10316000DFBA0346C9B21A788A42184603F101034E
:1031700002D0002AF7D11046704740EA01039B07AE
:1031800030B511D105460C46214628460A6855F847
:10319000043B9A4204F1040406D1A2F1013323EA6C
:1031A000020313F0803FEFD010F8013B11F8012B20
:1031B000934201D0981A30BD002BF5D11846FAE79A
:1031C00040EA01039B0710B513D10439024651F8B8
:1031D000043FA3F1013424EA030414F0803F05D036
:1031E000D9B202F8011B59B11B12F9E742F8043BAE
:1031F000EDE7421E11F8013B02F8013F002BF9D127
:1032000010BD10B503469A071C4615D1234654F845
:10321000042BA2F1013121EA020111F0803FF5D027
:10322000D1B299B112F47F4F0ED012F47F0F14BFB8
:1032300023460333013003E01A4612F8011B09B993
:10324000181A10BD1346DEE70233F3E70133F1E746
:1032500003460843800770B513D11D460E46032A66
:1032600031462B460DD955F8040B0C68844206F103
:10327000040606D1A4F1013020EA040010F0803FDA
:1032800001D01A440BE0043AE9E713F8010B11F8F6
:10329000014BA04201D0001B70BD0028FCD093421E
:1032A000F3D10020F8E740EA010370B59D0722D171
:1032B0000E460346032A314608D956F8045BA5F1A9
:1032C000013424EA050414F0803F0DD0013A01399D
:1032D000541C08D011F8014F03F8014B551E64B976
:1032E0001A44934204D170BD43F8045B043AE1E709
:1032F00003F8014BF5E70346E8E72A46E8E703460B
:1033000010F8012B002AFBD1C9B210F8012D8A4216
:1033100002D08342F9D1002070475FF0000C30B535
:103320001C0022D112006FD0914206D305460846F8
:10333000002100F06FF80446284600F06BF80A46BA
:103340002146BDE830401CF0404F08BF704703D510
:103350004942404261F100015FEA8C0C38BF70477E
:103360005B42524263F10003704742D41C0C04BF1D
:103370001B040CF1100C13F07F4F04BF1B020CF167
:10338000080C13F0704F04BF1B010CF1040C13F078
:10339000404F04BF0CF1020C5FEA83035CBF0CF1E9
:1033A000010C5B00CCF1200E22FA0EF4234302FA4A
:1033B0000CF200FA0CF520FA0EF001FA0CF420439E
:1033C00021FA0EF114461A4600F024F8A4FB00235B
:1033D000AA1A71EB03033CBF1B190138CCF1200E74
:1033E00022FA0CF203FA0EF4224323FA0CF3002122
:1033F000A7E7821A71EB03033CBF02460B464FF06E
:10340000000141F100009CE700200021BDE83040B0
:1034100000F03DB80423B1EB122F09D2090241EAB2
:1034200010610002013B08BF7047B1EB122FF5D3CA
:103430000018494134BF9142891A4041494134BF83
:103440009142891A4041494134BF9142891A404111
:10345000494134BF9142891A4041494134BF9142A8
:10346000891A4041494134BF9142891A404149413A
:1034700034BF9142891A4041494134BF9142891A6F
:103480004041A3F1010313F00F0FD2D170477047F1
:1034900040EA0103DB0703460CD40346043A22BF8B
:1034A00051F804CB43F804CBB2F10402F7D2043252
:1034B00008BF7047013A24BF11F801CB03F801CBD4
:1034C000F8D87047034613F0030F0ED101F0FF0147
:1034D00041EA012141EA0141043A24BF43F8041BB7
:1034E000B2F10402F9D202F10402013A24BF03F856
:1034F000011BFAE77047FFFF8002DC020005B805F8
:1035000080079508000A710B8021017002780A4239
:10351000FCD0704708001000180020003000400068
:1035200060008000C0000001800100020003000470
:103530000006FFFF00A0064000B006400A0034105D
:103540000B00341003000000000003010101FFFF25
:103550004B3130206F72204B31322046616D696CE7
:10356000790000004B3230206F72204B32322046FF
:10357000616D696C790000004B33302C204B313188
:10358000206F72204B36312046616D696C790000E6
:103590004B3430206F72204B32312046616D696CA4
:1035A000790000004B3630206F72204B36322046B7
:1035B000616D696C790000004B37302046616D69A0
:1035C0006C790000526573657276656400000000D6
:1035D0004861726477617265207374617475730DEC
:1035E0000A0000004D637541726D546F6F6C73007B
:1035F0004552524F5200000020205549440000001F
:10360000202046616D696C790000000047726F757B
:1036100070206F66204D637541726D546F6F6C73CF
:1036200020636F6D6D616E64730D0A005072696E78
:10363000742068656C70206F722073746174757388
:1036400020696E666F726D6174696F6E0D0A00009D
:10365000202068656C707C73746174757300000061
:10366000506572666F726D73206120736F66747738
:103670006172652072657365740D0A0020207265A1
:10368000736574007B0000002C0000007D000000CA
:103690004D637541726D546F6F6C732068656C700B
:1036A000000000004D637541726D546F6F6C7320A4
:1036B00073746174757300004D637541726D546F5E
:1036C0006F6C732072657365740000004D34204682
:1036D000616D696C79204944206F7574206F662094
:1036E000626F756E647321004D6375466C6173681B
:1036F000207374617475730D0A0000004D63754684
:103700006C6173680000000073697A65203078008E
:103710002020626C6F636B006164647220307800FB
:103720002C2073697A6520307800000020207265B3
:103730006769737465726564000000004D637546C7
:103740006C6173682068656C7000000047726F756B
:1037500070206F6620666C61736820696E692063F3
:103760006F6D6D616E64730D0A00000044756D70BD
:10377000206D656D6F727920646174610D0A0000BF
:10378000202064756D70203C73746172743E203C1F
:1037900073697A653E0000004572617365206D654E
:1037A0006D6F727920617420616464726573730D4A
:1037B0000A00000020206572617365203C6164642A
:1037C000723E203C73697A653E0000004D63754689
:1037D0006C61736820737461747573004D63754612
:1037E0006C6173682064756D702000002A2A2A209D
:1037F0006D656D6F7279206E6F74206163636573A0
:103800007369626C650D0A002A2A2A2077726F6E2E
:103810006720656E6420616464726573730D0A00CD
:103820002A2A2A2077726F6E67207374617274205F
:10383000616464726573730D0A0000004D63754620
:103840006C61736820657261736520002A2A2A20E2
:1038500061646472657373206973206E6F7420668F
:103860006C61736820626C6F636B20616C69676E5A
:1038700065640D0A000000002A2A2A206661696C2E
:103880006564207363616E6E696E672073697A6523
:103890000D0A00004F75743A00000000496E703A3E
:1038A000000000004C000000206770696F3A30781B
:1038B0000000000020706F72743A30780000000041
:1038C0002070696E3A0000002070756C6C3A000040
:1038D000646973007570200064776E003F3F3F009D
:1038E000496E666F3A20456E61626C6520636F6E4B
:1038F00066696747454E45524154455F52554E5F94
:1039000054494D455F535441545320666F722072A1
:10391000756E74696D65207374617469737469631D
:10392000732E0D0A0000000054434200537461746A
:103930006963000048616E646C6500004E616D65EE
:103940000000000053746174650000005072696FDC
:1039500000000000537461636B2042656700000043
:10396000537461636B20456E6400000053697A658F
:1039700000000000537461636B20546F70000000FE
:10398000556E7573656400005741524E494E473A73
:10399000206D6F7265207461736B73207468616E43
:1039A000205368656C6C206D6178696D756D206E53
:1039B000756D626572206F66207461736B732E0D76
:1039C0000A0000006E6F20283029000079657328F6
:1039D000000000002900000052756E6E696E6700DD
:1039E000526561647900000053757370656E64659B
:1039F00064000000426C6F636B65640044656C6535
:103A000074656400496E76616C696400554E4B4E76
:103A10004F574E21000000002042000020280000E7
:103A2000204229004672656552544F5320737461D9
:103A300074757320696E666F726D6174696F6E0D57
:103A40000A0000004D637552544F53005631312E19
:103A5000302E3000202056657273696F6E000000B2
:103A6000202052544F53207469636B730000000090
:103A700020487A2C20000000206D730D0A00000001
:103A80002020467265652068656170002062797447
:103A900065730D0A0000000047726F7570206F6635
:103AA000204D637552544F5320636F6D6D616E648A
:103AB000730D0A005072696E74207461736B6C69C7
:103AC00073740D0A0000000020207461736B6C6930
:103AD000737400004D637552544F532068656C70C9
:103AE000000000004D637552544F5320737461748D
:103AF000757300004D637552544F53207461736B9E
:103B00006C697374000000004D63755368656C6CDC
:103B10002068656C700000002D2D2D2D2D2D2D2D74
:103B20002D2D2D2D2D2D2D2D2D2D2D2D2D2D2D2DC5
:103B30002D2D2D2D2D2D2D2D2D2D2D2D2D2D2D2DB5
:103B40002D2D2D2D2D2D2D2D2D2D2D2D2D2D2D2DA5
:103B50002D2D2D2D2D2D00004B3032204C65645322
:103B6000746570706572000047726F7570206F66C3
:103B7000204D63755368656C6C20636F6D6D616E6D
:103B800064730D0A000000004D63755368656C6C2A
:103B9000000000004D63755368656C6C20737461A0
:103BA00074757300434D443E20000000436F6D6DFB
:103BB000616E646C696E65207368656C6C207374EB
:103BC000617475730D0A0000466562202031203251
:103BD0003032360020204275696C640030393A304A
:103BE000303A353100000000202073696C656E7436
:103BF000000000006E6F0D0A0000000020206D75AF
:103C00006C7469436D64000020627974657320648C
:103C1000656661756C742073697A650D0A00000031
:103C2000202073697A6500002A2A2A204661696C7F
:103C30006564206F7220756E6B6E6F776E20636F98
:103C40006D6D616E643A20002A2A2A2054797065CD
:103C50002000000020746F206765742061206C696B
:103C60007374206F6620617661696C61626C652097
:103C7000636F6D6D616E64730D0A00000D0A2A2A70
:103C80002A20456E642061646472657373206D75CB
:103C90007374206265206C6172676572206F722098
:103CA000657175616C207468616E207374617274E3
:103CB00020616464726573730D0A00000D0A2A2A7C
:103CC0002A2052656164206661696C6564210D0A71
:103CD000000000000D0A2A2A2A204661696C7572CC
:103CE000652072656164696E67206D656D6F7279BC
:103CF00020626C6F636B210D0A0000002D2D2000E7
:103D00006B554152545F5478446174615265674504
:103D10006D707479466C61670D0A00006B554152F5
:103D2000545F5472616E736D697373696F6E436F24
:103D30006D706C657465466C61670D0A000000006B
:103D40006B554152545F52784461746152656746C5
:103D5000756C6C466C61670D0A0000006B55415232
:103D6000545F49646C654C696E65466C61670D0A09
:103D7000000000006B554152545F52784F766572D7
:103D800072756E466C61670D0A0000006B554152FA
:103D9000545F4E6F6973654572726F72466C6167EE
:103DA0000D0A00006B554152545F4672616D696E99
:103DB000674572726F72466C61670D0A0000000001
:103DC0006B554152545F5061726974794572726FDC
:103DD00072466C61670D0A006B554152545F4C6925
:103DE0006E427265616B466C61670D0A00000000EF
:103DF0006B554152545F52784163746976654564EE
:103E00006765466C61670D0A000000006B55415202
:103E1000545F5278416374697665466C61670D0A38
:103E2000000000006B554152545F4E6F6973654549
:103E300072726F72496E527844617461526567465E
:103E40006C61670D0A0000006B554152545F506170
:103E5000726974794572726F72496E5278446174F6
:103E600061526567466C61670D0A00006B554152EF
:103E7000545F54784669666F456D707479466C611D
:103E8000670D0A006B554152545F52784669666F60
:103E9000456D707479466C61670D0A006B5541522F
:103EA000545F54784669666F4F766572666C6F77BB
:103EB000466C61670D0A00006B554152545F5278A1
:103EC0004669666F4F766572666C6F77466C6167A0
:103ED0000D0A000052532D343835205541525420DC
:103EE00073657474696E67730D0A00004D637555D0
:103EF00061727434383500007965730D0A00000072
:103F000020204857205478456E0000002020666C21
:103F100061677300202062617564000052783A2066
:103F2000000000002C20526573706F6E73653A209C
:103F300000000000202071756575657300000000A9
:103F400047726F7570206F662052532D34383520BC
:103F5000636F6D6D616E64730D0A0000436C656183
:103F60007220554152542049535220666C61677348
:103F70000D0A00002020636C656172203C666C6154
:103F800067733E004D63755561727434383520682F
:103F9000656C70004D6375556172743438352073EB
:103FA00074617475730000004D63755561727434EB
:103FB000383520636C656172200000007374617491
:103FC00075733A20000000002D3332373638000078
:103FD0002D32313437343833363438004D696E4938
:103FE0004E49207374617475730D0A004D63754DED
:103FF000696E494E49000000202062756666657250
:10400000000000006E6F7420737570706F727465BD
:10401000640D0A0020207265616C000072656164A5
:104020002D77726974650D0A0000000020206D6F05
:1040300064650000464C4153480D0A002020465359
:10404000000000004D63754D696E494E492068655A
:104050006C70000047726F7570206F66204D63753D
:104060004D696E494E4920636F6D6D616E64730DCD
:104070000A000000526561642061206B657920664A
:10408000726F6D20612073656374696F6E20696E55
:1040900020612066696C650D0A00000020207265B1
:1040A0006164203C663E203C733E203C6B3E000039
:1040B00057726974652061206B657920776974682F
:1040C0002076616C756520746F2061207365637460
:1040D000696F6E20696E20612066696C650D0A004B
:1040E00020207772697465203C663E203C733E2038
:1040F0003C6B3E203C763E0044656C6574652061F7
:10410000206B657920696E20612073656374696F27
:104110006E206F662066696C650D0A00202064655C
:104120006C6B6579203C663E203C733E203C6B3EC8
:104130000000000044656C65746520612073656350
:1041400074696F6E20696E20612066696C650D0A66
:1041500000000000202064656C736563203C663EAF
:10416000203C733E000000004D63754D696E494E62
:104170004920737461747573000000004D63754DC0
:10418000696E494E49207265616420003D0000005F
:104190004D63754D696E494E49207772697465208B
:1041A000000000004D63754D696E494E49206465FD
:1041B0006C6B6579200000004D63754D696E494E4A
:1041C000492064656C7365632000000045524153CB
:1041D00045442C206E6F742061636365737369625C
:1041E0006C650D0A000000006D616769632030781E
:1041F000000000002C2000002C2073697A6520004C
:104200003C6E6F742076616C69643E00696E692053
:10421000666C617368207374617475730D0A0000B5
:10422000696E690073746172742030780000000058
:104230002C20626C6F636B20307800002C206E6F36
:10424000662000002020666C6173680020206D618C
:104250007820646174610000202064617461000052
:104260003C6572726F722072656164696E6720646A
:104270006174613E0D0A0000202072616D00000033
:10428000464C41534800000052414D00696E692080
:1042900068656C700000000044756D702064617486
:1042A0006120696E666F726D6174696F6E0D0A00D0
:1042B000202064756D700000457261736520646133
:1042C000746120696E666F726D6174696F6E0D0A3C
:1042D000000000002020657261736500696E69202E
:1042E0007374617475730000696E692064756D7014
:1042F00000000000696E692065726173650000004E
:104300005465726D696E616C000000005254540077
:10431000534547474552000049444C4500000000C2
:10432000537461747573206F66204E656F506978A1
:10433000656C730D0A0000006E656F0020206E6FC3
:10434000664C616E6573000020206C616E6553746D
:104350006172740020206C616E65456E640000001F
:1043600020204C454420696E206C616E657300000E
:104370002020506978656C73000000005247420DA0
:104380000A0000002020436F6C6F72730000000071
:104390006E656F2068656C700000000047726F7575
:1043A00070206F66206E656F20636F6D6D616E6447
:1043B000730D0A00436C65617220616C6C2070693A
:1043C00078656C730D0A00002020636C65617220B3
:1043D000616C6C0053657420616C6C207069786549
:1043E0006C2077697468205247422076616C75654D
:1043F0000D0A0000202073657420616C6C203078F9
:104400003C7267623E0000005365742070697865F5
:104410006C20696E2061206C616E6520616E642085
:10442000706F736974696F6E207769746820524782
:10443000422076616C75650D0A00000020207365CE
:1044400074203C6C616E653E203C706F733E203082
:10445000783C7267623E00006E656F207374617411
:10446000757300006E656F20636C65617220616C0E
:104470006C0000006E656F2073657420616C6C00C9
:104480006E656F207365742000000000656E6162C8
:104490006C65643A20000000796573006E6F20003F
:1044A0002C207267623A2030780000002C206C616A
:1044B0006E653A20000000002C2073746172743A1B
:1044C000200000002C2063773A2000004E656F002A
:1044D000616464723A3078002C20537465707065A2
:1044E0007220000020204D5B000000005D000000F5
:1044F00052696E67200000002C2048616E64200025
:104500002020525B000000004D61747269782073B6
:10451000657474696E67730D0A0000006D617472D2
:1045200069780000782A792A7A3A2000202073746A
:1045300065707065720000004E554C4C0000000024
:1045400068616E643A203078000000002020636FBC
:104550006C6F720020206272696768746E65737395
:104560000000000020206D6F746F72206F6E0000DD
:104570006377000043770000635700004357000053
:104580006363000043630000634300004343000093
:10459000736800005368000073480000534800002F
:1045A00047726F7570206F66206D61747269782034
:1045B000636F6D6D616E64732E0D0A005072696ECB
:1045C0007420616C6C2073746570706572207374F4
:1045D0006174757320696E666F726D6174696F6E58
:1045E0002C206F7220666F7220612073696E676C79
:1045F0006520636F6F7264696E6174650D0A0000F7
:1046000020207374657070657220737461747573A3
:10461000205B78797A5D0000546573742074686556
:104620002073746570706572206F6E2074686520E9
:10463000626F6172640D0A0020207465737400005B
:10464000536574206D617472697820746F20686F8F
:1046500075722028312D31322920706F7369746989
:104660006F6E0D0A000000002020686F7572203CFC
:10467000686F75723E00000053657420706978653C
:104680006C20636F6C6F720D0A000000202072674F
:104690006220706978656C203C78797A3E203C72A3
:1046A00067623E00456E61626C696E6720616C6C8A
:1046B0002068616E64204C4544730D0A00000000C0
:1046C0002020686520616C6C206F6E7C6F666600D0
:1046D000456E61626C652073696E676C6520686108
:1046E0006E64204C45442028636F6D6D61207365B6
:1046F00070617261746564290D0A0000202068658C
:10470000203C78797A3E206F6E7C6F6666000000F0
:10471000456E61626C696E672072696E67204C45F8
:1047200044730D0A000000002020726520616C6C4B
:10473000206F6E7C6F666600456E61626C652073EB
:10474000696E676C652072696E67204C454420284D
:10475000636F6D6D6120736570617261746564294A
:104760000D0A000020207265203C78797A3E206F87
:104770006E7C6F66660000005365742068616E642D
:1047800020636F6C6F7220666F7220616C6C2068A2
:10479000616E64730D0A00002020686320616C6CF8
:1047A000203C7267623E00005365742073696E6737
:1047B0006C652068616E6420636F6C6F7220286383
:1047C0006F6D6D6120736570617261746564290D30
:1047D0000A00000020206863203C78797A3E203C63
:1047E0007267623E000000005365742072696E6754
:1047F00020636F6C6F7220666F7220616C6C207228
:10480000696E67730D0A00002020726320616C6C72
:10481000203C7267623E00005365742073696E67C6
:104820006C652072696E6720636F6C6F72202863FD
:104830006F6D6D6120736570617261746564290DBF
:104840000A00000020207263203C78797A3E203CE8
:104850007267623E00000000536574206465666103
:10486000756C742068616E64206C656420636F6C85
:104870006F720D0A00000000202068616E642063E2
:104880006F6C6F72203C7267623E0000536574204B
:1048900064656661756C742068616E64206C656423
:1048A000206272696768746E6573732028302D32D8
:1048B0003535290D0A000000202068616E642062F1
:1048C00072696768746E657373203C76616C3E0034
:1048D0003C78797A3E3A20636F6F7264696E6174D6
:1048E000652C207365706172617465642062792043
:1048F00073706163652C20652E672E203020302078
:10490000310D0A003C6D643E3A206D6F64652028CD
:1049100063632C2063772C207368292C206C6F77BD
:10492000657263617365206D6F6465206C65747476
:104930006572206973207769746820616363656CB0
:1049400065726174696F6E20636F6E74726F6C2034
:10495000666F722073746172742F73746F702C2081
:104960006F746865727769736520652E6720437779
:10497000206F722043570D0A0000000052656C61E1
:104980007469766520616E676C65206D6F76652051
:1049900028636F6D6D612073657061726174656409
:1049A000290D0A00202072203C78797A3E203C6153
:1049B0003E203C643E203C6D643E00004162736FCB
:1049C0006C75746520616E676C65206D6F7665200F
:1049D00028636F6D6D6120736570617261746564C9
:1049E000290D0A00202061203C78797A3E203C6124
:1049F0003E203C643E203C6D643E00005175657570
:104A000065206120277227206F722027612720638D
:104A10006F6D6D616E642C20652E672E20276D6191
:104A20007472697820712030203020302072203953
:104A30003020382063632C30203020312061203436
:104A4000352030204343272C2028636F6D6D612073
:104A5000736570617261746564290D0A000000005D
:104A6000202071203C78797A3E203C636D643E00C2
:104A70004578656375746520636F6D6D616E6473F1
:104A800020696E207175657565730D0A0000000060
:104A90002020657871000000536574206D6F746F7D
:104AA0007220647269766572207265736574206C19
:104AB000696E6520284C4F572061637469766529BB
:104AC0000D0A0000202072657365742068696768AC
:104AD0007C6C6F7700000000537769746368206D09
:104AE0006F746F7273206F6E206F72206F66660D29
:104AF0000A00000020206D6F746F72206F6E7C6F53
:104B0000666600005061726B20746865206D6F747A
:104B10006F722873290D0A0020207061726B206F5C
:104B20006E7C6F66660000006D6174726978206843
:104B3000656C70006D61747269782073746174754E
:104B4000730000006D617472697820737465707011
:104B50006572207374617475730000006D61747206
:104B600069782073746570706572207374617475F0
:104B7000732000006D617472697820686F7572200F
:104B8000000000006D6174726978207220000000DE
:104B90006D61747269782061200000006D6174722B
:104BA00069782071200000006D6174726978206856
:104BB0006520616C6C2000006D61747269782072F0
:104BC0006520616C6C2000006D61747269782068EA
:104BD000652000006D6174726978207265200000A4
:104BE0006D617472697820686320616C6C200000CC
:104BF0006D617472697820726320616C6C200000B2
:104C00006D61747269782068632000006D61747250
:104C100069782072632000006D6174726978206881
:104C2000616E6420636F6C6F722000006D6174723E
:104C300069782068616E64206272696768746E6565
:104C4000737320006D6174726978207267622070DE
:104C50006978656C200000006D6174726978206568
:104C6000787100006D6174726978207465737400E6
:104C70006D61747269782072657365742068696704
:104C8000680000006D6174726978207265736574E4
:104C9000206C6F77000000006D6174726978206D80
:104CA0006F746F72206F6E006D6174726978206D21
:104CB0006F746F72206F6666000000006D61747221
:104CC0006978207061726B206F6E00006D61747284
:104CD0006978207061726B206F6666006D61747216
:104CE00069782000686320007263200068652000F6
:104CF000726520004D617472697851756575650043
:104D00006D6F746F7200000073657474696E677301
:104D10002E696E690000000061646472000000008A
:104D20007273343835000000666C616773000000F0
:104D300061707000656E61626C6564004E6F6E2D0F
:104D4000766F6C6174696C65206D656D6F7279202A
:104D5000636F6E66696775726174696F6E206172E8
:104D600065610D0A000000006E766D6300000000B2
:104D70004552524F520D0A00202052532D343835DF
:104D80002061646472000000206D61673A200000B9
:104D9000310000003000000047726F7570206F66B0
:104DA000204E564D4320636F6D6D616E64730D0A26
:104DB0000000000053657420666C6167730D0A0083
:104DC0002020666C616773203C76616C3E000000B9
:104DD0006E766D632068656C700000006E766D63A2
:104DE00020737461747573006E766D6320666C61F8
:104DF000677300004F4B0A004E4F4B0A0000000043
:104E00004000000020636D642000000052532D34E8
:104E100038352073657474696E67730D0A0000007D
:104E20007273000020206164647200005365742076
:104E300052532D34383520616464726573730D0AE2
:104E400000000000202061646472203C6164647290
:104E50003E00000053656E64206120746578742004
:104E6000746F207468652052532D34383520627574
:104E7000730D0A00202073656E64203C746578749D
:104E80003E00000053656E642061207368656C6CA1
:104E900020636F6D6D616E6420746F20746865208F
:104EA00052532D3438352061646472657373206108
:104EB0006E6420636865636B20726573706F6E73D8
:104EC000650D0A00202073656E64636D64203C618B
:104ED0006464723E203C636D643E0000727320681F
:104EE000656C7000727320737461747573000000D8
:104EF000727320616464722000000000727320737A
:104F0000656E64200000000072732073656E646338
:104F10006D642000204F4B00204E4F4B00000000DE
:104F200020636D64206C6173744572726F7200004F
:104F300020636D642069646C6500000052532D3459
:104F4000383500005368656C6C000000706F733A70
:104F5000000000002C2064656C61793A00000000BC
:104F60002C2023714974656D3A00000053746570FC
:104F70007065722073657474696E67730D0A000042
:104F8000737465707065720048572074696D65723E
:104F90002C20706572696F6420287573293A20008F
:104FA000202074696D657200333630206465677245
:104FB00065652073746570733A2000002C20667557
:104FC0006C6C20726F756E6420286D73293A200016
:104FD000202073746570730047726F7570206F6660
:104FE000207374657070657220636F6D6D616E649F
:104FF000730D0A00456E61626C65206F72206469F2
:105000007361626C65206120737465707065720DE8
:105010000A0000002020656E61626C65203C787992
:105020007A3E20797C6E0000737465707065722022
:1050300068656C70000000007374657070657220A4
:105040007374617475730000737465707065722099
:10505000656E61626C6520005035010064350100A9
:105060007835010090350100A4350100B835010004
:10507000C4350100C435010001000000000000003B
:105080000000000000000000000000000000000020
:105090000000000000000000000000000000000010
:1050A000DFE80000FD2F0000FD2F0000C7E8000032
:1050B000893800003538000035380000C13800005C
:1050C00000000000000000000000000000000000E0
:1050D00000000000000000000000000000000000D0
:1050E00000000000000000000000000000000000C0
:1050F00000000000000000000000000000000000B0
:10510000000000000000000000000000000000009F
:10511000000000000000000000000000000000008F
:10512000000000000000000000000000000000007F
:10513000000000000000000000000000000000006F
:10514000000000000000000000000000000000005F
:10515000000000000000000000000000000000004F
:10516000000000000500000001020B000005000423
:105170001830343C4004060001000000000000002C
:10518000000000000000000000000000000100001E
:10519000000000000000000000000000000000000F
:1051A00000000000000000000000000000000000FF
:1051B00000E0FF1F00200000BC0C00203C1100009C
:1051C0000000000000000000312C010035BC000090
:1051D00035BC00004B2C0100312C01001B2C0100C0
:1051E0001B2C01004B2C010099BC000055BC000099
:1051F00055BC0000D9BC000085300000452F0000E0
:10520000AD1E00004DD10000F5BA0000BD48000001
:1052100095550000F521000021C30000F53D000078
:10522000BDA20000B186000063250100000000005F
:10523000A050010020010020C80000000000000074
:105240000000000005FF000000000000000000005A
:10525000000000000000000000000000000000004E
:10526000000000000000000000000000000000003E
:10527000000000000000000000000000000000002E
:10528000000000000000000000000000000000001E
:10529000000000000000000000000000000000000E
:1052A00000000000000000000000000000000000FE
:1052B00000000000000000000000000000000000EE
:1052C000000000000000404040404040404040415D
:1052D00041414141404040404040404040404040CA
:1052E0004040404040400502020202020202020227
:1052F0000202020202022020202020202020202062
:1053000002020202020202909090909090101010FF
:10531000101010101010101010101010101010108D
:105320001002020202020288888888888808080819
:1053300008080808080808080808080808080808ED
:10534000080202020240000000000000000000000D
:10535000000000000000000000000000000000004D
:10536000000000000000000000000000000000003D
:10537000000000000000000000000000000000002D
:10538000000000000000000000000000000000001D
:10539000000000000000000000000000000000000D
:1053A00000000000000000000000000000000000FD
:1053B00000000000000000000000000000000000ED
:0853C000000000000000FFFFE7
:1053C8000080000000093D0000004001AAAAAAAA26
:0853D800FF0000000A10FFFFB6
:040000030000016D8B
:00000001FF
