S01500004B30325F3132385F436C6F636B322E733139BB
S214000000002000206D0100006D0200009BE700004C
S2140000107D020000850200008D0200000000000046
S214000020000000000000000000000000F96B000067
S2140000309D02000000000000196C0000AD020000E8
S21400004045D4000051D400005DD4000069D40000FF
S21400005075D4000081D400008DD4000099D400002F
S214000060A5D40000B1D40000BDD40000C9D400005F
S214000070D5D40000E1D40000EDD40000F9D400008F
S21400008005D5000011D500001DD5000029D50000BB
S21400009035D5000041D500004DD5000059D50000EB
S2140000A065D5000071D500007DD5000089D500001B
S2140000B095D50000A1D50000ADD50000B9D500004B
S2140000C0C5D50000E5380000D1D50000DDD500001C
S2140000D0E9D50000F5D5000001D600000DD60000D9
S2140000E019D6000025D60000D18D000031D60000BC
S2140000F03DD6000049D6000055D6000061D6000067
S21400010025CC00006DD6000079D6000085D600000C
S21400011091D600009DD60000A9D60000B5D60000F6
S214000120C1D60000CDD600005D6B0000D9D6000019
S214000130E5D60000F1D60000FDD6000009D7000085
S21400014015D70000C853010000000020180000006A
S214000150C853010000E0FF1F000000001800002048
S214000160A40C000000E0FF1F0000000080B584B073
S21400017000AF72B601F0D8FB194BFB6013E0FB68CA
S2140001801A1DFA601B683B60FB681A1DFA601B6844
S214000190BB60FB681A1DFA601B687B607A68B968EA
S2140001A0386800F023F8FB680E4A9342E7D30DE068
S2140001B0FB681A1DFA601B68BB60FB681A1DFA60B4
S2140001C01B687B607968B86800F033F8FB68064AFD
S2140001D09342EDD362B612F0C2FF00BFFDE700BF48
S2140001E0440100005C0100006C01000080B489B08E
S2140001F000AFF860B9607A60BB68FB61FB68BB6102
S21400020000237B610AE0BA69131DBB61FB69191DF7
S214000210F96112681A607B6904337B617A697B68CE
S2140002209A42F0D300BF00BF2437BD465DF8047B7A
S214000230704780B485B000AF786039607B68FB603B
S2140002400023BB6007E0FB681A1DFA6000221A60F4
S214000250BB680433BB60BA683B689A42F3D300BFFE
S21400026000BF1437BD465DF8047B704780B400AF0E
S21400027000BFFDE780B400AF00BFFDE780B400AF6D
S21400028000BFFDE780B400AF00BFFDE780B400AF5D
S21400029000BFFDE780B400AF00BFFDE780B400AF4D
S2140002A000BFFDE780B400AF00BFFDE780B400AF3D
S2140002B000BFFDE780B400AF00BFFDE7FFFFFFFF14
S2140002C0FFFFFFFFFFFFFFFFFFFFFFFFFFFFFFFF39
S2140002D0FFFFFFFFFFFFFFFFFFFFFFFFFFFFFFFF29
S2140002E0FFFFFFFFFFFFFFFFFFFFFFFFFFFFFFFF19
S2140002F0FFFFFFFFFFFFFFFFFFFFFFFFFFFFFFFF09
S214000300FFFFFFFFFFFFFFFFFFFFFFFFFFFFFFFFF8
S214000310FFFFFFFFFFFFFFFFFFFFFFFFFFFFFFFFE8
S214000320FFFFFFFFFFFFFFFFFFFFFFFFFFFFFFFFD8
S214000330FFFFFFFFFFFFFFFFFFFFFFFFFFFFFFFFC8
S214000340FFFFFFFFFFFFFFFFFFFFFFFFFFFFFFFFB8
S214000350FFFFFFFFFFFFFFFFFFFFFFFFFFFFFFFFA8
S214000360FFFFFFFFFFFFFFFFFFFFFFFFFFFFFFFF98
S214000370FFFFFFFFFFFFFFFFFFFFFFFFFFFFFFFF88
S214000380FFFFFFFFFFFFFFFFFFFFFFFFFFFFFFFF78
S214000390FFFFFFFFFFFFFFFFFFFFFFFFFFFFFFFF68
S2140003A0FFFFFFFFFFFFFFFFFFFFFFFFFFFFFFFF58
S2140003B0FFFFFFFFFFFFFFFFFFFFFFFFFFFFFFFF48
S2140003C0FFFFFFFFFFFFFFFFFFFFFFFFFFFFFFFF38
S2140003D0FFFFFFFFFFFFFFFFFFFFFFFFFFFFFFFF28
S2140003E0FFFFFFFFFFFFFFFFFFFFFFFFFFFFFFFF18
S2140003F0FFFFFFFFFFFFFFFFFFFFFFFFFFFFFFFF08
S214000400FFFFFFFFFFFFFFFFFFFFFFFFFEFFFFFFF8
S21400041080B483B000AF7860084B1B6823F440229A
S2140004207B689B0403F44023044913430B6000BF1E
S2140004300C37BD465DF8047B704700BF0070044073
S21400044080B483B000AF78600A4B03F580535B68D6
S21400045023F440327B681B0403F4403305491343FE
S21400046001F58052536000BF0C37BD465DF8047B33
S214000470704700BF0070044080B483B000AF114BDB
S2140004801B7BDBB203F00303022B0ED0022B0FD82C
S214000490002B02D0012B04D00AE00B4B1B687B60BC
S2140004A009E00A4B1B687B6005E0094B7B6002E0B5
S2140004B000237B6000BF7B6818460C37BD465DF89E
S2140004C0047B704700400640180000201C000020F7
S2140004D0006CDC0280B582B000AFFFF7CDFF78601D
S2140004E07B68002B01D17B6846E0254B1B78DBB28E
S2140004F0DB08DBB203F00703FB70FB787A6822FAAE
S21400050003F37B601E4B5B78DBB21B09DBB203F0A8
S2140005100303BB701A4B1B7BDBB203F003037B7039
S214000520BB78002B02D07B78002B02D07B78022B86
S21400053021D1FB78072B14D0072B19DC052B02DC06
S214000540002B03DA14E0062B04D011E07B685B096D
S2140005507B6010E07B680B4AA2FB03231B097B60D1
S21400056009E07B68084AA2FB0323DB087B6002E005
S21400057000237B6000BF7B6818460837BD4680BDF9
S21400058000400640CDCCCCCCABAAAAAA80B400AF23
S2140005900C4B9B79DBB203F00103002B02D10A4B14
S2140005A01B6809E0094B1A68064B1B7ADBB25B082E
S2140005B003F0070322FA03F31846BD465DF8047BF2
S2140005C0704700BF004006400000002004000020E6
S2140005D080B500AF074B9B79DBB203F01003002B0E
S2140005E003D1FFF777FF034601E0034B1B6818466D
S2140005F080BD00BF004006400000002080B400AF71
S214000600074B1B78DBB25BB2002B02DA054B1B688C
S21400061000E000231846BD465DF8047B704700BF27
S214000620005006401800002080B483B000AF0D4B89
S2140006301B78DBB25BB2002B0CDA0A4B9B78DBB282
S21400064023F03F03FB71084B1B68FA799209D2B27C
S214000650D34000E0002318460C37BD465DF8047B07
S214000660704700BF005006401800002080B582B0DA
S21400067000AF114B1B689B0C03F00303002B02D04A
S214000680032B0CD00FE0FFF7B9FF0346B3F5004F7E
S21400069002D14FF4004300E000237B6006E04FF4F5
S2140006A07A737B6002E000237B6000BF7B6818469D
S2140006B00837BD4680BD00BF0070044080B582B0DC
S2140006C000AF0D4B03F580535B681B0C03F0030370
S2140006D0002B02D0032B04D006E000F0E9F8786087
S2140006E005E0064B7B6002E000237B6000BF7B6872
S2140006F018460837BD4680BD00700440006CDC021A
S21400070080B584B000AF0346FB71FB79132B7BD812
S21400071001A252F823F000BF690700006907000035
S2140007208707000009080000A50700000908000068
S214000730C3070000CB0700000108000009080000FE
S214000740F9070000D3070000DB070000E3070000FE
S2140007500908000009080000090800000908000050
S214000760EB070000F107000000F074F802462A4B81
S21400077003F580535B6C1B0F03F00F030133B2FBD2
S214000780F3F3FB6043E000F065F80246224B03F506
S21400079080535B6C1B0E03F00F030133B2FBF3F3C5
S2140007A0FB6034E000F056F802461B4B03F580531E
S2140007B05B6C1B0C03F00F030133B2FBF3F3FB601F
S2140007C025E0FFF77BFFF86021E0FFF74FFFF860BA
S2140007D01DE00CF0B2FFF86019E000F0A1F8F86038
S2140007E015E000F065F8F86011E00C4BFB600EE0D9
S2140007F04FF47A73FB600AE0FFF700FFF86006E04C
S214000800FFF712FFF86002E00023FB6000BFFB6802
S21400081018461037BD4680BD00700440006CDC02F0
S21400082080B582B000AF7860094A7B685B6802F5E5
S214000830805253647B681B781846FFF701FE7B687E
S2140008405B781846FFF7E4FD00BF0837BD4680BD5D
S2140008500070044080B582B000AF144B9B79DBB2C9
S2140008609B0803F003033B603B68022B11D03B68F8
S214000870022B12D83B68002B03D03B68012B04D018
S2140008800BE000F015F878600AE0FFF77FFE78606E
S21400089006E0FFF7F1FD786002E000237B6000BF12
S2140008A07B6818460837BD4680BD00BF004006403E
S2140008B080B582B000AF184B5B78DBB203F0020362
S2140008C0002B01D0002322E0FFF782FE78607B68D1
S2140008D0002B01D17B681AE00F4BDB78DBB25B099B
S2140008E0DBB203F00303FB700B4BDB78DBB2DB09F8
S2140008F0DBB203F00103BB70FA78BB7807495200FD
S214000900134431F813301A467B6802FB03F318468B
S2140009100837BD4680BD00BF00400640F8340100E1
S21400092080B500AF064B1B78DBB203F00203002B4A
S21400093001D1002302E0FFF729FE0346184680BDDA
S2140009400040064080B485B000AF0346FB710B46FE
S214000950BB7113467B713B4B9B79DBB29B0803F064
S2140009600303FB60374B9B79DBB203F00103FB729A
S214000970344B1B7ADBB25B08DBB203F00703BB72B7
S2140009807A79BB7A9A422CD02E4B1B78DBB203F0D6
S2140009900203002B02D1FB68012B12D1FB7A012B3C
S2140009A00FD1284B5B78DBB2264A23F00103DBB27B
S2140009B0537000BF234B9B79DBB203F00103002B7F
S2140009C0F8D1204B1B7ADBB223F02F03DAB27B7907
S2140009D05B00DBB203F00E03DBB21A491343DBB253
S2140009E00B72184B5B78DBB223F00103DAB2BB79EB
S2140009F003F00103DBB213491343DBB24B70114B18
S214000A001B78DBB223F00303DAB20E49FB791343FB
S214000A10DBB20B70FB68012B04D0FB7903F00203FA
S214000A20002B08D000BF074B9B79DBB203F0010216
S214000A30BB799A42F7D1002318461437BD465DF8B5
S214000A40047B70470040064080B584B000AF034684
S214000A503A60FB710B46BB710023FB73284BDB78B7
S214000A60BB73274B9B79DBB203F01003002B09D135
S214000A700123FB73224BDB78DBB2214A83F0200391
S214000A80DBB2D3701E4B1B78DBB203F03B03DBB24A
S214000A901B4A43F00403DBB2137000BF184B9B796C
S214000AA0DBB203F01003102BF8D1FB7B002B02D037
S214000AB0134ABB7BD370BB7B03F01F03DAB2FB7910
S214000AC0DB01D9B2BB795B01DBB203F06003DBB2BA
S214000AD00B43DBB20A491343DBB2CB7000BF084BB3
S214000AE09B79DBB203F00C03002BF8D13B68002B9C
S214000AF001D03B689847002318461037BD4680BD96
S214000B000040064080B485B000AF78600023FB60EC
S214000B1006E0094A7B68934206D0FB680133FB6017
S214000B20FB68002BF5D000E000BFFB6818461437C2
S214000B30BD465DF8047B70470010024080B582B069
S214000B4000AF78607868FFF7DDFF044B18460CF0BE
S214000B501EFE00BF0837BD4680BD00BF01003C102A
S214000B6080B500AF044B1B6818460CF02AFEBFF396
S214000B704F8F00BF00BF80BD2000002080B500AFB3
S214000B80044B5B6818460CF01CFEBFF34F8F00BF8B
S214000B9000BF80BD2000002080B500AF044B9B68DE
S214000BA018460CF00EFEBFF34F8F00BF00BF80BD8F
S214000BB02000002080B500AF044BDB6818460CF020
S214000BC000FEBFF34F8F00BF00BF80BD2000002097
S214000BD080B584B000AF78607B68002B01D1042319
S214000BE01EE07B6800229A647B680022DA637B68DA
S214000BF000221A647B689B6C002B02D10A4A7B6831
S214000C009A647B689B6C184600F04EF978680CF086
S214000C107FFEF860FB68002B01D0FB6800E0002335
S214000C2018461037BD4680BD3000002080B58AB01B
S214000C3000AFF860B9607A603B60FB6893F83430C8
S214000C407A68B968F8680CF099FE38623B6A002B3F
S214000C5001D03B6A43E0386800F06CF938623B6AC2
S214000C60002B01D03B6A3AE0FB681B6BFB61FB681C
S214000C701B69BB61FA697B681344013B7B627B6A34
S214000C80BA69B3FBF2F2B96901FB02F29B1A002BB8
S214000C901ED07A6ABB69B2FBF3F301337B617B69D2
S214000CA0BA6902FB03F3013B7B6211E0FB6923F0A8
S214000CB07F430D4A43F010631360F86800F004F9B0
S214000CC038623B6A002B08D1FA69BB691344FB61A2
S214000CD0FA697B6A9A42E9D900E000BF3B6A184687
S214000CE02837BD4680BD00BF0400024090B589B0DD
S214000CF000AFF860B9607A603B60FB6893F8393003
S214000D00FB747B68002B01D1042353E0FB7C3A681C
S214000D10B968F8680CF032FEF861FB69002B01D068
S214000D20FB6947E0FB681B6BBB613B687B613BE094
S214000D30224B1C1D78680CF059FE034623607B6826
S214000D4004337B60FB7C042B07D1BB6923F07F4315
S214000D501A4A43F0C063136017E0FB7C082B12D1DD
S214000D60164B03F1080478680CF040FE0346236037
S214000D707B6804337B60BB6923F07F430F4A43F0F4
S214000D80E063136001E0042314E0F86800F09CF8C8
S214000D90F861FB69002B0BD1FB7CBA691344BB617D
S214000DA0FB7C7A69D31A7B617B69002BC0D100E09B
S214000DB000BFFB6918462437BD4690BD04000240BC
S214000DC080B58CB000AFF860B9607A60FB70FB68E5
S214000DD093F83530FB77FB7F7A68B968F8680CF0D3
S214000DE0CDFDB861BB69002B01D0BB6955E0FB683F
S214000DF01B6B7B62FB68DA68FB685B69B2FBF3F32C
S214000E007B617A6A7B6913445A1E7B695B42134096
S214000E10FB62FA6A7B6A9A4203D1FA6A7B691344D8
S214000E20FB627B68BB6234E0FA6A7B6AD31A3B6279
S214000E303A6ABB6A9A4201D9BB6A3B62FB7F3A6A4E
S214000E40B2FBF3F33B617B6A23F07F43154A43F022
S214000E50807313603B691A04FB781B021A43114B1C
S214000E60043342F0FF021A60F86800F02DF8B8610B
S214000E70BB69002B01D0BB690FE0BA6A3B6AD31A84
S214000E80BB627A6A3B6A13447B62FA6A7B691344E4
S214000E90FB62BB6A002BC7D1002318463037BD461D
S214000EA080BD00BF0400024080B582B000AF78600D
S214000EB00C220449786812F04EF900BF0837BD4688
S214000EC080BD00BF0835010080B584B000AF7860F3
S214000ED0174B70221A707B689B6C5A1C7B689A644E
S214000EE07B689B6CFB60FB68114898477B689B6C33
S214000EF05A1E7B689A640E4B1B78FB72FB7A03F0D3
S214000F002003002B01D067230EE0FB7A03F01003CA
S214000F10002B01D0682307E0FB7A03F00103002BC7
S214000F2001D0692300E0002318461037BD4680BD77
S214000F300000024080B483B000AF78607B68064A49
S214000F40934201D06B2300E0002318460C37BD46C1
S214000F505DF8047B704700BF6B66656B90B597B015
S214000F6000AF78607B68002B01D10423C8E1002322
S214000F7087F85730BEE197F857307A68642101FB4E
S214000F8003F3134400221A7097F857307A686421E6
S214000F9001FB03F31344013397F857201A7097F8B0
S214000FA05730642202FB03F37A68134418460CF0A9
S214000FB0EDFDB864BB6C002B01D0BB6CA0E1002338
S214000FC07B644FF400333B640123FB634FF4006300
S214000FD0BB6320237B6304233B630823FB62082355
S214000FE0BB624FF070637B6218233B628D4B93F8B5
S214000FF02830DBB2FB618B4B93F82B30DBB2BB6146
S21400100097F857307A68642101FB03F313440833DA
S2140010107A6C1A6097F857307A68642101FB03F3FC
S21400102013441433FA6B1A6097F857307A686421C1
S21400103001FB03F313441033BA6B1A6097F857306A
S2140010407A68642101FB03F313441B79C3F300039E
S214001050DBB2002B1DD097F857307A68642101FB6D
S21400106003F313441B79C3F34003DBB2002B10D009
S21400107097F857403B6A7A6A396CF86B00F0E4F9E7
S21400108001467A68642304FB03F313440C331960A7
S2140010900CE097F85730FA6B396C01FB02F279686E
S2140010A0642000FB03F30B440C331A6097F85730A8
S2140010B07A68642101FB03F313441B79C3F300131E
S2140010C0DBB2002B40D097F85730642202FB03F3C4
S2140010D018337A6813447B6197F857307A6864212E
S2140010E001FB03F313441B79C3F34013DBB2002B5D
S2140010F014D097F857307A68642101FB03F3134441
S21400110008331A687B691A604FF48072FB699A404C
S2140011107B695A607B69BA699A6015E07B689A6851
S2140011207B691A603F4B93F82830DBB21A464FF4BF
S214001130807303FA02F27B695A603A4B93F82B30BD
S214001140DBB21A467B699A6097F857307A68642152
S21400115001FB03F313441B79C3F38003DBB2002BBC
S21400116071D097F85730642202FB03F320337A6875
S214001170134404333B6197F857307A68642101FBC7
S21400118003F313441B79C3F3C003DBB2002B20D058
S21400119097F857307A68642101FB03F31344083349
S2140011A01A683B691A603B697A6B9A6097F8573001
S2140011B07A68642101FB03F313440C331A683B6915
S2140011C09B68194610460CF015FD02463B695A60AE
S2140011D039E00023FB647B689A683B691A603B69C8
S2140011E020229A6000233B650EE097F857307A6815
S2140011F0642101FB03F313440C331B68FA6C13449D
S214001200FB643B6D01333B653B6D002BEDD03B69CA
S2140012109B681946F86C0CF0EDFCF86000233B6503
S2140012200EE000BF000002407A683B6D642101FBBF
S21400123003F313442833FA681A603B6D01333B65A9
S2140012403B6D002BF0D097F857303A6BD0B27A68E7
S214001250642101FB03F31344393302461A7097F8EE
S2140012605730FA6AD0B27A68642101FB03F313445C
S214001270343302461A7097F85730BA6AD0B27A6892
S214001280642101FB03F31344353302461A7097F8C2
S21400129057307A68642101FB03F313443633042283
S2140012A01A7097F857307A68642101FB03F31344E9
S2140012B0373304221A7097F857307A68642101FB96
S2140012C003F31344383300221A7097F85730642219
S2140012D002FB03F37A6813441846FFF779FCB864F8
S2140012E0BB6C002B01D0BB6C0AE097F8573001337B
S2140012F087F8573097F85730002B3FF43CAE002362
S21400130018465C37BD4690BD80B487B000AFF86025
S2140013100B467A60FB72FB68002B02D07B68002BC2
S21400132001D104238AE000237B61FB7A212B00F2A3
S214001330818001A252F823F0C1130000CB130000F5
S214001340D5130000E7130000F1130000FB130000A4
S2140013500D140000171400003514000035140000AA
S2140013603514000035140000351400003514000054
S2140013703514000035140000351400003514000044
S2140013803514000035140000351400003514000034
S2140013903514000035140000351400003514000024
S2140013A03514000035140000351400003514000014
S2140013B03514000035140000211400002B14000022
S2140013C0FB681A697B681A6037E0FB68DA687B6836
S2140013D01A6032E0FB68DA68FB685B69B2FBF3F21E
S2140013E07B681A6029E0FB685A697B681A6024E00B
S2140013F0FB689A687B681A601FE0FB681B79C3F37A
S2140014000013DBB21A467B681A6016E0FB68DA69DE
S2140014107B681A6011E0FB681A6A7B681A600CE049
S214001420FB68DA6B7B681A6007E0FB681A6C7B68FF
S2140014301A6002E06A237B6100BF7B6918461C378E
S214001440BD465DF8047B704780B487B000AFF86097
S214001450B9607A603B60104B03F58053DA6C7B68AA
S2140014601A403B6822FA03F3FB74FB7C0F2B05D172
S214001470FB68BA6802FB03F37B6105E0FB7C074A66
S21400148032F813309B027B617B6918461C37BD46D9
S2140014905DF8047B704700BF0070044014350100FF
S2140014A080B485B000AF78600023FB6006E0094A90
S2140014B07B68934206D0FB680133FB60FB68002B19
S2140014C0F5D000E000BFFB6818461437BD465DF84F
S2140014D0047B70470000044080B584B000AF78609D
S2140014E039607868FFF7DCFFF860194B18460CF097
S2140014F053FC3B681B785B0003F002023B68DB781A
S2140015009B0003F004031A433B689B78DB0003F060
S21400151008031A433B685B781B0103F030031A4349
S2140015207B681A603B689B79DB0003F078023B68B7
S2140015301B799B0003F004031A433B685B7903F0B6
S21400154003031A437B685A6000BF1037BD4680BD50
S2140015500000381080B485B000AF78600023FB60D0
S21400156006E0094A7B68934206D0FB680133FB60BD
S214001570FB68002BF5D000E000BFFB681846143768
S214001580BD465DF8047B70470070034080B584B0AC
S21400159000AF786039607868FFF7DCFF1B4B1846B1
S2140015A00CF036FC7B681B6823F002027B681A602E
S2140015B00023FB7312E0FB7B7A681B01134403F5E0
S2140015C084731A68FB7B22F0010279681B010B44C6
S2140015D003F584731A60FB7B0133FB73FB7B032BE1
S2140015E0E9D93B681B78002B06D07B681B6823F084
S2140015F001027B681A6005E07B681B6843F0010205
S2140016007B681A6000BF1037BD4680BD17003C10CF
S21400161080B483B000AF78600E4B03F580535A6DEC
S2140016207B681A600B4B03F580539A6D7B685A6093
S214001630084B03F58053DA6D7B689A60054B03F51B
S21400164080531A6E7B68DA6000BF0C37BD465DF8C3
S214001650047B70470070044080B485B000AF7860AB
S2140016600223BB600023FB6009E00B4AFB6852F8CC
S21400167023307A689A4207D0FB680133FB60FA6829
S214001680BB689A42F1D300E000BFFB6818461437E7
S214001690BD465DF8047B70473435010080B58AB0DE
S2140016A000AFF860B9607A6000237B62002387F899
S2140016B023300023FB61BB681B681B017A68B2FB02
S2140016C0F3F37B627B6A002B01D101237B6200234C
S2140016D0BB617B685A00BB681B68B2FBF3F27B6A8F
S2140016E05B01D31A7B617B685A007B6A59017B6970
S2140016F00B44B2FBF3F3BB61BB681B68BA699A4242
S21400170004D9BB681B68BA69D31A03E0BB681A68B9
S214001710BB69D31AFB61BB681B685B4AA2FB032349
S2140017205A0913465B001344FA699A4202D940F2FA
S214001730F533A5E0F868FFF78FFF0346534A52F8E3
S214001740233018460CF0B0FBFB68DB78DBB223F0E6
S2140017500C03DAB2FB68DA70FB681B78DBB25BB2AC
S21400176023F01F035AB27B6A1B0A5BB213435BB2B9
S214001770DAB2FB681A707B6ADAB2FB685A70FB68EA
S2140017809B7ADBB223F01F03DAB27B69DBB203F08D
S2140017901F03DBB21343DAB2FB689A72FB689B78CE
S2140017A0DBB223F0170387F82330BB685B7A9B0015
S2140017B0DBB203F00403DAB297F82330134387F85A
S2140017C02330BB681B79002B09D0BB681A7997F8C1
S2140017D023301343DBB243F0100387F82330FB6853
S2140017E097F823209A70BB685A79FB68DA74BB684E
S2140017F09A79FB685A75FB681B7CDBB263F077034B
S214001800DAB2FB681A74FB685B7CDBB263F03F03FA
S214001810DAB2FB685A74BB68DB79002B07D0FB682A
S2140018205B7BDBB243F00803DAB2FB685A73BB6833
S2140018301B7A002B07D0FB685B7BDBB243F001030F
S214001840DAB2FB685A73FB68DB7887F82330BB682C
S2140018509B7A002B05D097F8233043F0080387F8CF
S2140018602330BB68DB7A002B05D097F8233043F093
S214001870040387F82330FB6897F82320DA700023E8
S21400188018462837BD4680BD1F85EB513C35010004
S21400189080B483B000AF786039603A68174B134065
S2140018A03B607B681B78DAB23B68DBB21343DAB284
S2140018B07B681A707B68DB78DAB23B681B0ADBB29F
S2140018C01343DAB27B68DA707B689B79DAB23B68DE
S2140018D01B0CDBB21343DAB27B689A717B685B7CC5
S2140018E0DAB23B681B0EDBB21343DAB27B685A747B
S2140018F000BF0C37BD465DF8047B7047C0F00F078D
S21400190080B500AF054B1B68054A126811460548AE
S2140019109847BFF34F8F00BF00BF80BD7800002000
S2140019207000002000A0064080B500AF0B4BD3F837
S21400193088300A4A43F47003C2F88830084B4CF2E9
S2140019402052DA81064B4DF62812DA81044B4FF40A
S214001950E9721A800CF0DBFB00BF80BD00ED00E0F2
S2140019600020054080B400AF054B03F580531A46AF
S214001970044B536400BFBD465DF8047B704700BF50
S214001980007004400000071180B500AFAA2111487E
S2140019900CF0C4FB0F480CF06CFA00BF0D480CF0BE
S2140019A0CCFB0346802BF9D1FFF7DCFF0123032194
S2140019B0094A18460BF0D8FE0223012100221846D9
S2140019C0FEF7C0FF0548FEF72BFF054B054A1A60D9
S2140019D000BF80BD00E0074055E10000443501002F
S2140019E0080000200080B80580B590B000AFB7486A
S2140019F00CF0D7FBB6480CF0D4FBB6480CF0D1FB85
S214001A00B5480CF0CEFBB5480CF0CBFB002387F8AE
S214001A103C30002387F83D3007F13C031A4601218D
S214001A20AF480CF08EF9002387F83830002387F88B
S214001A30393007F138031A460221A9480CF081F91B
S214001A40A84B1B88BB8607F134031A461221A4480C
S214001A500CF077F9012387F83030002387F831300F
S214001A6007F130031A4613219D480CF06AF901234A
S214001A7087F82C30002387F82D3007F12C031A4600
S214001A80002199480CF05DF9012387F828300023DF
S214001A9087F8293007F128031A46012192480CF0EE
S214001AA050F9012387F82430002387F8253007F102
S214001AB024031A4605218D480CF043F9012387F8C4
S214001AC02030002387F8213007F120031A4606212C
S214001AD086480CF036F901233B7700237B7707F125
S214001AE01C031A46042182480CF02BF901233B768E
S214001AF000237B7607F118031A4605217C480CF074
S214001B0020F900233B7500237B7507F114031A4662
S214001B10062177480CF015F900233B7400237B74EC
S214001B2007F110031A46072171480CF00AF9012341
S214001B303B7300237B7307F10C031A4610216D4894
S214001B400CF0FFF801233B7200237B7207F10803B9
S214001B501A46112167480CF0F4F801233B71002364
S214001B607B713B1D1A46122162480CF0EAF80123ED
S214001B703B7000237B703B461A4613215D480CF0F1
S214001B80E0F8012201215C480CF025FB012212211D
S214001B9059480CF020FB0122132157480CF01BFB80
S214001BA00122022154480CF016FB01220021534862
S214001BB00CF011FB0122012150480CF00CFB032213
S214001BC001214F480CF007FB4D4B5B6823F08073F8
S214001BD023F003034A4A43F0030353600122022121
S214001BE047480CF0F8FA0322032145480CF0F3FAB4
S214001BF0434BDB6823F0807323F00303404A43F033
S214001C000303D360032204213D480CF0E4FA3C4B66
S214001C101B6923F0807323F00303394A43F0030360
S214001C2013610122052136480CF0D5FA012206215F
S214001C3033480CF0D0FA0122042132480CF0CBFADB
S214001C40012205212F480CF0C6FA012206212D4854
S214001C500CF0C1FA2B4B9B6923F0807323F003032F
S214001C60284A43F0030393610122072125480CF01C
S214001C70B2FA244BDB6923F0807323F00303214A76
S214001C8043F00303D361012210211F480CF0A3FA8E
S214001C90012211211C480CF09EFA012212211A483A
S214001CA00CF099FA0122132117480CF094FA174BFE
S214001CB003F580531B69154A23F0300302F5805262
S214001CC0136100BF4037BD4680BD00BF0900381015
S214001CD00A0038100B0038100C0038100D003810B1
S214001CE000F00F404C35010040F00F4080F00F40F0
S214001CF0C0F00F4000F10F400090044000A00440E8
S214001D0000B0044000C0044000D00440007004400E
S214001D1080B59CB000AF78607B685B681A46244943
S214001D2024480DF042F807F10C0318460CF076FA3A
S214001D30034687F86F3097F86F30002B0AD107F10B
S214001D401C0107F10C035322184600F073F80346F3
S214001D5087F86F3097F86F30002B06D007F11C031A
S214001D60154A532118460DF065F87B685A6807F146
S214001D701C03194611480DF018F87B685B68194675
S214001D800F480CF0C9FD00F0E1F801467B685B687F
S214001D901A460C480DF009F87B685B681946084837
S214001DA00CF0BAFD002318467037BD4680BD00BF54
S214001DB0D0350100E4350100F0350100F8350100AA
S214001DC0F84601000036010080B582B000AF7860AA
S214001DD07B685B681A460B490B480CF0D4FF7B689F
S214001DE05B681A4609490A480CF0CDFF7B685B68B9
S214001DF01A46084908480CF0C6FF0023184608375C
S214001E00BD4680BD0C360100E43501002C360100CD
S214001E1050360100603601007C36010080B400AF09
S214001E20024B034ADA6000BFFDE700BF00ED00E0AA
S214001E300400FA0580B586B000AFF860B9607A6035
S214001E40164A7968B8680CF0F5FF00237B6118E045
S214001E50134A7968B8680DF012F8FA687B6913447B
S214001E601B781A467968B8680DF0AEF97B690E2BB8
S214001E7004D80C4A7968B8680DF001F87B6901331C
S214001E807B617B690F2BE3D9074A7968B8680CF049
S214001E90F6FF002318461837BD4680BD843601007D
S214001EA038420100883601008C36010080B586B0C5
S214001EB000AFF860B9607A600023FB751E49F868C9
S214001EC011F05BF90346002B06D01C49F86811F0A8
S214001ED054F90346002B07D1BB6801221A707868B4
S214001EE0FFF772FF034623E01549F86811F045F93D
S214001EF00346002B06D01349F86811F03EF9034656
S214001F00002B08D1BB6801221A707868FFF700FF23
S214001F100346FB750BE00C49F86811F02EF90346F2
S214001F20002B04D1BB6801221A70FFF777FFFB7DF8
S214001F3018461837BD4680BDDC3A010090360100D1
S214001F40EC3A0100A4360100B836010080B483B034
S214001F5000AF0D4B03F580535B6A1B0903F00303C8
S214001F607B607B68002B07DB7B68082B04DC074A5A
S214001F707B6852F8233000E0054B18460C37BD4608
S214001F805DF8047B704700BF0070044058500100A5
S214001F90CC36010080B483B000AF786039607B68CF
S214001FA0054A1360044A3B68536000BF0C37BD46C1
S214001FB05DF8047B704700BF7C00002080B588B0C9
S214001FC000AFF860B9607A600023FB777968F8683C
S214001FD000F038F80346002B01D01B2329E01748F1
S214001FE00BF030FFB861BB69002B01D01B2320E04B
S214001FF0012002F09DFA0CF04FF97861F9687B68D1
S214002000BA680F480BF056FDB861BB69002B02D0CA
S2140020101B23FB7700E000BF78690CF04EF90748F9
S2140020200BF027FFB861BB69002B01D01B23FB77A1
S214002030FB7F18462037BD4680BD00BF00E0074046
S2140020408400002080B586B000AF78603960002339
S214002050BB600023FB75396878680CF04AF90346C4
S214002060002B01D000234CE028480BF0EBFE386133
S2140020703B69002B01D01B2343E0012002F058FAF5
S21400208007F108031A4600212148FFF73DF9386199
S2140020903B69002B01D01B2333E0BB68B3F5006F10
S2140020A001D01B232DE00CF0F7F8F8607968194B87
S2140020B03A6817480BF0C8FC38613B69002B05D01E
S2140020C01B23FB75F8680CF0F8F810E0F8680CF0C5
S2140020D0F4F8796801233A680D480BF021FD386161
S2140020E03B69002B02D01B23FB7500E000BF0748AE
S2140020F00BF0BFFE38613B69002B01D01B23FB753C
S214002100FB7D18461837BD4680BD00BF00E007407F
S214002110840000206B66656B80B58EB000AF78607B
S2140021207B685B681A462A492A480CF03EFE07F18F
S2140021300803294A302118460CF07CFE07F10803F4
S2140021404FF40062302118460DF06DF807F10803D1
S214002150224A302118460CF092FE7B685A6807F136
S214002160080319461E480CF020FE07F108031D4A16
S214002170302118460CF05EFE1B4B1A6807F1080368
S214002180302118460DF0BCF807F10803174A302135
S21400219018460CF074FE144B5A6807F108033021F9
S2140021A018460DF0ADF807F108030C4A3021184622
S2140021B00CF065FE7B685A6807F1080319460C4860
S2140021C00CF0F3FD002318463837BD4680BD00BF2F
S2140021D0E8360100FC36010008370100F846010029
S2140021E010370100183701007C000020203701005E
S2140021F02C37010080B58CB004AFF860B9607A6007
S2140022007249F86810F0B9FF0346002B06D07049F3
S214002210F86810F0B2FF0346002B20D17B685B689D
S2140022201A466C496C480CF0AEFD7B685B681A4633
S2140022306A496B480CF0A7FD7B685B681A466949DB
S21400224069480CF0A0FD7B685B681A4667496848D9
S2140022500CF099FDBB6801221A700023B1E06549B5
S214002260F86810F08AFF0346002B06D06249F8682B
S21400227010F083FF0346002B07D1BB6801221A70BB
S2140022807868FFF749FF03469BE00E225B49F86833
S21400229010F0DEFF0346002B50D1BB6801221A70F7
S2140022A0FB680E33FB6107F1180207F11C031146A9
S2140022B018460DF08BF80346002B37D107F11402B1
S2140022C007F11C03114618460DF080F80346002B54
S2140022D024D17B69002B21DDBB691A467B69194630
S2140022E010460BF0FAFF0346002B0FD0B969BB6906
S2140022F07A6913445A1E7B680293414B019310235C
S21400230000930423002001F021F859E07B689B68C5
S21400231019463C480CF000FB1B2352E07B689B6888
S214002320194639480CF0F8FA1B234AE07B689B688C
S214002330194636480CF0F0FA1B2342E00F223449C7
S214002340F86810F085FF0346002B39D1BB680122E0
S2140023501A70FB680F33FB6107F1180207F11C03C4
S214002360114618460DF032F80346002B28D1BB69FB
S214002370C3F30A03002B07D07B689B6819462548E1
S2140023800CF0CAFA1B231CE007F1140207F11C0329
S214002390114618460DF01AF80346002B08D1BB6903
S2140023A01A467B6919461046FFF74CFE034608E0BE
S2140023B07B689B68194618480CF0AEFA1B2300E0B1
S2140023C0002318462037BD4680BD00BFDC3A01001A
S2140023D03C3701004C370100FC3601002C3601006A
S2140023E0503601006C370100803701009837010035
S2140023F0B4370100EC3A0100CC370100DC370100AD
S21400240091E30000EC370100083801002038010095
S2140024103C3801004C3801007838010080B582B0A5
S21400242000AF64220021084810F097FE0648FEF729
S21400243095FD78607B68002B01D000BFFDE700BFEC
S2140024400837BD4680BD00BF8400002080B582B03E
S21400245000AF786014220449786810F07CFE00BF54
S2140024600837BD4680BD00BF7850010080B586B0F5
S21400247000AFF860B9607A60FB687B61BB680022D9
S2140024801A70F8680CF04EF80346002B05D0364A52
S2140024907968B8680CF0F3FC04E0344A7968B868E8
S2140024A00CF0EDFCF8680CF0F2F80346002B05D0B3
S2140024B02F4A7968B8680CF0E2FC04E02D4A796887
S2140024C0B8680CF0DCFC2C4A7968B8680CF0D7FCCD
S2140024D07B695B681A467968B8680CF011FF274A72
S2140024E07968B8680CF0CBFC7B699B681A467968FB
S2140024F0B8680CF005FF224A7968B8680CF0BFFC93
S2140025007B69DB681A467968B8680CF047FF1D4A95
S2140025107968B8680CF0B3FC7B691B7C022B12D080
S214002520022B16DC002B02D0012B06D011E0164A37
S2140025307968B8680CF0A3FC11E0144A7968B868AA
S2140025400CF09DFC0BE0124A7968B8680CF097FC1A
S21400255005E0104A7968B8680CF091FC00BF00BF2F
S2140025601837BD4680BD00BF943801009C38010076
S21400257084420100A4380100A8380100B4380100E4
S214002580C0380100C8380100D0380100D438010036
S214002590D8380100DC38010080B483B000AF786022
S2140025A07B681B68214A13607B6804331B68204ADB
S2140025B013607B6808331B681E4A13607B680C3305
S2140025C01B681D4A13607B6810331B681B4A136028
S2140025D07B6814331B681A4A13607B6818331B68C1
S2140025E0184A13607B681C331B68174A1360174B26
S2140025F01B68174A1360174B1B68174A1360174B64
S2140026001B68174A1360174B1B68174A1360174B53
S2140026101B68174A1360174B1B68174A136000BEE7
S21400262000BF0C37BD465DF8047B7047E80000200D
S214002630EC000020F0000020F4000020F80000204D
S214002640FC000020000100200401002028ED00E02E
S214002650080100202CED00E00C01002030ED00E029
S214002660100100203CED00E01401002034ED00E0F5
S2140026701801002038ED00E01C01002080B582B073
S21400268000AF786014220449786810F064FD00BF3B
S2140026900837BD4680BD00BF8C50010090B5B9B06C
S2140026A002AF7860002387F8D3307B685B681946F2
S2140026B0AB480CF031F900233B7307F10C00042300
S2140026C000932023A74A20210DF0C5F87B685A689E
S2140026D007F10C03114618460CF01EF900233B7355
S2140026E007F10C000723009320239F4A20210DF0BA
S2140026F0B2F87B685A6807F10C03114618460CF0CE
S2140027000BF900233B7307F10C000B2300932023E7
S214002710964A20210DF09FF87B685A6807F10C0353
S214002720114618460CF0F8F800233B7307F10C002E
S2140027300523009320238E4A20210DF08CF87B6819
S2140027405A6807F10C03114618460CF0E5F800230A
S2140027503B7307F10C00092300932023854A2021B0
S2140027600DF079F87B685A6807F10C031146184695
S2140027700CF0D2F800233B7307F10C0008230093FB
S21400278020237D4A20210DF066F87B685A6807F101
S2140027900C03114618460CF0BFF800233B7307F1F4
S2140027A00C000B2300932023744A20210DF053F8CD
S2140027B07B685A6807F10C03114618460CF0ACF813
S2140027C000233B7307F10C000B23009320236C4A75
S2140027D020210DF040F87B685A6807F10C0311467B
S2140027E018460CF099F800233B7307F10C000823F9
S2140027F000932023634A20210DF02DF87B685A6849
S21400280007F10C03114618460CF086F800233B73BC
S21400281007F10C001523009320235B4A20210DF0BE
S2140028201AF87B685A6807F10C03114618460CF034
S21400283073F800233B7307F10C0008230093202352
S214002840524A20210DF007F87B685A6807F10C03FE
S214002850114618460CF060F87B685B6819464C48D1
S2140028600CF05AF804F020FDC7F8CC00D7F8CC30AE
S214002870102B11D907F10C03464A202118460CF0FC
S214002880D9FA7B689A6807F10C03114618460CF0D3
S21400289043F81023C7F8CC3007F1880310211846F8
S2140028A005F01EFCC7F8CC000023C7F8D43081E240
S2140028B0D7F8D4309B00D8333B4453F8503C002B19
S2140028C000F07382D7F8D4309B00D8333B4453F8DB
S2140028D0500C07F12C010523012205F0BFF8D7F8AC
S2140028E0D4309B00D8333B4453F8500C07F17C049B
S2140028F007F1800207F1840107F17B03009323466A
S21400290005F03CFC002387F858307A6B07F1580333
S214002910202118460CF042FD00233B7307F15802B5
S21400292007F10C0004230093202320210CF093FFD2
S2140029307B685A6807F10C03114618460BF0ECFF4B
S214002940002387F8583097F87B30002B26D107F104
S2140029505803114A202118460CF06CFA34E000BFE8
S214002960E0380100283901002C3901003439010013
S2140029703C390100443901004C390100543901004A
S214002980603901006C39010074390100803901009A
S214002990F846010088390100C439010007F15803E0
S2140029A0584A202118460CF045FA97F87B2007F184
S2140029B05803202118460CF075FB07F15803524ABD
S2140029C0202118460CF05BFA00233B7307F15802EF
S2140029D007F10C0007230093202320210CF03BFF77
S2140029E07B685A6807F10C03114618460BF094FFF3
S2140029F007F15803454A202118460CF01BFAD7F871
S214002A00D4309B00D8333B4453F8503C1A4607F169
S214002A105803202118460CF073FC00233B7307F183
S214002A20580207F10C000B230093202320210CF002
S214002A3012FF7B685A6807F10C03114618460BF024
S214002A406BFF00233B73D7F8D4309B00D8333B444E
S214002A5053F8503C184604F033FC024607F10C00CD
S214002A6005230093202320210CF0F5FE7B685A688E
S214002A7007F10C03114618460BF04EFF97F8383056
S214002A80052B51D801A252F823F000BFA52A00005A
S214002A90B52A0000D52A0000C52A0000E52A000055
S214002AA0F52A000007F15803194A202118460CF0B1
S214002AB0C1F941E007F15803164A202118460CF0E8
S214002AC0B9F939E007F15803134A202118460CF0EB
S214002AD0B1F931E007F15803104A202118460CF0EE
S214002AE0A9F929E007F158030D4A202118460CF0F1
S214002AF0A1F921E007F158030A4A202118460CF0F4
S214002B0099F919E0CC390100D439010038420100A6
S214002B10D8390100E0390100E8390100F439010034
S214002B20FC390100043A010007F15803A84A2021A5
S214002B3018460CF07FF900BF00233B7307F15802DC
S214002B4007F10C0009230093202320210CF083FEBC
S214002B507B685A6807F10C03114618460BF0DCFE3A
S214002B60002387F8583007F15803282220211846FA
S214002B700CF0B8F93A6C07F15803202118460CF00F
S214002B800DFC07F158032C22202118460CF0AAF958
S214002B90FA6B07F15803202118460CF0FFFB07F1EB
S214002BA058032922202118460CF09CF900233B7379
S214002BB007F1580207F10C00082300932023202178
S214002BC00CF049FE7B685A6807F10C03114618465C
S214002BD00BF0A2FE07F158037E4A202118460CF09F
S214002BE029F9D7F884301A4607F1580320211846E9
S214002BF00CF086FB00233B7307F1580207F10C002C
S214002C000B230093202320210CF025FE7B685A68B6
S214002C1007F10C03114618460BF07EFE07F1580329
S214002C206C4A202118460CF005F9D7F880301A4671
S214002C3007F15803202118460CF062FB00233B7373
S214002C4007F1580207F10C000B23009320232021E4
S214002C500CF001FE7B685A6807F10C031146184613
S214002C600BF05AFED7F884301A46D7F88030D31ABD
S214002C709BB20833A7F8CA30002387F85830B7F855
S214002C80CA2007F1580005230093202320210CF0CA
S214002C903BFA07F15803504A202118460CF0EFF88B
S214002CA000233B7307F1580207F10C00082300933A
S214002CB0202320210CF0CFFD7B685A6807F10C0317
S214002CC0114618460BF028FE07F15803414A20210A
S214002CD018460CF0AFF8FB6F1A4607F15803202190
S214002CE018460CF00DFB07F158033C4A2021184605
S214002CF00CF0C5F8D7F884301A46FB6FD31A9BB28F
S214002D0004339AB207F158000523009320232021AC
S214002D100CF0FAF907F15803314A202118460CF056
S214002D20AEF800233B7307F1580207F10C00152399
S214002D300093202320210CF08EFD7B685A6807F153
S214002D400C03114618460BF0E7FD002387F85830B1
S214002D50B7F854309B009AB207F158000523009349
S214002D60202320210CF0D0F907F158031A4A20211D
S214002D7018460CF084F800233B7307F1580207F15D
S214002D800C0008230093202320210CF064FD7B68B0
S214002D905A6807F10C03114618460BF0BDFD7B6818
S214002DA05B6819460F480BF0B7FDD7F8D4300133EF
S214002DB0C7F8D430D7F8D420D7F8CC309A42FFF4EE
S214002DC077AD97F8D3301846DC37BD4690BD00BFC8
S214002DD00C3A010038420100183A01001C3A010082
S214002DE0203A0100F846010080B586B000AF786052
S214002DF07B685B681A46334933480BF0D6FF7B681E
S214002E005B681A46314932480BF0CFFF7B685B6837
S214002E10194630480BF080FD7B685B681A462E49E1
S214002E202E480BF0C2FF07F108034FF47A72102108
S214002E30184601F0FBF87B685A6807F1080311464C
S214002E4018460BF069FD7B685B68194624480BF052
S214002E5063FD07F1080301221021184601F0E6F889
S214002E607B685A6807F10803114618460BF054FDB4
S214002E707B685B6819461B480BF04EFD7B685B68F9
S214002E801A46154918480BF090FF03F0CDFB024692
S214002E9007F108031021184601F000FA7B685A680B
S214002EA007F10803114618460BF036FD7B685B6891
S214002EB019460E480BF030FD002318461837BD465D
S214002EC080BD00BF243A0100443A01004C3A01009C
S214002ED0543A0100F8460100D03C0100603A010077
S214002EE0703A0100783A0100803A01008C3A0100FD
S214002EF080B582B000AF78607B685B681A460B4985
S214002F000B480BF040FF7B685B681A4609490A4885
S214002F100BF039FF7B685B681A46084908480BF0D7
S214002F2032FF002318460837BD4680BD983A010098
S214002F30443A01002C36010050360100B43A010034
S214002F40C83A010080B584B000AFF860B9607A6016
S214002F501F49F86810F011F90346002B06D01D49EA
S214002F60F86810F00AF90346002B07D1BB68012267
S214002F701A707868FFF7BCFF034625E01649F86824
S214002F8010F0FBF80346002B06D01449F86810F042
S214002F90F4F80346002B07D1BB6801221A70786844
S214002FA0FFF722FF03460FE00D49F86810F0E5F83A
S214002FB00346002B07D1BB6801221A707868FFF71A
S214002FC06DFB034600E0002318461037BD4680BD63
S214002FD0DC3A0100D43A0100EC3A0100E43A010080
S214002FE0F43A010080B500AF72B603480BF051FC0E
S214002FF003F0D6FC00BF80BD0000381080B584B05A
S21400300000AF0346FB710A23FB60FB1D0122194635
S214003010002003F049F90346012B0AD1184B1B7810
S214003020002B27D0164B1B78013BDAB2144B1A70D4
S21400303020E0134B1B780133DAB2114B1A70104B99
S2140030401B78632B03D90E4B64221A7015E004F02C
S214003050C3FD0346022B03D1052003F0D9FE02E090
S214003060052001F065FAFB68002B05DDFB68053BD3
S214003070FB60CAE700BF00E000BF1037BD4680BD5A
S214003080B40C002080B584B000AFF860B9607A60F8
S2140030903249F86810F071F80346002B06D0304924
S2140030A0F86810F06AF80346002B3CD17B685B6832
S2140030B019462C480BF030FC7B685B6819462A489A
S2140030C00BF02AFC7B685B68194626480BF024FC4C
S2140030D07B685B68194625480BF01EFC7B685B68BE
S2140030E0194620480BF018FC7B685B6819461E489A
S2140030F00BF012FC7B685B6819461A480BF00CFC58
S2140031007B685B681A461A491A480BF03CFE7B68D7
S2140031105B681A46184919480BF035FEBB68012251
S2140031201A70002316E01649F86810F026F80346D1
S214003130002B06D01349F86810F01FF80346002B42
S21400314007D1BB6801221A70786800F035F803468C
S21400315000E0002318461037BD4680BDDC3A01006B
S214003160083B0100F8460100183B0100583B0100EF
S214003170683B0100883B01002C36010050360100F8
S214003180EC3A0100943B010080B582B000AF786055
S2140031907B685B68194606480BF0BEFB7B685B687D
S2140031A0194604480BF0B8FB00BF0837BD4680BD83
S2140031B0F8460100A43B010080B58AB000AF7860F5
S2140031C07B685B681A462B492B480BF0EEFD7B6844
S2140031D05B681A4629492A480BF0E7FD7B685B685E
S2140031E0194628480BF098FB7B685B68194626480A
S2140031F00BF092FB7B685B68194624480BF08CFB4F
S21400320000233B7207F108032322202118460BF007
S21400321069FE07F108031D4A202118460BF02FFE11
S2140032207B685A6807F10803194619480BF0BDFD7C
S2140032307B685B681A46174917480BF0B6FD07F11E
S2140032400803C8222021184601F028F807F10803D1
S214003250124A202118460BF012FE7B685A6807F1C6
S214003260080319460E480BF0A0FD00231846283721
S214003270BD4680BDAC3B0100883B0100C83B010059
S214003280D43B0100743A0100DC3B0100F846010023
S214003290E83B0100F43B0100FC3B0100083C010058
S2140032A0203C010080B582B000AF786039603B6892
S2140032B09B68194612480BF02FFB3B689B68194623
S2140032C078680BF029FB3B689B6819460D480BF0A5
S2140032D023FB3B689B6819460B480BF01DFB3B68BD
S2140032E09B68194609480BF017FB3B689B68194614
S2140032F007480BF011FB00BF0837BD4680BD00BF76
S214003300283C0100F8460100483C0100DC3A010078
S214003310543C010080B483B000AF7860044A7B68F8
S2140033201360002318460C37BD465DF8047B7047D3
S214003330E801002080B400AF034B1B681846BD466A
S2140033405DF8047B704700BFE801002090B5A9B087
S21400335000AFF860B9607A60FB70002387F8993098
S2140033607A68BB689A4208D2D7F8B8309B68194684
S21400337085480BF0D1FA022301E1BB68C7F89C3000
S214003380F6E07A68D7F89C30D31A5A1C97F8B03013
S2140033909A4204D397F8B03087F89A3009E07B68F1
S2140033A0DAB2D7F89C30DBB2D31ADBB2013387F837
S2140033B09A3097F89A3007F17802D7F8B440D7F8E1
S2140033C09C10F868A0470346002B08D0D7F8B83002
S2140033D09B6819466D480BF09FFA1B23CFE097F8C1
S2140033E09930002B08D0D7F8B8309B681946684843
S2140033F00BF092FA1223C2E007F11003654A65212A
S21400340018460BF017FDFB7807F11000D7F89C2044
S21400341065210CF082FA07F110033A22652118465E
S2140034200BF060FDD7F8B8305A6807F11003114664
S21400343018460BF071FA00233B74002387F89B3084
S21400344022E097F89B30002B06D107F110032022CC
S214003450652118460BF046FD97F89B30A0333B4499
S21400346013F8282C07F11003652118460BF0ACFE64
S21400347007F110032022652118460BF033FD97F85C
S2140034809B30013387F89B3097F89B2097F89A304B
S2140034909A42D6D30BE007F110033F4A652118463F
S2140034A00BF0EDFC97F89B30013387F89B3097F8CC
S2140034B09B2097F8B0309A42EDD3D7F8B8305A68C8
S2140034C007F11003114618460BF026FAD7F8B83065
S2140034D05B6820209847002387F89B3021E097F808
S2140034E09B30A0333B4413F8283C87F8983097F875
S2140034F098301F2B0BD997F99830002B07DBD7F89D
S214003500B8305B6897F898201046984704E0D7F8DC
S214003510B8305B682E20984797F89B30013387F8C1
S2140035209B3097F89B2097F89A309A42D7D30BE0B7
S21400353007F11003184A652118460BF0A0FC97F80F
S2140035409B30013387F89B3097F89B2097F8B03074
S2140035509A42EDD3D7F8B8305B6819460F480BF09F
S214003560DBF997F8B030D7F89C201344C7F89C30A6
S214003570D7F89C207B689A427FF603AF0023184654
S214003580A437BD4690BD00BF7C3C0100BC3C01009A
S214003590D43C010038420100FC3C0100F846010022
S2140035A080B485B000AF78600023FB737B68002B87
S2140035B001D101237B60EFF3108072B6B87302E08E
S2140035C0FB7B0133FB73FB7B002B07D1FB7B114A94
S2140035D0D35C83F00103DBB2002BF1D1FB7B002B25
S2140035E008D1FB7B0B4A0021D154FB7B0A497A6841
S2140035F041F82320B87B80F31088FB7B012B01D198
S214003600FF2300E0FB7B18461437BD465DF8047BBD
S214003610704700BFF0010020EC01002080B485B0A8
S21400362000AF0346FB71FB79FF2B10D0EFF3108041
S21400363072B6F873FB79094A002142F82310FB7929
S214003640074A0121D154F87B80F3108800E000BFC0
S2140036501437BD465DF8047B704700BFEC010020C0
S214003660F001002080B485B000AF0346FB71FB7903
S214003670FF2B01D1012310E0EFF3108072B6B87370
S214003680FB79094A52F82330002B0CBF0123002394
S214003690FB73B87B80F31088FB7B18461437BD4657
S2140036A05DF8047B704700BFEC01002080B483B057
S2140036B000AFEFF3108072B6B8710023FB7110E014
S2140036C0FB790E4A52F82330002B07D0FB790B4AC1
S2140036D052F82320013A094941F82320FB790133A7
S2140036E0FB71FB79002BEBD0B87980F3108800BF14
S2140036F00C37BD465DF8047B704700BFEC01002028
S21400370080B483B000AF0023FB710BE0FB790A4A5C
S214003710002142F82310FB79084A0121D154FB7995
S2140037200133FB71FB79002BF0D000BF00BF0C37D4
S214003730BD465DF8047B7047EC010020F0010020D8
S21400374080B483B000AF0346FB7197F90730002BB7
S2140037500BDBFB7903F01F02074997F907305B097B
S214003760012000FA02F241F8232000BF0C37BD46C4
S2140037705DF8047B704700BF00E100E080B483B0D2
S21400378000AF03463960FB7197F90730002B0ADB60
S2140037903B68DAB20C4997F907301201D2B20B44F3
S2140037A083F800230AE03B68DAB20849FB7903F0A5
S2140037B00F03043B1201D2B20B441A7600BF0C373B
S2140037C0BD465DF8047B704700E100E000ED00E0D8
S2140037D080B500AF034B1B68002118460DF0EFF9CB
S2140037E000BF80BDF801002080B582B000AF084B56
S2140037F01B68F91D002218460DF007FE0346012B34
S21400380001D00023FB71FB7918460837BD4680BD02
S214003810F801002080B582B000AF786039603A6861
S214003820796803480AF0EDFB00BF0837BD4680BD47
S21400383000B0064080B582B000AF0346FB71104B67
S2140038401B685A1C0E490A600E49FA79CA54FB795D
S2140038500A2B03D00A4B1B68C72B0DD1084B1B68DD
S214003860084A0021D15407480BF0D4FA054B002231
S2140038701A70034B00221A6000BF0837BD4680BD91
S214003880FC0100200002002080B584B000AF786004
S2140038900A4B1B6807F10F01002218460DF0B5FD14
S2140038A00346012B03D1FA7B7B681A7002E07B6823
S2140038B000221A7000BF1037BD4680BDF4010020FC
S2140038C080B500AF064B1B6818460DF064FF034634
S2140038D0002B14BF01230023DBB2184680BD00BFB7
S2140038E0F401002080B586B000AF0023BB60002343
S2140038F07B6033480AF01BFB38613B6903F080634A
S214003900002B01D00023FB753B6903F02803002B36
S2140039103DD02B4B9B7DFB7536E029480BF06DFAAE
S2140039200346FB73FB7B002B2BD0264B1B780A2B06
S21400393005D1FB7B402B02D1234B01221A70224B70
S2140039401B78002B08D0214B186807F1080207F1F6
S2140039500F0100230DF0D3FBFA7B1A4B1A701A4B9B
S2140039601B78002B05D0FB7B0A2B02D1164B0022BE
S2140039701A70174B18683A1D07F10F0100230DF057
S214003980BEFBFB7D013BFB75FB7D002BC5D13B6978
S21400399043F0806343F008033B61396908480AF046
S2140039A0EAFABB68002B02D17B68002B01D003F03B
S2140039B0C3F8BFF34F8F00BF00BF1837BD4680BDAA
S2140039C000B0064014000020B50C0020F8010020CE
S2140039D0F401002080B584B000AF3B4618460AF0DC
S2140039E07DFA4FF4E1333B6000233B710123FB7209
S2140039F00123BB720123FB7100233B720D20FCF7F1
S214003A007FFE02463B4619461548FDF747FEF8601E
S214003A10FB68002B01D000BFFDE7114B5B7BDBB2E0
S214003A200F4A43F00403DBB253730D4B5B7BDBB2F0
S214003A300B4A43F00203DBB25373012108480AF035
S214003A4008FB08490648FDF723FF05212120FFF75C
S214003A5095FE21200BF0BBF900BF1037BD4680BD98
S214003A6000B006400020080480B582B000AF786041
S214003A7039607B6803F08003002B06D03B685B68E8
S214003A801A46694969480BF090F97B6803F04003D1
S214003A90002B06D03B685B681A46654963480BF006
S214003AA084F97B6803F02003002B06D03B685B6834
S214003AB01A4660495D480BF078F97B6803F01003FE
S214003AC0002B06D03B685B681A465B4957480BF0EC
S214003AD06CF97B6803F00803002B06D03B685B6834
S214003AE01A46564951480BF060F97B6803F0040308
S214003AF0002B06D03B685B681A4651494B480BF0D2
S214003B0054F97B6803F00203002B06D03B685B6821
S214003B101A464C4945480BF048F97B6803F0010308
S214003B20002B06D03B685B681A4647493F480BF0B7
S214003B303CF97B6803F40043002B06D03B685B68C7
S214003B401A46424939480BF030F97B6803F4804343
S214003B50002B06D03B685B681A463D4933480BF09D
S214003B6024F97B6803F48073002B06D03B685B68FF
S214003B701A4638492D480BF018F97B6803F4000301
S214003B80002B06D03B685B681A46334927480BF083
S214003B900CF97B6803F48003002B06D03B685B6857
S214003BA01A462E4921480BF000F97B68002B06DAEE
S214003BB03B685B681A462A491C480BF0F6F87B6897
S214003BC003F08043002B06D03B685B681A46254905
S214003BD016480BF0EAF87B6803F00073002B06D05B
S214003BE03B685B681A46204910480BF0DEF87B6895
S214003BF003F08063002B06D03B685B681A461B49BF
S214003C000A480BF0D2F87B6803F08063002B06D0DE
S214003C103B685B681A46154904480BF0C6F800BFB7
S214003C200837BD4680BD00BF003D0100D03C010006
S214003C301C3D0100403D01005C3D0100743D01005B
S214003C408C3D0100A43D0100C03D0100D83D0100AF
S214003C50F03D01000C3E0100243E0100483E0100FC
S214003C606C3E0100843E01009C3E0100B83E01000F
S214003C7080B59CB000AF78607B685B681A463C49AC
S214003C803C480BF092F87B685B681A463A493B481A
S214003C900BF08BF83A480AF04AF9F86607F10C037D
S214003CA0384A602118460BF0C5F807F10C03FA6E87
S214003CB0602118460BF024FB07F10C03324A602102
S214003CC018460BF0DCF87B685A6807F10C031946B7
S214003CD02E480BF06AF87968F86EFFF7C5FE07F114
S214003CE00C034FF4E1326021184600F0D7FA07F1D2
S214003CF00C03254A602118460BF0C1F87B685A6809
S214003D0007F10C03194622480BF04FF807F10C0395
S214003D10204A602118460BF08DF807F10C034FF48B
S214003D204062602118460BF039FB07F10C031A4A73
S214003D30602118460BF0A3F807F10C0360226021FF
S214003D4018460BF02BFB07F10C030F4A60211846B0
S214003D500BF095F87B685A6807F10C0319460F4874
S214003D600BF023F8002318467037BD4680BD00BF11
S214003D70D43E0100EC3E0100F83E0100003F010089
S214003D8000B0064038420100F84601000C3F010032
S214003D90143F01001C3F0100243F0100343F010096
S214003DA080B582B000AF78607B685B681A460B49C6
S214003DB00B480AF0E8FF7B685B681A4609490A4820
S214003DC00AF0E1FF7B685B681A46084908480AF073
S214003DD0DAFF002318460837BD4680BD403F010085
S214003DE0EC3E01002C360100503601005C3F01001D
S214003DF0743F010080B588B000AFF860B9607A60A3
S214003E003349F8680FF0B9F90346002B06D031495C
S214003E10F8680FF0B2F90346002B07D1BB68012201
S214003E201A707868FFF7BCFF03464CE02A49F8682A
S214003E300FF0A3F90346002B06D02849F8680FF0C8
S214003E409CF90346002B07D1BB6801221A707868DC
S214003E50FFF70EFF034636E011222149F8680FF0FF
S214003E60F7F90346002B2DD1BB6801221A70FB68B8
S214003E7011337B6107F1180207F114031146184647
S214003E800BF0A4FA0346002B1AD1BB691946154855
S214003E900AF071F8F8617B685B68194612480AF008
S214003EA03BFDFA697B685B68194610460AF04DFDD3
S214003EB07B685B6819460D480AF02EFD002302E079
S214003EC01B2300E0002318462037BD4680BD00BFF8
S214003ED0DC3A0100843F0100EC3A0100943F010007
S214003EE0A83F010000B00640BC3F0100F8460100B4
S214003EF080B500AFFFF76EFD002201214FF4406051
S214003F000CF0E6FE03460C4A13600B4B1B68002BB6
S214003F1001D100BFFDE70022012160200CF0D8FE91
S214003F200346064A1360054B1B68002B01D100BFF1
S214003F30FDE700BF80BD00BFF4010020F8010020AF
S214003F4080B489B000AFF860B9601346FB80FB68A8
S214003F50BB610023FB77BB68013BBB60FB88002B83
S214003F602CD1BB68002B29D0FB7F5A1CFA771A4647
S214003F70BB69134430221A70BB68013BBB601DE06E
S214003F80FA88294BA3FB0213D9080B469B000B4467
S214003F905B00D31A9BB2DAB2FB7F591CF97719463D
S214003FA0BB690B443032D2B21A70BB68013BBB60AF
S214003FB0FB881D4AA2FB0323DB08FB80FB88002B43
S214003FC002D0BB68002BDBD10023BB771AE0BB7F97
S214003FD0BA6913441B78FB75FA7FBB7FD31A013B83
S214003FE0BA691A44BB7FB9690B4412781A70FA7F13
S214003FF0BB7FD31A013BBA691344FA7D1A70BB7FA4
S2140040000133BB77FB7F5B08DBB2BA7F9A42DED315
S214004010FB7FBA69134400221A7000BF2437BD46DE
S2140040205DF8047B704700BFCDCCCCCC80B588B0A3
S21400403000AFF860B9601346FB80FB68BB610023E5
S214004040FB77FB88DB0BDBB2FB75B7F9063013F5A5
S214004050004F05D1434AB968F8680AF0EBFE7EE0E7
S214004060BB68013BBB60FB7D002B03D0FB885B423B
S2140040709BB2FB80B7F90630002B32D1BB68002B11
S2140040802FD0FB7F5A1CFA771A46BB69134430229E
S2140040901A70BB68013BBB6023E0B7F90620324BC1
S2140040A083FB02139910D317C91A0B469B000B44C7
S2140040B05B00D31A1BB2DAB2FB7F591CF97719469C
S2140040C0BB690B443032D2B21A70BB68013BBB608E
S2140040D0B7F90630244A82FB03129210DB17D31A74
S2140040E0FB80B7F90630002B02DDBB68002BD4D16D
S2140040F0FB7D002B0AD0BB68002B07D0FB7F5A1C29
S214004100FA771A46BB6913442D221A700023BB7730
S2140041101AE0BB7FBA6913441B78BB75FA7FBB7F76
S214004120D31A013BBA691A44BB7FB9690B441278AB
S2140041301A70FA7FBB7FD31A013BBA691344BA7D63
S2140041401A70BB7F0133BB77FB7F5B08DBB2BA7F9D
S2140041509A42DED3FB7FBA69134400221A702037D6
S214004160BD4680BDC83F01006766666680B588B0FC
S21400417000AFF860B9607A60FB68BB610023FB772C
S2140041807B68DB0FDBB2FB757B68B3F1004F05D1B4
S214004190404AB968F8680AF04DFE78E0BB68013B13
S2140041A0BB60FB7D002B02D07B685B427B607B683C
S2140041B0002B2FD1BB68002B2CD0FB7F5A1CFA7724
S2140041C01A46BB69134430221A70BB68013BBB60B9
S2140041D020E07A68304B83FB02139910D317C91A74
S2140041E00B469B000B445B00D11ACAB2FB7F591CDE
S2140041F0F9771946BB690B443032D2B21A70BB68E5
S214004200013BBB607B68244A82FB03129210DB17DB
S214004210D31A7B607B68002B02DDBB68002BD8D1ED
S214004220FB7D002B0AD0BB68002B07D0FB7F5A1CF7
S214004230FA771A46BB6913442D221A700023BB77FF
S2140042401AE0BB7FBA6913441B78BB75FA7FBB7F45
S214004250D31A013BBA691A44BB7FB9690B4412787A
S2140042601A70FA7FBB7FD31A013BBA691344BA7D32
S2140042701A70BB7F0133BB77FB7F5B08DBB2BA7F6C
S2140042809A42DED3FB7FBA69134400221A702037A5
S214004290BD4680BDD03F01006766666680B489B0C3
S2140042A000AFF860B9607A60FB68BB610023FB77FB
S2140042B0BB68013BBB607B68002B2BD1BB68002B27
S2140042C028D0FB7F5A1CFA771A46BB691344302263
S2140042D01A70BB68013BBB601CE07968284BA3FBE7
S2140042E00123DA0813469B0013445B00CA1AD2B2B5
S2140042F0FB7F591CF9771946BB690B443032D2B2A2
S2140043001A70BB68013BBB607B681D4AA2FB032397
S214004310DB087B607B68002B02D0BB68002BDCD1FF
S2140043200023BB771AE0BB7FBA6913441B78FB7582
S214004330FA7FBB7FD31A013BBA691A44BB7FB969BF
S2140043400B4412781A70FA7FBB7FD31A013BBA6906
S2140043501344FA7D1A70BB7F0133BB77FB7F5B0883
S214004360DBB2BA7F9A42DED3FB7FBA6913440022DF
S2140043701A7000BF2437BD465DF8047B704700BF47
S214004380CDCCCCCC80B588B000AFF860B9607A6090
S2140043903B600023FB610023BB610023FB75002309
S2140043A0BB75FB68002B05D0BB68002B04D07B6870
S2140043B0002B01D11B2380E0FB681B78222B07D142
S2140043C0FB680133FB60BB690133BB610123FB75EE
S2140043D0FB6A002B01D13B4BFB62FB7D002B14D00C
S2140043E0FB681B78222B09D1FB680133FB60BB6995
S2140043F00133BB61FB681B78222B47D1FB681B7817
S214004400002B27D10123BB7541E0FB681B78202BCE
S2140044103DD0FB681B78092B39D0FB681B780A2B2C
S21400442035D0FB681B780B2B31D0FB681B780C2B28
S2140044302DD0FB681B780D2B29D0FB681B78002B32
S21400444025D0FB681B781946F86A0EF08AFE0346EC
S214004450002B1CD1BB68002B11D0FB6901337A6896
S2140044609A4207D9FB681A78BB681A70BB68013392
S214004470BB6004E0BB6800221A700023BB60FB69C7
S2140044800133FB61FB680133FB60A6E700BFBB6836
S214004490002B02D0BB6800221A703B68002B04D0A9
S2140044A0FA69BB691A443B681A60BB6A002B03D0E2
S2140044B0FB695A1CBB6A1A60BB7D18462037BD468E
S2140044C080BD00BFD03C010080B485B000AF7860EE
S2140044D07B68FB60084B1B68FA681344FB6000BFF0
S2140044E0054B1B68FA689A42FAD800BF00BF14371B
S2140044F0BD465DF8047B7047041000E080B485B0CC
S21400450000AF78607B68FB60084B1B68FA68134452
S214004510FB6000BF054B1B68FA689A42FAD800BFDA
S21400452000BF1437BD465DF8047B7047041000E0FA
S21400453080B584B000AF78600A4B1B680A4AA2FBBD
S21400454003239B09FB6005E0F868FFF7D7FF7B684D
S214004550013B7B607B68002BF6D100BF00BF1037A5
S214004560BD4680BD08000020D34D621080B400AF69
S214004570094B1B68084A43F080731360074B002200
S2140045801A60074B1B68064A43F00103136000BF1E
S214004590BD465DF8047B7047FCED00E0041000E0CB
S2140045A0001000E080B582B000AF7860A422044915
S2140045B078680EF0D0FD00BF0837BD4680BD00BF4E
S2140045C0C050010080B584B000AF78607B68FB60A7
S2140045D0FB681B78002B31D0FB685B68184609F037
S2140045E0F1FF0120FFF7A4FFFB685B68184609F09F
S2140045F0FEFF144B1A6813469B0013445B001A46D2
S214004600114B9A421AD90F4B1A6813469B00134453
S2140046105B001A460D4B9A4202D20BF06CFA0DE084
S214004620084B1A6813469B0013445B001A46084B57
S214004630A3FB02239B0C1846FFF746FF00BF10376C
S214004640BD4680BD080000203F420F00C0D8A7002E
S21400465083DE1B4380B584B000AF78600B46FB70EA
S2140046607B68FB60FB78FA6801331B01134418680B
S214004670FB78FA681B0113440D331B78002B14BF1C
S21400468001230023DBB283F00103DBB203F0010356
S214004690DBB2194609F0D5FFFB78FA681B01134414
S2140046A00C3301221A70144B1A6813469B001344ED
S2140046B05B001A46114B9A421AD90F4B1A681346DA
S2140046C09B0013445B001A460D4B9A4202D20BF035
S2140046D012FA0DE0084B1A6813469B0013445B0061
S2140046E01A46084BA3FB02239B0C1846FFF7ECFE6A
S2140046F000BF1037BD4680BD080000203F420F00B7
S214004700C0D8A70083DE1B4380B584B000AF7860B6
S2140047100B46FB707B68FB60FB78FA6801331B0175
S21400472013441868FB78FA681B0113440D331B7892
S214004730194609F086FFFB78FA681B0113440C3310
S21400474000221A70144B1A6813469B0013445B0031
S2140047501A46124B9A421AD90F4B1A6813469B00F8
S21400476013445B001A460E4B9A4202D20BF0C3F972
S2140047700DE0094B1A6813469B0013445B001A466B
S214004780084BA3FB02239B0C1846FFF79DFE00BFB9
S2140047901037BD4680BD00BF080000203F420F0016
S2140047A0C0D8A70083DE1B4380B500AF064B1B684E
S2140047B04FF0FF3118460CF067FB0346012B01D083
S2140047C000BFFDE700BF80BDC802002080B500AF77
S2140047D0054B1B6818460CF022FB0346012B01D044
S2140047E000BFFDE700BF80BDC802002080B586B0D0
S2140047F000AF78607B685B681A46264926480AF050
S214004800D4FA07F10803402210211846FFF746FDA8
S21400481007F10803214A102118460AF030FB7B688E
S2140048205A6807F1080319461D480AF0BEFA07F150
S21400483008031C4A102118460AF0FCFA7B685A68DE
S21400484007F10803194618480AF0AFFA07F10803FB
S214004850164A102118460AF0EDFA7B685A6807F1E6
S2140048600803194612480AF0A0FA07F10803114A8D
S214004870102118460AF0DEFA00BF7B685A6807F176
S214004880080319460C480AF090FA00231846183711
S214004890BD4680BDDC3F0100EC3F01008C3A0100C4
S2140048A0F83F010004400100144001001C400100D4
S2140048B02C400100344001003C40010080B5C8B0E7
S2140048C002AF07F58C73A3F58673186007F58C7333
S2140048D0A3F58873196007F58C73A3F58A731A60BD
S2140048E007F58C73A3F58673AD4918680EF045FC82
S2140048F00346002B0AD007F58C73A3F58673A949E7
S21400490018680EF03AFC0346002B4AD107F58C7364
S214004910A3F58A731B685B681A46A349A3480AF086
S21400492032FA07F58C73A3F58A731B685B681A4620
S2140049309F49A0480AF027FA07F58C73A3F58A73F7
S2140049401B685B681A469C499C480AF01CFA07F5E7
S2140049508C73A3F58A731B685B681A469849994856
S2140049600AF011FA07F58C73A3F58A731B685B6867
S2140049701A46954995480AF006FA07F58C73A3F58A
S2140049808A731B685B681A46914992480AF0FBF9DD
S21400499007F58C73A3F588731B6801221A70002331
S2140049A01DE307F58C73A3F586738B4918680EF024
S2140049B0E4FB0346002B0AD007F58C73A3F5867339
S2140049C0864918680EF0D9FB0346002B0FD107F571
S2140049D08C73A3F588731B6801221A7007F58C7315
S2140049E0A3F58A731868FFF701FF0346F7E207F599
S2140049F08C73A3F586730F22794918680EF028FC8D
S214004A000346002B40F0F48007F58C73A3F58873FB
S214004A101B6801221A7007F58C73A3F586731B6852
S214004A200F33C7F81431D7F8140107F1100307F154
S214004A30140100220192002200924022FFF7A2FCFD
S214004A400346002B06D107F58C73A3F584731B6809
S214004A50002B01D11B23C2E2D7F8142107F58C7373
S214004A60A3F584731B681344C7F8143107F58A73DB
S214004A7018460BF02AF8D7F8140107F1100307F1CF
S214004A80E40100220192002200923022FFF77AFC15
S214004A900346002B06D107F58C73A3F584731B68B9
S214004AA0002B01D11B239AE2D7F8142107F58C734B
S214004AB0A3F584731B681344C7F8143107F58A738B
S214004AC018460BF002F8D7F8140107F1100307F1A7
S214004AD0B40100220192002200923022FFF752FC1D
S214004AE00346002B06D107F58C73A3F584731B6869
S214004AF0002B01D11B2372E2D7F8142107F58C7323
S214004B00A3F584731B681344C7F81431D7F814311F
S214004B101B78002B01D01B2361E207F1540207F13A
S214004B20B40107F1E40007F1140301936023009336
S214004B3013462C4A00F0BCFD0346002B01D11B2374
S214004B404DE207F58C73A3F58A731B685A6807F164
S214004B50B4031146184609F0DFFE07F58C73A3F57B
S214004B608A731B685B6819461F4809F0D5FE07F56F
S214004B708C73A3F58A731B685A6807F154031146B1
S214004B80184609F0C9FE07F58C73A3F58A731B68EF
S214004B905B681946154809F0BFFE00231FE200BFF8
S214004BA0DC3A01004440010054400100EC3F0100A3
S214004BB02C36010050360100744001009C40010074
S214004BC0B0400100E0400100F84001001C41010037
S214004BD03441010054410100EC3A010068410100F3
S214004BE07C410100D03C01008C410100F8460100E8
S214004BF007F58C73A3F586731022B84918680EF073
S214004C0027FB0346002B40F0C28007F58C73A3F504
S214004C1088731B6801221A7007F58C73A3F58673D8
S214004C201B681033C7F81431D7F8140107F11003C6
S214004C3007F1140100220192002200924022FFF7A1
S214004C40A1FB0346002B06D107F58C73A3F58473EE
S214004C501B68002B01D11B23C1E1D7F8142107F5EF
S214004C608C73A3F584731B681344C7F8143107F5D7
S214004C708A7318460AF029FFD7F8140107F11003C3
S214004C8007F1E40100220192002200923022FFF791
S214004C9079FB0346002B06D107F58C73A3F58473C6
S214004CA01B68002B01D11B2399E1D7F8142107F5C7
S214004CB08C73A3F584731B681344C7F8143107F587
S214004CC08A7318460AF001FFD7F8140107F110039B
S214004CD007F1B40100220192002200923022FFF771
S214004CE051FB0346002B06D107F58C73A3F584739E
S214004CF01B68002B01D11B2371E1D7F8142107F59F
S214004D008C73A3F584731B681344C7F8143107F536
S214004D108A7318460AF0D9FED7F8140107F1100373
S214004D2007F1540100220192002200926022FFF750
S214004D3029FB0346002B06D107F58C73A3F5847375
S214004D401B68002B01D11B2349E1D7F8142107F576
S214004D508C73A3F584731B681344C7F81431D7F813
S214004D6014311B78002B01D01B2338E107F1140304
S214004D7007F1540207F1B40107F1E40000F002FE67
S214004D800346002B01D11B2329E1002327E107F569
S214004D908C73A3F586731122514918680EF058FAE1
S214004DA00346002B40F09E8007F58C73A3F58873AE
S214004DB01B6801221A7007F58C73A3F586731B68AF
S214004DC01133C7F81431D7F8140107F1100307F1AF
S214004DD0140100220192002200924022FFF7D2FA2C
S214004DE00346002B06D107F58C73A3F584731B6866
S214004DF0002B01D11B23F2E0D7F8142107F58C73A2
S214004E00A3F584731B681344C7F8143107F58A7337
S214004E1018460AF05AFED7F8140107F1100307F1F6
S214004E20E40100220192002200923022FFF7AAFA43
S214004E300346002B06D107F58C73A3F584731B6815
S214004E40002B01D11B23CAE0D7F8142107F58C7379
S214004E50A3F584731B681344C7F8143107F58A73E7
S214004E6018460AF032FED7F8140107F1100307F1CE
S214004E70B40100220192002200923022FFF782FA4B
S214004E800346002B06D107F58C73A3F584731B68C5
S214004E90002B01D11B23A2E0D7F8142107F58C7351
S214004EA0A3F584731B681344C7F81431D7F814317C
S214004EB01B78002B01D01B2391E007F1140307F1A8
S214004EC0B40107F1E400002200F05CFD0346002B6D
S214004ED001D11B2383E0002381E000BF9041010045
S214004EE0A441010007F58C73A3F5867311223E4991
S214004EF018680EF0ADF90346002B6FD107F58C73DA
S214004F00A3F588731B6801221A7007F58C73A3F546
S214004F1086731B681133C7F81431D7F8140107F1EC
S214004F20100307F114010022019200220092402291
S214004F30FFF728FA0346002B06D107F58C73A3F576
S214004F4084731B68002B01D11B2348E0D7F814217B
S214004F5007F58C73A3F584731B681344C7F81431E4
S214004F6007F58A7318460AF0B0FDD7F8140107F162
S214004F70100307F1E4010022019200220092302281
S214004F80FFF700FA0346002B06D107F58C73A3F54E
S214004F9084731B68002B01D11B2320E0D7F8142153
S214004FA007F58C73A3F584731B681344C7F8143194
S214004FB0D7F814311B78002B01D01B230FE007F124
S214004FC0140307F1E4000022002100F0DBFC034696
S214004FD0002B01D11B2302E0002300E0002318462B
S214004FE007F58C77BD4680BDB841010080B500AF9F
S214004FF004200BF0FCFE0346054A1360044B1B68B6
S214005000002B01D100BFFDE70BF00EF800BF80BDFE
S214005010C802002080B582B000AF78603960FFF724
S214005020C3FB1022002138680EF097F83B684FF457
S214005030FC321A603B681B6803F118023B685A6032
S2140050403B681B681B68124A934203D0FFF7BEFBFF
S214005050002318E03B681B680433796818460EF096
S2140050608CF80346002B03D0FFF7B0FB00230AE0C2
S2140050703B685A683B689A603B6801225A733B68F3
S21400508001221A73012318460837BD4680BD00BFAB
S214005090BEBAEDFE80B582B000AF78603960FFF72B
S2140050A083FB1022002138680EF057F84FF4807208
S2140050B0002115480EF051F83B68134A1A603B6809
S2140050C01B6803F118023B685A603B681B680F4A6E
S2140050D01A603B681B6804337A681021184609F08A
S2140050E0A9FE3B681B6800225A613B685A683B6809
S2140050F09A603B6801225A733B6800221A730123A8
S21400510018460837BD4680BDCC020020BEBAEDFE6C
S21400511080B584B000AF786039603B681B7B002B9D
S21400512001D001233AE078680EF06BF8F8601D4A6B
S2140051303B689B68D31ABB603B689B687A68B96813
S214005140184609F077FE3B689A68FB681A443B6885
S2140051509A603B689A683B681B6803F580739A42BE
S21400516007D33B681B6803F580723B689A60002390
S21400517014E03B689A683B6859683B681B685B6943
S2140051800B449A4209D33B689A683B685B68D21A1C
S2140051903B681B685A61012300E00123184610375C
S2140051A0BD4680BDCC03002080B584B000AF7860DB
S2140051B03960FFF7F9FA78680AF07FFE0346002B9D
S2140051C029D0184BFB60FB680433796818460DF04D
S2140051D0D4FF0346002B03D0FFF7F8FA00231DE0A8
S2140051E0FB6804333A681021184609F023FE4FF492
S2140051F080720C494FF4FC3009F0BAF80346002BD5
S21400520003D0FFF7E3FA002308E04FF48072002192
S21400521004480DF0A2FFFFF7D9FA0123184610370D
S214005220BD4680BDCC02002080B590B000AFF860CF
S214005230B9607A601821B86809F04FF8034683F021
S2140052400103DBB2002B0FD007F110032C4A3021EC
S214005250184609F0EFFDFB685A6807F11003194677
S214005260786809F0A2FD48E007F11003254A3021CE
S214005270184609F0DFFDBB681A6807F110033021F5
S21400528018460AF03DF807F110031F4A3021184669
S21400529009F0F5FDBB681B681C4A934217D1BB6832
S2140052A01A1D07F110033021184609F0E8FD07F132
S2140052B01003174A3021184609F0E1FDBB685A6909
S2140052C007F11003302118460AF068F806E007F1E7
S2140052D01003104A3021184609F0D1FD07F11003DB
S2140052E00D4A3021184609F0CAFDFB685A6807F1D6
S2140052F010031946786809F058FD4037BD4680BD52
S214005300CC410100E8410100F4410100BEBAEDFEC7
S214005310F841010000420100F846010080B594B053
S21400532000AF78607B685B681A463D493D4809F0E7
S2140053303CFD07F120033C4A3021184609F07AFD6F
S21400534007F120034FF4FC323021184609F0D8FF4D
S21400535007F12003354A3021184609F090FD07F181
S21400536020034FF400623021184609F05CFF07F175
S21400537020032F4A3021184609F081FD07F120034B
S21400538001223021184609F0A6FE07F12003294A1B
S2140053903021184609F073FD7B685A6807F1200330
S2140053A01946254809F001FD07F120034FF48072E5
S2140053B030211846FEF772FF07F120031F4A3021FE
S2140053C0184609F05CFD7B685A6807F12003194609
S2140053D01B4809F0EAFC07F10803182219464FF4A7
S2140053E0FC3008F0A4FF0346002B07D107F10803A2
S2140053F0144A19467868FFF717FF06E07B685B6873
S2140054001A4611490F4809F0D0FC104A104978682E
S214005410FFF70AFF002318465037BD4680BD00BF81
S2140054200C420100204201002442010030420100EB
S2140054303C420100F8460100444201008C3A01005B
S2140054404C420100584201006042010078420100CF
S214005450CC02002080B598B000AF7860FFF7A4F9C2
S21400546007F12C03182219464FF4FC3008F05FFFB2
S2140054700346002B09D07B685B6819463E4809F056
S2140054804BFAFFF7A3F91B2372E0FB6A3B4A9342F1
S21400549048D13B6C7B653A4B3B6507F12C03394A98
S2140054A019467868FFF7C0FE33E07B6D202B02D9E3
S2140054B02023BB6501E07B6DBB653B6DBA6D07F1D4
S2140054C00C01184608F033FF0346002B06D07B6815
S2140054D05B681946284809F01FFA1DE0BB6D3A6D57
S2140054E013443B657A6DBB6DD31A7B650023FB6462
S2140054F00BE07B685B6807F10C01FA6C0A441278D3
S21400550010469847FB6C0133FB64BB6DFA6C9A42FD
S214005510EFD37B6D002BC8DC7B685B6819461A48A6
S21400552009F0FAF9194B7B64194A796C7868FFF729
S2140055307BFE7B6C1B68114A934216D17B6C18333A
S214005540FB650023BB640BE07B685B68FA6D127832
S21400555010469847FB6D0133FB65BB6C0133BB649B
S2140055607B6C5B69BA6C9A42EED3FFF72FF9002387
S21400557018466037BD4680BD60420100BEBAEDFEEB
S21400558018F8010080420100F8460100CC02002015
S2140055908842010080B584B000AFF860B9607A60D8
S2140055A03549F8680DF0E9FD0346002B06D033496F
S2140055B0F8680DF0E2FD0346002B20D17B685B689F
S2140055C01A462F492F4809F0DEFB7B685B681A46AF
S2140055D02D492E4809F0D7FB7B685B681A462C4994
S2140055E02C4809F0D0FB7B685B681A462A492B4892
S2140055F009F0C9FBBB6801221A70002337E028496E
S214005600F8680DF0BAFD0346002B06D02549F86869
S2140056100DF0B3FD0346002B07D1BB6801221A70BC
S2140056207868FFF77BFE034621E01F49F8680DF017
S214005630A4FD0346002B07D1BB6801221A707868C8
S214005640FFF708FF034612E01849F8680DF095FDCD
S2140056500346002B0AD1BB6801221A704FF4006182
S2140056604FF4FC30FCF7EEFC034600E0002318463F
S2140056701037BD4680BD00BFDC3A01008C420100F9
S2140056804C370100204201002C3601005036010044
S21400569098420100B0420100B8420100D442010025
S2140056A0EC3A0100DC420100E8420100F44201004D
S2140056B080B58EB004AFF860B9607A603B600023B6
S2140056C07B623B68002B05D03B6B002B02DDBB6882
S2140056D0002B01D1002331E007F114031946786B43
S2140056E0FFF798FC0346002B16D007F114000023A2
S2140056F003933B6B02933B6801934FF0FF33009399
S2140057004FF0FF33BA68F9680AF03BFE786207F19B
S214005710140318460AF0ECFB7B6A002B0AD17B6860
S214005720002B01D0796800E006493A6B0023386800
S2140057300AF0FFFC38680DF064FD0346184628376B
S214005740BD4680BDD03C010080B598B002AFF86081
S214005750B9607A603B6007F114023B68019340230E
S21400576000931346154AB968F868FFF7A1FF7865F5
S2140057707B6D002B1CD07B6D012B10DD7B7D1846CE
S21400578007F0A4FD0346582B09D107F11403102295
S2140057900021184607F016FE034600BF09E007F191
S2140057A014030A220021184607F00CFE034600E008
S2140057B07B6818465837BD4680BD00BFD03C010008
S2140057C080B586B000AFF860B9607A60BB68002B21
S2140057D024D0B8680DF015FD0346002B1ED0FB68DC
S2140057E05B221A70FB68581C00233C22B9680AF03A
S2140057F0A0FC0021F8680DF0B4FC78617B695A1CA7
S2140058007A615D221A70074978690DF0D9FC7B68C9
S214005810002B03D07968F868FFF77AFC00BF1837CA
S214005820BD4680BDF846010080B586B000AFF86082
S214005830B9607A603B6078680AF0C1FE0346FB7583
S21400584000233D22B968F8680AF073FC0021F86866
S2140058500DF087FC38613B695A1C3A613D221A708C
S2140058603A69FB68D31AC3F13E031A46FB7D796892
S21400587038690AF05EFC0021F8680DF072FC3861A9
S214005880074938690DF09CFC3B68002B03D039684B
S214005890F868FFF73DFC00BF1837BD4680BD00BF67
S2140058A0F846010080B588B000AFF860B9607A604D
S2140058B03B6033480DF0A5FC03467B610023FB618B
S2140058C04FF0FF33BB61B96A78680AF08AFBFB6861
S2140058D000221A701AE0FB69BB61FB69FA68D018EF
S2140058E0FB69C3F140037A6819460AF032FB02E00E
S2140058F0FB690133FB61BB681B68FA699A4205DAEB
S214005900FB69FA6813441B78002BF1D1BB681B684F
S214005910FA699A4203DAFA69BB699A42DBD1FB68F4
S2140059201B78002B0ED0FB69402B02D1FB69013B94
S214005930FB61FB69FA68134400221A703968F8683C
S214005940FFF7E6FBB96A78680AF037FBBB68002207
S2140059501A60FA697B699A420DDDFA697B69D31A87
S214005960FA681344064918460DF007FC0346002B58
S21400597001D1012300E0002318462037BD4680BD34
S214005980F846010090B5A9B004AFF860B9607A6037
S2140059903B6007F16C0319463868FFF73BFB03468C
S2140059A0002B27D1BB68002B22D07B68002B1FD092
S2140059B007F15C0319463868FFF76CFB0346002BBB
S2140059C001D10023FAE207F15C0207F11403F9683B
S2140059D01846FFF7F5FE07F15C0307F114007A6836
S2140059E0B968FFF721FF07F15C0318460AF080FA52
S2140059F00123E3E2BB68002B2BD07B68002B28D06A
S214005A0007F16C0007F1540303934023029307F158
S214005A10140301934FF0FF3300934FF0FF33BA683F
S214005A20F9680AF0AEFCC7F88800D7F88830002B73
S214005A3034D007F11403796818460DF09EFB034630
S214005A40002B2BD107F16C0318460AF051FA0123FC
S214005A50B4E2BB68002B22D07B68002B1FD107F175
S214005A606C00002303934023029307F11403019371
S214005A704FF0FF3300934FF0FF33BA68F9680AF02F
S214005A8080FCC7F88800D7F88830002B07D107F1CC
S214005A906C0318460AF02CFA01238FE200BF07F1C8
S214005AA06C0318460AF024FA07F1140340223968FA
S214005AB018460AF06BFD07F15C0207F11403114665
S214005AC01846FFF7E7FA0346002B01D1002375E2DC
S214005AD007F16C0319463868FFF79CFA0346002B5B
S214005AE016D107F15C0207F11403F9681846FFF7B0
S214005AF067FE07F15C0307F114007A68B968FFF7E0
S214005B0093FE07F15C0318460AF0F2F9012355E20A
S214005B1007F1580207F16C03114618460AF04DFAD1
S214005B2000233B61FB68002B04D0F8680DF069FB8E
S214005B30034600E00023C7F88430D7F88430002BF3
S214005B4040F3C28007F16C0207F1140340211846A7
S214005B500AF0FFF90346002B38D107F15C0407F181
S214005B606C0207F1100107F1140007F158030093C7
S214005B702346FFF797FEF867BB68002B1BD07B68B1
S214005B80002B18D0FB6F002B05D107F15C031946DC
S214005B90C248FFF7BDFA07F15C0207F11403F96883
S214005BA01846FFF70DFE07F15C0307F114007A684C
S214005BB0B968FFF739FE07F1140307F15C0107F136
S214005BC06C003A680AF04BFD0346F7E107F1140350
S214005BD018460AF063FAC7F880005D21D7F88000FF
S214005BE00DF08DFBC7F88C00D7F880301B785B2B48
S214005BF005D1D7F88C30002B01D0012300E000231C
S214005C00C7F88830D7F88830002B28D0D7F88030EF
S214005C10013318460AF042FAC7F88000D7F8801019
S214005C20D7F88C000AF051FAC7F88C00D7F88C2009
S214005C30D7F88030D31AD7F884209A420CD1D7F8F8
S214005C4084301A46F968D7F880000AF0F5F903465A
S214005C50002B01D1012300E00023C7F88830D7F8D5
S214005C608830002B02D0BB68002B28D007F110012B
S214005C7007F11403402218460AF0D2FC0346002B14
S214005C801DD107F15C0407F16C0207F1100107F162
S214005C90140007F1580300932346FFF703FE07F1AD
S214005CA06C0207F11403402118460AF052F907F176
S214005CB0100107F11403402218460AF0B1FCD7F889
S214005CC08830002B3FF43EAF07F15C0407F16C020E
S214005CD007F1100107F1140007F15803009323465B
S214005CE0FFF7E0FDBB68002B0FD107F16C0207F150
S214005CF01403402118460AF02CF907F1580207F160
S214005D006C03114618460AF058F9BB68002B04D0FD
S214005D10B8680DF076FA034600E00023C7F8843032
S214005D2007F16C0207F11403402118460AF011F936
S214005D300346002B30D107F15C0407F16C0207F133
S214005D40100107F1140007F1580300932346FFF7EC
S214005D50A9FDF867BB68002B13D07B68002B10D01A
S214005D60FB6F002B05D107F15C0319464B48FFF784
S214005D70CFF907F15C0307F114007A68B968FFF7FA
S214005D8053FD07F1140307F15C0107F16C003A6854
S214005D900AF065FC034611E107F1140318460AF001
S214005DA07DF9C7F880003D21D7F880000DF0D9F9BD
S214005DB0C7F88C00D7F88C30002B06D13A21D7F8DC
S214005DC080000DF0CEF9C7F88C00D7F88C30002B89
S214005DD01ED0D7F88430002B1ADDD7F88010D7F8FD
S214005DE08C000AF072F90246D7F88030D31AD7F83A
S214005DF084209A420CD1D7F884301A46B968D7F86E
S214005E0080000AF019F90346002B01D1012300E0B7
S214005E100023C7F88830BB68002B03D0D7F888303B
S214005E20002B3DD1D7F880301B785B2B38D0BB6871
S214005E30002B08D107F1580207F16C0311461846EB
S214005E400AF0BBF86CE707F1100107F114034022D3
S214005E5018460AF0E5FB0346002B7FF461AF07F116
S214005E605C0407F16C0207F1100107F1140007F15A
S214005E70580300932346FFF715FD07F16C0207F160
S214005E801403402118460AF064F807F1100107F1E0
S214005E901403402218460AF0C3FB41E7F846010007
S214005EA0D7F880301B785B2B0CBF01230023DBB2B6
S214005EB0FB6707F15C0407F16C0207F1100107F1BC
S214005EC0140007F1580300932346FFF7EBFCBB686A
S214005ED0002B0AD07B68002B07D007F15C0307F184
S214005EE014007A68B968FFF79FFC07F16C0207F1A7
S214005EF01403402118460AF02CF8FB6F002B08D03C
S214005F0007F1100107F11403402218460AF088FB37
S214005F1031E007F1580207F16C03114618460AF003
S214005F204CF828E007F1100107F114034022184648
S214005F300AF076FB0346002B1DD107F15C0407F13F
S214005F406C0207F1100107F1140007F158030093E3
S214005F502346FFF7A7FC07F16C0207F11403402164
S214005F60184609F0F6FF07F1100107F11403402266
S214005F7018460AF055FB07F16C0207F1140340219E
S214005F80184609F0E6FF0346002BCBD107F15C0468
S214005F9007F16C0207F1100107F1140007F158032E
S214005FA000932346FFF77EFC07F1140307F15C011C
S214005FB007F16C003A680AF052FB0346184694371D
S214005FC0BD4690BD80B586B000AF786039600023CE
S214005FD07B617B683B617A68204B83FB02139910D8
S214005FE0D317C91A0B469B000B445B00D31AFB6001
S214005FF0FB68002B05DAFB68DBB2C3F13003DBB2CB
S21400600003E0FB68DBB23033DBB27A69511C79619E
S21400601011463A680A4413707B68104A82FB0312E2
S2140060209210DB17D31A7B607B68002BD3D13B69B9
S214006030002B07DA7B695A1C7A611A463B681344C0
S2140060402D221A707B693A68134400221A70386849
S2140060500AF020FB00BF1837BD4680BD676666663F
S21400606080B582B000AF1F4B7B607B6803221A614D
S2140060707B6803225A617B681B4A9A617B681B4ACD
S214006080DA617B6820221A627B6800229A627B684B
S21400609000225A627B680022DA627B68124A1A661D
S2140060A07B68134A5A667B6820229A667B680022C1
S2140060B01A677B680022DA667B6800225A677B686C
S2140060C007330C4918460DF07BF87B680A491846DA
S2140060D00DF076F87B6820229A7100BF0837BD461F
S2140060E080BD00BFCC0300200043010074040020E4
S2140060F0940400200C4301001043010080B58CB0CE
S21400610000AFF860B9607A603E4B3B623B6A1B7832
S214006110DBB2002B01D1FFF7A3FFFA6813465B0042
S2140061201344DB006033374A1344FB61BB687B6271
S214006130FB691B69BB62FB69DB68BB610023FB6212
S214006140BA6ABB699A422BD9FB699A68BB6AD31AAA
S2140061507B617A697B68934228BF13467B61FB6943
S2140061605A68BB6A13443B617A693969786A0CF0ED
S214006170F2FFFA6A7B691344FB627A6A7B6913440E
S2140061807B627A687B69D31A7B60BA6A7B69134440
S214006190BB62FB699B68BA6A9A4201D10023BB6264
S2140061A0BA69BB6AD31A7B617A697B68934228BF57
S2140061B013467B617B69002B19D0FB695A68BB6A62
S2140061C013443B617A693969786A0CF0C4FFFA6A4D
S2140061D07B691344FB627A6A7B6913447B627A6844
S2140061E07B69D31A7B60BA6A7B691344BB62FB6A1D
S2140061F0002B02D0FB69BA6A1A61FB6A1846303770
S214006200BD4680BDCC03002080B588B000AFF860E6
S214006210B9607A60BB68BB61FB685A1C13465B00BA
S2140062201344DB001F4A13447B617B695B69022BC6
S21400623029D0022B2ED8002B02D0012B13D029E018
S21400624078690AF00DFB38613A697B689A4202D297
S2140062500023FB6121E07B68FB617A68B969786995
S2140062600AF0BAFA19E078690AF0FAFA38617A6838
S2140062703B69934228BF1346FB61FA69B96978699E
S2140062800AF0AAFA09E07A68B96978690AF049FA60
S214006290F86102E00023FB6100BFFB691846203767
S2140062A0BD4680BDCC03002080B588B000AFF86046
S2140062B0B9607A600E4BFB61FB691B78DBB2002B82
S2140062C001D1FFF7CDFEEFF311834FF0500181F3BC
S2140062D01188BB617A68B968F868FFF795FF78613E
S2140062E0BB6983F311887B6918462037BD4680BD9D
S2140062F0CC03002080B584B000AF0E4BBB60BB68FB
S2140063001B78DBB2002B01D1FFF7AAFE0A4B7B609D
S2140063107B681B693B607B68DB683A689A4202D000
S2140063200123FB6001E00023FB60FB681846103782
S214006330BD4680BDCC0300202C04002080B586B06E
S21400634000AF7860114B7B617B691B78DBB2002B5A
S21400635001D1FFF785FEEFF311834FF0500181F373
S21400636011883B617B685A1C13465B001344DB00B4
S214006370064A134418460AF073FAF8603B6983F33A
S2140063801188FB6818461837BD4680BDCC03002030
S21400639080B58CB000AF7860396000237B62704BAC
S2140063A01B68002B0BD14FF0500383F31188BFF30B
S2140063B06F8FBFF34F8FBB6100BF00BFFDE77B68E9
S2140063C0002B22D00823DB437A689A421BD8082287
S2140063D07B6813447B607B6803F00703002B14D0B4
S2140063E07B6803F00703C3F108033B623B6ADB43A9
S2140063F07A689A4204D87A683B6A13447B6004E061
S21400640000237B6001E000237B6000F03FFE7B689A
S214006410002BC0F288807B68002B00F08480514BF4
S2140064201B687A689A427ED84F4BBB624E4B1B68FD
S214006430FB6204E0FB6ABB62FB6A1B68FB62FB6AEA
S2140064405B687A689A4203D9FB6A1B68002BF1D115
S214006450434B1B68FA6A9A4265D0BB6A1B680822DF
S21400646013447B62FB6A1A68BB6A1A60FB6A5B6845
S2140064707A689A420BD94FF0500383F31188BFF322
S2140064806F8FBFF34F8F7B6100BF00BFFDE7FB6AD6
S2140064905A687B68D21A08235B009A4224D9FA6AA3
S2140064A07B681344FB61FB6903F00703002B0BD0EA
S2140064B04FF0500383F31188BFF36F8FBFF34F8FF6
S2140064C03B6100BF00BFFDE7FB6A5A687B68D21AD3
S2140064D0FB695A60FB6A7A685A60BB6A1A68FB698D
S2140064E01A60BB6AFA691A601E4B1A68FB6A5B6818
S2140064F0D31A1C4A13601B4B1A681C4B1B689A4223
S21400650003D2184B1B68194A1360FB6A5B6843F09A
S2140065100042FB6A5A60FB6A00221A60144B1B6832
S2140065200133134A136000F0BFFD7B6A002B01D1D4
S2140065300BF07AFC7B6A03F00703002B0BD04FF0BE
S214006540500383F31188BFF36F8FBFF34F8FFB6049
S21400655000BF00BFFDE77B6A18463037BD4680BDEA
S214006560BC040020C0040020B4040020C4040020A2
S214006570C804002080B586B000AF78607B687B6179
S2140065807B68002B47D008235B427A6913447B6103
S2140065907B693B613B695B68002B0BDB4FF050036C
S2140065A083F31188BFF36F8FBFF34F8FFB6000BF7D
S2140065B000BFFDE73B691B68002B0BD04FF0500374
S2140065C083F31188BFF36F8FBFF34F8FBB6000BF9D
S2140065D000BFFDE73B695B68002B1CDA3B691B6864
S2140065E0002B18D13B695B6823F000423B695A6078
S2140065F000F04CFD3B695A68094B1B681344084A77
S2140066001360386900F01CF8064B1B680133054A16
S214006610136000F049FD00BF1837BD4680BD00BFBF
S214006620C0040020CC04002080B400AF034B1B68DD
S2140066301846BD465DF8047B704700BFC0040020C6
S21400664080B485B000AF7860284BFB6002E0FB6842
S2140066501B68FB60FB681B687A689A42F7D8FB6881
S214006660BB60FB685B68BA6813447A689A4208D1D4
S214006670FB685A687B685B681A44FB685A60FB686C
S2140066807B607B68BB607B685B68BA681A44FB68A3
S2140066901B689A4218D1FB681A68154B1B689A4209
S2140066A00DD07B685A68FB681B685B681A447B6879
S2140066B05A60FB681B681A687B681A6008E00C4B17
S2140066C01A687B681A6003E0FB681A687B681A60C1
S2140066D0FA687B689A4202D0FB687A681A6000BF44
S2140066E01437BD465DF8047B704700BFB404002035
S2140066F0BC04002080B48FB000AF786000233B62FB
S21400670000233B630023FB625A4B1B68002B0BD015
S2140067104FF0500383F31188BFF36F8FBFF34F8F93
S2140067207B6100BF00BFFDE7FB6ADB007A681344AD
S2140067307B627FE07B6A5B687B637B6A1B68BB620D
S214006740BB6A03F00703002B0ED0BB6A0733BB629D
S214006750BB6A23F00703BB627B6A1B681A46BB6AE8
S214006760D31A7A6B13447B63BB6AFB61FB6A002B0C
S21400677006D1FB69404A13603F4B00225A6021E075
S2140067803C4B1B68002B0BD14FF0500383F3118852
S214006790BFF36F8FBFF34F8F3B6100BF00BFFDE7B6
S2140067A0344B1B681A46BB6A93420BD84FF0500313
S2140067B083F31188BFF36F8FBFF34F8FFB6000BF6B
S2140067C000BFFDE72B4B1B68BB61FA697B6B13446C
S2140067D0BB620822BB6A9B1ABB62BB6A23F0070334
S2140067E0BB62BB6A234A1360224B1B6800225A60B6
S2140067F0204B1B6800221A60FB693B623B6ABA6A40
S214006800D21A3B6A5A601B4B1A683B6A1A60BB690D
S214006810002B02D0BB693A6A1A603B6A5B683A6B27
S21400682013443B63FB6A0133FB62FB6ADB007A6856
S21400683013447B627B6A5B68002B7FF47BAF0F4A56
S2140068403B6B13600E4A3B6B13603B6B002B0BD10C
S2140068504FF0500383F31188BFF36F8FBFF34F8F52
S214006860BB6000BF00BFFDE700BF3C37BD465DF81C
S214006870047B7047BC040020B4040020C40400203D
S214006880C004002080B483B000AF0346FB7197F9C4
S2140068900730002B0BDBFB7903F01F02074997F943
S2140068A007305B09012000FA02F241F8232000BFFE
S2140068B00C37BD465DF8047B704700BF00E100E082
S2140068C080B483B000AF03463960FB7197F9073098
S2140068D0002B0ADB3B68DAB20C4997F90730120145
S2140068E0D2B20B4483F800230AE03B68DAB20849C8
S2140068F0FB7903F00F03043B1201D2B20B441A7665
S21400690000BF0C37BD465DF8047B704700E100E031
S21400691000ED00E080B582B000AF3B46184607F0B9
S21400692055FA3B4619461548FAF7D6FD0F213A2088
S214006930FFF7C6FF3A20FFF7A5FF10480AF067F8F2
S2140069401320F9F7DDFE03460D4AA2FB03239B093D
S21400695019460A480AF033F808480AF058F8402161
S21400696006480AF001F805480AF039F840210348BD
S21400697009F0E1FF00BF0837BD4680BD00000440B7
S214006980D34D621080B500AF04480AF028F84021C5
S214006990024809F0D0FF00BF80BD00BF00000440E1
S2140069A080B500AF02480AF032F800BF80BD00BFD5
S2140069B00000044080B400AF054B1B68044A43F453
S2140069C07003136000BFBD465DF8047B704700BFD0
S2140069D088ED00E080B584B000AF294BFB60FB6813
S2140069E01B78DBB2BB60FB68FF221A70FB681B7863
S2140069F0DBB2FB71FB79DBB203F05003DAB2214B5A
S214006A001A70214B07221A6009E01F4B1B68013BD6
S214006A101D4A1360FB79DBB25B00DBB2FB71FB79CE
S214006A20DBB203F08003802BEFD0174B1B681B02F2
S214006A30154A1360144B1B6803F4E063124A136094
S214006A40BB68DAB2FB681A70104B1B680F4A43F437
S214006A50700313600E4B00221A60FFF75BFFFFF710
S214006A6091FFFFF7A7FF0B4B1B680A4A43F0404312
S214006A70136000F097F8002318461037BD4680BD17
S214006A8000E400E0B60C0020D004002020ED00E07A
S214006A900C00002034EF00E080B483B000AF4FF06D
S214006AA0500383F31188BFF36F8FBFF34F8F7B6064
S214006AB000BF124B1B680133104A13600F4B1B6854
S214006AC0012B10D10E4B1B68DBB2002B0BD04FF006
S214006AD0500383F31188BFF36F8FBFF34F8F3B6074
S214006AE000BF00BFFDE7BFF34F8FBFF36F8F00BF40
S214006AF00C37BD465DF8047B704700BF0C000020D5
S214006B0004ED00E080B483B000AF0A4B1B68013B85
S214006B10084A1360074B1B68002B05D100237B60D7
S214006B207B6883F3118800BF00BF0C37BD465DF855
S214006B30047B70470C00002080B400AF064B4FF07B
S214006B4080521A60BFF34F8FBFF36F8F00BFBD46F2
S214006B505DF8047B704700BF04ED00E080B582B0AE
S214006B6000AF80210E4809F019FF4FF0500383F361
S214006B701188BFF36F8FBFF34F8F7B6000BF00F0AD
S214006B80C5FB0346002B01D0FFF7D6FF00233B6072
S214006B903B6883F3118800BF00BF0837BD4680BD41
S214006BA00000044080B400AF114B1B78DBB2002B12
S214006BB001D100BFFDE70F4B1B78642B01D900BF46
S214006BC0FDE74FF060404FF46D4140EA01004FF0A2
S214006BD0080140EA01000068006880F3088862B691
S214006BE000DF00BF00BFBD465DF8047B704700BFF6
S214006BF06851010044520100054B19680868B0E866
S214006C00F04F80F309884FF0000080F3118870473A
S214006C10D404002000BF00BFEFF30980114B1A68B0
S214006C201EF0100F08BF20ED108A20E9F04F10600C
S214006C302DE908404FF0500080F3118800F086FCE4
S214006C404FF0000080F31188BDE808401968086816
S214006C50B0E8F04F1EF0100F08BFB0EC108A80F3BB
S214006C6009887047D404002000BF00BF80B485B0F8
S214006C7000AFEFF30583FB60FB680F2B15D9184AAE
S214006C80FB6813441B78FB72164B1B78FA7A9A4201
S214006C900BD24FF0500383F31188BFF36F8FBFF30F
S214006CA04F8F7B6000BF00BFFDE70F4B1B6803F4F0
S214006CB0E0620E4B1B689A420BD94FF0500383F3E9
S214006CC01188BFF36F8FBFF34F8F3B6000BF00BFCD
S214006CD0FDE700BF1437BD465DF8047B704700BF74
S214006CE0F0E300E0B60C00200CED00E0D00400203D
S214006CF080B584B000AF7860FFF7CEFE3E4B1B68D1
S214006D0001333D4A13603D4B1B68002B09D13B4ABB
S214006D107B681360384B1B68012B10D100F030FEE7
S214006D200DE0374B1B68002B09D1344B1B68DA6A21
S214006D307B68DB6A9A4202D8304A7B681360314B24
S214006D401B6801332F4A13602E4B1A687B68DA6380
S214006D507B68DA6A2C4B1B689A4203D97B68DB6A2D
S214006D60294A13607B68DA6A284913469B00134455
S214006D709B000B4404331B68FB607B68FA689A60D0
S214006D80FB689A687B68DA60FB689B687A680432FE
S214006D905A607B681A1DFB689A607B68DA6A13463D
S214006DA09B0013449B00194A1A447B685A617B680F
S214006DB0DA6A164913469B0013449B000B441B6873
S214006DC0591C124813469B0013449B000344196049
S214006DD0FFF798FE0A4B1B68002B08D0074B1B6872
S214006DE0DA6A7B68DB6A9A4201D2FFF7A5FE00BF2B
S214006DF01037BD4680BD00BFC0050020D40400206B
S214006E00CC050020DC050020C8050020D8040020A2
S214006E1080B584B000AF78600023FB607B68002BF1
S214006E2018D000F033F9104B1B68012B0BD04FF035
S214006E30500383F31188BFF36F8FBFF34F8FBB6090
S214006E4000BF00BFFDE70021786801F0D3F800F02E
S214006E502BF9F860FB68002B01D1FFF76DFE00BF31
S214006E601037BD4680BD00BFE805002080B58AB05B
S214006E7000AF78607B68FB61FB69002B0BD14FF09D
S214006E80500383F31188BFF36F8FBFF34F8FBB6040
S214006E9000BF00BFFDE7334B1B68FA699A4203D177
S214006EA0002387F8273056E0FFF7F6FDFB695B699D
S214006EB0BB61FB699B6A7B612B4B1B683B612B4B61
S214006EC01B68FB60FFF71EFE7B69294A934203D1CD
S214006ED0012387F827303EE0BA693B699A4203D01F
S214006EE0BA69FB689A4203D1022387F8273032E05A
S214006EF0BB69204A934220D1FB699B6A002B18D1BC
S214006F00032387F8273000233B620EE0FA693B6ACA
S214006F10134450331B78DBB2012B03D1022387F8CE
S214006F20273018E03B6A01333B623B6A002BEDDDFD
S214006F3011E0022387F827300DE0BB690E4A934222
S214006F4002D0BB69002B03D1042387F8273002E068
S214006F50012387F8273097F8273018462837BD468C
S214006F6080BD00BFD4040020780500207C050020EA
S214006F7080050020AC0500209405002080B588B070
S214006F8002AF01237B610023BB600023FB6011E09E
S214006F901C4AFB68134419783A1DFB6813440A46DA
S214006FA01A703A1DFB6813441B78002B06D0FB684A
S214006FB00133FB60FB68032BEADD00E000BF002323
S214006FC03B6115E0104BBB603B699B000F4A1344C6
S214006FD0391D01930023009300232022B8680AF08D
S214006FE0DEFD78617B69002B06D03B6901333B618F
S214006FF03B69002BE6DD00E000BF7B6918461837CA
S214007000BD4680BD184301005D790000E405002000
S21400701080B584B000AFFFF7B1FFF860FB68012BC6
S21400702016D14FF0500383F31188BFF36F8FBFF371
S2140070304F8FBB6000BF114B4FF0FF321A60104BF2
S21400704001221A600F4B00221A60FFF7C3FC0FE004
S214007050FB68B3F1FF3F0BD14FF0500383F3118869
S214007060BFF36F8FBFF34F8F7B6000BF00BFFDE79E
S214007070054B1B6800BF1037BD4680BDE0050020ED
S214007080CC050020C40500206451010080B400AF88
S214007090044B1B680133034A136000BFBD465DF80E
S2140070A0047B7047E805002080B588B000AF002359
S2140070B0FB610023BB61FFF7EFFC00233B61724BD3
S2140070C01B68002B0BD14FF0500383F31188BFF3DE
S2140070D06F8FBFF34F8F3B6000BF00BFFDE76A4B6B
S2140070E01B68013B684A1360674B1B68002B40F027
S2140070F0C380664B1B68002B00F0BE808DE0644B9F
S214007100DB68DB68FB61FB699B6AFB60FB69DB692C
S214007110FA69126A9A60FB691B6AFA69D2695A6050
S214007120FB685A68FB6918339A4203D1FB691A6AEE
S214007130FB685A60FB6900229A62FB681B685A1E4D
S214007140FB681A60FB695B69BB60FB699B68FA6950
S214007150D2689A60FB69DB68FA6992685A60BB6815
S2140071605A68FB6904339A4203D1FB69DA68BB6844
S2140071705A60FB6900225A61BB681B685A1EBB68CE
S2140071801A60FB69DA6A434B1B689A4203D9FB69AB
S214007190DB6A404A1360FB69DA6A3F4913469B0084
S2140071A013449B000B4404331B687B60FB697A68BE
S2140071B09A607B689A68FB69DA607B689B68FA6904
S2140071C004325A60FB691A1D7B689A60FB69DA6AAA
S2140071D013469B0013449B002F4A1A44FB695A61CE
S2140071E0FB69DA6A2C4913469B0013449B000B4448
S2140071F01B68591C284813469B0013449B000344F5
S2140072001960FB69DA6A254B1B68DB6A9A4204D967
S214007210234A3B69012142F823101D4B1B68002BB3
S2140072207FF46DAFFB69002B01D000F0A9FC1D4B6D
S2140072301B687B617B69002B12D000F067F8034661
S214007240002B04D0164A3B69012142F823107B69C3
S214007250013B7B617B69002BEFD1124B00221A6049
S2140072600F4A3B6952F82330002B05D00123BB613F
S2140072700A4B1B68FFF760FCFFF744FCBB69184627
S2140072802037BD4680BD00BFE8050020C0050020B1
S21400729080050020C8050020D8040020D404002063
S2140072A0D4050020D005002080B400AF034B1B6837
S2140072B01846BD465DF8047B704700BFC005002039
S2140072C080B485B000AF78607B68002B02D10E4B8F
S2140072D01B6800E07B68FB60FB68002B0BD14FF05F
S2140072E0500383F31188BFF36F8FBFF34F8FBB60DC
S2140072F000BF00BFFDE7FB68343318461437BD46B1
S2140073005DF8047B704700BFD404002080B58AB0C7
S21400731000AF00237B62824B1B68002B40F0F4809A
S214007320804B1B6801333B627E4A3B6A13603B6AB4
S214007330002B21D17C4B1B681B68002B0BD04FF019
S214007340500383F31188BFF36F8FBFF34F8F7B60BB
S21400735000BF00BFFDE7744B1B68FB61734B1B68E7
S214007360714A1360714AFB691360714B1B680133E5
S2140073706F4A136000F004FC6E4B1B683A6A9A4230
S214007380C0F0A780684B1B681B68002B04D1694BB4
S2140073904FF0FF321A609CE0634B1B68DB68DB68CB
S2140073A0BB61BB695B687B613A6A7B699A4203D2C0
S2140073B0604A7B6913608CE0BB695B693B61BB69B3
S2140073C09B68BA69D2689A60BB69DB68BA699268DA
S2140073D05A603B695A68BB6904339A4203D1BB6959
S2140073E0DA683B695A60BB6900225A613B691B68D0
S2140073F05A1E3B691A60BB699B6A002B1ED0BB698C
S2140074009B6AFB60BB69DB69BA69126A9A60BB69F2
S2140074101B6ABA69D2695A60FB685A68BB69183336
S2140074209A4203D1BB691A6AFB685A60BB6900229C
S2140074309A62FB681B685A1EFB681A60BB69DA6AA8
S2140074403D4B1B689A4203D9BB69DB6A3A4A136014
S214007450BB69DA6A394913469B0013449B000B4408
S21400746004331B68BB60BB69BA689A60BB689A68DD
S214007470BB69DA60BB689B68BA6904325A60BB694C
S2140074801A1DBB689A60BB69DA6A13469B001344F0
S2140074909B002A4A1A44BB695A61BB69DA6A2749C3
S2140074A013469B0013449B000B441B68591C23483F
S2140074B013469B0013449B0003441960BB69DA6AB9
S2140074C01F4B1B68DB6A9A427FF65CAF01237B6228
S2140074D058E71B4B1B68DA6A184913469B0013448F
S2140074E09B000B441B68012B01D901237B62154BC3
S2140074F01B68002B01D100F069FE134B1B68002BA4
S21400750009D001237B6206E00E4B1B6801330D4A4F
S214007510136000F05BFE7B6A18462837BD4680BDC8
S214007520E8050020C4050020780500207C05002022
S214007530D8050020E0050020C8050020D80400205B
S214007540D4040020D0050020D405002080B584B0E7
S21400755000AF314B1B68002B03D0304B01221A6062
S21400756055E02E4B00221A602D4B1B681A682C4BD8
S2140075701B681B6B9A4209D8294B1B683433BB60C7
S214007580274B1B68B96818460AF03CFC254B1B685D
S214007590FB6011E0FB68002B0BD14FF0500383F328
S2140075A01188BFF36F8FBFF34F8F3B6000BF00BFE4
S2140075B0FDE7FB68013BFB601B49FA6813469B002E
S2140075C013449B000B441B68002BE3D0FA68134659
S2140075D09B0013449B00144A13447B607B685B68E3
S2140075E05A687B685A607B685A687B6808339A4298
S2140075F003D17B68DA687B685A607B685B68DB6807
S214007600074A1360074AFB681360054B1B6800BFF8
S2140076101037BD4680BD00BFE8050020D405002019
S214007620D4040020C8050020D804002080B584B00B
S21400763000AF786039607B68002B0BD14FF05003A9
S21400764083F31188BFF36F8FBFF34F8FFB6000BFCC
S21400765000BFFDE7074B1B6818331946786809F02A
S2140076604BFA0121386800F0C5FC00BF1037BD4654
S21400767080BD00BFD404002080B48BB000AF78601B
S2140076807B68DB68DB683B623B6A002B0BD14FF004
S214007690500383F31188BFF36F8FBFF34F8FFB60E8
S2140076A000BF00BFFDE73B6A9B6AFB613B6ADB6984
S2140076B03A6A126A9A603B6A1B6A3A6AD2695A60E8
S2140076C0FB695A683B6A18339A4203D13B6A1A6AC6
S2140076D0FB695A603B6A00229A62FB691B685A1E65
S2140076E0FB691A604A4B1B68002B5FD13B6A5B69DB
S2140076F07B613B6A9B683A6AD2689A603B6ADB6841
S2140077003A6A92685A607B695A683B6A04339A42BE
S21400771003D13B6ADA687B695A603B6A00225A6189
S2140077207B691B685A1E7B691A603B6ADA6A394BAA
S2140077301B689A4203D93B6ADB6A364A13603B6A87
S214007740DA6A354913469B0013449B000B44043306
S2140077501B683B613B6A3A699A603B699A683B6A78
S214007760DA603B699B683A6A04325A603B6A1A1DC3
S2140077703B699A603B6ADA6A13469B0013449B0097
S214007780254A1A443B6A5A613B6ADA6A224913461A
S2140077909B0013449B000B441B68591C1E48134651
S2140077A09B0013449B00034419601BE01B4B5B6863
S2140077B0BB613B6ABA69DA61BB699A683B6A1A625E
S2140077C0BB699B683A6A18325A603B6A03F1180232
S2140077D0BB699A603B6A114A9A62104B1B68013378
S2140077E00E4A13603B6ADA6A0D4B1B68DB6A9A42E4
S2140077F005D901237B620B4B01221A6001E00023AE
S2140078007B627B6A18462C37BD465DF8047B704762
S214007810E8050020C8050020D804002080050020C8
S214007820D4040020D405002080B483B000AF786074
S214007830064B1A687B681A60054B1A687B685A60A4
S21400784000BF0C37BD465DF8047B7047D8050020A6
S214007850C405002080B588B000AF786039607B68CA
S214007860002B0BD14FF0500383F31188BFF36F8FBB
S214007870BFF34F8F3B6100BF00BFFDE73B68002BA7
S2140078800BD14FF0500383F31188BFF36F8FBFF314
S2140078904F8FFB6000BF00BFFDE7FFF7FDF8264BEC
S2140078A01B68BB617B685B68BA69D31A7B61234B34
S2140078B01B6893F85130002B07D0204B1B68002222
S2140078C083F851200123FB612EE03B681B68B3F16F
S2140078D0FF3F02D10023FB6126E07B681A68184B45
S2140078E01B689A420AD07B685B68BA699A4205D3DD
S2140078F00123FB613B6800221A6015E03B681B68A9
S2140079007A699A420BD23B681A687B69D21A3B683E
S2140079101A607868FFF788FF0023FB6104E03B6885
S21400792000221A600123FB61FFF7ECF8FB6918469A
S2140079302037BD4680BD00BFC4050020D40400200B
S214007940D805002080B400AF034B01221A6000BFA8
S214007950BD465DF8047B7047D405002080B582B034
S21400796000AF786000F04CF8044B1B68012B01D97F
S214007970FFF7E2F80AF068FAF4E700BFD804002040
S21400798080B582B000AF00237B600CE07A681346B7
S2140079909B0013449B00124A1344184609F07FF8D4
S2140079A07B6801337B607B68052BEFD90D4809F0B7
S2140079B076F80D4809F073F80C4809F070F80C4892
S2140079C009F06DF80B4809F06AF80B4B054A1A6087
S2140079D00A4B054A1A6000BF0837BD4680BD00BF87
S2140079E0D8040020500500206405002080050020F3
S2140079F094050020AC050020780500207C050020BA
S214007A0080B582B000AF19E0FFF746F8104BDB6890
S214007A10DB687B607B680433184609F0A6F80D4BDC
S214007A201B68013B0B4A13600B4B1B68013B0A4A61
S214007A301360FFF767F878680AF084F9064B1B684E
S214007A40002BE1D100BF00BF0837BD4680BD00BF98
S214007A5094050020C0050020A805002080B586B04B
S214007A6000AFF860B9607A60FB70FB68002B02D14B
S214007A70414B1B6800E0FB683B61BB683A691A60D3
S214007A803B6903F13402BB685A603B69DA6ABB683B
S214007A901A613B691A6BBB68DA613B691A68BB6896
S214007AA01A623B699A6BBB685A623B69DA6BBB68C1
S214007AB09A603B695A6CBB685A61BB6800229A613F
S214007AC0FB78052B3CD02C4B1B683A699A4203D1B5
S214007AD0BB6800221A733AE0BB68FA781A73FB7820
S214007AE0032B20D1FFF7D2FA3B699B6A002B03D009
S214007AF0BB6802221A7314E000237B610EE03A6929
S214007B007B69134450331B78DBB2012B03D1BB686F
S214007B1002221A7305E07B6901337B617B69002BC7
S214007B20EDDDFFF7C1FAFEF7B7FF3B699B6A134A24
S214007B30934202D1BB6801221A73FEF7E3FF06E008
S214007B403869FFF793F903461A46BB681A737B68D1
S214007B50002B09D03B691B6B18460AF0D7F8034682
S214007B601A46BB681A8502E0BB6800221A8500BF69
S214007B701837BD4680BD00BFD40400208005002015
S214007B8080B400AF0A4B1B681B68002B04D1094B5E
S214007B904FF0FF321A6005E0054B1B68DB681B6878
S214007BA0044A136000BFBD465DF8047B704700BF03
S214007BB078050020E005002080B483B000AF054BB8
S214007BC01B687B607B6818460C37BD465DF8047BF7
S214007BD0704700BFD404002080B483B000AF0B4BC6
S214007BE01B68002B02D101237B6008E0084B1B6852
S214007BF0002B02D102237B6001E000237B607B68C0
S214007C0018460C37BD465DF8047B7047CC0500204F
S214007C10E805002080B586B000AF78607B683B61E1
S214007C2000237B617B68002B7BD03B69DA6A3F4B85
S214007C301B68DB6A9A426BD23B699B6903F400437C
S214007C40002B06D1394B1B68DB6AC3F106023B6981
S214007C509A613B6959693B69DA6A13469B0013448B
S214007C609B00334A134499424AD13B690433184671
S214007C7008F07BFF2D4B1B68DA6A3B69DA623B69CA
S214007C80DA6A2C4B1B689A4203D93B69DB6A294A9D
S214007C9013603B69DA6A264913469B0013449B002F
S214007CA00B4404331B68FB603B69FA689A60FB6808
S214007CB09A683B69DA60FB689B683A6904325A60E6
S214007CC03B691A1DFB689A603B69DA6A13469B009B
S214007CD013449B00164A1A443B695A613B69DA6AA8
S214007CE0134913469B0013449B000B441B68591C06
S214007CF00F4813469B0013449B000344196004E09E
S214007D000A4B1B68DA6A3B69DA6201237B6108E08A
S214007D103B695A6C054B1B68DB6A9A4201D2012309
S214007D207B617B6918461837BD4680BDD4040020A9
S214007D30D8040020C805002080B588B000AF786061
S214007D407B68BB610023FB617B68002B00F08180B1
S214007D50424B1B68BA699A420BD04FF0500383F32C
S214007D601188BFF36F8FBFF34F8F3B6100BF00BF1B
S214007D70FDE7BB699B6C002B0BD14FF0500383F3E0
S214007D801188BFF36F8FBFF34F8FFB6000BF00BF3C
S214007D90FDE7BB699B6C5A1EBB699A64BB69DA6ACD
S214007DA0BB695B6C9A4254D0BB699B6C002B50D16C
S214007DB0BB690433184608F0D8FEBB695A6CBB6929
S214007DC0DA62BB69DB6AC3F10602BB699A61BB690A
S214007DD0DA6A234B1B689A4203D9BB69DB6A204ADE
S214007DE01360BB69DA6A1F4913469B0013449B0065
S214007DF00B4404331B687B61BB697A699A607B69B4
S214007E009A68BB69DA607B699B68BA6904325A6013
S214007E10BB691A1D7B699A60BB69DA6A13469B00C8
S214007E2013449B000F4A1A44BB695A61BB69DA6A5D
S214007E300C4913469B0013449B000B441B68591CBB
S214007E40084813469B0013449B0003441960012313
S214007E50FB61FB6918462037BD4680BDD404002070
S214007E60C8050020D804002080B58AB000AF78602E
S214007E7039607B683B620123FB617B68002B00F066
S214007E8097803B6A9B6C002B0BD14FF0500383F31B
S214007E901188BFF36F8FBFF34F8F3B6100BF00BFEA
S214007EA0FDE73B6A5B6C3A689A4202D93B687B62A4
S214007EB002E03B6A5B6C7B623B6ADB6A7A6A9A42E8
S214007EC076D03B6A9B6CFA699A4271D13A4B1B6832
S214007ED03A6A9A420BD14FF0500383F31188BFF3EE
S214007EE06F8FBFF34F8FFB6000BF00BFFDE73B6A9D
S214007EF0DB6ABB613B6A7A6ADA623B6A9B6903F4B7
S214007F000043002B04D17B6AC3F106023B6A9A61E8
S214007F103B6A5969BA6913469B0013449B00274A7B
S214007F201344994244D13B6A0433184608F01DFEB8
S214007F303B6ADA6A224B1B689A4203D93B6ADB6AC1
S214007F401F4A13603B6ADA6A1C4913469B001344B7
S214007F509B000B4404331B687B613B6A7A699A601A
S214007F607B699A683B6ADA607B699B683A6A043286
S214007F705A603B6A1A1D7B699A603B6ADA6A134646
S214007F809B0013449B000D4A1A443B6A5A613B6AA5
S214007F90DA6A0A4913469B0013449B000B441B688D
S214007FA0591C064813469B0013449B000344196063
S214007FB000BF2837BD4680BDD4040020D80400206A
S214007FC0C805002080B483B000AF094B1B687B60F7
S214007FD07B68002B04D07B689B6C5A1C7B689A6479
S214007FE07B6818460C37BD465DF8047B704700BFBB
S214007FF0D404002080B588B000AF78603960324B7A
S2140080001B68FB61314B1B68BB61314B1B687B6196
S214008010304B1B68002283F851202E4B1B6804331C
S214008020184608F0A2FD7B68B3F1FF3F24D13B68F9
S214008030002B21D0284B5B683B61264B1B683A69B6
S2140080409A60244B1B683A699268DA60214B1A687A
S2140080503B699B6804325A601E4B1B681A1D3B69BD
S2140080609A601C4B1B681C4A5A611B4B1B680133E9
S214008070194A136000BF22E0FA697B681344FB606C
S214008080144B1B68FA685A60FA68FB699A4207D272
S214008090104B1B6804331946786908F02DFD0EE076
S2140080A00C4B1B6804331946B86908F025FD0B4BCA
S2140080B01B68FA689A4202D2084AFB68136000BF3F
S2140080C02037BD4680BD00BFC405002078050020CF
S2140080D07C050020D4040020AC050020E00500202C
S2140080E080B584B000AF786039600623FB6000235B
S2140080F0BB60FEF7CBFFFB68013BFB60FA681346EC
S2140081009B0013449B00184A981807F108033A6826
S214008110796809F027FEFB68002BECD1134B186832
S21400812007F108033A68796809F01CFE104B1868D6
S21400813007F108033A68796809F014FE07F10803A6
S2140081403A6879680B4809F00DFE07F108033A68AB
S2140081507968094809F006FEFEF7A6FFBB681846D0
S2140081601037BD4680BD00BFD8040020780500202B
S2140081707C050020AC0500209405002080B586B064
S21400818000AFF860B9607A603B60FEF785FCFB687C
S214008190002B02D10C4B1B6800E0FB687B617B69FF
S2140081A09A6BBB681A607B691A6B7B681A607B697E
S2140081B01A683B681A603B6A00221A70FEF7A2FC37
S2140081C000BF1837BD4680BDD404002080B500AF80
S2140081D0074B1B680133064A1360054B1B68092BC7
S2140081E004DDFBF763FA024B00221A6000BF80BD75
S2140081F0EC05002080B500AFAA21024809F02AFE4F
S21400820000BF80BD00E0074080B485B000AF786056
S2140082100B46FB707B681B0CFB737B681B0ABB73EF
S2140082207B687B73FB7BFA7802FB03F3124AA2FBA4
S2140082300323DB09FB73BB7BFA7802FB03F30E4ACE
S214008240A2FB0323DB09BB737B7BFA7802FB03F3F9
S214008250094AA2FB0323DB097B73FB7B1A04BB7B67
S2140082601B021A437B7B13437B607B6818461437DC
S214008270BD465DF8047B70478180808080B487B0FF
S21400828000AFF860B96011461A460B46FB711346FC
S214008290BB71FB68042B05D9FB68062B02D8BB68AC
S2140082A0272B01D90223B6E0BA6813465B001344B5
S2140082B0DB007B6100233B6133E097F90630002B3F
S2140082C012DA584A7B6913441B785AB20121FB68BC
S2140082D001FA03F35BB213435BB2D9B2514A7B692E
S2140082E013440A461A7013E04E4A7B6913441B78FF
S2140082F05AB20121FB6801FA03F35BB2DB435BB2BF
S21400830013405BB2D9B2474A7B6913440A461A70D7
S214008310BB795B00BB717B6901337B613B690133D1
S2140083203B613B69072BC8DD00233B6133E097F9CF
S2140083300730002B12DA3B4A7B6913441B785AB28B
S2140083400121FB6801FA03F35BB213435BB2D9B2B7
S214008350344A7B6913440A461A7013E0314A7B6933
S21400836013441B785AB20121FB6801FA03F35BB28F
S214008370DB435BB213405BB2D9B22A4A7B69134433
S2140083800A461A70FB795B00FB717B6901337B61DF
S2140083903B6901333B613B69072BC8DD00233B612A
S2140083A035E097F92030002B12DA1E4A7B69134419
S2140083B01B785AB20121FB6801FA03F35BB2134340
S2140083C05BB2D9B2174A7B6913440A461A7013E0A7
S2140083D0144A7B6913441B785AB20121FB6801FAE0
S2140083E003F35BB2DB435BB213405BB2D9B20D4A18
S2140083F07B6913440A461A7097F820305B0087F8AA
S21400840020307B6901337B613B6901333B613B690B
S214008410072BC6DD002318461C37BD465DF8047BD7
S214008420704700BFF005002080B489B000AFF86048
S214008430B9607A603B60FB68042B05D9FB68062BA5
S21400844002D8BB68272B01D9022372E000237B7673
S2140084507B7EBB76BB7EFB76BA6813465B00134416
S214008460DB00FB6100237B6118E0BB7E5B00BB7614
S214008470334AFB6913441B781A46FB6842FA03F337
S21400848003F00103002B03D0BB7E43F00103BB7651
S214008490FB690133FB617B6901337B617B69072BD9
S2140084A0E3DD00237B6118E0FB7E5B00FB76244A5D
S2140084B0FB6913441B781A46FB6842FA03F303F081
S2140084C00103002B03D0FB7E43F00103FB76FB6920
S2140084D00133FB617B6901337B617B69072BE3DD3D
S2140084E000237B6118E07B7E5B007B76144AFB6989
S2140084F013441B781A46FB6842FA03F303F00103A1
S214008500002B03D07B7E43F001037B76FB690133AF
S214008510FB617B6901337B617B69072BE3DD7B684D
S214008520FA7E1A703B68BA7E1A70BB6A7A7E1A7038
S214008530002318462437BD465DF8047B704700BF0D
S214008540F005002080B500AF4FF47072002103489C
S2140085500AF003FE0023184680BD00BFF005002089
S21400856080B500AF044B4FF47071184600F02EFF34
S2140085700346184680BD00BFF005002080B58AB0CF
S21400858000AF78607B685B681A463F493F4806F054
S2140085900CFC07F10803022220211846FBF77EFE9A
S2140085A007F108033A4A2021184606F068FC7B6863
S2140085B05A6807F108031946364806F0F6FB07F135
S2140085C00803052220211846FBF768FE07F108037A
S2140085D02F4A2021184606F052FC7B685A6807F19D
S2140085E0080319462C4806F0E0FB07F108030622AC
S2140085F020211846FBF752FE07F10803244A2021E3
S214008600184606F03CFC7B685A6807F108031946D2
S214008610224806F0CAFB07F1080328222021184644
S214008620FBF73CFE07F10803194A2021184606F01E
S21400863026FC7B685A6807F108031946184806F0B6
S214008640B4FB07F10803502220211846FBF726FE4C
S21400865007F108030E4A2021184606F010FC7B6836
S2140086605A6807F1080319460E4806F09EFB7B6819
S2140086705B681A460C490D4806F097FB002318461F
S2140086802837BD4680BD00BF2043010038430100A7
S214008690F84601003C4301004843010054430100F2
S2140086A060430100704301007C43010084430100E5
S2140086B080B58AB000AFF860B9607A60002387F8AA
S2140086C027307049F8680AF058FD0346002B06D09C
S2140086D06D49F8680AF051FD0346002B27D17B68E8
S2140086E05B681A4669496A4806F04DFB7B685B681A
S2140086F01A466849684806F046FB7B685B681A4677
S2140087006649674806F03FFB7B685B681A46654922
S214008710654806F038FB7B685B681A466349644820
S21400872006F031FBBB6801221A700023A5E0614900
S214008730F8680AF022FD0346002B06D05E49F8686A
S2140087400AF01BFD0346002B07D1BB6801221A70F6
S2140087507868FFF713FF03468FE05849F8680AF079
S2140087600CFD0346002B08D1FFF7ECFEFFF7F8FEE2
S214008770BB6801221A7000237FE00B225049F8687C
S2140087800AF066FD0346002B1FD1BB6801221A7053
S214008790FB680B33BB6107F1140207F1180311469F
S2140087A0184607F06FF9034687F8273097F8273002
S2140087B0002B02D097F827305FE07B69184609F057
S2140087C0C9FBFFF7CDFE002357E008223D49F868B5
S2140087D00AF03EFD0346002B4DD1BB6801221A70FD
S2140087E0FB680833BB6107F1200207F11803114646
S2140087F0184606F0EBFD034687F8273097F8273033
S214008800002B36D13B6A042B33DD3B6A062B30DC6B
S21400881007F11C0207F118031146184606F0D6FDAC
S214008820034687F8273097F82730002B21D1FB69BD
S214008830002B1EDBFB69272B1BDC07F1140207F15C
S21400884018031146184607F01DF9034687F8273027
S21400885097F82730002B02D097F827300DE03B6AB8
S2140088601846FB6919467B691A4609F00EFBFFF7A6
S21400887077FE002301E097F8273018462837BD46D4
S21400888080BD00BFDC3A0100904301009C4301001C
S214008890384301002C36010050360100B443010075
S2140088A0C8430100D4430100F4430100084401001A
S2140088B03C440100EC3A01005844010064440100C5
S2140088C0744401008044010080B582B000AF786037
S2140088D01422044978680AF03EFC00BF0837BD46FB
S2140088E080BD00BF7851010080B489B000AFF86049
S2140088F0B9607A60BB68002B0ADABB6803F5875359
S214008900BB607B6803F587537B60FB682833FB609E
S214008910FB68002B02DAFB682833FB60FB686C22DE
S21400892002FB03F3BB61BB696B337B61BA69BB684F
S2140089309A4205DBBA697B689A4201DCBB69BB6078
S2140089407A69BB689A4205DB7A697B689A4201DCE1
S2140089507B697B607A69BB689A4214DBBA697B687C
S2140089609A4210DC7A68BB68D31A01333B613A69D5
S21400897013461B029B1A084A82FB03125211DB178E
S214008980D31AFB6101E00023FB61FB69184624371C
S214008990BD465DF8047B7047F712DA4B90B58DB094
S2140089A002AFF860B9607A60FB70FB683633FB6034
S2140089B0FB68002B14DAFB685B42FB60FB689A4A94
S2140089C082FB03121A441113DA178A1A4FF48751DE
S2140089D001FB02F29B1AFB60FB68C3F58753FB6042
S2140089E0FB68914A82FB03121A441113DA178A1A9B
S2140089F04FF4875101FB02F29B1AFB60FB688B4A1F
S214008A0082FB03125211DB17D31A3B623B6A581ED5
S214008A10FB68A3F13601FB6835331A46FFF764FF9F
S214008A2003463B61FB68A3F13601FB6835331A4603
S214008A30386AFFF759FF03467B613B6A581CFB68A0
S214008A40A3F13601FB6835331A46FFF74DFF0346A0
S214008A50BB613B69BA6B02FB03F3754A82FB0312E8
S214008A601A44D211DB17D31AFB773B69FA6B02FB69
S214008A7003F36F4A82FB03121A44D211DB17D31A90
S214008A80BB773B693A6C02FB03F3694A82FB03122D
S214008A901A44D211DB17D31A7B773B6A013B7B6201
S214008AA07B6A002B01DA27237B62FB7883F00103C5
S214008AB0DBB2002B06D07B6A002B03D07B6AC3F1A7
S214008AC028037B62FB7F002B05D1BB7F002B02D1E6
S214008AD07B7F002B0CD0B8687A687B6A13441C46F0
S214008AE0B97FFA7F7B7F00930B462146FFF7C6FBD4
S214008AF07B69BA6B02FB03F34D4A82FB03121A44EE
S214008B00D211DB17D31AFB777B69FA6B02FB03F3F0
S214008B10474A82FB03121A44D211DB17D31ABB77DB
S214008B207B693A6C02FB03F3414A82FB03121A4448
S214008B30D211DB17D31A7B773B6A7B62FB7883F014
S214008B400103DBB2002B06D07B6A002B03D07B6AC6
S214008B50C3F128037B62FB7F002B05D1BB7F002B74
S214008B6002D17B7F002B0CD0B8687A687B6A1344EE
S214008B701C46B97FFA7F7B7F00930B462146FFF7A2
S214008B807DFBBB69BA6B02FB03F3294A82FB031227
S214008B901A44D211DB17D31AFB77BB69FA6B02FBB8
S214008BA003F3234A82FB03121A44D211DB17D31AAB
S214008BB0BB77BB693A6C02FB03F31D4A82FB0312C8
S214008BC01A44D211DB17D31A7B773B6A01337B62D8
S214008BD07B6A272B01DD00237B62FB7883F0010391
S214008BE0DBB2002B06D07B6A002B03D07B6AC3F176
S214008BF028037B62FB7F002B05D1BB7F002B02D1B5
S214008C007B7F002B0CD0B8687A687B6A13441C46BE
S214008C10B97FFA7F7B7F00930B462146FFF72EFB3A
S214008C2000BF2C37BD4690BD49D6B9F2F712DA4BD5
S214008C308180808080B586B000AFF860B9607A60C9
S214008C40FB687B61294A7968B86806F018F97B6981
S214008C501B7C002B01D0264B00E0264B1A46796879
S214008C60B86806F00CF97B695B7C1A047B699B7C10
S214008C701B0213437A69D27C13433B611E4A796810
S214008C80B86806F0FCF83A697968B86806F002FB3E
S214008C901A4A7968B86806F0F2F87B695B681A4683
S214008CA07968B86806F07AFB154A7968B86806F0FD
S214008CB0E6F87B699B681A467968B86806F06EFB2A
S214008CC0104A7968B86806F0DAF87B691B78002BDA
S214008CD001D0074B00E0074B1A467968B86806F0E3
S214008CE0CEF800BF1837BD4680BD00BF8C440100DB
S214008CF0984401009C440100A0440100AC440100DB
S214008D00B8440100C444010080B586B000AFF860E6
S214008D10B9607A60FB687B61144A7968B86806F0C7
S214008D20AEF87B691B7B002B01D0114B00E0114B8A
S214008D301A467968B86806F0A2F87B695B7B1A0465
S214008D407B699B7B1B0213437A69D27B13433B618F
S214008D50094A7968B86806F092F83A697968B86896
S214008D6006F098FA00BF1837BD4680BD8C44010057
S214008D70984401009C440100A044010080B483B0E4
S214008D8000AF03463960FB7197F90730002B0ADB0A
S214008D903B68DAB20C4997F907301201D2B20B449D
S214008DA083F800230AE03B68DAB20849FB7903F04F
S214008DB00F03043B1201D2B20B441A7600BF0C37E5
S214008DC0BD465DF8047B704700E100E000ED00E082
S214008DD080B400AF1B4B1B6803F08003002B05D04C
S214008DE0184B1B68174A23F080031360154BDB688B
S214008DF003F08003002B05D0124BDB68114A23F0EA
S214008E008003D3600F4B5B6903F08003002B05D013
S214008E100C4B5B690B4A23F080035361094BDB69FB
S214008E2003F08003002B05D0064BDB69054A23F0D0
S214008E308003D361BFF34F8F00BF00BFBD465DF810
S214008E40047B70470080034080B500AF234809F0DC
S214008E50E4F9234B00221A60214B1B68204A23F0BA
S214008E60980313601E4B1B681D4A23F0870313608C
S214008E701B4B00225A601A4B3C229A60184B102259
S214008E80DA60174B10225A61154B1022DA61144B28
S214008E900A221A61124B1A229A61114B33221A6265
S214008EA00F4BDB6843F040030D4A23F08003D3608A
S214008EB00B4B5B6943F04003094A23F08003536180
S214008EC0074BDB6943F04003054A23F08003D36178
S214008ED000212A20FFF752FF00BF80BD18003C107B
S214008EE00080034080B400AF134B00225A60124B40
S214008EF0DB6843F04003104A23F08003D3600E4B38
S214008F005B6943F040030C4A23F0800353610A4B2D
S214008F10DB6943F04003084A23F08003D361064B25
S214008F201B6823F09803044A43F00803136000BF4D
S214008F30BD465DF8047B70470080034080B400AFF8
S214008F40174B1B68164A23F098031360144BDB6814
S214008F50134A23F0C003D360114B5B69104A23F019
S214008F60C00353610E4BDB690D4A23F0C003D36187
S214008F700B4BDB680A4A23F08003D360084B5B691F
S214008F80074A23F080035361054BDB69044A23F04C
S214008F908003D36100BFBD465DF8047B704700BF09
S214008FA00080034080B582B000AF00237B6061E0A4
S214008FB0B64A7B6880335B01134400221A60B34ACA
S214008FC07B6880335B011344043300221A80AF4A67
S214008FD07B6880335B011344063300221A80AB4A59
S214008FE07B685B01134403F58053083300221A6044
S214008FF0A64A7B685B01134403F580530C330022BA
S2140090001A60A24A7B685B01134403F58053103351
S21400901000221A609D4A7B685B01134403F5805367
S214009020143300221A80994A7B685B01134403F5C7
S2140090308053163301221A80944A7B685B011344DE
S21400904003F58053183300221A60904A7B685B0150
S214009050134403F580531C3300221A808B4A7B6826
S2140090605B01134403F580531E3301221A807B688C
S21400907001337B607B68022B9ADD844B1B68834A36
S21400908043F080031360814B03F580531A46012397
S21400909093607E4B03F580531A46012393627B4B05
S2140090A003F580531A4601239364784B03F58053E7
S2140090B0DB889BB2754AC3F30A0399B202F5805364
S2140090C00A46DA80714B03F58053DB8C9BB26F4AFD
S2140090D0C3F30A0399B202F580530A46DA846B4B4F
S2140090E003F58053B3F846309BB2684AC3F30A03CD
S2140090F099B202F580530A46A3F84620634B03F55F
S214009100805300229A80614B03F5805301229A8493
S2140091105E4B03F580530022A3F844205B4B03F517
S2140091208053DB889BB2594A23F4E06399B202F578
S21400913080530A46DA80554B03F58053DB8C9BB28E
S214009140524A23F4E06399B202F580530A46DA8461
S2140091504E4B03F58053B3F846309BB24B4A23F48C
S214009160E06399B202F580530A46A3F846204848C1
S21400917009F053F8454B03F580531A46454B1361E7
S214009180424B03F580531A46434B13633F4B03F59C
S21400919080531A46414B13653C4B03F58053DB88DE
S2140091A09BB23A4A23F0F80399B202F580530A4676
S2140091B0DA80364B03F58053DB8C9BB2334A23F0C0
S2140091C0F80399B202F580530A46DA842F4B03F56A
S2140091D08053B3F846309BB22C4A23F0F80399B27A
S2140091E002F580530A46A3F84620284B03F5805321
S2140091F000229A82254B03F5805300229A86234B41
S21400920003F580530022A3F85420204B03F5805327
S214009210DB889BB21D4A23F0070399B202F5805300
S2140092200A46DA80194B03F58053DB8C9BB2174A4B
S21400923023F0070399B202F580530A46DA84134BEB
S21400924003F58053B3F846309BB2104A23F0070369
S21400925099B202F580530A46A3F846200B4B03F555
S21400926080539B8B9BB21BB243F008031AB2074B8A
S21400927092B203F580539A83044B03F580539B8F79
S2140092809BB21BB243F008030AE000BF0080004018
S2140092900C00381084F00F4080F00F4088F00F402C
S2140092A01AB2484B92B203F580539A87454B03F5A2
S2140092B08053B3F85C309BB21BB243F008031AB27B
S2140092C0404B92B203F58053A3F85C203E48F7F774
S2140092D035FC3D4B1B78DBB23B4A03F07F03DBB229
S2140092E01370394B5B78DBB2374A03F07F03DBB28F
S2140092F05370354B9B78DBB2334A03F07F03DBB207
S2140093009370314B1B78DBB22F4A23F04003DBB25D
S21400931013702D4B5B78DBB22B4A23F04003DBB295
S2140093205370294B9B78DBB2274A23F04003DBB20D
S2140093309370254B1B78DBB25BB223F03F035BB226
S21400934043F014035AB2204BD2B21A701E4B5B780D
S214009350DBB25BB223F03F035BB243F015035AB2B5
S214009360194BD2B25A70184B9B78DBB25BB223F023
S2140093703F035BB243F016035AB2134BD2B29A7055
S214009380114B1B78DBB25BB263F07F035AB20E4B15
S214009390D2B21A700C4B5B78DBB25BB263F07F0321
S2140093A05AB2094BD2B25A70074B9B78DBB25BB20B
S2140093B063F07F035AB2044BD2B29A7000BF0837EC
S2140093C0BD4680BD008000400010024080B586B0DB
S2140093D000AF786039609E4B00221A779C4B0122C2
S2140093E01A779B4B02221A77994A9A4B02F58052BB
S2140093F01360974B03F580531A467B681362944AB2
S214009400944B02F580521364914B03F58053DB8A2C
S2140094109BB21BB223F4FF4323F07F031AB23B68D0
S2140094201BB213431AB28A4B92B203F58053DA8208
S214009430874B03F58053DB8E9BB21BB223F4FF43AE
S21400944023F07F031AB23B681BB213431AB2804B59
S21400945092B203F58053DA867D4B03F58053B3F85A
S21400946056309BB21BB223F4FF4323F07F031AB29D
S2140094703B681BB213431AB2754B92B203F5805386
S214009480A3F85620724B03F58053DB8B9BB21BB2BE
S21400949023F4FF4323F07F031AB23B681BB2134347
S2140094A01AB26B4B92B203F58053DA83684B03F51E
S2140094B08053DB8F9BB21BB223F4FF4323F07F0362
S2140094C01AB23B681BB213431AB2614B92B203F551
S2140094D08053DA875E4B03F58053B3F85E309BB259
S2140094E01BB223F4FF4323F07F031AB23B681BB280
S2140094F013431AB2564B92B203F58053A3F85E207C
S214009500554B00225A60544BFF221A65524B1B687B
S214009510514A23F080031360504B1B78DBB25BB2DA
S21400952063F07F035AB24D4BD2B21A704B4B5B7846
S214009530DBB25BB263F07F035AB2484BD2B25A70CA
S214009540464B9B78DBB25BB263F07F035AB2434B69
S214009550D2B29A703E4B0222DA763D4B0122DA7680
S2140095603B4B0022DA763C4BFF221A653A4B1B68CF
S214009570394A23F080031360374BDB6843F001035E
S214009580354A23F08003D360334B5B6943F0010315
S214009590314A23F0800353612F4BDB6943F001030C
S2140095A02D4A23F08003D361FFF79CFC0023FB7554
S2140095B00A20F9F7F5FF0346BB75BB7D1846FAF798
S2140095C051F80346002B02D00123FB7526E0204B02
S2140095D003F580539B8B9BB203F080033B611C4BCF
S2140095E003F580539B8F9BB203F08003FB60184B00
S2140095F003F58053B3F85C309BB203F08003BB6086
S2140096003B69002B05D0FB68002B02D0BB68002B03
S21400961003D10120FDF7FCFBCFE700BFFFF78EFC70
S214009620BB7D1846F9F7FAFF0D4B1B68322202FB8A
S21400963003F30C4A934225D9094B1B68322202FBDE
S21400964003F3094A934211D206F055FA1AE000BF16
S2140096500080004045520100008003400010024098
S214009660080000203F420F00C0D8A7001F4B1B6811
S214009670322202FB03F31E4AA2FB03239B0C18466E
S214009680FAF722FF1B4B1B78DBB21A4A03F07F0364
S214009690DBB21370174B5B78DBB2164A03F07F031E
S2140096A0DBB25370134B9B78DBB2124A03F07F0396
S2140096B0DBB29370104BDB680F4A23F08103D36054
S2140096C00D4B5B690C4A23F0810353610A4BDB693F
S2140096D0094A23F08103D361FB7D002B01D00823C8
S2140096E000E0002318461837BD4680BD080000205D
S2140096F083DE1B43001002400080034080B582B02A
S21400970000AF786024220449786809F024FD00BF81
S2140097100837BD4680BD00BF8C51010080B400AF45
S214009720034B1B681846BD465DF8047B704700BFB8
S214009730B009002080B483B000AF7860044A7B682C
S214009740136000BF0C37BD465DF8047B704700BF52
S214009750B009002080B582B000AF084B1B683A1DE8
S2140097601146184607F098FD7B68012B0CBF0123B5
S2140097700023DBB218460837BD4680BDB40900207A
S21400978080B500AF044B186800230022002107F0C4
S214009790B2FB00BF80BD00BFB409002080B584B016
S2140097A000AF78606420FDF733FBFEF7CBFEFEF7D4
S2140097B0D7FE4FF4FA70FDF72BFB012009F0CEF828
S2140097C000F090F8F860F86809F014F9002200211B
S2140097D0012009F073F9FFF7D3FF0A4B1B684FF01F
S2140097E0FF31184607F0E5FEB860BB68012B05D1CF
S2140097F0FEF7A8FE09F05AF8FEF7B2FE1420FDF7B1
S21400980007FBEAE7B409002080B582B002AF16482D
S214009810FCF770FF00230193022300930023E1224C
S2140098201249134808F0BBF90346012B01D000BFCC
S214009830FDE703220021012007F04AFA03460D4AFD
S21400984013600C4B1B68002B01D100BFFDE7094BD2
S214009850186800230022002107F04DFB02F0ACF947
S214009860FDF7D6FB00BFFDE7B0510100CC44010078
S2140098709D970000B409002080B586B000AF3B1D60
S2140098801846F8F7FBFE01233B71084BBB60084BFC
S214009890FB6002233B613B1D184604F095FF034620
S2140098A0044A136000BF1837BD4680BD80F00F40E5
S2140098B000B00440B809002080B584B000AFF8605E
S2140098C0B9601346FB71064B1868FB79BA68F968ED
S2140098D008F02CFD034618461037BD4680BD00BF75
S2140098E0BC09002080B500AF054B1B68054A1278FE
S2140098F011461846FEF788FC0346184680BD00BF92
S214009900100000201500002080B5AAB000AFF86057
S214009910B9607A603B607A68B968F86808F05FFEFC
S214009920C7F8A4007A68B968F86808F072FE0346BB
S21400993087F8A330002387F8203007F12003324A47
S2140099408021184605F09BFA97F8A32007F120031C
S2140099508021184605F038FC07F120032B4A8021A9
S214009960184605F08CFA07F1200380221946D7F82E
S214009970A40003F00FFB07F12003254A80211846B8
S21400998005F07DFA07F11003224A1021184605F06B
S21400999051FAFB68DAB207F110031021184605F0F9
S2140099A081FB07F110032C221021184605F09AFAC5
S2140099B0BB68DAB207F110031021184605F072FBF7
S2140099C007F110032C221021184605F08BFA7B684D
S2140099D0DAB207F110031021184605F063FB07F111
S2140099E010030D4A1021184605F049FA3B685A68DC
S2140099F007F1200107F11003184605F0D6F900BF5D
S214009A00A837BD4680BD00BFD0440100D844010041
S214009A10F8460100E4440100EC44010080B5A8B01B
S214009A2000AFF860B9607A603B60002387F82030AA
S214009A3007F12003364A8021184605F0FBF97B68BB
S214009A40DBB21A46B968F868FFF736FF07F120035D
S214009A5080221946FFF7EEF807F120032D4A8021F1
S214009A60184605F00CFA7B68DBB21A46B968F86847
S214009A70FFF722FF07F1200380221946FFF744F97B
S214009A8007F12003244A8021184605F0F8F907F16B
S214009A901003224A1021184605F0CCF9FB68DAB20A
S214009AA007F110031021184605F0FCFA07F1100321
S214009AB02C221021184605F015FABB68DAB207F119
S214009AC010031021184605F0EDFA07F110032C22BA
S214009AD01021184605F006FA7B68DAB207F1100383
S214009AE01021184605F0DEFA07F110030C4A102183
S214009AF0184605F0C4F93B685A6807F1200107F1DB
S214009B001003184605F051F900BFA037BD4680BDCA
S214009B10F0440100F8440100F84601000045010049
S214009B20EC44010080B594B000AF78607B685B6859
S214009B301A465B495B4805F038F907F10C035A4AA8
S214009B404021184605F076F907F10C030222402161
S214009B50184605F0A7FA07F10C032A2240211846FA
S214009B6005F0C0F907F10C0301224021184605F064
S214009B7099FA07F10C032A224021184605F0B2F99B
S214009B8007F10C0302224021184605F08BFA07F174
S214009B900C03464A4021184605F071F97B685A685E
S214009BA007F10C031946424805F0FFF8414B5B6885
S214009BB0184606F059F8F864FB6C002B07D007F13E
S214009BC00C0340221946F86CF8F750FC06E007F143
S214009BD00C03394A4021184605F02CF907F10C030E
S214009BE0324A4021184605F04AF97B685A6807F160
S214009BF00C031946314805F0D8F807F10C03304A33
S214009C004021184605F016F92E4B1A6807F10C038A
S214009C104021184605F03EFB07F10C03234A40217D
S214009C20184605F02CF97B685A6807F10C031946AC
S214009C30254805F0BAF807F10C03214A40211846DA
S214009C4005F0F8F8214B1A7807F10C034021184666
S214009C5005F0BAFA07F10C03144A4021184605F03D
S214009C600EF97B685A6807F10C031946184805F088
S214009C709CF8FFF753FD0346184608F017FC03460A
S214009C80002B01D0134900E013497B685B681A4635
S214009C90124805F08AF8002318465037BD4680BDA6
S214009CA0084501001C45010024450100F846010056
S214009CB02C450100C4090020384501007C3601000F
S214009CC040450100100000204C4501001500002012
S214009CD054450100F83E0100F43B010064450100D4
S214009CE080B58AB000AFF860B9607A603B6007F173
S214009CF024031946F86805F069FB0346002B40F07C
S214009D00BD817B6A002BC0F2B9817B6A012B00F310
S214009D10B58107F120031946F86805F057FB03469E
S214009D20002B40F0AB813B6A002BC0F2A7813B6A58
S214009D30002B00F3A38107F11C031946F86805F011
S214009D4045FB0346002B40F09981FB69002BC0F2CF
S214009D509581FB69012B00F3918107F118031946E1
S214009D60F86805F033FB0346002B40F0878107F1C7
S214009D7014031946F86805F029FB0346002B40F04B
S214009D807D817B69002BC0F27981FB681B681B789C
S214009D90202B04D1FB681B685A1CFB681A60FB6802
S214009DA01B681B78002B0AD1BB6B00221A703B6C19
S214009DB001221A703B6C1A78FB6B1A7033E1FB6851
S214009DC01B680222A149184609F042FA0346002BF6
S214009DD00FD1FB681B689A1CFB681A60BB6B0122DC
S214009DE01A703B6C01221A703B6C1A78FB6B1A7067
S214009DF019E1FB681B6802229549184609F028FA03
S214009E000346002B0ED1FB681B689A1CFB681A6081
S214009E10BB6B01221A70FB6B00221A703B6C01228E
S214009E201A7000E1FB681B6802228A49184609F08E
S214009E300FFA0346002B0ED1FB681B689A1CFB68C2
S214009E401A60BB6B01221A70FB6B01221A703B6C06
S214009E5000221A70E7E0FB681B6802227E4918465B
S214009E6009F0F6F90346002B0FD1FB681B689A1C15
S214009E70FB681A60BB6B01221A703B6C00221A70DA
S214009E803B6C1A78FB6B1A70CDE0FB681B680222ED
S214009E907249184609F0DCF90346002B0FD1FB681F
S214009EA01B689A1CFB681A60BB6B02221A703B6C1C
S214009EB001221A703B6C1A78FB6B1A70B3E0FB68D1
S214009EC01B6802226649184609F0C2F90346002BB1
S214009ED00ED1FB681B689A1CFB681A60BB6B0222DB
S214009EE01A70FB6B00221A703B6C01221A709AE003
S214009EF0FB681B6802225B49184609F0A9F903466D
S214009F00002B0ED1FB681B689A1CFB681A60BB6BA3
S214009F1002221A70FB6B01221A703B6C00221A7028
S214009F2081E0FB681B6802224F49184609F090F949
S214009F300346002B0FD1FB681B689A1CFB681A604F
S214009F40BB6B02221A703B6C00221A703B6C1A78AC
S214009F50FB6B1A7067E0FB681B68022243491846D1
S214009F6009F076F90346002B0FD1FB681B689A1C94
S214009F70FB681A60BB6B00221A703B6C01221A70D9
S214009F803B6C1A78FB6B1A704DE0FB681B6802226C
S214009F903749184609F05CF90346002B0ED1FB68DA
S214009FA01B689A1CFB681A60BB6B00221A70FB6B5E
S214009FB000221A703B6C01221A7034E0FB681B68A2
S214009FC002222C49184609F043F90346002B0ED10D
S214009FD0FB681B689A1CFB681A60BB6B00221A7031
S214009FE0FB6B01221A703B6C00221A701BE0FB68A8
S214009FF01B6802222049184609F02AF90346002B5E
S21400A0000FD1FB681B689A1CFB681A60BB6B0022AA
S21400A0101A703B6C00221A703B6C1A78FB6B1A7035
S21400A02001E01B232BE07A6ABB681A603A6A7B68F9
S21400A0301A60FA693B681A60BA693B6B1A607B69FA
S21400A040DAB27B6B1A70002319E000BF704501007E
S21400A05074450100784501007C45010080450100FB
S21400A06084450100884501008C45010090450100AB
S21400A07094450100984501009C4501001B231846A5
S21400A0802837BD4680BD00BF80B582B000AF78607F
S21400A0907B685B681A465849584804F074FE7B682B
S21400A0A05B681A465649574804F06DFE7B685B6845
S21400A0B01A465549554804F066FE7B685B681A46A2
S21400A0C05349544804F05FFE7B685B681A46524961
S21400A0D0524804F058FE7B685B681A46504951485F
S21400A0E004F051FE7B685B681A464F494F4804F0FF
S21400A0F04AFE7B685B681A464D494E4804F043FEAC
S21400A1007B685B681A464C494C4804F03CFE7B680A
S21400A1105B681A464A494B4804F035FE7B685B6824
S21400A1201A464949494804F02EFE7B685B681A4681
S21400A1304749484804F027FE7B685B681A4646494C
S21400A140464804F020FE7B685B681A46444945484A
S21400A15004F019FE7B685B681A464349434804F0DE
S21400A16012FE7B685B681A464149424804F00BFEC3
S21400A1707B685B681A464049404804F004FE7B68EA
S21400A1805B681A463E493D4804F0FDFD7B685B6807
S21400A1901A463C493C4804F0F6FD7B685B681A4664
S21400A1A03A493B4804F0EFFD7B685B681A4639493C
S21400A1B0394804F0E8FD7B685B681A46374938483A
S21400A1C004F0E1FD7B685B681A463649364804F0C1
S21400A1D0DAFD7B685B681A463449354804F0D3FDDF
S21400A1E07B685B681A463349334804F0CCFD00238D
S21400A1F018460837BD4680BDA04501001C45010035
S21400A2002C36010050360100BC4501000046010016
S21400A2101846010038460100404601006846010025
S21400A220784601008C460100A4460100C0460100A5
S21400A230D0460100FC4601001047010028470100F7
S21400A240384701006447010078470100984701003D
S21400A250A8470100D4470100E8470100084801006C
S21400A2601848010044480100584801007848010099
S21400A2708C480100B8480100D0480100D03C0100DD
S21400A280044901007C490100A4490100BC490100C1
S21400A290E4490100FC490100604A0100704A0100DF
S21400A2A0904A0100984A0100C44A0100D84A0100B9
S21400A2B0F44A0100044B0100184B0100B0B5B2B0DF
S21400A2C006AFF860B9607A60002387F8AF309D4922
S21400A2D0F86808F052FF0346002B06D09A49F86843
S21400A2E008F04BFF0346002B08D1BB6801221A700A
S21400A2F07868FFF7C9FE034600F0B5BE9349F868D4
S21400A30008F03BFF0346002B06D09149F86808F09A
S21400A31034FF0346002B08D1BB6801221A70786808
S21400A320FFF700FC034600F09EBE8A49F86808F076
S21400A33024FF0346002B0BD1BB6801221A707868F5
S21400A34008F017FA786808F03EFA002300F08BBE93
S21400A35016228149F86808F07BFF0346002B5CD183
S21400A3600023FB67FB6FC7F88030D7F88030C7F84C
S21400A3708430BB6801221A70FB681633C7F8943025
S21400A38007F1840207F194031146184605F01EF8FB
S21400A3900346002B3ED1D7F88430002B3ADBD7F8A3
S21400A3A08430012B36DC07F1800207F19403114656
S21400A3B0184605F00BF80346002B2BD1D7F8803053
S21400A3C0002B27DBD7F88030002B23DC07F17C023C
S21400A3D007F194031146184604F0F8FF0346002BD5
S21400A3E018D1FB6F002B15DBFB6F012B12DCD7F8A7
S21400A3F08400D7F88010FA6F7B68FFF785FAD7F8E5
S21400A4008400D7F88010FA6F7B68FFF707FB0023FD
S21400A41000F029BE1B2300F026BE0C224F49F86828
S21400A42008F016FF0346002B23D1BB6801221A70E2
S21400A430FB680C33C7F8943007F17B0207F19403EE
S21400A4401146184605F072F80346002B0ED197F811
S21400A4507B300C2B0AD897F87B307A6842F2107162
S21400A460184608F0E3F8034600F0FDBD1B2300F095
S21400A470FABD09223A49F86808F0EAFE0346002BBE
S21400A48070D1BB6801221A70FB680933C7F8943094
S21400A490D7F894301B782C2B04D1D7F8943001339E
S21400A4A0C7F8943007F16C0407F1700207F17401E5
S21400A4B007F1940007F19203049307F193030393C3
S21400A4C007F19103029307F19003019307F18C03C0
S21400A4D000932346FFF704FC034687F8AF3097F84F
S21400A4E0AF30002B1DD17B6F396FFA6E184608F01F
S21400A4F076F80546D7F88C1097F8910097F89040B4
S21400A50097F8933097F892200192009323460246DC
S21400A510284608F0BAFD02F0CDFA002387F8AF30DF
S21400A52002E01B2387F8AF3097F8AF30002B04D13A
S21400A530D7F894301B782C2BAAD097F8AF3000F0C1
S21400A54092BD00BFDC3A0100284B0100EC3A010046
S21400A550344B0100444B01005C4B0100744B01007E
S21400A560844B01000922C249F86808F071FE0346D0
S21400A570002B5FD1BB6801221A70FB680933C7F84D
S21400A5809430D7F894301B782C2B04D1D7F894301D
S21400A5900133C7F8943007F1600407F1640207F14D
S21400A5A0680107F1940007F19203049307F19303FF
S21400A5B0039307F19103029307F19003019307F1C8
S21400A5C08C0300932346FFF78BFB034687F8AF30D8
S21400A5D097F8AF30002B1DD1BB6E796E3A6E1846D9
S21400A5E007F0FDFF0546D7F88C1097F8910097F80E
S21400A5F0904097F8933097F8922001920093234664
S21400A6000246284602F0D0FB02F054FA002387F8F0
S21400A610AF3002E01B2387F8AF3097F8AF30002B3F
S21400A62004D1D7F894301B782C2BAAD097F8AF30EB
S21400A63000F019BD09228F49F86808F009FE0346A4
S21400A640002B40F0AF80BB6801221A70FB6809330C
S21400A650C7F89430002387F8AF30D7F894301B78CB
S21400A6602C2B04D1D7F894300133C7F8943007F177
S21400A670580207F194031146184604F0A7FE034655
S21400A680002B7ED1BB6D002B7BDBBB6D012B78DCFA
S21400A69007F1540207F194031146184604F096FE9B
S21400A6A00346002B6DD17B6D002B6ADB7B6D002B88
S21400A6B067DC07F1500207F194031146184604F0D0
S21400A6C085FE0346002B5CD13B6D002B59DB3B6DB2
S21400A6D0012B56DC07F19403184605F0F6F9D7F877
S21400A6E09430C7F89C300023C7F8A83009E0D7F8A4
S21400A6F0A8300133C7F8A830D7F894300133C7F82C
S21400A7009430D7F894301B78002B04D0D7F89430C8
S21400A7101B782C2BEBD1D7F8A8300133184606F05F
S21400A720FCF80346FB65FB6D002B03D11B2387F863
S21400A730AF3033E0BB6D796D3A6D184607F04FFFCA
S21400A740C7F89800FB6DD7F8A820D7F89C101846D5
S21400A75008F0A9FDFA6DD7F8A830134400221A7045
S21400A760D7F8980008F0D5FC07F15C0100236422B6
S21400A77006F0C1FB0346012B06D01B2387F8AF303B
S21400A7800CE01B2387F8AF3097F8AF30002B05D1CD
S21400A790D7F894301B782C2B3FF45CAF97F8AF308B
S21400A7A000F061BC0E223449F86808F051FD0346FB
S21400A7B0002B2BD1BB6801221A70FB680E33C7F83A
S21400A7C09430D7F894302D49184608F0D6FC034646
S21400A7D0002B07D1012008F0C1F808F01EF800236E
S21400A7E000F041BCD7F894302549184608F0C5FC5F
S21400A7F00346002B07D1002008F0B0F808F00DF84B
S21400A800002300F030BC1B2300F02DBC0E221D4997
S21400A810F86808F01DFD0346002B35D1BB68012201
S21400A8201A70FB680E33C7F89430D7F89430134983
S21400A830184608F0A2FC0346002B07D1012008F0BA
S21400A8408CF907F0EAFF002300F00DBCD7F894302F
S21400A8500B49184608F091FC0346002B06D1002051
S21400A86008F07BF907F0D9FF0023FCE31B23FAE38B
S21400A870904B01009C4B0100A84B0100C84C010006
S21400A880D84C0100B84B01000A22A849F86808F025
S21400A890DFFC0346002B40F08880BB6801221A705C
S21400A8A0FB680A33C7F89430D7F894301B782C2B03
S21400A8B004D1D7F894300133C7F8943007F14C022E
S21400A8C007F194031146184604F080FD0346002B5A
S21400A8D05FD1FB6C002B5CDBFB6C012B59DC07F1BA
S21400A8E0480207F194031146184604F06FFD03462C
S21400A8F0002B4ED1BB6C002B4BDBBB6C002B48DC1B
S21400A90007F1440207F194031146184604F05EFD71
S21400A9100346002B3DD17B6C002B3ADB7B6C012B76
S21400A92037DC07F19403184605F0CFF8D7F89430D3
S21400A9307F49184608F021FC0346002B0ED1FB6C1D
S21400A940D8B2BB6CD9B27B6CDAB2012307F0E7FF52
S21400A95007F063FF002387F8AF301AE0D7F894308B
S21400A9607449184608F009FC0346002B0ED1FB6C10
S21400A970D8B2BB6CD9B27B6CDAB2002307F0CFFF3B
S21400A98007F04BFF002387F8AF3002E01B2387F861
S21400A990AF3097F8AF30002B04D1D7F894301B783F
S21400A9A02C2B81D097F8AF305DE30A226249F86815
S21400A9B008F04EFC0346002B40F08880BB6801225E
S21400A9C01A70FB680A33C7F89430D7F894301B78AF
S21400A9D02C2B04D1D7F894300133C7F8943007F104
S21400A9E0400207F194031146184604F0EFFC0346B4
S21400A9F0002B5CD13B6C002B59DB3B6C012B56DCEF
S21400AA0007F13C0207F194031146184604F0DEFCF9
S21400AA100346002B4BD1FB6B002B48DBFB6B002B5C
S21400AA2045DC07F1380207F194031146184604F096
S21400AA30CDFC0346002B3AD1BB6B002B37DBBB6B40
S21400AA40012B34DC07F19403184605F03EF8D7F8DE
S21400AA5094303749184608F090FB0346002B0CD17B
S21400AA60386CF96BBB6BDAB2012308F05BF807F0C1
S21400AA70D4FE002387F8AF301CE0D7F894302D4979
S21400AA80184608F07AFB0346002B0CD1386CF96B9D
S21400AA90BB6BDAB2002308F045F807F0BEFE0023D1
S21400AAA087F8AF3006E01B2387F8AF3002E01B23A1
S21400AAB087F8AF3097F8AF30002B04D1D7F8943032
S21400AAC01B782C2B81D097F8AF30CCE20E221B4996
S21400AAD0F86808F0BDFB0346002B31D1BB680122A5
S21400AAE01A70FB680E33C7F8943007F1890307F134
S21400AAF08A0207F18B0107F1940004F03DFF03463C
S21400AB00002B10D197F88B301A0497F88A301B0266
S21400AB10134397F889201343184607F06BFF07F096
S21400AB207CFE00239FE21B239DE200BFC84B010072
S21400AB30C84C0100D84C0100D44B0100E04B01008A
S21400AB400E22AC49F86808F083FB0346002B22D19E
S21400AB50BB6801221A70FB680E33C7F8943007F101
S21400AB60890307F18A0207F18B0107F1940004F0CC
S21400AB7003FF0346002B0CD197F88B3097F88A100A
S21400AB8097F88920184607F099FF07F046FE00233D
S21400AB9069E21B2367E20A229749F86808F058FB27
S21400ABA00346002B7DD1BB6801221A70FB680A336E
S21400ABB0C7F89430D7F894301B782C2B04D1D7F8EC
S21400ABC094300133C7F8943007F1340207F1940348
S21400ABD01146184604F0FAFB0346002B4BD17B6B5C
S21400ABE0002B48DB7B6B012B45DC07F1300207F1BD
S21400ABF094031146184604F0E9FB0346002B3AD1AD
S21400AC003B6B002B37DB3B6B002B34DC07F12C0255
S21400AC1007F194031146184604F0D8FB0346002BB0
S21400AC2029D1FB6A002B26DBFB6A012B23DC07F10C
S21400AC30890307F18A0207F18B0107F1940004F0FB
S21400AC409BFE0346002B16D17B6BD8B23B6BD9B26A
S21400AC50FB6ADCB297F88B301A0497F88A301B022E
S21400AC60134397F889201343224607F0A5FE0023D6
S21400AC7087F8AF3002E01B2387F8AF3007F1940364
S21400AC80184604F022FF97F8AF30002B04D1D7F80F
S21400AC9094301B782C2B8DD007F0BFFD97F8AF3083
S21400ACA0E1E10A225549F86808F0D2FA0346002B7B
S21400ACB079D1BB6801221A70FB680A33C7F8943052
S21400ACC0D7F894301B782C2B04D1D7F89430013366
S21400ACD0C7F8943007F1280207F194031146184686
S21400ACE004F074FB0346002B47D1BB6A002B44DB01
S21400ACF0BB6A012B41DC07F1240207F194031146DD
S21400AD00184604F063FB0346002B36D17B6A002B03
S21400AD1033DB7B6A002B30DC07F1200207F194035B
S21400AD201146184604F052FB0346002B25D13B6A19
S21400AD30002B22DB7B6A012B1FDC07F1890307F15E
S21400AD408A0207F18B0107F1940004F015FE034612
S21400AD50002B12D1B86A796A3C6A97F88B5097F83C
S21400AD608A3097F88920019200932B46224607F0F6
S21400AD708EFE002387F8AF3002E01B2387F8AF3043
S21400AD8007F19403184604F0A0FE97F8AF30002BA6
S21400AD9004D1D7F894301B782C2B91D007F03DFDCA
S21400ADA097F8AF305FE112221549F86808F050FABC
S21400ADB00346002B28D1BB6801221A70FB681233A9
S21400ADC0C7F8943007F194030E49184604F05AFE6B
S21400ADD00346002B01D01B2345E1FEF783FDC7F891
S21400ADE0A000D7F8A00007F005FE07F016FD002328
S21400ADF039E100BFF04B0100004C01000C4C010093
S21400AE00184C01001000002017229949F86808F035
S21400AE101FFA0346002B29D1BB6801221A70FB6873
S21400AE201733C7F8943007F11C0207F19403114654
S21400AE30184604F0CBFA0346002B15D1FB69002B0D
S21400AE4012DBFB69FF2B0FDCFB69DAB2894B1A7049
S21400AE50FEF748FDC7F8A400D7F8A40007F0CAFD1F
S21400AE6007F0DBFC0023FEE01B23FCE011228249F6
S21400AE70F86808F0EDF90346002B5CD1BB680122A8
S21400AE801A70FB681133C7F8943007F1180207F1FF
S21400AE9094031146184604F099FA0346002B48D14D
S21400AEA0BB69002B45DBBB69012B42DC07F11402B2
S21400AEB007F194031146184604F088FA0346002B5F
S21400AEC037D17B69002B34DB7B69002B31DC07F143
S21400AED0100207F194031146184604F077FA034669
S21400AEE0002B26D13B69002B23DB3B69012B20DCA2
S21400AEF007F1890307F18A0207F18B0107F1940035
S21400AF0004F03AFD0346002B13D1B86979693B6912
S21400AF10DCB297F88B5097F88A3097F88920019220
S21400AF2000932B46224607F092FD07F076FC00239E
S21400AF3099E01B2397E05149F86808F01EF903468C
S21400AF40002B0AD14E4B186800230022002105F082
S21400AF50D2FFBB6801221A7083E04A49F86808F0FD
S21400AF600CF90346002B06D1BB6801221A7007F0C5
S21400AF70A3FB034677E04449F86808F0FEF803466A
S21400AF80002B0AD1BB6801221A70404B5B68012176
S21400AF90184604F080FE002365E03D49F86808F096
S21400AFA0ECF80346002B0AD1BB6801221A70374B17
S21400AFB05B680021184604F06EFE002353E0354916
S21400AFC0F86808F0DAF80346002B0BD1BB680122BC
S21400AFD01A70FEF7A3FB03460121184607F092FA03
S21400AFE0002340E02C49F86808F0C7F80346002B19
S21400AFF00BD1BB6801221A70FEF790FB03460021B6
S21400B000184607F07FFA00232DE02449F86808F078
S21400B010B4F80346002B11D1BB6801221A707A6877
S21400B02042F210710C2007F001FBFEF777FB034697
S21400B0300021184607F066FA002314E01849F8685D
S21400B04008F09BF80346002B0BD1BB6801221A7050
S21400B050FEF764FB03460121184607F053FA002367
S21400B06001E097F8AF301846B037BD46B0BD00BF18
S21400B0702C4C010015000020444C0100584C0100E7
S21400B080C0090020644C0100704C0100C409002077
S21400B090844C0100984C0100A84C0100BC4C0100F7
S21400B0A0CC4C010080B5A4B000AFF8F743F9386780
S21400B0B00023C7F88C30B3E10023C7F88830A5E139
S21400B0C00023C7F8843097E1D7F88420D7F8881093
S21400B0D0D7F88C0007F083FAF866F86E07F0BDFF25
S21400B0E00346002B00F08381F86E08F012F8B8666D
S21400B0F007F1640300221946B86E06F086F9034687
S21400B100012B40F074813B1DCE4A6021184603F0A7
S21400B11091FE7B6E1B78612B03D07B6E1B78722BA7
S21400B12043D17B6E01331B78202B3ED17B6E1A7881
S21400B1303B1D6021184603F0D5FE3B1D20226021F2
S21400B140184603F0CFFED7F88C30DAB23B1D6021EC
S21400B150184603F0A7FF3B1D20226021184603F087
S21400B160C1FED7F88830DAB23B1D6021184603F0DE
S21400B17099FF3B1D20226021184603F0B3FED7F846
S21400B1808430DAB23B1D6021184603F08BFF3B1D6E
S21400B19020226021184603F0A5FE7B6E9A1C3B1DFC
S21400B1A06021184603F06BFE13E17B6E0322A6496E
S21400B1B0184608F04DF80346002B3CD13B1DA24A2A
S21400B1C06021184603F05BFED7F88C30DAB23B1DE0
S21400B1D06021184603F066FF3B1D202260211846BA
S21400B1E003F080FED7F88830DAB23B1D602118469F
S21400B1F003F058FF3B1D20226021184603F072FE24
S21400B200D7F88430DAB23B1D6021184603F04AFFB7
S21400B2103B1D20226021184603F064FE7B6EDA1C7C
S21400B2203B1D6021184603F02AFE3B1D8749184641
S21400B23004F0A2FACDE07B6E03228549184608F09A
S21400B24007F80346002B3CD13B1D814A6021184677
S21400B25003F015FED7F88C30DAB23B1D6021184695
S21400B26003F020FF3B1D20226021184603F03AFE23
S21400B270D7F88830DAB23B1D6021184603F012FF7B
S21400B2803B1D20226021184603F02CFED7F88430A0
S21400B290DAB23B1D6021184603F004FF3B1D202256
S21400B2A06021184603F01EFE7B6EDA1C3B1D6021F3
S21400B2B0184603F0E4FD3B1D6449184604F05CFAAA
S21400B2C087E07B6E03226349184607F0C1FF0346FA
S21400B2D0002B37D13B1D5F4A6021184603F0CFFD97
S21400B2E0D7F88C30DAB23B1D6021184603F0DAFE40
S21400B2F03B1D20226021184603F0F4FDD7F8883065
S21400B300DAB23B1D6021184603F0CCFE3B1D20221E
S21400B3106021184603F0E6FDD7F88430DAB23B1D0C
S21400B3206021184603F0BEFE3B1D20226021184611
S21400B33003F0D8FD7B6EDA1C3B1D6021184603F037
S21400B3409EFD46E07B6E03224349184607F080FFC9
S21400B3500346002B37D13B1D3F4A6021184603F0B9
S21400B3608EFDD7F88C30DAB23B1D6021184603F00C
S21400B37099FE3B1D20226021184603F0B3FDD7F846
S21400B3808830DAB23B1D6021184603F08BFE3B1D69
S21400B39020226021184603F0A5FDD7F88430DAB2E3
S21400B3A03B1D6021184603F07DFE3B1D20226021D8
S21400B3B0184603F097FD7B6EDA1C3B1D602118468D
S21400B3C003F05DFD05E07A6E3B1D6021184603F034
S21400B3D056FD0023FB70F91C3B1D3A6F1846FEF71E
S21400B3E06DFF0346002B7B6E1846FBF7C3F8D7F8B5
S21400B3F084300133C7F88430D7F88430012B7FF7C8
S21400B40063AED7F888300133C7F88830D7F888306D
S21400B410002B7FF755AED7F88C300133C7F88C3049
S21400B420D7F88C30012B7FF747AE0023C7F8803063
S21400B4300023FB6734E00023BB672BE000237B6719
S21400B44022E000BFDC4C0100E44C0100743A01002D
S21400B450E84C0100EC4C0100F04C01007A6FB96F2B
S21400B460F86F07F0BCF8F866F86E07F052FEB8669C
S21400B470B86E06F090F90246D7F880301344C7F845
S21400B48080307B6F01337B677B6F012BE6DDBB6F04
S21400B4900133BB67BB6F002BD0DDFB6F0133FB674F
S21400B4A0FB6F012BC7DDD7F88030002B14BF0123BC
S21400B4B00023DBB218469037BD4680BD80B584B009
S21400B4C000AF78600C4B1B684FF0FF31184606F053
S21400B4D070F8F860FB68012BF4D1FFF7E3FD034634
S21400B4E0FB72FB7A002B02D00A20FBF791FCFB7A5A
S21400B4F0002BF2D1E6E700BFC009002080B5C4B03B
S21400B50000AF07F168031846F9F74CF807F15C033B
S21400B510184601F0B5FA07F128031846FEF7EEF8CC
S21400B520012387F86830894BFB66894B3B671323FA
S21400B5307B67884BC7F88030874BC7F88430112369
S21400B540C7F88830834BC7F89030834BC7F89430E1
S21400B5501023C7F898307F4BC7F8A4307E4BC7F847
S21400B560A8301223C7F8AC307A4BC7F8B4307A4B01
S21400B570C7F8B8301323C7F8BC30784BC7F8C830C4
S21400B580774BC7F8CC300123C7F8D030734BC7F8D9
S21400B590D830734BC7F8DC300023C7F8E030714B67
S21400B5A0C7F8EC30704BC7F8F0300523C7F8F43016
S21400B5B06C4BC7F8FC306C4BC7F800310423C7F857
S21400B5C0043107F16803184604F09AFA03467B66CE
S21400B5D07B6E664A5360654B01221A707B6E634A27
S21400B5E0D360624B00221A727B6E604A53615F4BD7
S21400B5F003221A747B6E5D4AD3615C4B02221A7674
S21400B6005B4B3B66594BFB6507F15C03184607F03E
S21400B61099FC0346FB64574BFB6507F15C03184631
S21400B62007F090FC03463B65534BFB6507F15C0354
S21400B630184607F087FC03467B65504BFB6507F111
S21400B6405C03184607F07EFC0346BB6507F0D2FA9B
S21400B650034687F82830012387F82930FB6CFB6205
S21400B6603B6D3B637B6D7B63BB6DBB6307F1140374
S21400B6701846FDF729F90523BB610023FB6100236B
S21400B6803B7507F11403184606F091FC0346FB636E
S21400B69007F11403184606F08AFC03463B640623AB
S21400B6A0BB6107F11403184606F081FC03467B6471
S21400B6B007F11403184606F07AFC0346BB6407F14C
S21400B6C02803184606F0CBFD03462D4A13603B467A
S21400B6D01846F6F7BBFE07F58873A3F588731B4A72
S21400B6E05A6007F58873A3F58873194A9A6007F5B8
S21400B6F08873A3F588731222DA6007F58873A3F5BA
S21400B700887301225A7007F58873A3F588730022A0
S21400B7101A703B46184602F01EFFC7F80C01184B7D
S21400B7201B68D7F80C11184606F0DCFE144B1B6895
S21400B7300021184606F0E6FE7B6E1846F8F742FF34
S21400B74000BF07F58877BD4680BD00BF00F00F40FC
S21400B7500090044000F10F4000D0044040F00F403D
S21400B76000A00440C0F00F4000C00440C409002000
S21400B7707D250100CC090020D4090020DC0900202A
S21400B780BC09002080B500AFFFF7B8FE034B1B686E
S21400B7901846FDF7CFFF00BF80BD00BFBC090020E4
S21400B7A080B582B002AF00230193032300930023E9
S21400B7B0C8220E490E4806F0F2F90346012B01D0C6
S21400B7C000BFFDE703220021012005F081FA0346B1
S21400B7D0084A1360074B1B68002B01D100BFFDE72A
S21400B7E0FFF7D0FF00BFBD4680BD00BFF44C010090
S21400B7F0BDB40000C009002080B584B000AFF8607A
S21400B800B96011461A460B46FB711346BB710D4ACA
S21400B810B968F86803F00EFBFB791A46B968F86851
S21400B82003F040FCBB791A46B968F86803F03AFCA6
S21400B8303B7E1A46B968F86803F034FC00BF103740
S21400B840BD4680BD004D010080B582B000AF786077
S21400B850074B012207490848F9F776FF0346DAB294
S21400B8607B681A70002318460837BD4680BD00BFA7
S21400B870084D0100184D0100204D010080B582B032
S21400B88000AF0346FB71FA79044B0549054804F0FE
S21400B8902FFF002318460837BD4680BD084D01001F
S21400B8A0184D0100204D010080B582B000AF7860D1
S21400B8B0074B002207490848F9F746FF03461A4691
S21400B8C07B681A60002318460837BD4680BD00BF57
S21400B8D0084D0100284D0100304D010080B582B0B2
S21400B8E000AF78607A68054B0549064804F000FF0B
S21400B8F0002318460837BD4680BD00BF084D01002E
S21400B900284D0100304D010090B589B002AF0446C5
S21400B910084611461A462346FB710346BB710B4682
S21400B9207B7113463B71B979FA7907F108007B7988
S21400B93000930B461021FFF75FFF3B791A4607F18D
S21400B9400800044B044904F0D3FE002318461C37B5
S21400B950BD4690BD084D0100344D010080B596B03F
S21400B96000AF78607B685B681A464349434803F03B
S21400B9701CFA07F113031846FFF766FF034687F81D
S21400B980573097F85730002B15D107F114033C4A6F
S21400B9904021184603F04EFAFA7C07F114034021C2
S21400B9A0184603F011FC07F11403364A40211846E6
S21400B9B003F065FA06E007F11403334A40211846FF
S21400B9C003F038FA7B685A6807F1140319462F48C3
S21400B9D003F0EBF907F10C031846FFF765FF034683
S21400B9E087F8573097F85730002B30D107F11403FB
S21400B9F0234A4021184603F01DFAFA6807F114039B
S21400BA004021184603F07CFC07F11403204A40212D
S21400BA10184603F034FAFB6803F00103002B07D046
S21400BA2007F114031B4A4021184603F028FA06E0E3
S21400BA3007F11403184A4021184603F020FA07F1CC
S21400BA401403104A4021184603F019FA06E007F1DD
S21400BA5014030D4A4021184603F0ECF97B685A6837
S21400BA6007F1140319460D4803F09FF90023184602
S21400BA705837BD4680BD00BF3C4D0100684D0100F3
S21400BA8038420100F8460100704D0100784D010073
S21400BA90884D0100904D0100944D01000C3F0100BF
S21400BAA080B582B000AF78607B685B681A460B4949
S21400BAB00B4803F068F97B685B681A4609490A4830
S21400BAC003F061F97B685B681A460849084803F08A
S21400BAD05AF9002318460837BD4680BD984D010028
S21400BAE0684D01002C36010050360100B44D0100AF
S21400BAF0C04D010080B586B000AFF860B9607A60CE
S21400BB002849F86807F039FB0346002B06D026497B
S21400BB10F86807F032FB0346002B07D1BB6801220A
S21400BB201A707868FFF7BCFF034637E01F49F868CD
S21400BB3007F023FB0346002B06D01D49F86807F0E4
S21400BB401CFB0346002B07D1BB6801221A707868DD
S21400BB50FFF704FF034621E00A221649F86807F0BB
S21400BB6077FB0346002B18D1BB6801221A70FB68CE
S21400BB700B337B6107F1100207F1140311461846D8
S21400BB8003F024FC0346002B05D13B691846FFF75B
S21400BB90A5FE034602E01B2300E0002318461837E4
S21400BBA0BD4680BDDC3A0100D04D0100EC3A0100F4
S21400BBB0DC4D0100E84D010080B500AF1C4806F0E2
S21400BBC0FFFF02F05FFEF7F70DFAF8F7CFFC02F082
S21400BBD05CFB03F09BFE02F04EFE02F0D7FD02F087
S21400BBE095FEF7F78DFDF9F701FAFDF745FE00F033
S21400BBF0DFFE04F05BF907F0A8FA06F0ABFC00F0F5
S21400BC00CDFDF8F775F9FFF7CBFD06F020FB06F043
S21400BC10C8F9FCF7EFFA06F0CCFFF6F7FFFB4FF497
S21400BC2000614FF4FC30F6F7B5F900BF80BD00BFE9
S21400BC300A00381080B582B000AF0346FB71044B93
S21400BC405B68FA791046984700BF0837BD4680BD46
S21400BC50B050010080B582B000AF0346FB710C4BBC
S21400BC601B684FF0FF31184605F00EF90346012B0E
S21400BC7009D1084B5B68FA7910469847044B1B6855
S21400BC80184605F0CCF800BF0837BD4680BD00BF9B
S21400BC90E4090020B050010080B582B000AF7860A3
S21400BCA00B4B1B684FF0FF31184605F0EDF80346C6
S21400BCB0012B08D1074B1B6878689847044B1B6814
S21400BCC0184605F0ACF800BF0837BD4680BD00BF7B
S21400BCD0E4090020B050010080B582B000AF002318
S21400BCE0FB710C4B1B684FF0FF31184605F0CCF883
S21400BCF00346012B09D1084BDB6898470346FB71C6
S21400BD00044B1B68184605F08AF8FB791846083776
S21400BD10BD4680BDE4090020B050010080B582B069
S21400BD2000AF786006E008497B685A1C7A601B788A
S21400BD30184688477B681B78002BF4D100BF00BFED
S21400BD400837BD4680BD00BF35BC000080B588B052
S21400BD5000AFF8607A603B600B46FB72FB7A402BC4
S21400BD6002D1FB6800221A70FB681B78052B00F2D4
S21400BD70F68001A252F823F091BD0000B5BD000088
S21400BD80BFBD00001DBE000077BE0000C3BE0000A1
S21400BD907B6800221A70FB7A402B09D1FB7A1A4680
S21400BDA03968786803F09EF8FB6801221A70D7E0BD
S21400BDB00023D6E0FB6802221A700023D1E0FB7A4B
S21400BDC01A463968786803F08DF8FB7A202B1DD167
S21400BDD07B680133BB6107F1170207F118031146B0
S21400BDE0184603F056FC0346002B0BD106F002FF64
S21400BDF003461A46FB7D9A4204D1FB6803221A705A
S21400BE000023AEE0FB6800221A7005E0FB7A0A2BDE
S21400BE1002D1FB6800221A700023A2E0FB7A1A46C1
S21400BE203968786803F05EF8FB7A202B1BD17B68B4
S21400BE300433BB6107F1170207F1180311461846D1
S21400BE4003F027FC0346002B09D1FB7D97F828203A
S21400BE509A4204D1FB6804221A70002381E0FB6832
S21400BE6000221A7005E0FB7A0A2B02D1FB6800223A
S21400BE701A70002375E0FB7A1A463968786803F072
S21400BE8031F8FB7A202B14D17B680733BB6107F1AE
S21400BE9018033649184603F0FCFB0346002B04D172
S21400BEA0FB6805221A7000235BE0FB6800221A700C
S21400BEB005E0FB7A0A2B02D1FB6800221A700023E9
S21400BEC04FE0FB7A1A463968786803F00BF8FB7A7D
S21400BED00A2B42D17B680A33BB61BB6924491846EA
S21400BEE007F04BF90346002B14D17B680C33002275
S21400BEF01A70786806F0F1FE0346FB77FB680022AE
S21400BF001A701A4B1B78FA7F9A4201D1012328E057
S21400BF10022326E01749786807F02FF90346002B1E
S21400BF2014D17B680D3300221A70786806F0D5FEAF
S21400BF300346FB77FB6800221A700C4B1B78FA7FCF
S21400BF409A4201D102230CE002230AE0FB7A0A2B74
S21400BF5003D1FB6800221A7002E0002301E000BF54
S21400BF6002E718462037BD4680BD00BFB70C00204C
S21400BF70F44D0100F84D010080B58EB002AFF860B8
S21400BF807A603B600B46FB7207F1140300221A60CE
S21400BF905A609A60DA601A615A610023BB743B6883
S21400BFA0002B26D07B68002B23D0284B00221A704B
S21400BFB03B681B6807F1130210469847FB7C002B72
S21400BFC014D0FB7C1A464FF40071204802F08AFF1A
S21400BFD0FB7C0A2B0AD11D4B1B78402B03D07968BB
S21400BFE01A4806F0FCFE194B00221A70FB7C002B48
S21400BFF0DED1F7F7F9FB0346FB74FB7C002B17D06A
S21400C000F97C07F1140207F11200FB7A009318235B
S21400C010FFF79CFE034687F82F3097F82F30012B4A
S21400C02003D097F82F30022BB9D197F82F3009E0BC
S21400C0303220FAF7EDFEFB68323BFB60FB68002B14
S21400C040ADDC032318463037BD4680BDE809002026
S21400C05080B5B8B000AFB9607A603B600346FB734A
S21400C060002387F8DF30D7F8EC30002B02D16A4B7C
S21400C070C7F8EC3006F0BEFD03461A46FB7B93423B
S21400C08002D0FB7B002B0AD10122D7F8E810B86853
S21400C09000F016FCFB7B002B01D00023B7E007F175
S21400C0A014035E4AC821184602F0C4FEFA7B07F164
S21400C0B01403C821184603F087F807F1140320225A
S21400C0C0C821184602F00EFF06F094FD03461A46F5
S21400C0D007F11403C821184603F076F807F1140395
S21400C0E02022C821184602F0FDFE07F114030022A4
S21400C0F0C821184603F068F807F11403484AC82117
S21400C100184602F0BCFE07F11403BA68C8211846A8
S21400C11002F0B5FE07F11403184606F0DEFD0346EE
S21400C12087F8DE3097F8DE301B0987F8DD3097F8A1
S21400C130DD30092B01D8302200E0372297F8DD30B9
S21400C1401344DBB2FB7697F8DE3003F00F0387F874
S21400C150DD3097F8DD30092B01D8302200E0372299
S21400C16097F8DD301344DBB23B772E4B1B684FF05D
S21400C170FF31184604F088FE0346012B45D1F7F739
S21400C18027FB07F114031846FFF7C8FD2648FFF7FC
S21400C190C5FDFB7B002B03D1002387F8DF302FE0A3
S21400C1A06420FAF735FEF97BD7F8EC30D7F8E820AC
S21400C1B07868FFF7E1FE034687F8DC3097F8DC3056
S21400C1C0012B03D1002387F8DF3019E097F8DC3025
S21400C1D0032B03D10C2387F8DF3006E097F8DC301A
S21400C1E0022B02D1142387F8DF303B68002B03D1E3
S21400C1F01B2387F8DF3003E03B68013B3B60BEE76C
S21400C200084B1B68184604F00AFE97F8DF301846FD
S21400C210E037BD4680BD00BFE8510100004E01007A
S21400C220044E0100E4090020F83C010080B586B009
S21400C23000AF78607B685B681A461449144802F0C1
S21400C240B4FD07F10803134A1021184602F0F2FD68
S21400C25006F0D0FC03461A4607F1080310211846DC
S21400C26002F0B2FF07F108030B4A1021184602F04D
S21400C27006FE7B685A6807F108031946074802F06D
S21400C28094FD002318461837BD4680BD0C4E0100AD
S21400C290204E010038420100F8460100244E0100FD
S21400C2A080B582B000AF78607B685B681A4612493A
S21400C2B0124802F068FD7B685B681A461049114810
S21400C2C002F061FD7B685B681A460F490F4802F072
S21400C2D05AFD7B685B681A460D490E4802F053FD0E
S21400C2E07B685B681A460C490C4802F04CFD00233C
S21400C2F018460837BD4680BD403F0100204E01006D
S21400C3002C360100503601002C4E0100444E010030
S21400C310544E0100744E0100844E0100C44E0100CC
S21400C32080B5BAB002AFF860B9607A605E49F86866
S21400C33006F023FF0346002B06D05C49F86806F09B
S21400C3401CFF0346002B07D1BB6801221A707868D1
S21400C350FFF7A6FF0346A3E05549F86806F00DFF71
S21400C3600346002B06D05349F86806F006FF03463E
S21400C370002B07D1BB6801221A707868FFF756FFBA
S21400C38003468DE008224C49F86806F061FF034634
S21400C390002B23D1BB6801221A70FB680833C7F84C
S21400C3A0DC3007F1D80207F1DC031146184603F02B
S21400C3B00DF80346002B0FD1D7F8D830002B0BDB37
S21400C3C0D7F8D830FF2B07DCD7F8D830DBB21846C2
S21400C3D0FFF754FA034663E01B2361E0082237495F
S21400C3E0F86806F035FF0346002B0BD1BB68012228
S21400C3F01A70FB6808331846FFF790FC3048FFF7C2
S21400C4008DFC4CE00B222F49F86806F021FF03460E
S21400C410002B44D1BB6801221A70FB680B33C7F8A7
S21400C420DC3007F1D80207F1DC031146184602F0AB
S21400C430CDFF0346002B30D104E0D7F8DC300133C3
S21400C440C7F8DC30D7F8DC301B78202BF5D0D7F8CF
S21400C450DC301B78222B10D107F1100107F1DC032A
S21400C460C822184603F0AAF90346002B01D01B2366
S21400C47016E007F11003C7F8DC30D7F8D830D8B28A
S21400C480D7F8DC10104B01937B680093002342F230
S21400C4901072FFF7DDFD034602E01B2300E00023D9
S21400C4A01846E037BD4680BDDC3A0100DC4E010090
S21400C4B0EC3A0100E44E0100F04E0100FC4E010093
S21400C4C0F83C0100084F0100E851010080B58CB02F
S21400C4D000AF0346FB710B46BB7113467B71BB79FD
S21400C4E0002B75D007F10C033B4A2021184602F0BA
S21400C4F0A1FCFA7907F10C032021184602F064FE2D
S21400C50007F10C0320222021184602F0EBFC06F06F
S21400C51071FB03461A4607F10C032021184602F069
S21400C52053FE07F10C0320222021184602F0DAFC05
S21400C53007F10C0300222021184602F045FE7B7905
S21400C540002B07D107F10C03244A2021184602F0DD
S21400C55096FC06E007F10C03214A2021184602F05B
S21400C5608EFC07F10C03184606F0B7FB034687F867
S21400C5702F3097F82F301B0987F82E3097F82E307B
S21400C580092B01D8302200E0372297F82E301344CA
S21400C590DBB2FB7497F82F3003F00F0387F82E30CA
S21400C5A097F82E30092B01D8302200E0372297F872
S21400C5B02E301344DBB23B7507F10C030A22202110
S21400C5C0184602F08FFC07F10C031846FFF7A6FB8F
S21400C5D000BF3037BD4680BD004E0100144F01003D
S21400C5E0184F010080B586B000AF78605F4B002220
S21400C5F01A7002E00A20FAF70BFC5D4BDB689847DE
S21400C600034683F00103DBB2002BF3D1594AC8215D
S21400C610564802F010FB0346002BEED1FF23FB73B7
S21400C620FF23BB73514B1B78402B40F090804F4844
S21400C63006F0E7FD03460A2B40F2898007F10E0359
S21400C64007F10F0207F11001484806F067FB0346A2
S21400C650FB75FB7D142B09D1474B14221A70FB7B0C
S21400C660B97BFA7D1846FFF731FF79E0FB7D002B9A
S21400C67076D11B23FB753B694049184606F07DFDC5
S21400C6800346002B0CD13C4B1B78FB75FB7BB97B20
S21400C690FA7D1846FFF71AFF374B00221A705FE044
S21400C6A03B693749184606F068FD0346002B14D14F
S21400C6B0FDF734F80346184605F06AFE0346002BDD
S21400C6C002D00023FB7501E01B23FB75FB7BB97BC7
S21400C6D0FA7D1846FFF7FAFE42E03B690522294933
S21400C6E0184606F0B5FD0346002B22D1F7F770F882
S21400C6F03B6905333B61BB7B002B08D13B690122BC
S21400C7002149184600F0DCF80346FB7507E03B6954
S21400C71001221E49184600F0D3F80346FB75164A58
S21400C720FB7D1370FB7BB97BFA7D1846FFF7CEFEC8
S21400C73016E03B691649184606F01FFD0346002B17
S21400C7400ED03B691349184606F017FD08E0124A5A
S21400C750C821064802F093FB044800F069F800E0A0
S21400C76000BF024B00221A7047E700BFE80B00200C
S21400C770B0500100E8510100B80C0020204F010025
S21400C780304F0100044E0100D8510100C85101008D
S21400C790144F0100184F0100F846010080B582B022
S21400C7A002AF0023019304230093002340F24512B6
S21400C7B00B490C4805F0F3F90346012B01D000BFE6
S21400C7C0FDE7042004F013FB0346074A1360064BFC
S21400C7D01B68002B01D100BFFDE700BFBD4680BD32
S21400C7E03C4F0100E5C50000E409002080B582B09A
S21400C7F000AF00237B6011E00C497A6813465B00AB
S21400C80013449B000B441B68DB6898470346002BC9
S21400C81001D0012306E07B6801337B607B68002B38
S21400C820EAD0002318460837BD4680BD30520100C6
S21400C83080B584B000AF78600023FB6033E01E490B
S21400C840FA6813465B0013449B000B441B681B4AA4
S21400C850934218D10020F9F771FDB860786806F0A9
S21400C860D0FC0246BB6893421AD91349FA681346AD
S21400C8705B0013449B000B441B685B681946786892
S21400C88002F04AF80CE00C49FA6813465B001344C1
S21400C8909B000B441B685B681946786802F03CF8FE
S21400C8A0FB680133FB60FB68002BC8D000BF00BFED
S21400C8B01037BD4680BD00BF30520100A0500100B9
S21400C8C080B584B000AFF860B9601346FB71BB68F2
S21400C8D0002B01D1064BBB60FB79064AB968F868A5
S21400C8E002F0EBF8034618461037BD4680BD00BF81
S21400C8F0A0500100F851010090B585B000AF7860F7
S21400C9000023BB604FF47A70FAF782FA0023FB60CC
S21400C9100DE02449FA6813465B0013449B000B4461
S21400C92004331B6800221A70FB680133FB60FB6847
S21400C930002BEED00023FB6018E01A49FA68134675
S21400C9405B0013449B000B4404331868C824154945
S21400C950FA6813465B0013449B000B441A68124B9C
S21400C960214602F0C0F9FB680133FB60FB68002B30
S21400C970E3D0FFF73BFF034683F00103DBB2002B57
S21400C980D8D01420FAF744FABB681433BB60BB68EF
S21400C990C72BCFDD054B1B68184601F05DFF002353
S21400C9A0BB60C7E730520100F8510100B80900200B
S21400C9B080B582B002AF00230193022300930023C8
S21400C9C040F271220749084805F0E9F80346012BB2
S21400C9D001D000BFFDE7054B1846F6F79BFC00BFED
S21400C9E0BD4680BD444F0100F9C80000A0500100BC
S21400C9F080B483B000AF0346FB7197F90730002B75
S21400CA000BDBFB7903F01F02074997F907305B0938
S21400CA10012000FA02F241F8232000BF0C37BD4681
S21400CA205DF8047B704700BF00E100E080B483B08F
S21400CA3000AF03463960FB7197F90730002B0ADB1D
S21400CA403B68DAB20C4997F907301201D2B20B44B0
S21400CA5083F800230AE03B68DAB20849FB7903F062
S21400CA600F03043B1201D2B20B441A7600BF0C37F8
S21400CA70BD465DF8047B704700E100E000ED00E095
S21400CA8080B582B000AF786008220449786806F066
S21400CA9062FB00BF0837BD4680BD00BF3C520100A8
S21400CAA080B500AF0021024806F030FA00BF80BD16
S21400CAB00070034080B500AF0021024806F00AFA75
S21400CAC000BF80BD0070034080B586B000AF7860C0
S21400CAD07B68FB60FB68DB68002B01D1002396E0D7
S21400CAE0FB68B3F91230002B0AD0FB68B3F912309A
S21400CAF09BB2013B9BB21AB2FB685A82012386E0C6
S21400CB00FB68DB68002B02DD01237B6102E04FF04F
S21400CB10FF337B61FB689A687B691A44FB689A60FE
S21400CB20FB685B68002B06D0FB685B68FA681268D7
S21400CB30796910469847FB68DA687B69D21AFB6801
S21400CB40DA60FB68B3F91020FB685A82FB681B7E2C
S21400CB50002B03D1FB685B7E002B57D0FB68DB689D
S21400CB603B613B69002B02DA3B695B423B61FB6839
S21400CB701B7E002B26D03B694FF4B47202FB03F3F6
S21400CB80254A93421ED9FB685B691A464FF4B47374
S21400CB9002FB03F3204A934204D8FB685B695A1CE5
S21400CBA0FB685A61FB685B691A464FF4B47302FB74
S21400CBB003F31A4AA2FB03231B0B1946F86806F078
S21400CBC0FEF923E0FB685B7E002B1FD03B694FF429
S21400CBD0B47202FB03F3124A934217D8FB685B69F0
S21400CBE0002B04DDFB685B695A1EFB685A61FB6814
S21400CBF05B691A464FF4B47302FB03F3074AA2FBC1
S21400CC0003231B0B1946F86806F0D9F901231846CA
S21400CC101837BD4680BD00BFBFB6010049D6B9F281
S21400CC20DFA5010080B500AF01220021044806F010
S21400CC3028F905F0F9FDBFF34F8F00BF00BF80BD98
S21400CC40007003402DE9B04F88B000AF07F11C0319
S21400CC50184606F0ECF800233B7707F11C0319464C
S21400CC602E48F4F793FC0220F3F74AFD0346002211
S21400CC709A46934652465B469118B9605B41FB6004
S21400CC80D7E9022312EB0A0443EB0B054FF0000230
S21400CC904FF00003AB0043EA9473A20014461D460F
S21400CCA0B4EB0A0865EB0B094FF000024FF00003E7
S21400CCB04FEA891343EA98634FEA8812B2EB0801F9
S21400CCC0396063EB09037B60D7E900120B4613EB70
S21400CCD00A033B61134643EB0B037B61104A4FF09C
S21400CCE00003D7E9040106F018FB02460B4613467C
S21400CCF01A460021094806F0D9F802220021074802
S21400CD0006F0A2F806213020FFF790FE302006F04D
S21400CD1078F800BF2037BD46BDE8B08F00700340EE
S21400CD2040420F0080B487B000AF78607B683B61FC
S21400CD30EFF3108072B6F8733B699B687B617B6982
S21400CD40002B13DA7B695B42164A82FB03121A44F5
S21400CD501113DA178A1A4FF4875101FB02F29B1A55
S21400CD607B617B69C3F587537B610DE07B690D4A68
S21400CD7082FB03121A441113DA178A1A4FF48751EA
S21400CD8001FB02F29B1A7B613B697A699A60F87B29
S21400CD9080F310887B6918461C37BD465DF8047B17
S21400CDA0704700BF49D6B9F280B58AB000AFF860C8
S21400CDB0B96011461A460B46FB711346BB71002339
S21400CDC07B62FB68BB61F868FFF7ACFF78617B6944
S21400CDD06E4A82FB03125210DB17D31A3B61BB6804
S21400CDE0002B0EDBBB686A4A82FB03121A44111240
S21400CDF0DA178A1A4FF4B47101FB02F29B1A3B62EF
S21400CE0010E0BB685B42624A82FB03121A441112AE
S21400CE10DA178A1A4FF4B47101FB02F29A1AC2F5B5
S21400CE20B4733B62FB79002B18D13A6A3B69D31A7C
S21400CE30FB61FB69002B08DBFB69B42B02DC0123DA
S21400CE40FB710BE00223FB7108E0FB6913F1B30FE3
S21400CE5002DA0123FB7101E00223FB71FB79012B4F
S21400CE603DD13A693B6A9A4204DC3A6A3B69D31A76
S21400CE70FB6105E03A693B6AD31AC3F5B473FB61FC
S21400CE80FA6913465B0013449B007B62BB68B3F5EC
S21400CE90B47F0FDBBB683E4A82FB03121A441212B1
S21400CEA0DB17D31A4FF4875202FB03F37A6A134454
S21400CEB07B6254E0BB6813F5B47F50DCBB685B4212
S21400CEC0334A82FB03121A441212DB17D31A4FF4AA
S21400CED0875202FB03F37A6A13447B623FE0FB79D6
S21400CEE0022B3CD13A6A3B699A4204DC3A693B6AB7
S21400CEF0D31AFB6105E03A6A3B69D31AC3F5B473EB
S21400CF00FB61FA69134692009B1A9B007B62BB6822
S21400CF10B3F5B47F0FDBBB681D4A82FB03121A44CD
S21400CF201212DB179B1A4FF4875202FB03F37A6A3E
S21400CF3013447B6213E0BB6813F5B47F0FDCBB6859
S21400CF405B42134A82FB03121A441212DB179B1A27
S21400CF504FF4875202FB03F37A6A13447B62BB6981
S21400CF607A6ADA60BB6900225A61BB791AB2BB6979
S21400CF701A82BB6997F830201A76BB6997F8342076
S21400CF805A7600BF2837BD4680BD00BFABAAAA2A86
S21400CF90B7600BB680B588B002AFF860B9607A604B
S21400CFA0FB687B611B4A7968B86801F068FF7B699B
S21400CFB09A680523009320237968B86802F0E7F89A
S21400CFC0154A7968B86801F05AFF7B69B3F91020F2
S21400CFD00223009320237968B86802F0B6F87B69CC
S21400CFE0DB69002B12D00D4A7968B86801F047FF5C
S21400CFF07B69DB69184604F0CEFB03461AB20223AF
S21400D000009320237968B86802F09FF800BF1837AD
S21400D010BD4680BD4C4F0100544F0100604F0100DB
S21400D02080B5A2B000AF78607B685B681A462A4974
S21400D0302A4801F0BAFE07F10803294A802118465B
S21400D04001F0F8FE07F1080340F2B62280211846E8
S21400D05002F08CF907F10803224A8021184601F0F5
S21400D0600EFF7B685A6807F1080319461E4801F050
S21400D0709CFE07F108031D4A8021184601F0DAFEDF
S21400D08007F108034FF487528021184602F06EF924
S21400D09007F10803164A8021184601F0F0FE07F152
S21400D0A0080340F6B8328021184602F05FF907F10F
S21400D0B008030C4A8021184601F0E1FE7B685A6896
S21400D0C007F1080319460B4801F06FFE00231846C7
S21400D0D08837BD4680BD00BF6C4F0100804F010001
S21400D0E0884F0100F8460100A04F0100A84F01003C
S21400D0F0BC4F0100D04F010080B582B000AF786011
S21400D1007B685B681A460B490B4801F03CFE7B685F
S21400D1105B681A4609490A4801F035FE7B685B6879
S21400D1201A460849084801F02EFE0023184608371C
S21400D130BD4680BDD84F0100804F01002C3601004F
S21400D14050360100F44F01001450010080B58AB03B
S21400D15000AFF860B9607A60002387F8273054493A
S21400D160F86806F00AF80346002B06D05149F8681E
S21400D17006F003F80346002B07D1BB6801221A709D
S21400D1807868FFF7B9FF03468DE04B49F86805F06D
S21400D190F4FF0346002B06D04849F86805F0EDFF7B
S21400D1A00346002B07D1BB6801221A707868FFF788
S21400D1B037FF034677E00F224149F86806F048F843
S21400D1C00346002B6DD1BB6801221A70FB680F3333
S21400D1D07B6107F1200207F114031146184602F09E
S21400D1E0F5F80346002B59D13B6A002B56DB3B6A09
S21400D1F0012B53DC07F11C0207F1140311461846F5
S21400D20002F0E4F80346002B48D1FB69002B45DB0F
S21400D210FB69002B42DC07F1180207F114031146E4
S21400D220184602F0D3F80346002B37D1BB69002B13
S21400D23034DBBB69012B31DC07F11403184602F01E
S21400D24044FC7B691F49184605F097FF0346002BF0
S21400D2500CD13B6AD8B2FB69D9B2BB69DAB20123FA
S21400D260FEF752FB002387F8273017E07B69164944
S21400D270184605F082FF0346002B0CD13B6AD8B255
S21400D280FB69D9B2BB69DAB20023FEF73DFB002387
S21400D29087F8273002E01B2387F8273097F82730D7
S21400D2A001E097F8273018462837BD4680BD00BFF6
S21400D2B0DC3A010028500100EC3A01003850010029
S21400D2C048500100E4390100083F0100034B0344C5
S21400D2D093F880301B0748BF20387047465201003D
S21400D2E00A4B034493F880309A0605D530388842B6
S21400D2F0A8BF4FF0FF3070471A0701D55738F6E73A
S21400D300DB064CBF37384FF0FF30F0E746520100DF
S21400D3102DE9F0471446294A074689460546294618
S21400D32015F8010BE0B1131893F88030DB07F6D43C
S21400D330302815D1287800F0DF03582B01F10202BF
S21400D34009D134F0100337D16878CA1C102421465E
S21400D35015461C4607E00123002CF8D10824F6E702
S21400D360B4B1214600240026B046B246FFF7B8FF07
S21400D37000280FDA04B16F1EC9F80070BAF1000F6A
S21400D38017D00F4B22221A604FF0FF30BDE8F0870F
S21400D3900A21E8E706FB01031A0C08FB0128B8F58A
S21400D3A0803F15F8010B9EB228BF4FF0010A0124FA
S21400D3B0DCE746EA0840E9E70123C8E746520100F1
S21400D3C0B00C0020DFF878C0F7B5034607460E46D7
S21400D3D01D4613F8011B21B30CEB010090F88040AA
S21400D3E014F00104F4D12B291DD02D290ABF1D46A7
S21400D3F000244FF4007401A92846FFF789FF26B1E0
S21400D400019BAB4208BF3B46336074B10028BBBFEC
S21400D4100A4B222240421A60B8BF4FF0004003B0C9
S21400D420F0BD0C46E7E71D46E5E70028BFBF034B07
S21400D43022221A606FF00040F1E700BFB00C002017
S21400D4404652010080B500AFF3F78AFB00BF80BDEF
S21400D45080B500AFF3F792FB00BF80BD80B500AF8C
S21400D460F3F79AFB00BF80BD80B500AFF3F7A2FBD1
S21400D47000BF80BD80B500AFF2F71CFF00BF80BDC7
S21400D48080B500AFF2F716FF00BF80BD80B500AFD5
S21400D490F2F710FF00BF80BD80B500AFF2F70AFFBD
S21400D4A000BF80BD80B500AFF2F704FF00BF80BDAF
S21400D4B080B500AFF2F7FEFE00BF80BD80B500AFBE
S21400D4C0F2F7F8FE00BF80BD80B500AFF2F7F2FEBF
S21400D4D000BF80BD80B500AFF2F7ECFE00BF80BD98
S21400D4E080B500AFF2F7E6FE00BF80BD80B500AFA6
S21400D4F0F2F7E0FE00BF80BD80B500AFF2F7DAFEBF
S21400D50000BF80BD80B500AFF2F7D4FE00BF80BD7F
S21400D51080B500AFF2F7CEFE00BF80BD80B500AF8D
S21400D520F2F7C8FE00BF80BD80B500AFF2F7C2FEBE
S21400D53000BF80BD80B500AFF2F7BCFE00BF80BD67
S21400D54080B500AFF2F7B6FE00BF80BD80B500AF75
S21400D550F2F7B0FE00BF80BD80B500AFF2F7AAFEBE
S21400D56000BF80BD80B500AFF2F7A4FE00BF80BD4F
S21400D57080B500AFF2F79EFE00BF80BD80B500AF5D
S21400D580F2F798FE00BF80BD80B500AFF2F792FEBE
S21400D59000BF80BD80B500AFF2F78CFE00BF80BD37
S21400D5A080B500AFF2F786FE00BF80BD80B500AF45
S21400D5B0F2F780FE00BF80BD80B500AF00F09EFD94
S21400D5C000BF80BD80B500AFF2F774FE00BF80BD1F
S21400D5D080B500AFF2F76EFE00BF80BD80B500AF2D
S21400D5E0F2F768FE00BF80BD80B500AFF2F762FEBE
S21400D5F000BF80BD80B500AFF2F75CFE00BF80BD07
S21400D60080B500AFF2F756FE00BF80BD80B500AF14
S21400D610F2F750FE00BF80BD80B500AFF2F74AFEBD
S21400D62000BF80BD80B500AFF2F744FE00BF80BDEE
S21400D63080B500AFF2F73EFE00BF80BD80B500AFFC
S21400D640F2F738FE00BF80BD80B500AFF2F732FEBD
S21400D65000BF80BD80B500AFF2F72CFE00BF80BDD6
S21400D66080B500AFF2F726FE00BF80BD80B500AFE4
S21400D670F2F720FE00BF80BD80B500AFF2F71AFEBD
S21400D68000BF80BD80B500AFF2F714FE00BF80BDBE
S21400D69080B500AFF2F70EFE00BF80BD80B500AFCC
S21400D6A0F2F708FE00BF80BD80B500AFF2F702FEBD
S21400D6B000BF80BD80B500AFF2F7FCFD00BF80BDA7
S21400D6C080B500AFF2F7F6FD00BF80BD80B500AFB5
S21400D6D0F2F7F0FD00BF80BD80B500AFF2F7EAFDBF
S21400D6E000BF80BD80B500AFF2F7E4FD00BF80BD8F
S21400D6F080B500AFF2F7DEFD00BF80BD80B500AF9D
S21400D700F2F7D8FD00BF80BD80B500AFF2F7D2FDBE
S21400D71000BF80BD80B500AFF2F7CCFD00BF80BD76
S21400D72080B500AF00F074FD00F028FD00F033FD7A
S21400D730FCF76AF80023184680BD80B582B000AFBB
S21400D740F2F746FF7860F3F785F80346DB087A6859
S21400D7509A4204D87B68002B01D07B6800E0002347
S21400D76018460837BD4680BD80B582B000AF034678
S21400D7703A60FB710B46BB71B979FB793A6818467B
S21400D780F3F762F9034618460837BD4680BD80B4F5
S21400D79085B000AF78607B681B0C03F1804303F50F
S21400D7A08E23FB60FB6819687B689BB201229A4057
S21400D7B0FB680A431A6000BF1437BD465DF8047B59
S21400D7C0704790B589B000AF78607B689B687A68D0
S21400D7D0127CDA777B689A687B681B7C5B01134453
S21400D7E003F580531C331B889BB203F08003002B89
S21400D7F014BF01230023BB767B68DB68002B0CD1AB
S21400D8007B681B68002B7FD07B681C687B68596828
S21400D810BA7E00237868A04776E07B689A687B68C3
S21400D8201B7C5B01134403F5805318331B687B6134
S21400D8307B68DB681A467B699B1A7B617B695B09A0
S21400D8403B61BB7E002B02D03B69FB760EE03B695A
S21400D850002B04D03B69DBB2013BDBB205E07B6802
S21400D8601B7D5BB2DBB2013BDBB2FB767B685B7C8D
S21400D8705AB297F91B309A4213D17B68DB7CFB7354
S21400D8807B681B7DBB7397F90F2097F90E309A4281
S21400D89004D17B68DB7C5BB2FB6112E00023FB619A
S21400D8A00FE0FB7E7A68527C52B29B1AFB61FB69E2
S21400D8B0002B06DA7B681B7D5BB21A46FB691344B5
S21400D8C0FB6197F91B207B685A747B68DB7C5BB234
S21400D8D0DAB2FB69DBB2D31ADBB25AB27B68DA740F
S21400D8E07B681B68002B07D07B681C687B685968C0
S21400D8F0FB69BA7E7868A047BB7E002B04D07B68A5
S21400D9009B687A68127C1A7700BF2437BD4690BDA4
S21400D91080B483B000AF78607B68002B01D104230D
S21400D92026E07A6892F84C3043F0010382F84C30D7
S21400D9307A6892F84C3043F0020382F84C307B68E9
S21400D9401022A3F860207B681322A3F862207B686D
S21400D95000225A657B68082283F851207B680022E3
S21400D96083F850207B684FF48072A3F8522000237F
S21400D97018460C37BD465DF8047B704780B487B008
S21400D98000AFF860B9607A60FB7066237B61FB6865
S21400D990002B01D1042323E0FB78013BDBB21A46BF
S21400D9A0BB681340002B07D1FB78013BDBB21A465D
S21400D9B07B681340002B01D0652311E0FB689B6851
S21400D9C0BA689A420BD3BA687B681A44FB689968AF
S21400D9D0FB68DB680B449A4201D800237B617B69B5
S21400D9E018461C37BD465DF8047B704780B487B088
S21400D9F000AF786000237B617B683B613B6903F086
S21400DA000303002B03D13B691B687B6115E00023F1
S21400DA10FB600FE03B691B781A46FB68DB0002FAE6
S21400DA2003F37A6913437B613B6901333B61FB680F
S21400DA300133FB60FB68032BECD97B6918461C3767
S21400DA40BD465DF8047B704780B586B000AFF860D1
S21400DA50B9607A603B6007F113037A68B968F868C2
S21400DA6000F0E2F878617B69002B01D07B691DE04D
S21400DA70FB7C1A46642302FB03F3FA681344B96876
S21400DA80184600F019F978617B69002B01D07B6994
S21400DA900CE0FB7C1A46642302FB03F3FA68D018FA
S21400DAA03B687A68B968F3F7C1F803461846183732
S21400DAB0BD4680BD80B586B000AFF860B9607A60BC
S21400DAC03B6007F113033A68B968F86800F0ACF8F1
S21400DAD078617B69002B01D07B691DE0FB7C1A46D0
S21400DAE0642302FB03F3FA681344B968184600F08F
S21400DAF0E3F878617B69002B01D07B690CE0FB7C46
S21400DB001A46642302FB03F3FA68D0183B687A6867
S21400DB10B968F3F7EBF8034618461837BD4680BDDC
S21400DB2080B586B000AFF860B9607A60FB7007F128
S21400DB3013037A68B968F86800F076F878617B694C
S21400DB40002B01D07B691DE0FB7C1A46642302FB98
S21400DB5003F3FA681344B968184600F0ADF8786124
S21400DB607B69002B01D07B690CE0FB7C1A466423A2
S21400DB7002FB03F3FA68D018FB787A68B968F3F703
S21400DB801FF9034618461837BD4680BD80B485B0D9
S21400DB9000AF78600023FB607B685B78002B16D1B3
S21400DBA07A68137943F0010313717A68137943F0A6
S21400DBB0020313717A68137943F0080313717A68C5
S21400DBC0137943F0200313710023FB6001E0042364
S21400DBD0FB607A68137943F0040313717A6813794B
S21400DBE043F010031371FB6818461437BD465DF802
S21400DBF0047B704780B485B000AF786039603B68BE
S21400DC009B027A689A4205D97A683B68B2FBF3F3BE
S21400DC10FB6002E04FF48063FB60FB681846143735
S21400DC20BD465DF8047B704790B486B000AFF860E0
S21400DC30B9607A603B60FB68002B01D1042336E0B4
S21400DC400023FB752FE0FB7DFA68642101FB03F3DC
S21400DC50134408331B68BA689A4221D3BA687B68B3
S21400DC601A44FB7DF968642000FB03F30B44083379
S21400DC701968FB7DF868642404FB03F303440C3343
S21400DC801B680B449A420BD8FB7DFA68642101FBA3
S21400DC9003F3134401331A783B681A70002306E036
S21400DCA0FB7D0133FB75FB7D002BCCD0662318462D
S21400DCB01837BD4690BC704780B483B000AF78601C
S21400DCC039607B68002B01D1042317E07B685B7802
S21400DCD0002B0FD07B681B7903F00103DBB2002B0F
S21400DCE008D07B689B683A68D31A03F500027B6805
S21400DCF01A6302E07B683A681A63002318460C37FA
S21400DD00BD465DF8047B704780B487B000AFF8600E
S21400DD10B9601346FB7101237B61FB79002B05D1AB
S21400DD207A69BB689A40FB689A6004E07A69BB68C7
S21400DD309A40FB685A6000BF1C37BD465DF8047BFE
S21400DD40704780B586B000AFF860B9607A6001238E
S21400DD507B617B681B78002B0AD1FB685A6979695E
S21400DD60BB6801FA03F3DB431A40FB685A610FE015
S21400DD707B685B781A46B968F868FFF7C5FFFB68EA
S21400DD805A697969BB6801FA03F31A43FB685A615A
S21400DD9000BF1837BD4680BD80B485B000AF786040
S21400DDA07B681B0C03F1804303F58E23FB60FB6846
S21400DDB019687B689BB201229A40FB680A431A6086
S21400DDC000BF1437BD465DF8047B704780B582B04F
S21400DDD000AF786007220021786805F0BEF97B68FE
S21400DDE000221A707B6800225A707B6800229A70A4
S21400DDF07B680022DA707B6801221A717B68012238
S21400DE005A717B6800229A7100BF0837BD4680BDF4
S21400DE1080B485B000AF78607B681B0C03F180434C
S21400DE2003F58E23FB60FB6819687B689BB20122B2
S21400DE309A40FB680A431A6000BF1437BD465DF877
S21400DE40047B704780B485B000AF78607B685B78F1
S21400DE50DBB2FB60FB6823F06003FB60FB68DAB2B2
S21400DE607B685A70002318461437BD465DF8047B5D
S21400DE70704780B485B000AF78607B685B78DBB2B3
S21400DE80FB60FB6823F06003FB60FB6843F0600305
S21400DE90FB60FB68DAB27B685A70002318461437BA
S21400DEA0BD465DF8047B704780B485B000AF7860EF
S21400DEB07B681B0C03F1804303F58E23FB60FB6835
S21400DEC019687B689BB201229A40FB680A431A6075
S21400DED000BF1437BD465DF8047B704780B582B03E
S21400DEE000AF78600C220021786805F036F97B6870
S21400DEF04FF4E1321A607B6800221A717B680022B8
S21400DF005A717B6801229A717B680022DA717B68FD
S21400DF1000221A727B6800225A727B6800229A726C
S21400DF207B680022DA7200BF0837BD4680BD80B429
S21400DF3085B000AF78607B681B79DBB2FB607B68DE
S21400DF405B79DBB21B02FA681343FB607B681B7BC2
S21400DF50DBB21B04FA681343FB607B689B7CDBB276
S21400DF601B06FA681343FB60FB6818461437BD4669
S21400DF705DF8047B704780B584B000AF7860396088
S21400DF807B685B79FB72FB7A03F03F03FB723B68AE
S21400DF901B0ADAB2FB7A1343DAB27B685A713B6823
S21400DFA01B0EDAB27B689A743B6803F01703002BEB
S21400DFB003D07B681B797B68DB793B6803F008033A
S21400DFC0002B0BD07B681B797B68DB797B685B7CDE
S21400DFD0DBB243F04003DAB27B685A747868FFF726
S21400DFE0A6FF02463B681340002B03D040F2EE33F8
S21400DFF0FB6001E00023FB60FB6818461037BD4657
S21400E00080BD80B485B000AFF860B9607A600CE07F
S21400E01000BFFB681B79DBB25BB2002BF9DABB688A
S21400E0205A1CBA601A78FB68DA717B685A1E7A60E6
S21400E030002BEDD100BFFB681B79DBB203F0400379
S21400E040002BF8D000BF00BF1437BD465DF8047B38
S21400E050704780B485B000AF78600B46FB70002335
S21400E060FB730023BB737B689B7CFB737B68DB784E
S21400E070DBB203F00C03BB73FB7B03F04003002B07
S21400E08035D07B68DB78DBB223F00C03DAB27B6832
S21400E090DA707B685B7CDBB263F03F03DAB27B68E6
S21400E0A05A74FB78002B08D07B681B7CDBB243F0ED
S21400E0B00803DAB27B681A7407E07B681B7CDBB265
S21400E0C023F00803DAB27B681A747B685B7CDBB2E9
S21400E0D063F03F03DAB27B685A747B68DB78DAB2A7
S21400E0E0BB7B1343DAB27B68DA70002300E00123BF
S21400E0F018461437BD465DF8047B704780B500AF00
S21400E100F3F7FEFBBFF34F8F00BF00BF80BD80B4A8
S21400E11000AF00BFBD465DF8047B704780B483B097
S21400E12000AF78600B46FB707B68FA781A7000BF09
S21400E1300C37BD465DF8047B704780B483B000AFF3
S21400E14078607B68DB78DBB218460C37BD465DF836
S21400E150047B704780B483B000AF47F230537B60D7
S21400E16000E000BF7B685A1E7A60002BF9D100BF22
S21400E17000BF0C37BD465DF8047B704780B500AF26
S21400E180F3F702FC00BF80BD80B400AF00BFBD4601
S21400E1905DF8047B704780B500AFFFF7F5FF00BF62
S21400E1A080BD80B485B000AF78607B681B0C03F13F
S21400E1B0804303F58E23FB60FB6819687B689BB27F
S21400E1C001229A40FB680A431A6000BF1437BD4616
S21400E1D05DF8047B704780B485B000AFF860B96026
S21400E1E01346FB71FB68BA6853F8223023F4E062EA
S21400E1F0FB791B0203F4E06342EA0301FB68BA689A
S21400E20043F8221000BF1437BD465DF8047B704704
S21400E21080B500AFF3F7E8FB00BF80BD80B588B0DF
S21400E22000AF786007F108031846F3F7F1F900230A
S21400E230FB6107E07A68FB69134400221A70FB69E9
S21400E2400133FB61FB690F2BF4D90023FB6100232C
S21400E250BB610FE007F10802FB69134419787A687E
S21400E260BB6913440A461A70FB690133FB61BB693C
S21400E2700133BB61FB690F2B02D8FB690F2BE9D971
S21400E280002318462037BD4680BD80B400AF00BFCF
S21400E290BD465DF8047B704780B483B000AFEFF3F3
S21400E2A010833B603B687B6072B600BF7B68184695
S21400E2B00C37BD465DF8047B704780B485B000AF70
S21400E2C078607B68FB60FB6883F3108800BF00BF44
S21400E2D01437BD465DF8047B704780B483B000AF4A
S21400E2E078603960012318460C37BD465DF8047B1C
S21400E2F0704780B485B000AF786039607B68FB609B
S21400E3000BE0FB681B78FF2B01D0002309E0FB68BD
S21400E3100133FB603B68013B3B603B68002BF0D160
S21400E320012318461437BD465DF8047B704780B558
S21400E33084B000AFF860B9607A607968F868FFF773
S21400E340CCFF034683F00103DBB2002B06D07A68CD
S21400E350FF21B86804F001FF122305E07A68F96827
S21400E360B86804F0F8FE002318461037BD4680BD96
S21400E37080B584B000AFF860B9607A607A68B96832
S21400E380F868F3F71BFE034618461037BD4680BDF7
S21400E39080B584B000AFF860B9607A603B60BB6857
S21400E3A039681846FFF799FF034683F00103DBB28E
S21400E3B0002B06D03A68FF21786804F0CEFE1B23B7
S21400E3C006E0BB683A681946786804F0C4FE002385
S21400E3D018461037BD4680BD80B483B000AF786065
S21400E3E039607B683A685A6000BF0C37BD465DF8F6
S21400E3F0047B704780B483B000AF786039607B6878
S21400E4003A689A6000BF0C37BD465DF8047B7047DB
S21400E41080B483B000AF786039607B683A68DA60B1
S21400E42000BF0C37BD465DF8047B704780B483B0F0
S21400E43000AF786039607B681A693B6822FA03F39C
S21400E44003F0010318460C37BD465DF8047B7047A1
S21400E45080B485B000AFF860B9601346FB71FB6806
S21400E460BA6853F8223023F4E062FB791B0203F407
S21400E470E06342EA0301FB68BA6843F8221000BF73
S21400E4801437BD465DF8047B704780B584B000AF96
S21400E49078600B46FB701346BB7007F10C03022234
S21400E4A00021184604F059FEFB78002B02D000230A
S21400E4B03B7301E001233B73BB787B737B68586832
S21400E4C07B68DB6807F10C021946FFF73AFC00BFD1
S21400E4D01037BD4680BD80B584B000AF78607B68DD
S21400E4E0FB6000220121F868FFF7CFFFFB680122DE
S21400E4F01A7000BF1037BD4680BD80B584B000AF2F
S21400E50078600B46FB707B68FB60FB781A46002140
S21400E510F868FFF7BAFFFB6800221A7000BF1037D2
S21400E520BD4680BD80B485B000AF78607B68FB6078
S21400E530FB681B78002B14BF01230023DBB283F09B
S21400E5400103DBB203F00103DBB218461437BD4605
S21400E5505DF8047B704780B584B000AF7860142007
S21400E56002F0DBF9F860FB68002B10D014220021C3
S21400E570F86804F0F2FD7B681A78FB681A70FB688E
S21400E580181D7B6804331022194604F0E4FD7B68EE
S21400E59019787B685B781A46F868FFF776FF7B6821
S21400E5A01B7C1946F86800F0A1F87B6898687B68C1
S21400E5B0DB6801221946FFF74BFFFB681846103749
S21400E5C0BD4680BD80B584B000AF78607B68FB60D8
S21400E5D0FB685A68FB68DB68012101FA03F31946F9
S21400E5E01046FFF707FF00BF1037BD4680BD80B559
S21400E5F084B000AF78607B68FB60FB685A68FB6895
S21400E600DB68012101FA03F319461046FFF7E4FE22
S21400E61000BF1037BD4680BD80B584B000AF7860BF
S21400E6207B68FB60FB685A68FB68DB68012101FABF
S21400E63003F319461046FFF7EBFE00BF1037BD4642
S21400E64080BD80B584B000AF78600B46FB707B68F9
S21400E650FB60FB78002B0BD0FB685A68FB68DB6816
S21400E660012101FA03F319461046FFF7B5FE0AE04A
S21400E670FB685A68FB68DB68012101FA03F3194658
S21400E6801046FFF7B7FE00BF1037BD4680BD80B509
S21400E69084B000AF78607B68FB60FB685A68FB68F4
S21400E6A0DB6819461046FFF7C1FE0346002B14BF71
S21400E6B001230023DBB218461037BD4680BD80B567
S21400E6C082B000AF78607868FFF7E1FF0346002B62
S21400E6D014BF01230023DBB283F00103DBB203F097
S21400E6E00103DBB218460837BD4680BD80B485B04E
S21400E6F000AF78600B46FB707B68FB60FB68FA78BF
S21400E7001A74FB78002B10D1FB689B68FA68D268F5
S21400E71053F82230FA689268F968C96823F0807363
S21400E72023F0030342F821302AE0FB78012B12D1B4
S21400E730FB689B68FA68D26853F8223023F080732F
S21400E74023F00303FA689268F968C96843F0030384
S21400E75042F8213014E0FB78022B11D1FB689B684D
S21400E760FA68D26853F8223023F0807323F003034C
S21400E770FA689268F968C96843F0020342F82130E3
S21400E78000BF1437BD465DF8047B704780B400AF09
S21400E79000BFBD465DF8047B704704207146084202
S21400E7A002D0EFF3098001E0EFF3088081690A8860
S21400E7B04BF6AB639A4201D0F3F7EEBE02318161AD
S21400E7C020210160704700BF80B58AB000AF786036
S21400E7D007F10C031846F3F739FE00233B737B68FA
S21400E7E0191D07F10C0304331022184604F0B3FC7D
S21400E7F07B681B78002B0ED07B685B78002B14BFE1
S21400E80001230023DBB283F00103DBB203F0010334
S21400E810DBB27B7302E07B685B787B7307F10C03EB
S21400E8201846FFF798FE7862082002F076F83862FD
S21400E8303B6A002B0BD008220021386A04F08DFCBE
S21400E8403B6A7A6A1A607B681A783B6A1A713B6A76
S21400E85018462837BD4680BD80B584B000AF7860C6
S21400E8607B68FB60FB681B681846FFF7D5FE00BF99
S21400E8701037BD4680BD80B400AF00BFBD465DF812
S21400E880047B704780B400AF00BFBD465DF8047BD4
S21400E890704780B485B000AF78607B681B0C03F1CE
S21400E8A0804303F58E23FB60FB6819687B689BB288
S21400E8B001229A40FB680A431A6000BF1437BD461F
S21400E8C05DF8047B704780B500AFF7F713FD03468D
S21400E8D0002B14BF01230023DBB2184680BD80B591
S21400E8E084B000AF786001F0F9FFF860FB68B3F120
S21400E8F0FF3F03D17B6800221A7003E0FB68DAB2A0
S21400E9007B681A7000BF1037BD4680BD80B500AF6B
S21400E91001F0FDFF00BF80BD80B582B000AF78601B
S21400E92039603B68002B0CD006E07B685A1C7A6086
S21400E9301A783B68104698477B681B78002BF4D102
S21400E94000E000BF0837BD4680BD80B586B000AF8A
S21400E9507860396007F10C037A680B211846F5F7E2
S21400E9609DFC07F10C0339681846FFF7D5FF00BF7A
S21400E9701837BD4680BD80B485B000AFB9607A60F8
S21400E9803B600346FB733B6800221A700023184660
S21400E9901437BD465DF8047B704780B586B000AF7F
S21400E9A0F860B9607A603B603B68DB68984703466E
S21400E9B0002B53D00023FB753B681B6807F117023A
S21400E9C010469847FB7D002B40D0FB7D082B02D0DD
S21400E9D0FB7D7F2B0DD1BA68FB689A4235D9BB68A0
S21400E9E0013BBB60BB6800221A707B6801337B600A
S21400E9F02BE0F87DBA68FB68D31A1A4607F11603AF
S21400EA00F968FFF7B8FF0346002B0CD007E0002399
S21400EA10FB753B681B6807F1170210469847FB7D9D
S21400EA20002BF4D1C6E7FA7DBB681A70BB680133C9
S21400EA30BB607B68013B7B60FB7D0D2B09D0FB7DBB
S21400EA400A2B06D07B68012B02D9B3E700BF00E093
S21400EA5000BFBB6800221A70012300E0002318469E
S21400EA601837BD4680BD80B586B000AFF860B96087
S21400EA707A603B600023FB753B68002B01D11B23AB
S21400EA8017E07B68002B0FD11B2312E03B681B6846
S21400EA907A68B968F86898470346002B01D01B23AC
S21400EAA0FB753B6804333B603B681B68002BEDD16D
S21400EAB0FB7D18461837BD4680BD80B586B000AFD2
S21400EAC0F860B9607A60FB700023FB750023BB75A5
S21400EAD0BB68002B01D11B233CE0FB681B78002B96
S21400EAE001D1002336E0FB681B78232B0CBF0123E3
S21400EAF00023BB75BB7D002B02D0FB680133FB6097
S21400EB0000237B7507F115017B68BA68F868FFF784
S21400EB10AAFF0346FB757B7D83F00103DBB2002B67
S21400EB2002D1FB7D002B05D0B968F868F4F7BAFB74
S21400EB301B23FB75BB7D83F00103DBB2002B08D0E3
S21400EB40FB7883F00103DBB2002B02D0B868F4F741
S21400EB501BFBFB7D18461837BD4680BD80B586B0CA
S21400EB6000AFF860B9607A603B600023FB757B6895
S21400EB70002B01D11B235AE0F86804F042FB3861F1
S21400EB80FA683B69D118BA683B69D21A7B68F8689C
S21400EB90FFF703FF0346002B48D0F86804F031FB6C
S21400EBA038613B69002B01D11B2340E03B69012BF8
S21400EBB00AD1FB681B780A2B03D0FB681B780D2B49
S21400EBC002D1FB6800221A70BB68013B3A699A4280
S21400EBD00CD397F820303A687968F868FFF76DFF2D
S21400EBE0FB6800221A700423FB751FE03B69013B9B
S21400EBF0FA6813441B780A2B06D03B69013BFA6877
S21400EC0013441B780D2B11D13B69013BFA68134462
S21400EC1000221A7097F820303A687968F868FFF78B
S21400EC204CFF0346FB75FB6800221A70FB7D1846F6
S21400EC301837BD4680BD80B586B000AFF860B960B5
S21400EC407A607B68002B01D11B2348E0F86804F04B
S21400EC50D8FA7861FA687B69D118BA687B69D21AE3
S21400EC607B68F868FFF799FE0346002B36D0F868F5
S21400EC7004F0C7FA78617B69002B01D11B232EE0D4
S21400EC807B69012B0AD1FB681B780A2B03D0FB6833
S21400EC901B780D2B02D1FB6800221A70BB68013B63
S21400ECA07A699A4204D3FB6800221A70042316E09D
S21400ECB07B69013BFA6813441B780A2B06D07B69F4
S21400ECC0013BFA6813441B780D2B07D17B69013B87
S21400ECD0FA68134400221A70002300E0082318463E
S21400ECE01837BD4680BD80B586B002AFF860B96003
S21400ECF07A603B60002300933B687A68B968F868DE
S21400ED00FFF72CFF034618461037BD4680BD80B57A
S21400ED1084B000AFF860B96011461A460B46FB7126
S21400ED201346BB71FB68002B18D009E0FB685A1C21
S21400ED30FA601A78BB6910469847BB79013BBB71ED
S21400ED40FB681B78002B09D0BB79002BEED105E0C1
S21400ED50BB6920209847BB79013BBB71BB79002B70
S21400ED60F6D1FA79BB6910469847BB6920209847C8
S21400ED70BB68002B03D0B969B868FFF7CDFD00BFAC
S21400ED801037BD4680BD80B586B002AFF860B9606A
S21400ED907A607B6800931A233B22B968F868FFF70D
S21400EDA0B6FF00BF1037BD4680BD80B586B002AF47
S21400EDB0F860B9607A607B6800930D233A22B968E0
S21400EDC0F868FFF7A4FF00BF1037BD4680BD80B5CA
S21400EDD082B000AF0346FB7197F9073013F1800F3E
S21400EDE001D1012305E097F907301846F4F7A8FC8F
S21400EDF0002318460837BD4680BD80B483B000AFF8
S21400EE0078607B68DB79DBB218460C37BD465DF868
S21400EE10047B704780B582B000AF7860786804F0F5
S21400EE20F0F9034619467868F4F7F4FC00BF083793
S21400EE30BD4680BD80B485B000AFF860B9607A602A
S21400EE40BB68013BBB600AE07A68531C7B60FB68CA
S21400EE50591CF96012781A70BB68013BBB60BB682E
S21400EE60002B03D07B681B78002BEDD1FB680022BB
S21400EE701A7000BF1437BD465DF8047B704780B437
S21400EE8085B000AFF860B9607A60BB68013BBB60D4
S21400EE9005E0FB680133FB60BB68013BBB60BB68F9
S21400EEA0002B0FD0FB681B78002BF2D10AE07A68A3
S21400EEB0531C7B60FB68591CF96012781A70BB689B
S21400EEC0013BBB60BB68002B03D07B681B78002B24
S21400EED0EDD1FB6800221A7000BF1437BD465DF8FE
S21400EEE0047B704780B485B000AFF860B960134605
S21400EEF0FB71BB68013BBB6005E0FB680133FB6050
S21400EF00BB68013BBB60BB68002B03D0FB681B786B
S21400EF10002BF2D1BB68002B04D0FB685A1CFA60A9
S21400EF20FA791A70FB6800221A7000BF1437BD46C3
S21400EF305DF8047B704780B584B000AFF860B960B8
S21400EF401346FB71FB799BB21A46B968F868F4F76A
S21400EF50F7FF00BF1037BD4680BD80B485B000AF58
S21400EF6078600B46FB701346BB700023BB7305E04E
S21400EF7097F90E30DBB20133DBB2BB7397F90E3074
S21400EF807A6813441B78002BF2D1BB78FB7397F991
S21400EF900F2097F90E309A4231D097F90F2097F943
S21400EFA00E309A422BDD15E097F90E307A681A4437
S21400EFB097F90F3079680B4412781A7097F90F306A
S21400EFC0DBB2013BDBB2FB7397F90E30DBB2013BE1
S21400EFD0DBB2BB7397F90E30002BE5DA0BE097F93E
S21400EFE00F307A681344FA781A7097F90F30DBB24C
S21400EFF0013BDBB2FB7397F90F30002BEFDA00BF53
S21400F0001437BD465DF8047B704780B584B000AF0A
S21400F010F860B96011461A460B46FB8013467B71B2
S21400F020B7F906301A46B968F868F4F7FFFF3A7E73
S21400F0307B791946F868FFF790FF00BF1037BD468A
S21400F04080BD80B584B000AFF860B96011461A463E
S21400F0500B46FB8013467B71FB881A46B968F86836
S21400F060F4F76EFF3A7E7B791946F868FFF775FF6E
S21400F07000BF1037BD4680BD80B584B000AFF860D5
S21400F080B9607A60FB707A68B968F868F5F76EF868
S21400F0903A7EFB781946F868FFF75FFF00BF103727
S21400F0A0BD4680BD80B586B000AFF860B960134637
S21400F0B0FB71FA7907F1100305211846FFF73BFFAD
S21400F0C007F110031A46B968F868FFF7D8FE00BFC4
S21400F0D01837BD4680BD80B586B000AFF860B96011
S21400F0E01346FB80FA8807F1100307211846F4F749
S21400F0F027FF07F110031A46B968F868FFF7BFFE46
S21400F10000BF1837BD4680BD80B588B002AFF86036
S21400F110B96011461A460B46FB8013467B71797917
S21400F120FA8807F1100097F8203000930B46072165
S21400F130FFF787FF07F110031A46B968F868FFF76C
S21400F1409EFE00BF1837BD4680BD80B588B002AFB2
S21400F150F860B96011461A460B46FB8013467B7171
S21400F1607979B7F9062007F1100097F82030009358
S21400F1700B460721FFF749FF07F110031A46B96847
S21400F180F868FFF77CFE00BF1837BD4680BD80B527
S21400F1908AB002AFF860B9607A60FB70FA7807F15F
S21400F1A0140097F82830009313467A680C21FFF76E
S21400F1B063FF07F114031A46B968F868FFF75FFEA5
S21400F1C000BF2037BD4680BD80B586B000AFF86072
S21400F1D0B9601346FB710023BB75FB7903F00F0380
S21400F1E0FB75FB7D092B01D8302200E03722FB7D22
S21400F1F01344DBB27B75FB791B09FB75FB7D092B82
S21400F20001D8302200E03722FB7D1344DBB23B7589
S21400F21007F114031A46B968F868FFF730FE00BF16
S21400F2201837BD4680BD80B586B000AFF860B960BF
S21400F2301346FB8000233B750323FB75FB88DBB27C
S21400F24003F00F03BB75BB7D092B01D8302100E00E
S21400F250372197F91730BA7D0A44D2B218333B44A7
S21400F26003F8082CFB881B09FB8097F91730DBB2E4
S21400F270013BDBB2FB7597F91730002BDEDA07F19E
S21400F28010031A46B968F868FFF7F9FD00BF18378B
S21400F290BD4680BD80B588B000AFF860B9607A60C2
S21400F2A00023BB760523FB777B68DBB203F00F03F6
S21400F2B0BB77BB7F092B01D8302100E0372197F9B7
S21400F2C01F30BA7F0A44D2B220333B4403F80C2CDA
S21400F2D07B681B097B6097F91F30DBB2013BDBB212
S21400F2E0FB7797F91F30002BDEDA07F114031A4676
S21400F2F0B968F868FFF7C3FD00BF2037BD4680BD7C
S21400F30080B588B000AFF860B9607A6000233B77BC
S21400F3100723FB777B68DBB203F00F03BB77BB7F6B
S21400F320092B01D8302100E0372197F91F30BA7F2A
S21400F3300A44D2B220333B4403F80C2C7B681B09EA
S21400F3407B6097F91F30DBB2013BDBB2FB7797F9A6
S21400F3501F30002BDEDA07F114031A46B968F86886
S21400F360FFF78DFD00BF2037BD4680BD80B588B055
S21400F37000AFF860B9607A6007F114037A680C2170
S21400F3801846F4F7F3FE07F114031A46B968F8684E
S21400F390FFF775FD00BF2037BD4680BD80B588B03D
S21400F3A000AFF860B9607A6007F114037A680B2141
S21400F3B01846F4F773FF07F114031A46B968F8689D
S21400F3C0FFF75DFD00BF2037BD4680BD80B485B029
S21400F3D000AF7860396000237B723B6800221A60B9
S21400F3E004E07B681B685A1C7B681A607B681B6895
S21400F3F01B78202BF5D07B681B681B78FB72FB7A8A
S21400F4002D2B0AD101237B727B681B685A1C7B68F4
S21400F4101A607B681B681B78FB72FB7A302B38D12E
S21400F4207B681B685A1C7B681A607B681B681B78A5
S21400F430FB72FB7A622B0DD0782B17D11023BB7290
S21400F4407B681B685A1C7B681A607B681B681B7885
S21400F450FB7228E00223BB727B681B685A1C7B6821
S21400F4601A607B681B681B78FB721CE0FB7A202BFB
S21400F47002D9FB7A2E2B01D1002351E0FB7A2F2BE9
S21400F48002D9FB7A392B01D91B2349E00823BB722A
S21400F49009E0FB7A2F2B02D9FB7A392B01D91B23E3
S21400F4A03EE00A23BB720023FB6029E0FB7A602B58
S21400F4B002D9FB7A203BFB72FB7A303BFB72FB7A6D
S21400F4C0102B07D9FB7A073BFB72FB7A092B01D876
S21400F4D01B2325E0FA7ABB7A9A4201D31B231FE04E
S21400F4E0BB7AFA6803FB02F2FB7A1344FB607B6884
S21400F4F01B685A1C7B681A607B681B681B78FB724B
S21400F500FB7A202B02D9FB7A2E2BCFD17B7A002BCD
S21400F51002D0FB685B42FB60FA683B681A60002317
S21400F52018461437BD465DF8047B704780B485B036
S21400F53000AF786039600423FB737B681B68BB6090
S21400F54002E0BB680133BB60BB681B78202BF8D099
S21400F5503B6800221A7014E03B681B781A4692003B
S21400F56013445B00DAB2BB681B781344DBB2303B53
S21400F570DAB23B681A70FB7B013BFB73BB68013356
S21400F580BB60BB681B782F2B06D9BB681B78392B52
S21400F59002D8FB7B002BDFD1FB7B002B01D10423A1
S21400F5A008E0FB7B042B01D11B2303E07B68BA68D1
S21400F5B01A60002318461437BD465DF8047B704772
S21400F5C080B483B000AF0346FB71FB792F2B02D9C2
S21400F5D0FB79392B0BD9FB79602B02D9FB79662B8B
S21400F5E005D9FB79402B04D9FB79462B01D801239A
S21400F5F000E0002303F00103DBB218460C37BD46DB
S21400F6005DF8047B704780B485B000AF78603960E1
S21400F6107B681B681B78FB73FB7B2F2B0ED9FB7B51
S21400F620392B0BD8FB7B303BDAB23B681A707B6811
S21400F6301B685A1C7B681A60002324E0FB7B602B47
S21400F6400ED9FB7B662B0BD8FB7B573BDAB23B68AD
S21400F6501A707B681B685A1C7B681A60002312E0CD
S21400F660FB7B402B0ED9FB7B462B0BD8FB7B373B1B
S21400F670DAB23B681A707B681B685A1C7B681A6093
S21400F680002300E01B2318461437BD465DF8047BB4
S21400F690704780B586B000AF786039600223FB758E
S21400F6A07B681B683B613B6800221A7002E03B697E
S21400F6B001333B613B691B78202BF8D03B691B78F4
S21400F6C01846FFF77DFF034683F00103DBB2002BED
S21400F6D00DD01B231DE03B681B781B01DAB2FB7BB9
S21400F6E01344DAB23B681A70FB7D013BFB75FB7D69
S21400F6F0002B0AD007F10F0207F110031146184637
S21400F700FFF781FF0346002BE5D03A697B681A6055
S21400F710002318461837BD4680BD80B584B000AFBC
S21400F72078603960786803F06CFD0346FB603868E3
S21400F73003F067FD0346BB60BA68FB689A420CDDBF
S21400F740012315E0FB68013BFB60BB68013BBB6027
S21400F750BB68002B01DA00230AE0FB687A681344D2
S21400F7601A78BB6839680B441B789A42EAD00123A2
S21400F77018461037BD4680BD80B584B000AF7860AF
S21400F780396039687868FFF7C8FF0346002B01D058
S21400F7901B230FE0386803F034FDF860786803F048
S21400F7A030FDB860BA68FB68D31A7A681344002242
S21400F7B01A70002318461037BD4680BD80B487B047
S21400F7C000AFF860B9607A60FB681B687B617B6895
S21400F7D0012B01D11B2338E07B68013BBA68134438
S21400F7E000221A707B68013B7B607B691B78222BAA
S21400F7F001D01B2329E07B6901337B610AE07A692B
S21400F800531C7B61BB68591CB96012781A707B6800
S21400F810013B7B607B691B78222B06D07B691B78BB
S21400F820002B02D07B68002BE9D17B691B78222B4A
S21400F83001D01B2309E07B6901337B61BB68002292
S21400F8401A70FB687A691A60002318461C37BD4692
S21400F8505DF8047B704780B586B000AFF860B9608D
S21400F8607A60FB7000233B61BB68012B4AD9FB68BA
S21400F8707B6105E07B6901337B613B6901333B615A
S21400F8807B691B78002BF5D1FA683B69D018BA68FB
S21400F8903B69D31A7A681946FFF7F1FABA683B69EA
S21400F8A0D31ABB600AE07B6901337B6197F820308E
S21400F8B0013B87F82030BB68013BBB607B691B7847
S21400F8C0002B14D097F82030002B10D0BB68012BEB
S21400F8D0E9D80CE07B695A1C7A61FA781A7097F8B6
S21400F8E02030013B87F82030BB68013BBB6097F8AF
S21400F8F02030002B02D0BB68012BEBD87B6900229E
S21400F9001A7000E000BF1837BD4680BD80B400AF57
S21400F91000BFBD465DF8047B704780B584B000AF7D
S21400F920F860B9607A60FB70FB78012B07D17B68C2
S21400F930DBB21A46B968F868FFF746FC18E0FB78B1
S21400F940022B07D17B689BB21A46B968F868FFF7A6
S21400F9506AFC0DE0FB78032B05D17A68B968F86875
S21400F960FFF798FC04E07A68B968F868FFF7C8FC07
S21400F97000BF1037BD4680BD80B58AB000AFF860C6
S21400F980B9607A603B60FB681B687B6202E07B6A5A
S21400F99001337B627B6A1B78202BF8D07B6A1B784E
S21400F9A0302B26D17B6A01331B78782B21D107F1C7
S21400F9B0200207F1240311461846FFF707FD034609
S21400F9C0002B16D13B6AB3F1807F12DA3B6A1B1418
S21400F9D0DAB2BB681A703B6A1B12DAB27B681A701E
S21400F9E03B6ADAB23B681A707A6AFB681A600023D0
S21400F9F044E007F11C0207F1240311461846FFF7FE
S21400FA00E5FC0346002B38D1FB69002B35DBFB6990
S21400FA10FF2B32DC07F1180207F1240311461846C3
S21400FA20FFF7D4FC0346002B27D1BB69002B24DB51
S21400FA30BB69FF2B21DC07F1140207F124031146F2
S21400FA401846FFF7C3FC0346002B16D17B69002B34
S21400FA5013DB7B69FF2B10DCFB69DAB2BB681A701C
S21400FA60BB69DAB27B681A707B69DAB23B681A70D7
S21400FA707A6AFB681A60002300E01B2318462837C2
S21400FA80BD4680BD80B584B000AF7860396007F1B0
S21400FA900C0307F10D0207F10E017868FFF76CFF03
S21400FAA00346FB73FB7B002B0AD1BB7B1A047B7BD4
S21400FAB01B0213433A7B1A433B681A60002300E09C
S21400FAC01B2318461037BD4680BD80B483B000AFF8
S21400FAD0786004E07B681B685A1C7B681A607B6849
S21400FAE01B681B78202BF5D000BF00BF0C37BD4627
S21400FAF05DF8047B704700BF00BF00BF704700BFC3
S21400FB0090B58BB000AF7860482000F006FF3862F2
S21400FB103B6A002B00F0A38048220021386A03F0DD
S21400FB201CFB7B681A783B6A1A7007F10C031846B0
S21400FB30F2F78CFC7B681B78002B14D000233B73F9
S21400FB407B68191D07F10C0304331022184603F0D6
S21400FB5002FB00237B7307F10C031846FEF7FBFC41
S21400FB6002463B6A5A60002387F8273073E000237A
S21400FB703B7397F827201346DB0013449B00203383
S21400FB807A68134403F1080107F10C0304331022CA
S21400FB90184603F0E0FA00237B7397F8274007F136
S21400FBA00C031846FEF7D7FC01463A6A631C1B0195
S21400FBB013440433196097F8272097F827107868BD
S21400FBC01346DB0013449B000344143318783A6A48
S21400FBD00B0113440D3302461A7097F827303A6A21
S21400FBE01B0113440C3301221A7097F827303A6A27
S21400FBF01B011344083300221A6000233B7397F856
S21400FC0027201346DB0013449B0010337A68134406
S21400FC1003F1080107F10C0304331022184603F021
S21400FC209AFA00237B7397F8274007F10C031846CF
S21400FC30FEF791FC01463A6A631C1B0113441960E7
S21400FC4097F827301946386AF4F704FD97F82730F6
S21400FC50013387F8273097F82730032B87D93B6A7C
S21400FC6018462C37BD4690BD80B485B000AF78608E
S21400FC707B68FB60FB68002B06D0FB681B78002BBC
S21400FC8002D0FB685B6800E0002318461437BD46C8
S21400FC905DF8047B704780B584B000AF78600B4693
S21400FCA0FB707B68FB60FB68002B0AD0FB681B7848
S21400FCB0002B06D0FB685B68FA7811461846FEF7FC
S21400FCC0C0FC00BF1037BD4680BD80B586B000AF13
S21400FCD0F8600B467A60FB72FB687B617B68002BE2
S21400FCE00DDCFB7A7A691B0113440C331B78002B5E
S21400FCF005D0FB7A19467869F4F706FD12E07B68B2
S21400FD00002B0FDDFB7A7A691B0113440C331B783A
S21400FD1083F00103DBB2002B04D0FB7A1946786926
S21400FD20F4F798FCFB7A7A6901331B011344043319
S21400FD301B681846FEF75BFCFB7A7A691B011344C6
S21400FD400C331B78002B0CD0FB7A79691A010A4415
S21400FD5008321268013279691B010B4408331A60B5
S21400FD600BE0FB7A79691A010A4408321268013AF4
S21400FD7079691B010B4408331A60FB7A7A690133F0
S21400FD801B01134404331B681846FEF71BFC00BF18
S21400FD901837BD4680BD80B584B000AF78607B68FC
S21400FDA0BB60BB681B78002B04D0BB685B6818463A
S21400FDB0FEF791FB0023FB6015E0BA68FB68013391
S21400FDC01B0113441B681846FEF785FBBA68FB68E0
S21400FDD001331B01134404331B681846FEF77BFBF4
S21400FDE0FB680133FB60FB68032BE6DD00BF00BF4A
S21400FDF01037BD4680BD80B584B000AF78607B68A4
S21400FE00BB60BB681B78002B05D0BB685B68012114
S21400FE101846FEF772FB0023FB603FE0BA68FB68FB
S21400FE201B0113440C331B78002B1AD0BA68FB68EE
S21400FE3001331B0113441868BA68FB681B0113449E
S21400FE400D331B78002B14BF01230023DBB283F095
S21400FE500103DBB203F00103DBB21946FEF74DFBEC
S21400FE600EE0BA68FB6801331B0113441868BA68D1
S21400FE70FB681B0113440D331B781946FEF73DFB48
S21400FE80BA68FB6801331B01134404331B68002166
S21400FE901846FEF732FBFB680133FB60FB68032B5A
S21400FEA0BCDD00BF00BF1037BD4680BD80B400AFCC
S21400FEB000BFBD465DF8047B704780B584B000AFD8
S21400FEC07860786803F09DF9F860FB68002B01D134
S21400FED0002309E0FB68013B7A6813441B787E2BFD
S21400FEE001D1012300E0002318461037BD4680BD2F
S21400FEF080B584B000AF78600123FB607B68002289
S21400FF005A737B681B7B83F00103DBB2002B19D08E
S21400FF107B681B6804331846FFF7CFFF034683F061
S21400FF200103DBB2002B0DD07B681B684FF4807298
S21400FF3019464FF4FC30FEF71BFA0346002B01D09F
S21400FF400023FB60F4F742FCFB6818461037BD46FA
S21400FF5080BD80B586B000AFF860B9607A60FB6897
S21400FF6000221A707B689A687B6859687B681B68F1
S21400FF705B690B449A4209D37B685A687B681B68A6
S21400FF805B691A447B689A60002312E07B689B6872
S21400FF901B78FB757B689B685A1C7B689A60FB7DA8
S21400FFA01A46B968F868FEF79DFFFB7D0A2BD9D183
S21400FFB0012318461837BD4680BD80B483B000AF15
S21400FFC0786039607B689A687B685B68D31A1A46E3
S21400FFD03B681A60012318460C37BD465DF8047B63
S21400FFE0704780B483B000AF786039607B685A6829
S21400FFF03B681B681A447B689A607B689A687B68D3
S2140100001B6803F580739A4207D37B681B6803F568
S21401001080727B689A60002300E0012318460C3743
S214010020BD465DF8047B704780B400AF00231846D8
S214010030BD465DF8047B7047B0B485B000AFF8608C
S214010040B9607A6017E0FB685A1CFA601B781D4697
S214010050602D02DD7A2D00DC203DBB685A1CBA609B
S2140100601B781C46602C02DD7A2C00DC203CA54265
S21401007001D02B1B0DE07B685A1E7A60002B07D03F
S214010080FB681B78002BDED1BB681B78002BDAD10E
S214010090002318461437BD46B0BC704780B483B001
S2140100A000AF786002E07B6801337B607B681B7879
S2140100B0002B03D07B681B78202BF4D97B6818466D
S2140100C00C37BD465DF8047B704780B483B000AF43
S2140100D07860396002E07B68013B7B607A683B6848
S2140100E09A4209D97B68013B1B78002B04D07B68B8
S2140100F0013B1B78202BEED97B6818460C37BD4692
S2140101005DF8047B704780B584B000AF786000214D
S214010110786803F026F8034679681846FFF7D5FF96
S214010120F860FB6800221A707B6818461037BD46D7
S21401013080BD80B487B000AFF860B9607A60FB70AC
S214010140FB78012B04D17B68022B01D80023FB70BE
S214010150FB78022B6CD0022B00F3A480002B02D07C
S214010160012B1FD09EE000237B610AE0BA687B6901
S2140101701A44F9687B690B4412781A707B6901335B
S2140101807B617B68013B7A699A4205D2BA687B69D2
S21401019013441B78002BE9D1FA687B6913440022CB
S2140101A01A707FE000237B617B695A1C7A61FA68CA
S2140101B0134422221A7000233B611FE0BA683B6990
S2140101C013441B78222B0BD17B68033B7A699A4236
S2140101D020D27B695A1C7A61FA6813445C221A7031
S2140101E0BA683B691A44F9687B690B4412781A703D
S2140101F03B6901333B617B6901337B61BA683B69CB
S21401020013441B78002B06D07B68023B7A699A421E
S214010210D4D300E000BF7B695A1C7A61FA681344A4
S21401022022221A70FA687B69134400221A7039E098
S21401023000233B613B697B6123E0BA683B69134459
S2140102401B78222B05D0BA683B6913441B785C2BBC
S21401025009D13B690133BA6813441B78222B02D1BA
S2140102603B6901333B61BA683B691A44F9687B69AB
S2140102700B4412781A703B6901333B617B69013389
S2140102807B61BA683B6913441B78002B04D07B68FA
S214010290013B7A699A42D0D3FA687B6913440022FB
S2140102A01A7000BFFB6818461C37BD465DF8047B14
S2140102B0704780B584B000AF786039600023FB607A
S2140102C07B68BB6023E0BB681B78222B10D1BB6820
S2140102D001331B78222B03D1BB680133BB6013E0CB
S2140102E0FB68002B0CBF01230023DBB2FB600BE095
S2140102F0BB681B785C2B07D1BB6801331B78222BAC
S21401030002D1BB680133BB60BB680133BB60BB680D
S2140103101B78002B0AD0BB681B783B2B03D0BB682D
S2140103201B78232BCFD1FB68002BCCD1BB680022D6
S2140103301A707868FFF7E7FE3B6800221A707B6840
S2140103401B78222B18D10021786802F00AFFB860CA
S214010350BB68002B10D0BB68013B1B78222B0BD14E
S2140103607B6801337B60BB68013BBB60BB680022D6
S2140103701A703B6802221A707B6818461037BD4611
S21401038080BD80B59AB000AFF860B9607A603B6016
S214010390BB68002B04D0B86802F033FF034600E0C8
S2140103A00023FB65FB6D002B02DC3B68002B58DB52
S2140103B04FF0FF333B6607F11403FA6840211846F5
S2140103C0FFF7C7FD0346002B01D10023DAE007F152
S2140103D014031846FFF762FEB8655D21B86D02F09A
S2140103E08EFF7866BB6D1B785B2BE4D17B6E002B92
S2140103F0E1D0BB6D01331846FFF750FEB865B96D05
S214010400786EFFF762FE78667A6EBB6DD31AFA6D68
S2140104109A420BD1BB68002B08D0FB6D1A46B9680F
S214010420B86DFFF709FE0346002B06D03B6E01337D
S2140104303B663A6E3B689A42BDD13B68002B10DBA7
S2140104403A6E3B689A420AD17B6E00221A70BA6FE6
S2140104500023B96D786FFFF76CFE012392E000234D
S21401046090E07B68002B04D0786802F0CAFE034651
S21401047000E00023FB654FF0FF333B66FB6F002B6C
S21401048003D0F96FF868FFF798FD07F11403FA68CF
S21401049040211846FFF75DFD0346002B09D007F102
S2140104A014031846FFF7FAFDB865BB6D1B785B2B86
S2140104B001D1002366E007F114031846FFF7EEFDAD
S2140104C0B8653D21B86D02F04CFE78667B6E002B58
S2140104D004D13A21B86D02F044FE7866BB6D1B78F4
S2140104E03B2BCBD0BB6D1B78232BC7D07B6E002B51
S2140104F0C4D0FB6D002B12D0B96D786EFFF7E5FD09
S2140105000246BB6DD31AFA6D9A4208D1FB6D1A46A4
S2140105107968B86DFFF790FD0346002B06D03B6E59
S21401052001333B663A6E3B6F9A42A7D13B6F002B75
S21401053013DB3A6E3B6F9A420DD17B6E00221A7026
S214010540B86DFFF7E0FDBA6F0023B96D786FFFF75E
S214010550F0FD012316E0002314E07B6E01331846FC
S214010560FFF79CFDB86507F157031946B86DFFF70D
S214010570A0FEB865BA6F97F85730B96D786FFFF778
S214010580D8FD012318466837BD4680BD80B586B0C4
S21401059000AFF860B9607A607A680023B968F868D5
S2140105A0FFF7C7FD0021F86802F0DBFD78617B6983
S2140105B0013B7E221A7000BF1837BD4680BD80B44D
S2140105C085B000AF78607B68FB6002E0FB680133B2
S2140105D0FB60FB681B78002B0BD0FB681B78222B7B
S2140105E007D0FB681B783B2B03D0FB681B78232BBB
S2140105F0ECD1FB681B78002B08D1FA687B689A421D
S21401060006D9FB68013B1B78202B01D1012300E0B2
S2140106100023DBB218461437BD465DF8047B7047ED
S21401062080B586B000AFF860B9607A60F86802F00D
S214010630E8FD03467B61BB681A687B6913447A68E8
S2140106409A4201DC002306E0BB681A687B691A44FB
S214010650BB681A60012318461837BD4680BD80B5B1
S21401066084B000AFF860B9607A603B60F868FFF765
S2140106703FFCB868FFF73CFC402279683868FFF712
S21401068085FF79683868F4F78FFD0123184610371F
S214010690BD4680BD80B586B000AF786000237B6123
S2140106A0786802F0AEFD0346013B3B6117E07B69CB
S2140106B07A6813441B78FB733B697A681A447B6932
S2140106C079680B4412781A703B697A681344FA7B8E
S2140106D01A707B6901337B613B69013B3B617A6937
S2140106E03B699A42E3DB00BF00BF1837BD4680BDB9
S2140106F080B58CB000AFF860B9607A603B6007F1F6
S214010700100319467868F5F75DFC07F110023B689F
S214010710B968F868F5F736F9034618463037BD4626
S21401072080BD80B58AB000AFF860B9607A600023FA
S2140107303B62FB68DB68FB61FB681B69BB61BA69EE
S214010740FB699A4205D9BA69FB69D31A013B7B62F8
S21401075007E0FB689A68B969FB69CB1A1344013B49
S2140107607B62FB689A68FB69D31A7A6A934228BF50
S21401077013467B627A6A7B68934228BF13467B6284
S214010780FB685A68FB6913447B617A6AB9687869C1
S21401079002F0E1FC3A6A7B6A13443B62BA687B6A00
S2140107A01344BB607A687B6AD31A7B60FA697B6AFA
S2140107B01344FB61FB689B68FA699A4201D10023E6
S2140107C0FB61FB68FA69DA607B68002BB4D13B6A8F
S2140107D018462837BD4680BD80B588B000AFF860A2
S2140107E0B9607A60FB68DB68FB61FB689A68FB6945
S2140107F0D31ABB61BA697B689A420FD9FB685A68FB
S214010800FB6913443B617A68B968386902F0A3FC56
S214010810FA697B681A44FB68DA601DE0BB697B6194
S214010820FB685A68FB6913443B617A69B9683869A1
S21401083002F091FC7A68BB69D31A7B61FB685B683E
S2140108403B61BA68BB6913447A691946386902F094
S21401085082FCFB687A69DA6000BF2037BD4680BD3E
S21401086080B487B000AF78607B681B693B617B68AA
S214010870DB68FB603A69FB689A4208D87B689A682D
S214010880FB68D21A3B691344013B7B6104E03A6979
S214010890FB68D31A013B7B617B6918461C37BD4652
S2140108A05DF8047B704780B586B000AFF860B9602C
S2140108B07A60EFF311834FF0500181F311887B6169
S2140108C07A68B968F868F5F719FC38617B6983F3CB
S2140108D011883B6918461837BD4680BD80B582B081
S2140108E000AFFB1C012219460020FFF7DCFF034680
S2140108F07B607B68012B02D1FB787B6002E04FF0C6
S214010900FF337B607B6818460837BD4680BD80B5DF
S21401091000AFF5F7A5FB00BF80BD80B582B000AF84
S21401092078604FF0FF317868F5F732FD03461846D8
S2140109300837BD4680BD80B485B000AF78603960A9
S2140109407B681B68FB60FB6823F08003FB60FA682A
S2140109503B681343FB607B68FA681A6000BF143774
S214010960BD465DF8047B704780B485B000AF786003
S21401097039607B681B68FB60FB6823F08003FB60C3
S2140109803B68DB43FA681340FB607B68FA681A60D1
S21401099000BF1437BD465DF8047B704780B483B052
S2140109A000AF786039607B681A683B681A437B68D9
S2140109B01A6000BF0C37BD465DF8047B704780B4F3
S2140109C083B000AF786039603B68013B9AB27B68C0
S2140109D09A6000BF0C37BD465DF8047B704780B453
S2140109E085B000AF78607B681B68FB60FB6823F00E
S2140109F08003FB60FB6843F00103FB607B68FA68D9
S214010A001A6000BF1437BD465DF8047B704780B49A
S214010A1085B000AF78607B681B68FB60FB6823F0DD
S214010A208003FB60FB6823F00103FB607B68FA68C8
S214010A301A6000BF1437BD465DF8047B704780B46A
S214010A4085B000AFF860B9607A60FB68043BFB6074
S214010A50FB684FF080721A60FB68043BFB60BA6863
S214010A60FB681A60FB68043BFB60FB6800221A60A7
S214010A70FB68143BFB607A68FB681A60FB68043B02
S214010A80FB60FB686FF002021A60FB68203BFB60AC
S214010A90FB6818461437BD465DF8047B704780B482
S214010AA083B000AF78607B6803F108027B685A6008
S214010AB07B684FF0FF329A607B6803F108027B681F
S214010AC0DA607B6803F108027B681A617B680022A2
S214010AD01A6000BF0C37BD465DF8047B704780B4D2
S214010AE083B000AF78607B6800221A6100BF0C37C4
S214010AF0BD465DF8047B704780B485B000AF786072
S214010B0039603B681B68BB60BB68B3F1FF3F03D12C
S214010B107B681B69FB600CE07B680833FB6002E0C6
S214010B20FB685B68FB60FB685B681B68BA689A4297
S214010B30F6D2FB685A683B685A603B685B683A685D
S214010B409A603B68FA689A60FB683A685A603B6844
S214010B507A681A617B681B685A1C7B681A6000BF3A
S214010B601437BD465DF8047B704780B485B000AF8E
S214010B7078607B681B69FB607B685B687A68926853
S214010B809A607B689B687A6852685A60FB685B6803
S214010B907A689A4203D17B689A68FB685A607B68D8
S214010BA000221A61FB681B685A1EFB681A60FB6804
S214010BB01B6818461437BD465DF8047B704780B540
S214010BC086B000AF7860396001237B617B683B614A
S214010BD03B69002B0BD14FF0500383F31188BFF311
S214010BE06F8FBFF34F8FFB6000BF00BFFDE73B6910
S214010BF0002B57D03B69DB6B002B53D03B691A6C3B
S214010C003B69DB6B0021A3FB0223002B00D00121F3
S214010C100B46002B46D1F5F73FFF3B691A683B6947
S214010C20DB6B3969096C01FB03F31A443B699A6073
S214010C303B6900229A633B691A683B695A603B69C3
S214010C401A683B69DB6B013B3969096C01FB03F3ED
S214010C501A443B69DA603B69FF2283F844203B690A
S214010C60FF2283F845203B68002B0ED13B691B69A8
S214010C70002B14D03B6910331846F6F7FDFC0346EB
S214010C80002B0CD0F5F758FF09E03B6910331846E6
S214010C90FFF705FF3B6924331846FFF700FFF5F71A
S214010CA031FF01E000237B617B69002B0BD14FF004
S214010CB0500383F31188BFF36F8FBFF34F8FBB6071
S214010CC000BF00BFFDE77B6918461837BD4680BDEB
S214010CD080B58AB002AFF860B9601346FB71002395
S214010CE0FB61FB68002B2ED00021BA68FB68A3FBD2
S214010CF00223002B00D001210B46002B23D1FB68D9
S214010D00BA6802FB03F313F1550F1CD8FB68BA68E7
S214010D1002FB03F3BB61BB6954331846FFF7FDFDC5
S214010D20F861FB69002B1DD0FB697B617B6954333D
S214010D307B61FA79FB69009313467A69B968F868AA
S214010D4000F015F80EE0FB69002B0BD14FF05003B5
S214010D5083F31188BFF36F8FBFF34F8F3B6100BFE3
S214010D6000BFFDE7FB6918462037BD4680BD80B54C
S214010D7084B000AFF860B9607A60FB70BB68002B86
S214010D8003D1BB69BA691A6002E0BB697A681A6066
S214010D90BB69FA68DA63BB69BA681A640121B86983
S214010DA0FFF70DFFBB69FA7883F85020BB69002274
S214010DB09A6400BF1037BD4680BD80B582B000AFD3
S214010DC078607B68002B0ED07B6800229A607B6877
S214010DD000221A607B680022DA60002300220021CC
S214010DE0786800F088F800BF0837BD4680BD80B53A
S214010DF086B000AF0346FB7101237B6100233B6194
S214010E00FB791A4639697869FFF762FFF860F86876
S214010E10FFF7D3FFFB6818461837BD4680BD90B56F
S214010E2087B000AF78607B683B613B69002B0BD1D4
S214010E304FF0500383F31188BFF36F8FBFF34F8FCB
S214010E40FB6000BF00BFFDE73B699C68F6F7B4FE98
S214010E5003469C4211D13B69DB685A1E3B69DA6046
S214010E603B69DB68002B05D100230022002138698D
S214010E7000F041F801237B6101E000237B617B697F
S214010E8018461C37BD4690BD90B587B000AF786058
S214010E9039607B683B613B69002B0BD14FF05003F7
S214010EA083F31188BFF36F8FBFF34F8FFB6000BFD3
S214010EB000BFFDE73B699C68F6F77EFE03469C4251
S214010EC007D13B69DB685A1C3B69DA6001237B6109
S214010ED00CE03968386900F06CFB78617B69002B9F
S214010EE004D03B69DB685A1C3B69DA607B691846AB
S214010EF01C37BD4690BD80B58EB000AFF860B960B6
S214010F007A603B6000237B63FB683B633B6B002B93
S214010F100BD14FF0500383F31188BFF36F8FBFF3EC
S214010F204F8F7B6200BF00BFFDE7BB68002B03D17C
S214010F303B6B1B6C002B01D1012300E00023002B2F
S214010F400BD14FF0500383F31188BFF36F8FBFF3BC
S214010F504F8F3B6200BF00BFFDE73B68022B03D10A
S214010F603B6BDB6B012B01D1012300E00023002B3F
S214010F700BD14FF0500383F31188BFF36F8FBFF38C
S214010F804F8FFB6100BF00BFFDE7F6F725FE034666
S214010F90002B02D17B68002B01D1012300E0002346
S214010FA0002B0BD14FF0500383F31188BFF36F8FE3
S214010FB0BFF34F8FBB6100BF00BFFDE7F5F76CFDC8
S214010FC03B6B9A6B3B6BDB6B9A4202D33B68022B03
S214010FD033D13B6B9B6BFB623A68B968386B00F0A8
S214010FE011FCB8623B6B9B6C002B0ED03B68022B4E
S214010FF002D1FB6A002B1CD1386B00F020FD0346A2
S214011000002B16D0F5F798FD13E03B6B5B6A002BBF
S2140110100AD03B6B24331846F6F72EFB0346002B0B
S21401102007D0F5F789FD04E0BB6A002B01D0F5F780
S21401103083FDF5F767FD01235DE07B68002B03D197
S214011040F5F760FD002356E07B6B002B06D107F118
S21401105010031846F6F7E8FB01237B63F5F752FD0C
S214011060F6F714F8F5F718FD3B6B93F844305BB2CE
S214011070B3F1FF3F03D13B6B002283F844203B6B67
S21401108093F845305BB2B3F1FF3F03D13B6B0022CF
S21401109083F84520F5F736FD3A1D07F11003114692
S2140110A01846F6F7D7FB0346002B1ED1386B00F027
S2140110B0AEFC0346002B12D03B6B10337A68114608
S2140110C01846F6F7B3FA386B00F02CFCF5F7ECFF90
S2140110D00346002B7FF472AFF5F72EFD6EE7386BF3
S2140110E000F020FCF5F7E0FF68E7386B00F01AFC2B
S2140110F0F5F7DAFF002318463837BD4680BD80B5C0
S21401110092B000AFF860B9607A603B60FB683B6400
S2140111103B6C002B0BD14FF0500383F31188BFF3C8
S2140111206F8FBFF34F8FFB6200BF00BFFDE7BB6849
S214011130002B03D13B6C1B6C002B01D1012300E07B
S2140111400023002B0BD14FF0500383F31188BFF31C
S2140111506F8FBFF34F8FBB6200BF00BFFDE73B68D9
S214011160022B03D13B6CDB6B012B01D1012300E089
S2140111700023002B0BD14FF0500383F31188BFF3EC
S2140111806F8FBFF34F8F7B6200BF00BFFDE7F5F7A0
S2140111906DFDEFF311824FF0500383F31188BFF317
S2140111A06F8FBFF34F8F3A62FB613B6AFB633B6C09
S2140111B09A6B3B6CDB6B9A4202D33B68022B5ED187
S2140111C03B6C93F8453087F83B303B6C9B6B7B63FD
S2140111D03A68B968386C00F015FB97F93B30B3F103
S2140111E0FF3F29D13B6C9B6C002B12D03B68022B36
S2140111F002D17B6B002B3FD1386C00F020FC0346FC
S214011200002B39D07B68002B36D07B6801221A6010
S21401121032E03B6C5B6A002B2ED03B6C24331846C5
S214011220F6F72AFA0346002B26D07B68002B23D03C
S2140112307B6801221A601FE0F6F736F8386397F9E3
S2140112403B303A6B9A4217D997F93B307F2B0BD13B
S2140112504FF0500383F31188BFF36F8FBFF34F8FA7
S214011260BB6100BF00BFFDE797F83B300133DBB23F
S2140112705AB23B6C83F8452001237B6401E00023CE
S2140112807B64FB6B7B617B6983F3118800BF7B6C9E
S21401129018464837BD4680BD80B590B000AF78602F
S2140112A039607B68BB63BB6B002B0BD14FF05003DF
S2140112B083F31188BFF36F8FBFF34F8F7B6200BF3D
S2140112C000BFFDE7BB6B1B6C002B0BD04FF0500330
S2140112D083F31188BFF36F8FBFF34F8F3B6200BF5D
S2140112E000BFFDE7BB6B1B68002B03D1BB6B9B6884
S2140112F0002B01D1012300E00023002B0BD14FF07E
S214011300500383F31188BFF36F8FBFF34F8FFB61D9
S21401131000BF00BFFDE7F5F7A9FCEFF311824FF020
S214011320500383F31188BFF36F8FBFF34F8FBA61FA
S2140113307B61BB697B63BB6B9B6B3B63BB6BDB6B93
S2140113403A6B9A4254D2BB6B93F8453087F82F30EC
S2140113503B6B5A1CBB6B9A6397F92F30B3F1FF3F77
S21401136023D1BB6B9B6C002B0CD0B86B00F067FBDA
S2140113700346002B39D03B68002B36D03B68012250
S2140113801A6032E0BB6B5B6A002B2ED0BB6B24333A
S2140113901846F6F771F90346002B26D03B68002B5A
S2140113A023D03B6801221A601FE0F5F77DFFB86283
S2140113B097F92F30BA6A9A4217D997F92F307F2BAF
S2140113C00BD14FF0500383F31188BFF36F8FBFF338
S2140113D04F8F3B6100BF00BFFDE797F82F30013309
S2140113E0DBB25AB2BB6B83F845200123FB6301E0F5
S2140113F00023FB637B6BFB60FB6883F3118800BFF4
S214011400FB6B18464037BD4680BD80B58CB000AF3B
S214011410F860B9607A600023FB62FB68BB62BB6A56
S214011420002B0BD14FF0500383F31188BFF36F8F5E
S214011430BFF34F8F3B6200BF00BFFDE7BB68002BC9
S21401144003D1BB6A1B6C002B01D1012300E00023F2
S214011450002B0BD14FF0500383F31188BFF36F8F2E
S214011460BFF34F8FFB6100BF00BFFDE7F6F7B4FB8C
S2140114700346002B02D17B68002B01D1012300E03B
S2140114800023002B0BD14FF0500383F31188BFF3D9
S2140114906F8FBFF34F8FBB6100BF00BFFDE7F5F74E
S2140114A0FBFABB6A9B6B7B627B6A002B19D0B9681F
S2140114B0B86A00F011FA7B6A5A1EBB6A9A63BB6A65
S2140114C01B69002B09D0BB6A10331846F6F7D4F80F
S2140114D00346002B01D0F5F72FFBF5F713FB01238D
S2140114E063E07B68002B03D1F5F70CFB00235CE07F
S2140114F0FB6A002B06D107F110031846F6F794F99C
S2140115000123FB62F5F7FEFAF5F7C0FDF5F7C4FA1D
S214011510BB6A93F844305BB2B3F1FF3F03D1BB6AB9
S214011520002283F84420BB6A93F845305BB2B3F1DE
S214011530FF3F03D1BB6A002283F84520F5F7E2FAA4
S2140115403A1D07F1100311461846F6F783F90346CC
S214011550002B1DD1B86A00F044FA0346002B11D0C7
S214011560BB6A24337A6811461846F6F75FF8B86AFC
S21401157000F0D8F9F5F798FD0346002B8FD1F5F763
S214011580DBFA8CE7B86A00F0CDF9F5F78DFD86E752
S214011590B86A00F0C7F9F5F787FDB86A00F021FAD6
S2140115A00346002B3FF47BAF002318463037BD4679
S2140115B080BD80B58CB000AF786039600023FB62D7
S2140115C07B687B620023BB627B6A002B0BD14FF0EA
S2140115D0500383F31188BFF36F8FBFF34F8FBB6147
S2140115E000BF00BFFDE77B6A1B6C002B0BD04FF0E2
S2140115F0500383F31188BFF36F8FBFF34F8F7B6167
S21401160000BF00BFFDE7F6F7E7FA0346002B02D15D
S2140116103B68002B01D1012300E00023002B0BD1F6
S2140116204FF0500383F31188BFF36F8FBFF34F8FD3
S2140116303B6100BF00BFFDE7F5F72EFA7B6A9B6BA7
S2140116403B623B6A002B1ED03B6A5A1E7B6A9A633A
S2140116507B6A1B68002B04D1F6F7B4FC02467B6A52
S2140116609A607B6A1B69002B09D07B6A1033184687
S214011670F6F702F80346002B01D0F5F75DFAF5F709
S21401168041FA012383E03B68002B03D1F5F73AFAD0
S21401169000237CE0FB6A002B06D107F108031846FD
S2140116A0F6F7C2F80123FB62F5F72CFAF5F7EEFC24
S2140116B0F5F7F2F97B6A93F844305BB2B3F1FF3F7A
S2140116C003D17B6A002283F844207B6A93F8453075
S2140116D05BB2B3F1FF3F03D17B6A002283F845205A
S2140116E0F5F710FA3A4607F1080311461846F6F7D9
S2140116F0B1F80346002B2CD1786A00F072F9034644
S214011700002B20D07B6A1B68002B09D1F5F7C4F9A2
S2140117107B6A9B681846F6F77DFAB862F5F7F2F928
S2140117207B6A24333A6811461846F5F77FFF786AD4
S21401173000F0F8F8F5F7B8FC0346002B7FF47CAF11
S214011740F5F7FAF978E7786A00F0ECF8F5F7ACFC0B
S21401175072E7786A00F0E6F8F5F7A6FC786A00F01A
S21401176040F90346002B3FF467AFBB6A002B0DD050
S214011770F5F792F9786A00F02DF8F8617B6A9B68B4
S214011780F9691846F6F770FBF5F7BCF90023184619
S2140117903037BD4680BD80B584B000AF78607B68C9
S2140117A0002B0BD14FF0500383F31188BFF36F8FDB
S2140117B0BFF34F8FBB6000BF00BFFDE7F5F76CF9C5
S2140117C07B689B6BFB60F5F79DF9FB681846103745
S2140117D0BD4680BD80B485B000AF78607B685B6A2B
S2140117E0002B06D07B681B6B1B68C3F10603FB60EE
S2140117F001E00023FB60FB6818461437BD465DF820
S214011800047B704780B586B000AFF860B9607A6037
S21401181000237B61FB689B6B3B61FB681B6C002BA9
S2140118200DD1FB681B68002B4DD1FB689B681846E1
S214011830F6F782FA7861FB6800229A6043E07B68DB
S214011840002B19D1FB685868FB681B6C1A46B968EF
S21401185001F081FCFB685A68FB681B6C1A44FB6844
S2140118605A60FB685A68FB689B689A422BD3FB68F0
S2140118701A68FB685A6026E0FB68D868FB681B6C30
S2140118801A46B96801F067FCFB68DA68FB681B6CEE
S2140118905B421A44FB68DA60FB68DA68FB681B681F
S2140118A09A4207D2FB689A68FB681B6C5B421A4433
S2140118B0FB68DA607B68022B05D13B69002B02D0FE
S2140118C03B69013B3B613B695A1CFB689A637B6938
S2140118D018461837BD4680BD80B582B000AF786027
S2140118E039607B681B6C002B18D07B68DA687B68D4
S2140118F01B6C1A447B68DA607B68DA687B689B68D5
S2140119009A4203D37B681A687B68DA607B68D96879
S2140119107B681B6C1A46386801F01DFC00BF08374F
S214011920BD4680BD80B584B000AF7860F5F7B4F8E9
S2140119307B6893F84530FB731EE07B689B6C002B3D
S21401194008D0786800F07BF80346002B10D0F5F736
S214011950F9FF0DE07B685B6A002B12D07B682433AD
S2140119601846F5F789FE0346002B01D0F5F7EAFF86
S214011970FB7B013BDBB2FB7397F90F30002BDCDC02
S21401198000E000BF7B68FF2283F84520F5F7BAF830
S214011990F5F782F87B6893F84430BB7311E07B68F7
S2140119A01B69002B12D07B6810331846F5F764FECE
S2140119B00346002B01D0F5F7C5FFBB7B013BDBB22D
S2140119C0BB7397F90E30002BE9DC00E000BF7B68A3
S2140119D0FF2283F84420F5F795F800BF1037BD467F
S2140119E080BD80B584B000AF7860F5F755F87B68A8
S2140119F09B6B002B02D10123FB6001E00023FB60FF
S214011A00F5F780F8FB6818461037BD4680BD80B5EF
S214011A1084B000AF7860F5F73FF87B689A6B7B6817
S214011A20DB6B9A4202D10123FB6001E00023FB60DD
S214011A30F5F768F8FB6818461037BD4680BD80B5D7
S214011A408AB000AF78607B689B6C3B6200237B6248
S214011A503B6A002B0BD14FF0500383F31188BFF381
S214011A606F8FBFF34F8F7B6100BF00BFFDE73B6AFF
S214011A709A6B3B6ADB6B9A420BD34FF0500383F3AE
S214011A801188BFF36F8FBFF34F8F3B6100BF00BF5D
S214011A90FDE73B6A9A6B3B6ADB6B9A423DD23B6A37
S214011AA093F84530FB773B1D00221946386AFFF74D
S214011AB0A9FE786297F91F30B3F1FF3F0ED13B6A5A
S214011AC05B6A002B29D03B6A24331846F5F7D4FD10
S214011AD00346002B21D001237B621EE0F5F7E4FBD1
S214011AE0B86197F91F30BA699A4216D997F91F302B
S214011AF07F2B0BD14FF0500383F31188BFF36F8F09
S214011B00BFF34F8FFB6000BF00BFFDE7FB7F0133D4
S214011B10DBB25AB23B6A83F845207B6A18462837FF
S214011B20BD4680BD80B58AB004AFF860B9603B6041
S214011B301346FB80FB889B001846FEF7EEFE3861D5
S214011B403B69002B13D05420FEF7E7FE78617B69D2
S214011B50002B08D054220021786901F0FEFA7B6937
S214011B603A691A6305E03869F4F704FD01E00023D9
S214011B707B617B69002B0DD0FA88002303937B6978
S214011B8002937B6A01933B6A00933B68B968F868E5
S214011B9000F029F87B6918461837BD4680BD80B528
S214011BA088B002AFF860B9603B601346FB80FA88E4
S214011BB07B6A01933B6A00933B68B968F868FFF754
S214011BC0B1FF38613B69002B05D03869F5F790F80D
S214011BD001237B6102E04FF0FF337B617B6918468E
S214011BE01837BD4680BD80B588B000AFF860B960D3
S214011BF07A603B603B6B186B7B689B001A46A5219D
S214011C0001F0ABFA3B6B1A6B7B6803F18043013B37
S214011C109B001344BB61BB6923F00703BB61BB692F
S214011C2003F00703002B0BD04FF0500383F311880A
S214011C30BFF36F8FBFF34F8F7B6100BF00BFFDE720
S214011C403B6BBA699A63BB68002B1ED00023FB610D
S214011C5012E0BA68FB69134419783A6BFB691344BE
S214011C6034330A461A70BA68FB6913441B78002B92
S214011C7006D0FB690133FB61FB69032BE9D900E060
S214011C8000BF3B6B002283F83720BB6A052B0BD9BC
S214011C904FF0500383F31188BFF36F8FBFF34F8F5D
S214011CA03B6100BF00BFFDE7BB6A052B01D90523D9
S214011CB0BB623B6BBA6ADA623B6BBA6A5A643B6BCD
S214011CC004331846FEF70BFF3B6B18331846FEF736
S214011CD006FF3B6B3A6B1A61BB6AC3F106023B6BAC
S214011CE09A613B6B3A6B5A623A68F968B869FEF7D3
S214011CF0A6FE02463B6B1A60FB6A002B02D0FB6A0B
S214011D003A6B1A6000BF2037BD4680BD80B485B0EF
S214011D1000AF78600023FB6005E07B6801337B60E1
S214011D20FB680133FB607B681B78A52BF5D0FB684D
S214011D309B08FB60FB689BB218461437BD465DF8EE
S214011D40047B704780B582B000AF78607B681B6B00
S214011D501846F4F70FFC7868F4F70CFC00BF083758
S214011D60BD4680BD80B489B000AFF860B9607A60C6
S214011D703B60FB681B68002B3ED0FB68FB61FB6980
S214011D805B685A68FB695A60FB695A68FB690833E5
S214011D909A4203D1FB69DA68FB695A60FB695B68A2
S214011DA0DB68BB61FB687B617B695B685A687B6942
S214011DB05A607B695A687B6908339A4203D17B690A
S214011DC0DA687B695A607B695B68DB683B613B6804
S214011DD01B687A689A4206D93B681B689B00BA68FA
S214011DE013443A691A603B681B685A1C3B681A60C0
S214011DF03A69BB699A42D5D100BF2437BD465DF822
S214011E00047B704780B485B000AF786039604FF0CE
S214011E10500383F31188BFF36F8FBFF34F8FFB60BF
S214011E2000BF00BE00BFFDE780B483B000AF4FF037
S214011E30500383F31188BFF36F8FBFF34F8F7B601F
S214011E4000BF00BE00BFFDE780B500AF00F011F88F
S214011E5000BF80BD80B483B000AF78600B46FB70D6
S214011E607B68FA781A7000BF0C37BD465DF8047BB4
S214011E70704780B400AFBFF34F8F30BFBFF36F8F93
S214011E8000BFBD465DF8047B704780B586B002AFE3
S214011E90F860B9607A607B681B0CDAB27B681B0A53
S214011EA0D9B27B68DBB200930B46B968F868F6F7DF
S214011EB0E5F9034618461037BD4680BD80B588B0A3
S214011EC002AFF860B96011461A460B46FB7113461D
S214011ED0BB71FB68042B05D9FB68062B02D8BB68CF
S214011EE0272B01D9022331E0FB79002B08D1BB79DE
S214011EF0002B05D197F82030002B01D1002325E0D7
S214011F0007F1160107F1170207F1150300930B46B7
S214011F10B968F868F6F788FAFA7DFB791343DBB2FD
S214011F20FB75BA7DBB791343DBB2BB757A7D97F837
S214011F3020301343DBB27B75FA7DB97D7B7D009340
S214011F400B46B968F868F6F799F90023184618376A
S214011F50BD4680BD80B586B000AF786000233B618A
S214011F6017E005237B610EE07A6839697869FFF727
S214011F708CFF0346FB73FB7B002B01D0FB7B0CE045
S214011F807B6901337B617B69062BEDD93B690133A4
S214011F903B613B69272BE4D9002318461837BD4619
S214011FA080BD80B500AFF6F7CDFA00BF80BD80B525
S214011FB084B000AF78601420FEF7AFFCF860FB68D1
S214011FC0002B30D014220021F86801F0C6F87B6897
S214011FD01A78FB681A707B685A68FB685A607B68D7
S214011FE09A68FB689A607B681A7BFB681A737B6841
S214011FF05A7BFB685A737B689A7BFB689A737B688B
S214012000DA7BFB68DA737B681A7CFB681A747B6878
S2140120105A7CFB685A747B689A7CFB689A747B6866
S214012020DA7CFB68DA74FB6818461037BD4680BD5B
S21401203090B587B002AF7860084611461A46034647
S214012040FB700B46BB7013467B707B68FB60FB68BE
S2140120505B681846FB689A68FB7813441C467978D7
S214012060BA7897F8203000930B462146F6F706F922
S21401207000BF1437BD4690BD90B587B002AF7860FB
S214012080084611461A460346FB700B46BB701346BC
S2140120907B707B68FB60FB685B681846FB689A6828
S2140120A0FB7813441C467978BA7897F82030009369
S2140120B00B462146FFF702FF00BF1437BD4690BD11
S2140120C080B485B000AF7860084611461A460346CC
S2140120D0FB700B46BB7013467B707B68FB60FB682E
S2140120E0FA785A74FB68BA789A74FB687A78DA7464
S2140120F000BF1437BD465DF8047B7047B0B58AB0A3
S21401210004AF786039607B683B613B691B7C002BC0
S21401211020D03B695B7C002B07D13B699B7C002B65
S21401212003D13B69DB7C002B14D00023FB750EE04A
S2140121303B695A7C3B69987C3B69DB7CF97D009363
S21401214003467868FFF798FFFB7D0133FB75FB7D3F
S214012150272BEDD93B691B7B002B1AD03B695B7B98
S214012160FB733B699B7BBB733B69DB7B7B733B6987
S21401217058683B699C683B691D78FB7BBA7B797B19
S2140121800291019200932B46224601463868F6F7E3
S21401219005FC00BF1837BD46B0BD80B485B000AFA2
S2140121A07860084611461A460346FB700B46BB701C
S2140121B013467B707B68FB60FB68FA785A73FB6892
S2140121C0BA789A73FB687A78DA7300BF1437BD461B
S2140121D05DF8047B704780B485B000AF78600B462D
S2140121E0FB707B68FB60FB68FA781A7300BF1437D4
S2140121F0BD465DF8047B704780B485B000AF78605B
S2140122000B46FB707B68FB60FB68FA781A7400BFAC
S2140122101437BD465DF8047B704780B485B000AFC7
S21401222078607B681B0C03F1804303F58E23FB600B
S214012230FB6819687B689BB201229A40FB680A43D7
S2140122401A6000BF1437BD465DF8047B704780B541
S21401225000AFF6F7F9FDF6F7A5FE00BF80BD80B525
S21401226086B000AF78602820FEF757FBB860BB68E1
S214012270002B54D028220021B86800F06EFF7B683E
S2140122801A78BB681A707B685A78BB685A70002344
S2140122907B613DE000233B6134E00023FB602BE0E3
S2140122A07A6879693B690B445900FB680B449B00CB
S2140122B013445968BB6878693A6902445000FA6861
S2140122C00244023243F822107A6879693B690B446A
S2140122D05900FB680B4404339B0013445968BB68E0
S2140122E078693A6902445000FA680244063243F8B3
S2140122F02210FB680133FB60FB68012BD0DD3B69D4
S21401230001333B613B69002BC7DD7B6901337B6190
S2140123107B69012BBEDDBB6800225A6001E000BF6D
S214012320FDE7BB6818461837BD4680BD80B487B048
S21401233000AFF860B9607A603B60FB687B617B69DF
S214012340B9687A680A4451003A680A44063253F872
S214012350223018461C37BD465DF8047B704780B4B2
S21401236087B000AFF860B9607A603B60FB687B615C
S2140123707B69B9687A680A4451003A680A440232AD
S21401238053F8223018461C37BD465DF8047B70476B
S21401239080B586B000AF78607B68BB6000237B6148
S2140123A029E000233B6120E00023FB6017E0BB68C7
S2140123B079693A690A445100FA680A44023253F8C4
S2140123C02230184600F049FE034683F00103DBB2D3
S2140123D0002B01D0002312E0FB680133FB60FB6891
S2140123E0012BE4DD3B6901333B613B69002BDBDDFF
S2140123F07B6901337B617B69012BD2DD01231846A2
S2140124001837BD4680BD2DE9B04F82B000AF786069
S2140124103960FAF74FFB3B680022984691464246E0
S2140124204B464FF000004FF00001590141EAD261DE
S214012430500102460B46B2EB080463EB09054FF068
S21401244000024FF00003AB0043EA9473A200144667
S2140124501D4614EB080A45EB090B4FF000024FF03E
S21401246000034FEACB0343EA5A734FEACA02924685
S2140124709B46504659464FF47A724FF0000300F0DF
S2140124804CFF02460B4613461846F4F7C1FC786823
S214012490FFF77EFF034683F00103DBB2002BBAD1C0
S2140124A000BF00BF0837BD46BDE8B08F80B584B019
S2140124B000AF78607B68FB60FB685B68002B09D027
S2140124C0FB685B681846FCF7FAF80346002B01D058
S2140124D0012300E0002303F00103DBB218461037A6
S2140124E0BD4680BD80B485B000AF786039607B683A
S2140124F0FB60FB683A685A6000BF1437BD465DF85A
S214012500047B704780B584B000AF78600B46FB70E3
S2140125107B68FB60FB689B68184600F0ECFDB860C2
S214012520FB78002B09D0B86800F03BF8FB685B68C5
S21401253000211846FCF785F808E0B86800F040F876
S214012540FB685B6801211846FCF77BF800BF103773
S214012550BD4680BD80B400AF00BFBD465DF8047BBC
S214012560704780B485B000AFF860B9607A60002328
S21401257018461437BD465DF8047B704780B584B0B5
S21401258000AF786039607B68FB60FB685868FB6861
S2140125901B783A681946FDF798FB00BF1037BD4611
S2140125A080BD80B584B000AF78607B68FB60FB6857
S2140125B05B681846FDF71FFC00BF1037BD4680BD9F
S2140125C080B584B000AF78607B68FB60FB685B68B1
S2140125D01846FDF7E0FB00BF1037BD4680BD80B54D
S2140125E086B000AFF860B9607A60F7F797F878615F
S2140125F07B69002B01D1002307E07B68BA68F96884
S2140126007869FFF7ACFE38613B6918461837BD4656
S21401261080BD80B584B000AFF860B9607A6000F024
S214012620E9FA034618461037BD4680BD80B58AB024
S21401263002AF0346B9607A60FB73FB7B0B2B01D9B3
S2140126400023FB730023FB6127E00023BB611EE030
S21401265000237B6115E07A69B969F869FFF7BFFF66
S214012660FA7B13461B019B1A5B0019460123019353
S2140126700123009304230122FAF796FB7B690133B9
S2140126807B617B69012BE6DDBB690133BB61BB69FD
S214012690002BDDDDFB690133FB61FB69012BD4DD1A
S2140126A0F7F73CF803460A211846FFF7ACFE00236D
S2140126B018462037BD4680BD80B586B002AF0023E0
S2140126C0FB70F7F72BF8034601211846FFF71AFFB0
S2140126D00023FB603EE00023BB6035E000237B6007
S2140126E02CE07A68F968B868FFF779FFFB78012271
S2140126F00192012200920122B42100F0C6FCF7F7F4
S2140127000DF8034632211846FFF77DFE7A68F96810
S214012710B868FFF764FFFB7801220192012200925C
S2140127200222B42100F0B1FCF6F7F8FF034632218D
S2140127301846FFF768FE7B6801337B607B68012BD8
S214012740CFDDBB680133BB60BB68012BC6DDFB6810
S2140127500133FB60FB68002BBDDDF6F7DFFF0346A8
S21401276000211846FFF7CEFE002318461037BD4657
S21401277080BD80B586B000AF786000237B611AE02B
S21401278000233B6111E00023FB6008E07B68FA68E8
S21401279039697869F7F7B8F8FB680133FB60FB68BD
S2140127A0012BF3DD3B6901333B613B69002BEADD1D
S2140127B07B6901337B617B69012BE1DD00231846D0
S2140127C01837BD4680BD80B586B000AF786000235F
S2140127D07B611AE000233B6111E00023FB6008E007
S2140127E07B68FA6839697869F7F718F9FB68013385
S2140127F0FB60FB68012BF3DD3B6901333B613B6901
S214012800002BEADD7B6901337B617B69012BE1DD0E
S214012810002318461837BD4680BD80B500AFF6F7D1
S214012820AFFF0023184680BD80B586B000AF0023F9
S214012830FB7500233B6127E00023FB601EE00023BD
S214012840BB6015E0BA68F9683869FFF7C8FE7860BA
S2140128507868FAF739F903461A46FB7D1343DBB26B
S214012860002B14BF01230023FB75BB680133BB603B
S214012870BB68012BE6DDFB680133FB60FB68002BC0
S214012880DDDD3B6901333B613B69012BD4DDFB7D1B
S21401289083F00103DBB2002B02D0FAF701F901E065
S2140128A0F6F758FF00BF1837BD4680BD80B586B025
S2140128B000AF00237B612AE000233B6121E0002377
S2140128C0FB6018E0FA6839697869FFF788FEB86036
S2140128D0B86800F02CFC7860FB68DBB21A463969F0
S2140128E07869F6F7E9FF386079683868FFF706FC1B
S2140128F0FB680133FB60FB68012BE3DD3B690133B9
S2140129003B613B69002BDADD7B6901337B617B69C7
S214012910012BD1DD00BF00BF1837BD4680BD90B585
S21401292083B000AF0446084611461A462346FB719B
S2140129300346BB710B467B7113463B71FB79B97934
S2140129407A791846F6F7B8FF02463B7919461046DB
S214012950FFF741FC00BF0C37BD4690BD80B586B081
S21401296000AF0346FB7100237B611DE000233B6142
S21401297014E00023FB600BE03B69D8B27B69D9B257
S214012980FB68DAB2FB79FFF7CAFFFB680133FB602D
S214012990FB68012BF0DD3B6901333B613B69012B91
S2140129A0E7DD7B6901337B617B69002BDEDD00BFE0
S2140129B000BF1837BD4680BD80B582B000AF3B6012
S2140129C00346FB710B46BB7113467B71FB79B979E4
S2140129D07A791846F6F770FF3B681B0CD9B23B684C
S2140129E01B0ADAB23B68DBB2FFF7D7FB00BF08373A
S2140129F0BD4680BD80B586B000AF786000237B61A0
S214012A001DE000233B6114E00023FB600BE03B6903
S214012A10D8B27B69D9B2FB68DAB27B68FFF7CCFF24
S214012A20FB680133FB60FB68012BF0DD3B6901337A
S214012A303B613B69012BE7DD7B6901337B617B6988
S214012A40002BDEDD00BF00BF1837BD4680BD90B548
S214012A5087B002AFF860B96011461A460B46FB71A3
S214012A601346BB710022B968F868F6F725FF0446DD
S214012A7097F82000BA79F97997F82430009303463D
S214012A802046FFF7D5FA00BF1437BD4690BD80B586
S214012A9084B000AFF860B9607A60FB707B68DBB227
S214012AA01A46B968F868F6F707FF3B7F3A7EF97869
S214012AB0FFF706FB00BF1037BD4680BD80B588B066
S214012AC002AF0346FB710B46BB7113467B710023B5
S214012AD07B611FE000233B6116E00023FB600DE0F5
S214012AE0FA797B790193BB7900931346FA68796981
S214012AF03869FFF7CCFFFB680133FB60FB68012BED
S214012B00EEDD3B6901333B613B69012BE5DD7B690A
S214012B1001337B617B69002BDCDD00BF00BF18370A
S214012B20BD4680BD80B584B000AFF860B96011467F
S214012B301A460B46FB711346BB71FB791A46B968F8
S214012B40F868F6F7B9FE0246BB7919461046FFF754
S214012B5053FB00BF1037BD4680BD80B586B000AFC1
S214012B600346FB7100237B611BE000233B6112E0FF
S214012B700023FB6009E0FB68DAB2FB797969386902
S214012B80FFF7D0FFFB680133FB60FB68012BF2DD2A
S214012B903B6901333B613B69012BE9DD7B6901330D
S214012BA07B617B69002BE0DD00BF00BF1837BD46A7
S214012BB080BD80B400AF00BFBD465DF8047B7047A2
S214012BC080B485B000AF78607B681B0C03F180434E
S214012BD003F58E23FB60FB6819687B689BB20122B4
S214012BE09A40FB680A431A6000BF1437BD465DF879
S214012BF0047B704780B582B000AF0023FB71FB1DDC
S214012C001846F8F721FE0346002B01D1FB7900E0B8
S214012C10002318460837BD4680BD80B483B000AF98
S214012C200346FB7100BF0C37BD465DF8047B704759
S214012C3080B483B000AF78607B6800221A7000BF52
S214012C400C37BD465DF8047B704780B400AF0023A7
S214012C501846BD465DF8047B704780B485B000AF6A
S214012C6078600B46FB701346BB70BB78FB73002382
S214012C707B7327E07B7B7A6813441B783B730023C6
S214012C80BB7319E0FA7B3B7B5340DBB203F00103D5
S214012C90002B08D0FB7B5B08FB73FB7B83F0730385
S214012CA0DB43FB7302E0FB7B5B08FB733B7B5B0850
S214012CB03B73BB7B0133BB73BB7B072BE2D97B7BAF
S214012CC001337B737A7BFB789A42D3D3FB7B18461E
S214012CD01437BD465DF8047B704790B585B000AFEC
S214012CE07860002207217868FFF7B7FF0346FB7379
S214012CF07B6803F109047B680933184600F081FA02
S214012D000346DBB2FA7B19462046FFF7A6FF0346C9
S214012D10FB73FB7B18461437BD4690BD80B588B063
S214012D2000AFF860B9607A603B607B6800221A7079
S214012D303B6800221A70BB68FA681A60FB681B7849
S214012D40402B47D1FB680133BB6107F1170207F13E
S214012D50180311461846FCF79CFC0346002B39D194
S214012D60FFF748FF03461A46FB7D9A4202D0FB7DD9
S214012D70002B2FD107F1160207F11803114618464A
S214012D80FCF787FC0346002B24D1BA7D7B681A70BA
S214012D90FA7D3B681A7007F1150207F11803114610
S214012DA01846FCF776FC0346FB77FB7F002B01D029
S214012DB0142310E0F868FFF790FF0346BB777B7D8E
S214012DC0BA7F9A4201D0142305E0BA69BB681A603B
S214012DD0002300E01B2318462037BD4680BD80B582
S214012DE082B000AF786039603B68002B05D03B6845
S214012DF05B6819467868FBF78FFD00BF0837BD464C
S214012E0080BD80B582B000AF0346FB7197F90730ED
S214012E1013F1800F01D1012305E097F90730184619
S214012E20F9F7E6FD002318460837BD4680BD80B495
S214012E3083B000AF78607B6800221A7000BF0C3741
S214012E40BD465DF8047B704780B485B000AFF8607E
S214012E500B467A60FB72FB7AFA681B01134403F592
S214012E6084731968FB7A7A680A43F9681B010B4474
S214012E7003F584731A6000BF1437BD465DF8047B02
S214012E80704780B485B000AFF8600B467A60FB727D
S214012E90FB7AFA681B01134403F586737A681A6095
S214012EA000BF1437BD465DF8047B704780B485B01B
S214012EB000AFF8600B467A60FB72FB7AFA68103353
S214012EC01B0113447A681A6000BF1437BD465DF8CB
S214012ED0047B704780B483B000AF78600B46FB700C
S214012EE0FB787A681B01134403F584731A68FB7830
S214012EF042F0010279681B010B4403F584731A60E2
S214012F0000BF0C37BD465DF8047B704780B483B0C4
S214012F1000AF78600B46FB70FB787A681B011344A0
S214012F2003F584731A68FB7822F0010279681B01A5
S214012F300B4403F584731A6000BF0C37BD465DF879
S214012F40047B704780B584B000AF78602020FDF721
S214012F50E4FCF860FB68002B2CD020220021F868E6
S214012F6000F0FBF87B681A68FB681A607B685A6891
S214012F70FB685A60FB6800229A60FB680022DA60F0
S214012F80FB6800221A82FB6800225A82FB68002234
S214012F901A76FB6800225A76002204210820FDF7E3
S214012FA097FE0246FB68DA61FB68DB69002B01D1FC
S214012FB000BFFDE7FB6818461037BD4680BD80B4EC
S214012FC083B000AF786039603B68192B3FDC3B6803
S214012FD0022B09DC7B68B3F912309BB20A339BB231
S214012FE01AB27B685A8232E03B68052B09DC7B68A3
S214012FF0B3F912309BB207339BB21AB27B685A827E
S21401300025E03B680A2B09DC7B68B3F912309BB2DA
S21401301005339BB21AB27B685A8218E03B680F2BC5
S21401302009DC7B68B3F912309BB203339BB21AB248
S2140130307B685A820BE03B68192B08DC7B68B3F986
S21401304012309BB201339BB21AB27B685A8200BF20
S2140130500C37BD465DF8047B704780B485B000AF81
S21401306078607B68002B01D1002308E07B68FB6059
S214013070FB68DB68002B0CBF01230023DBB218467C
S2140130801437BD465DF8047B704780B586B000AF47
S214013090F860B96011461A460B46FB711346BB71C0
S2140130A0FB683B61F868F9F73DFEBA6813465B00BA
S2140130B013449B007B61FB79022B02D17B695B4247
S2140130C07B613B697A69DA603B6900225A61BB79A8
S2140130D01AB23B691A82BB791AB23B695A823B69BA
S2140130E097F820201A763B6997F824205A7600BF75
S2140130F01837BD4680BD80B485B000AF78607B6868
S214013100FB60FB681B6818461437BD465DF8047BF8
S214013110704780B485B000AF78607B68FB60FB6861
S214013120DB6918461437BD465DF8047B704780B4EA
S21401313085B000AF78607B68FB60FB689B681846CB
S2140131401437BD465DF8047B704780B500AFF9F7CC
S21401315079FD00BF80BD00F09BB900F0B3B9FAF766
S214013160DFBA0346C9B21A788A42184603F1010348
S21401317002D0002AF7D11046704740EA01039B07A8
S21401318030B511D105460C46214628460A6855F841
S214013190043B9A4204F1040406D1A2F1013323EA66
S2140131A0020313F0803FEFD010F8013B11F8012B1A
S2140131B0934201D0981A30BD002BF5D11846FAE794
S2140131C040EA01039B0710B513D10439024651F8B2
S2140131D0043FA3F1013424EA030414F0803F05D030
S2140131E0D9B202F8011B59B11B12F9E742F8043BA8
S2140131F0EDE7421E11F8013B02F8013F002BF9D121
S21401320010BD10B503469A071C4615D1234654F83F
S214013210042BA2F1013121EA020111F0803FF5D021
S214013220D1B299B112F47F4F0ED012F47F0F14BFB2
S21401323023460333013003E01A4612F8011B09B98D
S214013240181A10BD1346DEE70233F3E70133F1E740
S21401325003460843800770B513D11D460E46032A60
S21401326031462B460DD955F8040B0C68844206F1FD
S214013270040606D1A4F1013020EA040010F0803FD4
S21401328001D01A440BE0043AE9E713F8010B11F8F0
S214013290014BA04201D0001B70BD0028FCD0934218
S2140132A0F3D10020F8E740EA010370B59D0722D16B
S2140132B00E460346032A314608D956F8045BA5F1A3
S2140132C0013424EA050414F0803F0DD0013A013997
S2140132D0541C08D011F8014F03F8014B551E64B970
S2140132E01A44934204D170BD43F8045B043AE1E703
S2140132F003F8014BF5E70346E8E72A46E8E7034605
S21401330010F8012B002AFBD1C9B210F8012D8A4210
S21401331002D08342F9D1002070475FF0000C30B52F
S2140133201C0022D112006FD0914206D305460846F2
S214013330002100F06FF80446284600F06BF80A46B4
S2140133402146BDE830401CF0404F08BF704703D50A
S2140133504942404261F100015FEA8C0C38BF704778
S2140133605B42524263F10003704742D41C0C04BF17
S2140133701B040CF1100C13F07F4F04BF1B020CF161
S214013380080C13F0704F04BF1B010CF1040C13F072
S214013390404F04BF0CF1020C5FEA83035CBF0CF1E3
S2140133A0010C5B00CCF1200E22FA0EF4234302FA44
S2140133B00CF200FA0CF520FA0EF001FA0CF4204398
S2140133C021FA0EF114461A4600F024F8A4FB002355
S2140133D0AA1A71EB03033CBF1B190138CCF1200E6E
S2140133E022FA0CF203FA0EF4224323FA0CF300211C
S2140133F0A7E7821A71EB03033CBF02460B464FF068
S214013400000141F100009CE700200021BDE83040AA
S21401341000F03DB80423B1EB122F09D2090241EAAC
S21401342010610002013B08BF7047B1EB122FF5D3C4
S2140134300018494134BF9142891A4041494134BF7D
S2140134409142891A4041494134BF9142891A40410B
S214013450494134BF9142891A4041494134BF9142A2
S214013460891A4041494134BF9142891A4041494134
S21401347034BF9142891A4041494134BF9142891A69
S2140134804041A3F1010313F00F0FD2D170477047EB
S21401349040EA0103DB0703460CD40346043A22BF85
S2140134A051F804CB43F804CBB2F10402F7D204324C
S2140134B008BF7047013A24BF11F801CB03F801CBCE
S2140134C0F8D87047034613F0030F0ED101F0FF0141
S2140134D041EA012141EA0141043A24BF43F8041BB1
S2140134E0B2F10402F9D202F10402013A24BF03F850
S2140134F0011BFAE77047FFFF8002DC020005B805F2
S21401350080079508000A710B8021017002780A4233
S214013510FCD0704708001000180020003000400062
S21401352060008000C000000180010002000300046A
S2140135300006FFFF00A0064000B006400A00341057
S2140135400B00341003000000000003010101FFFF1F
S2140135504B3130206F72204B31322046616D696CE1
S214013560790000004B3230206F72204B32322046F9
S214013570616D696C790000004B33302C204B313182
S214013580206F72204B36312046616D696C790000E0
S2140135904B3430206F72204B32312046616D696C9E
S2140135A0790000004B3630206F72204B36322046B1
S2140135B0616D696C790000004B37302046616D699A
S2140135C06C790000526573657276656400000000D0
S2140135D04861726477617265207374617475730DE6
S2140135E00A0000004D637541726D546F6F6C730075
S2140135F04552524F52000000202055494400000019
S214013600202046616D696C790000000047726F7575
S21401361070206F66204D637541726D546F6F6C73C9
S21401362020636F6D6D616E64730D0A005072696E72
S214013630742068656C70206F722073746174757382
S21401364020696E666F726D6174696F6E0D0A000097
S214013650202068656C707C7374617475730000005B
S214013660506572666F726D73206120736F66747732
S2140136706172652072657365740D0A00202072659B
S214013680736574007B0000002C0000007D000000C4
S2140136904D637541726D546F6F6C732068656C7005
S2140136A0000000004D637541726D546F6F6C73209E
S2140136B073746174757300004D637541726D546F58
S2140136C06F6C732072657365740000004D3420467C
S2140136D0616D696C79204944206F7574206F66208E
S2140136E0626F756E647321004D6375466C61736815
S2140136F0207374617475730D0A0000004D6375467E
S2140137006C6173680000000073697A652030780088
S2140137102020626C6F636B006164647220307800F5
S2140137202C2073697A6520307800000020207265AD
S2140137306769737465726564000000004D637546C1
S2140137406C6173682068656C7000000047726F7565
S21401375070206F6620666C61736820696E692063ED
S2140137606F6D6D616E64730D0A00000044756D70B7
S214013770206D656D6F727920646174610D0A0000B9
S214013780202064756D70203C73746172743E203C19
S21401379073697A653E0000004572617365206D6548
S2140137A06D6F727920617420616464726573730D44
S2140137B00A00000020206572617365203C61646424
S2140137C0723E203C73697A653E0000004D63754683
S2140137D06C61736820737461747573004D6375460C
S2140137E06C6173682064756D702000002A2A2A2097
S2140137F06D656D6F7279206E6F742061636365739A
S2140138007369626C650D0A002A2A2A2077726F6E28
S2140138106720656E6420616464726573730D0A00C7
S2140138202A2A2A2077726F6E672073746172742059
S214013830616464726573730D0A0000004D6375461A
S2140138406C61736820657261736520002A2A2A20DC
S21401385061646472657373206973206E6F74206689
S2140138606C61736820626C6F636B20616C69676E54
S21401387065640D0A000000002A2A2A206661696C28
S2140138806564207363616E6E696E672073697A651D
S2140138900D0A00004F75743A00000000496E703A38
S2140138A0000000004C000000206770696F3A307815
S2140138B00000000020706F72743A3078000000003B
S2140138C02070696E3A0000002070756C6C3A00003A
S2140138D0646973007570200064776E003F3F3F0097
S2140138E0496E666F3A20456E61626C6520636F6E45
S2140138F066696747454E45524154455F52554E5F8E
S21401390054494D455F535441545320666F7220729B
S214013910756E74696D652073746174697374696317
S214013920732E0D0A00000000544342005374617464
S2140139306963000048616E646C6500004E616D65E8
S2140139400000000053746174650000005072696FD6
S21401395000000000537461636B204265670000003D
S214013960537461636B20456E6400000053697A6589
S21401397000000000537461636B20546F70000000F8
S214013980556E7573656400005741524E494E473A6D
S214013990206D6F7265207461736B73207468616E3D
S2140139A0205368656C6C206D6178696D756D206E4D
S2140139B0756D626572206F66207461736B732E0D70
S2140139C00A0000006E6F20283029000079657328F0
S2140139D0000000002900000052756E6E696E6700D7
S2140139E0526561647900000053757370656E646595
S2140139F064000000426C6F636B65640044656C652F
S214013A0074656400496E76616C696400554E4B4E70
S214013A104F574E21000000002042000020280000E1
S214013A20204229004672656552544F5320737461D3
S214013A3074757320696E666F726D6174696F6E0D51
S214013A400A0000004D637552544F53005631312E13
S214013A50302E3000202056657273696F6E000000AC
S214013A60202052544F53207469636B73000000008A
S214013A7020487A2C20000000206D730D0A000000FB
S214013A802020467265652068656170002062797441
S214013A9065730D0A0000000047726F7570206F662F
S214013AA0204D637552544F5320636F6D6D616E6484
S214013AB0730D0A005072696E74207461736B6C69C1
S214013AC073740D0A0000000020207461736B6C692A
S214013AD0737400004D637552544F532068656C70C3
S214013AE0000000004D637552544F53207374617487
S214013AF0757300004D637552544F53207461736B98
S214013B006C697374000000004D63755368656C6CD6
S214013B102068656C700000002D2D2D2D2D2D2D2D6E
S214013B202D2D2D2D2D2D2D2D2D2D2D2D2D2D2D2DBF
S214013B302D2D2D2D2D2D2D2D2D2D2D2D2D2D2D2DAF
S214013B402D2D2D2D2D2D2D2D2D2D2D2D2D2D2D2D9F
S214013B502D2D2D2D2D2D00004B3032204C6564531C
S214013B60746570706572000047726F7570206F66BD
S214013B70204D63755368656C6C20636F6D6D616E67
S214013B8064730D0A000000004D63755368656C6C24
S214013B90000000004D63755368656C6C207374619A
S214013BA074757300434D443E20000000436F6D6DF5
S214013BB0616E646C696E65207368656C6C207374E5
S214013BC0617475730D0A000046656220203120324B
S214013BD03032360020204275696C640030393A3044
S214013BE0303A353100000000202073696C656E7430
S214013BF0000000006E6F0D0A0000000020206D75A9
S214013C006C7469436D640000206279746573206486
S214013C10656661756C742073697A650D0A0000002B
S214013C20202073697A6500002A2A2A204661696C79
S214013C306564206F7220756E6B6E6F776E20636F92
S214013C406D6D616E643A20002A2A2A2054797065C7
S214013C502000000020746F206765742061206C6965
S214013C607374206F6620617661696C61626C652091
S214013C70636F6D6D616E64730D0A00000D0A2A2A6A
S214013C802A20456E642061646472657373206D75C5
S214013C907374206265206C6172676572206F722092
S214013CA0657175616C207468616E207374617274DD
S214013CB020616464726573730D0A00000D0A2A2A76
S214013CC02A2052656164206661696C6564210D0A6B
S214013CD0000000000D0A2A2A2A204661696C7572C6
S214013CE0652072656164696E67206D656D6F7279B6
S214013CF020626C6F636B210D0A0000002D2D2000E1
S214013D006B554152545F54784461746152656745FE
S214013D106D707479466C61670D0A00006B554152EF
S214013D20545F5472616E736D697373696F6E436F1E
S214013D306D706C657465466C61670D0A0000000065
S214013D406B554152545F52784461746152656746BF
S214013D50756C6C466C61670D0A0000006B5541522C
S214013D60545F49646C654C696E65466C61670D0A03
S214013D70000000006B554152545F52784F766572D1
S214013D8072756E466C61670D0A0000006B554152F4
S214013D90545F4E6F6973654572726F72466C6167E8
S214013DA00D0A00006B554152545F4672616D696E93
S214013DB0674572726F72466C61670D0A00000000FB
S214013DC06B554152545F5061726974794572726FD6
S214013DD072466C61670D0A006B554152545F4C691F
S214013DE06E427265616B466C61670D0A00000000E9
S214013DF06B554152545F52784163746976654564E8
S214013E006765466C61670D0A000000006B554152FC
S214013E10545F5278416374697665466C61670D0A32
S214013E20000000006B554152545F4E6F6973654543
S214013E3072726F72496E5278446174615265674658
S214013E406C61670D0A0000006B554152545F50616A
S214013E50726974794572726F72496E5278446174F0
S214013E6061526567466C61670D0A00006B554152E9
S214013E70545F54784669666F456D707479466C6117
S214013E80670D0A006B554152545F52784669666F5A
S214013E90456D707479466C61670D0A006B55415229
S214013EA0545F54784669666F4F766572666C6F77B5
S214013EB0466C61670D0A00006B554152545F52789B
S214013EC04669666F4F766572666C6F77466C61679A
S214013ED00D0A000052532D343835205541525420D6
S214013EE073657474696E67730D0A00004D637555CA
S214013EF061727434383500007965730D0A0000006C
S214013F0020204857205478456E0000002020666C1B
S214013F1061677300202062617564000052783A2060
S214013F20000000002C20526573706F6E73653A2096
S214013F3000000000202071756575657300000000A3
S214013F4047726F7570206F662052532D34383520B6
S214013F50636F6D6D616E64730D0A0000436C65617D
S214013F607220554152542049535220666C61677342
S214013F700D0A00002020636C656172203C666C614E
S214013F8067733E004D637555617274343835206829
S214013F90656C70004D6375556172743438352073E5
S214013FA074617475730000004D63755561727434E5
S214013FB0383520636C65617220000000737461748B
S214013FC075733A20000000002D3332373638000072
S214013FD02D32313437343833363438004D696E4932
S214013FE04E49207374617475730D0A004D63754DE7
S214013FF0696E494E4900000020206275666665724A
S214014000000000006E6F7420737570706F727465B7
S214014010640D0A0020207265616C0000726561649F
S2140140202D77726974650D0A0000000020206D6FFF
S21401403064650000464C4153480D0A002020465353
S214014040000000004D63754D696E494E4920686554
S2140140506C70000047726F7570206F66204D637537
S2140140604D696E494E4920636F6D6D616E64730DC7
S2140140700A000000526561642061206B6579206644
S214014080726F6D20612073656374696F6E20696E4F
S21401409020612066696C650D0A00000020207265AB
S2140140A06164203C663E203C733E203C6B3E000033
S2140140B057726974652061206B6579207769746829
S2140140C02076616C756520746F206120736563745A
S2140140D0696F6E20696E20612066696C650D0A0045
S2140140E020207772697465203C663E203C733E2032
S2140140F03C6B3E203C763E0044656C6574652061F1
S214014100206B657920696E20612073656374696F21
S2140141106E206F662066696C650D0A002020646556
S2140141206C6B6579203C663E203C733E203C6B3EC2
S2140141300000000044656C6574652061207365634A
S21401414074696F6E20696E20612066696C650D0A60
S21401415000000000202064656C736563203C663EA9
S214014160203C733E000000004D63754D696E494E5C
S2140141704920737461747573000000004D63754DBA
S214014180696E494E49207265616420003D00000059
S2140141904D63754D696E494E492077726974652085
S2140141A0000000004D63754D696E494E49206465F7
S2140141B06C6B6579200000004D63754D696E494E44
S2140141C0492064656C7365632000000045524153C5
S2140141D045442C206E6F7420616363657373696256
S2140141E06C650D0A000000006D6167696320307818
S2140141F0000000002C2000002C2073697A65200046
S2140142003C6E6F742076616C69643E00696E69204D
S214014210666C617368207374617475730D0A0000AF
S214014220696E690073746172742030780000000052
S2140142302C20626C6F636B20307800002C206E6F30
S214014240662000002020666C6173680020206D6186
S214014250782064617461000020206461746100004C
S2140142603C6572726F722072656164696E67206464
S2140142706174613E0D0A0000202072616D0000002D
S214014280464C41534800000052414D00696E69207A
S21401429068656C700000000044756D702064617480
S2140142A06120696E666F726D6174696F6E0D0A00CA
S2140142B0202064756D70000045726173652064612D
S2140142C0746120696E666F726D6174696F6E0D0A36
S2140142D0000000002020657261736500696E692028
S2140142E07374617475730000696E692064756D700E
S2140142F000000000696E6920657261736500000048
S2140143005465726D696E616C000000005254540071
S214014310534547474552000049444C4500000000BC
S214014320537461747573206F66204E656F5069789B
S214014330656C730D0A0000006E656F0020206E6FBD
S214014340664C616E6573000020206C616E65537467
S2140143506172740020206C616E65456E6400000019
S21401436020204C454420696E206C616E6573000008
S2140143702020506978656C73000000005247420D9A
S2140143800A0000002020436F6C6F7273000000006B
S2140143906E656F2068656C700000000047726F756F
S2140143A070206F66206E656F20636F6D6D616E6441
S2140143B0730D0A00436C65617220616C6C20706934
S2140143C078656C730D0A00002020636C65617220AD
S2140143D0616C6C0053657420616C6C207069786543
S2140143E06C2077697468205247422076616C756547
S2140143F00D0A0000202073657420616C6C203078F3
S2140144003C7267623E0000005365742070697865EF
S2140144106C20696E2061206C616E6520616E64207F
S214014420706F736974696F6E20776974682052477C
S214014430422076616C75650D0A00000020207365C8
S21401444074203C6C616E653E203C706F733E20307C
S214014450783C7267623E00006E656F20737461740B
S214014460757300006E656F20636C65617220616C08
S2140144706C0000006E656F2073657420616C6C00C3
S2140144806E656F207365742000000000656E6162C2
S2140144906C65643A20000000796573006E6F200039
S2140144A02C207267623A2030780000002C206C6164
S2140144B06E653A20000000002C2073746172743A15
S2140144C0200000002C2063773A2000004E656F0024
S2140144D0616464723A3078002C205374657070659C
S2140144E07220000020204D5B000000005D000000EF
S2140144F052696E67200000002C2048616E6420001F
S2140145002020525B000000004D61747269782073B0
S214014510657474696E67730D0A0000006D617472CC
S21401452069780000782A792A7A3A20002020737464
S21401453065707065720000004E554C4C000000001E
S21401454068616E643A203078000000002020636FB6
S2140145506C6F720020206272696768746E6573738F
S2140145600000000020206D6F746F72206F6E0000D7
S214014570637700004377000063570000435700004D
S214014580636300004363000063430000434300008D
S2140145907368000053680000734800005348000029
S2140145A047726F7570206F66206D6174726978202E
S2140145B0636F6D6D616E64732E0D0A005072696EC5
S2140145C07420616C6C2073746570706572207374EE
S2140145D06174757320696E666F726D6174696F6E52
S2140145E02C206F7220666F7220612073696E676C73
S2140145F06520636F6F7264696E6174650D0A0000F1
S214014600202073746570706572207374617475739D
S214014610205B78797A5D0000546573742074686550
S2140146202073746570706572206F6E2074686520E3
S214014630626F6172640D0A00202074657374000055
S214014640536574206D617472697820746F20686F89
S21401465075722028312D31322920706F7369746983
S2140146606F6E0D0A000000002020686F7572203CF6
S214014670686F75723E000000536574207069786536
S2140146806C20636F6C6F720D0A0000002020726749
S2140146906220706978656C203C78797A3E203C729D
S2140146A067623E00456E61626C696E6720616C6C84
S2140146B02068616E64204C4544730D0A00000000BA
S2140146C02020686520616C6C206F6E7C6F666600CA
S2140146D0456E61626C652073696E676C6520686102
S2140146E06E64204C45442028636F6D6D61207365B0
S2140146F070617261746564290D0A00002020686586
S214014700203C78797A3E206F6E7C6F6666000000EA
S214014710456E61626C696E672072696E67204C45F2
S21401472044730D0A000000002020726520616C6C45
S214014730206F6E7C6F666600456E61626C652073E5
S214014740696E676C652072696E67204C4544202847
S214014750636F6D6D61207365706172617465642944
S2140147600D0A000020207265203C78797A3E206F81
S2140147706E7C6F66660000005365742068616E6427
S21401478020636F6C6F7220666F7220616C6C20689C
S214014790616E64730D0A00002020686320616C6CF2
S2140147A0203C7267623E00005365742073696E6731
S2140147B06C652068616E6420636F6C6F722028637D
S2140147C06F6D6D6120736570617261746564290D2A
S2140147D00A00000020206863203C78797A3E203C5D
S2140147E07267623E000000005365742072696E674E
S2140147F020636F6C6F7220666F7220616C6C207222
S214014800696E67730D0A00002020726320616C6C6C
S214014810203C7267623E00005365742073696E67C0
S2140148206C652072696E6720636F6C6F72202863F7
S2140148306F6D6D6120736570617261746564290DB9
S2140148400A00000020207263203C78797A3E203CE2
S2140148507267623E000000005365742064656661FD
S214014860756C742068616E64206C656420636F6C7F
S2140148706F720D0A00000000202068616E642063DC
S2140148806F6C6F72203C7267623E00005365742045
S21401489064656661756C742068616E64206C65641D
S2140148A0206272696768746E6573732028302D32D2
S2140148B03535290D0A000000202068616E642062EB
S2140148C072696768746E657373203C76616C3E002E
S2140148D03C78797A3E3A20636F6F7264696E6174D0
S2140148E0652C20736570617261746564206279203D
S2140148F073706163652C20652E672E203020302072
S214014900310D0A003C6D643E3A206D6F64652028C7
S21401491063632C2063772C207368292C206C6F77B7
S214014920657263617365206D6F6465206C65747470
S2140149306572206973207769746820616363656CAA
S21401494065726174696F6E20636F6E74726F6C202E
S214014950666F722073746172742F73746F702C207B
S2140149606F746865727769736520652E6720437773
S214014970206F722043570D0A0000000052656C61DB
S2140149807469766520616E676C65206D6F7665204B
S21401499028636F6D6D612073657061726174656403
S2140149A0290D0A00202072203C78797A3E203C614D
S2140149B03E203C643E203C6D643E00004162736FC5
S2140149C06C75746520616E676C65206D6F76652009
S2140149D028636F6D6D6120736570617261746564C3
S2140149E0290D0A00202061203C78797A3E203C611E
S2140149F03E203C643E203C6D643E0000517565756A
S214014A0065206120277227206F7220276127206387
S214014A106F6D6D616E642C20652E672E20276D618B
S214014A20747269782071203020302030207220394D
S214014A303020382063632C30203020312061203430
S214014A40352030204343272C2028636F6D6D61206D
S214014A50736570617261746564290D0A0000000057
S214014A60202071203C78797A3E203C636D643E00BC
S214014A704578656375746520636F6D6D616E6473EB
S214014A8020696E207175657565730D0A000000005A
S214014A902020657871000000536574206D6F746F77
S214014AA07220647269766572207265736574206C13
S214014AB0696E6520284C4F572061637469766529B5
S214014AC00D0A0000202072657365742068696768A6
S214014AD07C6C6F7700000000537769746368206D03
S214014AE06F746F7273206F6E206F72206F66660D23
S214014AF00A00000020206D6F746F72206F6E7C6F4D
S214014B00666600005061726B20746865206D6F7474
S214014B106F722873290D0A0020207061726B206F56
S214014B206E7C6F66660000006D617472697820683D
S214014B30656C70006D617472697820737461747548
S214014B40730000006D61747269782073746570700B
S214014B506572207374617475730000006D61747200
S214014B6069782073746570706572207374617475EA
S214014B70732000006D617472697820686F75722009
S214014B80000000006D6174726978207220000000D8
S214014B906D61747269782061200000006D61747225
S214014BA069782071200000006D6174726978206850
S214014BB06520616C6C2000006D61747269782072EA
S214014BC06520616C6C2000006D61747269782068E4
S214014BD0652000006D61747269782072652000009E
S214014BE06D617472697820686320616C6C200000C6
S214014BF06D617472697820726320616C6C200000AC
S214014C006D61747269782068632000006D6174724A
S214014C1069782072632000006D617472697820687B
S214014C20616E6420636F6C6F722000006D61747238
S214014C3069782068616E64206272696768746E655F
S214014C40737320006D6174726978207267622070D8
S214014C506978656C200000006D6174726978206562
S214014C60787100006D6174726978207465737400E0
S214014C706D617472697820726573657420686967FE
S214014C80680000006D6174726978207265736574DE
S214014C90206C6F77000000006D6174726978206D7A
S214014CA06F746F72206F6E006D6174726978206D1B
S214014CB06F746F72206F6666000000006D6174721B
S214014CC06978207061726B206F6E00006D6174727E
S214014CD06978207061726B206F6666006D61747210
S214014CE069782000686320007263200068652000F0
S214014CF0726520004D61747269785175657565003D
S214014D006D6F746F7200000073657474696E6773FB
S214014D102E696E6900000000616464720000000084
S214014D207273343835000000666C616773000000EA
S214014D3061707000656E61626C6564004E6F6E2D09
S214014D40766F6C6174696C65206D656D6F72792024
S214014D50636F6E66696775726174696F6E206172E2
S214014D6065610D0A000000006E766D6300000000AC
S214014D704552524F520D0A00202052532D343835D9
S214014D802061646472000000206D61673A200000B3
S214014D90310000003000000047726F7570206F66AA
S214014DA0204E564D4320636F6D6D616E64730D0A20
S214014DB00000000053657420666C6167730D0A007D
S214014DC02020666C616773203C76616C3E000000B3
S214014DD06E766D632068656C700000006E766D639C
S214014DE020737461747573006E766D6320666C61F2
S214014DF0677300004F4B0A004E4F4B0A000000003D
S214014E004000000020636D642000000052532D34E2
S214014E1038352073657474696E67730D0A00000077
S214014E207273000020206164647200005365742070
S214014E3052532D34383520616464726573730D0ADC
S214014E4000000000202061646472203C616464728A
S214014E503E00000053656E642061207465787420FE
S214014E60746F207468652052532D3438352062756E
S214014E70730D0A00202073656E64203C7465787497
S214014E803E00000053656E642061207368656C6C9B
S214014E9020636F6D6D616E6420746F207468652089
S214014EA052532D3438352061646472657373206102
S214014EB06E6420636865636B20726573706F6E73D2
S214014EC0650D0A00202073656E64636D64203C6185
S214014ED06464723E203C636D643E00007273206819
S214014EE0656C7000727320737461747573000000D2
S214014EF07273206164647220000000007273207374
S214014F00656E64200000000072732073656E646332
S214014F106D642000204F4B00204E4F4B00000000D8
S214014F2020636D64206C6173744572726F72000049
S214014F3020636D642069646C6500000052532D3453
S214014F40383500005368656C6C000000706F733A6A
S214014F50000000002C2064656C61793A00000000B6
S214014F602C2023714974656D3A00000053746570F6
S214014F707065722073657474696E67730D0A00003C
S214014F80737465707065720048572074696D657238
S214014F902C20706572696F6420287573293A200089
S214014FA0202074696D65720033363020646567723F
S214014FB065652073746570733A2000002C20667551
S214014FC06C6C20726F756E6420286D73293A200010
S214014FD0202073746570730047726F7570206F665A
S214014FE0207374657070657220636F6D6D616E6499
S214014FF0730D0A00456E61626C65206F72206469EC
S2140150007361626C65206120737465707065720DE2
S2140150100A0000002020656E61626C65203C78798C
S2140150207A3E20797C6E000073746570706572201C
S21401503068656C700000000073746570706572209E
S2140150407374617475730000737465707065722093
S214015050656E61626C6520005035010064350100A3
S2140150607835010090350100A4350100B8350100FE
S214015070C4350100C4350100010000000000000035
S214015080000000000000000000000000000000001A
S214015090000000000000000000000000000000000A
S2140150A0DFE80000FD2F0000FD2F0000C7E800002C
S2140150B0893800003538000035380000C138000056
S2140150C000000000000000000000000000000000DA
S2140150D000000000000000000000000000000000CA
S2140150E000000000000000000000000000000000BA
S2140150F000000000000000000000000000000000AA
S2140151000000000000000000000000000000000099
S2140151100000000000000000000000000000000089
S2140151200000000000000000000000000000000079
S2140151300000000000000000000000000000000069
S2140151400000000000000000000000000000000059
S2140151500000000000000000000000000000000049
S214015160000000000500000001020B00000500041D
S2140151701830343C40040600010000000000000026
S2140151800000000000000000000000000001000018
S2140151900000000000000000000000000000000009
S2140151A000000000000000000000000000000000F9
S2140151B000E0FF1F00200000BC0C00203C11000096
S2140151C00000000000000000312C010035BC00008A
S2140151D035BC00004B2C0100312C01001B2C0100BA
S2140151E01B2C01004B2C010099BC000055BC000093
S2140151F055BC0000D9BC000085300000452F0000DA
S214015200AD1E00004DD10000F5BA0000BD480000FB
S21401521095550000F521000021C30000F53D000072
S214015220BDA20000B1860000632501000000000059
S214015230A050010020010020C8000000000000006E
S2140152400000000005FF0000000000000000000054
S2140152500000000000000000000000000000000048
S2140152600000000000000000000000000000000038
S2140152700000000000000000000000000000000028
S2140152800000000000000000000000000000000018
S2140152900000000000000000000000000000000008
S2140152A000000000000000000000000000000000F8
S2140152B000000000000000000000000000000000E8
S2140152C00000000000004040404040404040404157
S2140152D041414141404040404040404040404040C4
S2140152E04040404040400502020202020202020221
S2140152F0020202020202202020202020202020205C
S21401530002020202020202909090909090101010F9
S2140153101010101010101010101010101010101087
S2140153201002020202020288888888888808080813
S21401533008080808080808080808080808080808E7
S2140153400802020202400000000000000000000007
S2140153500000000000000000000000000000000047
S2140153600000000000000000000000000000000037
S2140153700000000000000000000000000000000027
S2140153800000000000000000000000000000000017
S2140153900000000000000000000000000000000007
S2140153A000000000000000000000000000000000F7
S2140153B000000000000000000000000000000000E7
S20C0153C0000000000000FFFFE1
S2140153C80080000000093D0000004001AAAAAAAA20
S20C0153D8FF0000000A10FFFFB0
S80400016D8D
